{
  "_generatedAt": "2026-05-19T18:55:52.392Z",
  "_version": 1,
  "_note": "Legacy flat schema for backwards compat. Equals _GLOBAL slice of sector-medians-auto.json.",
  "medians": {
    "BANK": {
      "roic": 0.00873234399812963,
      "_n_roic": 254,
      "_p25_roic": 0.006500402934703851,
      "_p50_roic": 0.00873234399812963,
      "_p75_roic": 0.012517483060384827,
      "_p90_roic": 0.017379771861045123,
      "roce": 0.013563110205730604,
      "_n_roce": 254,
      "_p25_roce": 0.009503786313329859,
      "_p50_roce": 0.013563110205730604,
      "_p75_roce": 0.018396662722717148,
      "_p90_roce": 0.02493450656831049,
      "fcf-yield": 0.07833134381176349,
      "_n_fcf-yield": 254,
      "_p25_fcf-yield": 0.018210791356206815,
      "_p50_fcf-yield": 0.07833134381176349,
      "_p75_fcf-yield": 0.2283638871920003,
      "_p90_fcf-yield": 0.8829934397126922
    },
    "INDUSTRIAL": {
      "roic": 0.050521920668058454,
      "_n_roic": 547,
      "_p25_roic": 0.026142076938684467,
      "_p50_roic": 0.050521920668058454,
      "_p75_roic": 0.08966419537723505,
      "_p90_roic": 0.13234346633896835,
      "roce": 0.07166813398733912,
      "_n_roce": 547,
      "_p25_roce": 0.039072803168400005,
      "_p50_roce": 0.07166813398733912,
      "_p75_roce": 0.11807628830686824,
      "_p90_roce": 0.17647557306893777,
      "fcf-yield": 0.040534029859041046,
      "_n_fcf-yield": 547,
      "_p25_fcf-yield": 0.01724035035995282,
      "_p50_fcf-yield": 0.040534029859041046,
      "_p75_fcf-yield": 0.07936352732080507,
      "_p90_fcf-yield": 0.16272384207473042
    },
    "HARDWARE": {
      "roic": 0.06525572723374096,
      "_n_roic": 121,
      "_p25_roic": 0.03008893565603802,
      "_p50_roic": 0.06525572723374096,
      "_p75_roic": 0.16351709891263677,
      "_p90_roic": 0.2605954912327176,
      "roce": 0.08206610737704727,
      "_n_roce": 121,
      "_p25_roce": 0.034878846800150555,
      "_p50_roce": 0.08206610737704727,
      "_p75_roce": 0.19027619710631066,
      "_p90_roce": 0.3124861561882351,
      "fcf-yield": 0.008933621238365528,
      "_n_fcf-yield": 121,
      "_p25_fcf-yield": -0.0025725879599415727,
      "_p50_fcf-yield": 0.008933621238365528,
      "_p75_fcf-yield": 0.022657864237029278,
      "_p90_fcf-yield": 0.05287279145531812
    },
    "REIT": {
      "roic": 0.025719744107543387,
      "_n_roic": 179,
      "_p25_roic": 0.006896292196631538,
      "_p50_roic": 0.025719744107543387,
      "_p75_roic": 0.03849160196297587,
      "_p90_roic": 0.052571903707189116,
      "roce": 0.0362710898204304,
      "_n_roce": 170,
      "_p25_roce": 0.024036789956786476,
      "_p50_roce": 0.0362710898204304,
      "_p75_roce": 0.05061989383018616,
      "_p90_roce": 0.06637117050700986,
      "fcf-yield": 0.05493399294178085,
      "_n_fcf-yield": 179,
      "_p25_fcf-yield": 0.027942069480304477,
      "_p50_fcf-yield": 0.05493399294178085,
      "_p75_fcf-yield": 0.08772403592779941,
      "_p90_fcf-yield": 0.15266317275722383
    },
    "HEALTHCARE": {
      "roic": 0.06936173155996998,
      "_n_roic": 366,
      "_p25_roic": 0.031523005693328957,
      "_p50_roic": 0.06936173155996998,
      "_p75_roic": 0.11389360273567534,
      "_p90_roic": 0.26670929955912126,
      "roce": 0.08188065021818355,
      "_n_roce": 363,
      "_p25_roce": 0.04939638315988202,
      "_p50_roce": 0.08188065021818355,
      "_p75_roce": 0.14307805041891158,
      "_p90_roce": 0.21713527409381872,
      "fcf-yield": 0.03229886628618779,
      "_n_fcf-yield": 366,
      "_p25_fcf-yield": -0.011321661277547633,
      "_p50_fcf-yield": 0.03229886628618779,
      "_p75_fcf-yield": 0.060458897895671,
      "_p90_fcf-yield": 0.10378949329898206
    },
    "CONSUMER_STAPLES": {
      "roic": 0.059363397256079226,
      "_n_roic": 186,
      "_p25_roic": 0.03641078963273075,
      "_p50_roic": 0.059363397256079226,
      "_p75_roic": 0.09256851119011354,
      "_p90_roic": 0.14937008377582253,
      "roce": 0.09285823676553168,
      "_n_roce": 186,
      "_p25_roce": 0.06913444903132976,
      "_p50_roce": 0.09285823676553168,
      "_p75_roce": 0.1350919067312088,
      "_p90_roce": 0.21464672105629068,
      "fcf-yield": 0.05757783697696375,
      "_n_fcf-yield": 187,
      "_p25_fcf-yield": 0.037054884278578046,
      "_p50_fcf-yield": 0.05757783697696375,
      "_p75_fcf-yield": 0.107553567844028,
      "_p90_fcf-yield": 0.1973417707833254
    },
    "FINTECH": {
      "roic": 0.029040376395135816,
      "_n_roic": 314,
      "_p25_roic": 0.00838294181774054,
      "_p50_roic": 0.029040376395135816,
      "_p75_roic": 0.06915570640644887,
      "_p90_roic": 0.1538821788596983,
      "roce": 0.036544337476496415,
      "_n_roce": 314,
      "_p25_roce": 0.010721890683742404,
      "_p50_roce": 0.036544337476496415,
      "_p75_roce": 0.08378784134252733,
      "_p90_roce": 0.14369182081742327,
      "fcf-yield": 0.06954329679106497,
      "_n_fcf-yield": 309,
      "_p25_fcf-yield": 0.018635718154755357,
      "_p50_fcf-yield": 0.06954329679106497,
      "_p75_fcf-yield": 0.16240500229602337,
      "_p90_fcf-yield": 0.3723936221991181
    },
    "MARKETPLACE": {
      "roic": 0.0469319536539945,
      "_n_roic": 127,
      "_p25_roic": 0.026792194699854693,
      "_p50_roic": 0.0469319536539945,
      "_p75_roic": 0.1028200348746317,
      "_p90_roic": 0.1795786634633907,
      "roce": 0.06788152044586386,
      "_n_roce": 127,
      "_p25_roce": 0.03426633720925622,
      "_p50_roce": 0.06788152044586386,
      "_p75_roce": 0.12614304387215408,
      "_p90_roce": 0.2285603456063255,
      "fcf-yield": 0.052704682422336196,
      "_n_fcf-yield": 127,
      "_p25_fcf-yield": 0.014703358767364371,
      "_p50_fcf-yield": 0.052704682422336196,
      "_p75_fcf-yield": 0.10874098087042952,
      "_p90_fcf-yield": 0.21144530672147177
    },
    "SAAS": {
      "roic": 0.0743451786187048,
      "_n_roic": 124,
      "_p25_roic": 0.019811518326750932,
      "_p50_roic": 0.0743451786187048,
      "_p75_roic": 0.14710762914329079,
      "_p90_roic": 0.29838966777470927,
      "roce": 0.08832652098125533,
      "_n_roce": 124,
      "_p25_roce": 0.025205925459504945,
      "_p50_roce": 0.08832652098125533,
      "_p75_roce": 0.1432014912233398,
      "_p90_roce": 0.26341698989680534,
      "fcf-yield": 0.04295348235845631,
      "_n_fcf-yield": 124,
      "_p25_fcf-yield": 0.01663169936679167,
      "_p50_fcf-yield": 0.04295348235845631,
      "_p75_fcf-yield": 0.07065486136078986,
      "_p90_fcf-yield": 0.1005665454409278
    },
    "ENERGY": {
      "roic": 0.04892383127050837,
      "_n_roic": 156,
      "_p25_roic": 0.018721681035390788,
      "_p50_roic": 0.04892383127050837,
      "_p75_roic": 0.07938397259941216,
      "_p90_roic": 0.11970231791975527,
      "roce": 0.07747606676601473,
      "_n_roce": 156,
      "_p25_roce": 0.048597424751956164,
      "_p50_roce": 0.07747606676601473,
      "_p75_roce": 0.11159950498161098,
      "_p90_roce": 0.16341896586030064,
      "fcf-yield": 0.0475845952361095,
      "_n_fcf-yield": 156,
      "_p25_fcf-yield": 0.008873638070128833,
      "_p50_fcf-yield": 0.0475845952361095,
      "_p75_fcf-yield": 0.07753108615567789,
      "_p90_fcf-yield": 0.10848299071596808
    }
  }
}