{
  "_generatedAt": "2026-05-15T13:04:23.471Z",
  "_version": 2,
  "byRegion": {
    "_GLOBAL": {
      "BANK": {
        "roic": 0.00925859843714514,
        "_n_roic": 272,
        "fcf-yield": 0.07741199561385523,
        "_n_fcf-yield": 244
      },
      "REIT": {
        "roic": 0.01771601657142223,
        "_n_roic": 167,
        "roce": 0.03366935285008335,
        "_n_roce": 151,
        "fcf-yield": 0.057475381159208326,
        "_n_fcf-yield": 157
      },
      "INDUSTRIAL": {
        "roic": 0.05322786474822947,
        "_n_roic": 518,
        "roce": 0.07491000514256328,
        "_n_roce": 516,
        "fcf-yield": 0.04188428369561121,
        "_n_fcf-yield": 513
      },
      "HARDWARE": {
        "roic": 0.06764815578777833,
        "_n_roic": 119,
        "roce": 0.07486612235126053,
        "_n_roce": 119,
        "fcf-yield": 0.00729528644878342,
        "_n_fcf-yield": 120
      },
      "HEALTHCARE": {
        "roic": 0.06530089312609444,
        "_n_roic": 353,
        "roce": 0.08721126765814718,
        "_n_roce": 325,
        "fcf-yield": 0.02632741852506032,
        "_n_fcf-yield": 360
      },
      "CONSUMER_STAPLES": {
        "roic": 0.06533893531484282,
        "_n_roic": 183,
        "roce": 0.09475574978704493,
        "_n_roce": 183,
        "fcf-yield": 0.06229611747804552,
        "_n_fcf-yield": 183
      },
      "FINTECH": {
        "roic": 0.02647938157677208,
        "_n_roic": 289,
        "roce": 0.06158863161960793,
        "_n_roce": 103,
        "fcf-yield": 0.07307462973865439,
        "_n_fcf-yield": 272
      },
      "MARKETPLACE": {
        "roic": 0.04594346702242975,
        "_n_roic": 163,
        "roce": 0.06425560049114311,
        "_n_roce": 162,
        "fcf-yield": 0.05839623367748342,
        "_n_fcf-yield": 159
      },
      "ENERGY": {
        "roic": 0.043724787723207995,
        "_n_roic": 188,
        "roce": 0.07461876326309036,
        "_n_roce": 184,
        "fcf-yield": 0.051467786340427944,
        "_n_fcf-yield": 186
      },
      "SAAS": {
        "roic": 0.07996501019605394,
        "_n_roic": 136,
        "roce": 0.10360327839695135,
        "_n_roce": 135,
        "fcf-yield": 0.04846967370432351,
        "_n_fcf-yield": 136
      }
    },
    "OTHER": {
      "BANK": {
        "roic": 0.006850377245584871,
        "_n_roic": 64,
        "fcf-yield": 0.0658086550375484,
        "_n_fcf-yield": 65
      },
      "REIT": {
        "roic": 0.012131474925641034,
        "_n_roic": 39,
        "roce": 0.026609574762402017,
        "_n_roce": 39,
        "fcf-yield": 0.04899979018830532,
        "_n_fcf-yield": 38
      },
      "INDUSTRIAL": {
        "roic": 0.04383235019998189,
        "_n_roic": 146,
        "roce": 0.05542623180406453,
        "_n_roce": 146,
        "fcf-yield": 0.03397169725756721,
        "_n_fcf-yield": 146
      },
      "HARDWARE": {
        "roic": 0.08248026083761084,
        "_n_roic": 55,
        "roce": 0.08240577497460719,
        "_n_roce": 55,
        "fcf-yield": 0.005375525099434689,
        "_n_fcf-yield": 55
      },
      "HEALTHCARE": {
        "roic": 0.08086037166851313,
        "_n_roic": 70,
        "roce": 0.10296651065523496,
        "_n_roce": 70,
        "fcf-yield": 0.03144133394546758,
        "_n_fcf-yield": 70
      },
      "CONSUMER_STAPLES": {
        "roic": 0.06468674034941149,
        "_n_roic": 48,
        "roce": 0.09529714041768772,
        "_n_roce": 48,
        "fcf-yield": 0.05352707181698514,
        "_n_fcf-yield": 48
      },
      "FINTECH": {
        "roic": 0.020115850472277364,
        "_n_roic": 60,
        "roce": 0.03389058739348208,
        "_n_roce": 21,
        "fcf-yield": 0.0629574398677445,
        "_n_fcf-yield": 61
      },
      "MARKETPLACE": {
        "roic": 0.053127640673412344,
        "_n_roic": 39,
        "roce": 0.05659313393783552,
        "_n_roce": 39,
        "fcf-yield": 0.05020742595542834,
        "_n_fcf-yield": 38
      },
      "ENERGY": {
        "roic": 0.05055497315820032,
        "_n_roic": 37,
        "roce": 0.06448420755033414,
        "_n_roce": 37,
        "fcf-yield": 0.04791596550507874,
        "_n_fcf-yield": 37
      }
    },
    "EU": {
      "INDUSTRIAL": {
        "roic": 0.04529736802411488,
        "_n_roic": 26,
        "roce": 0.07224973522826976,
        "_n_roce": 26,
        "fcf-yield": 0.05405593630306306,
        "_n_fcf-yield": 27
      }
    },
    "US": {
      "HEALTHCARE": {
        "roic": 0.06429320663910656,
        "_n_roic": 270,
        "roce": 0.08688341893613874,
        "_n_roce": 242,
        "fcf-yield": 0.0235564761999479,
        "_n_fcf-yield": 277
      },
      "INDUSTRIAL": {
        "roic": 0.057353021722833394,
        "_n_roic": 344,
        "roce": 0.0848933284005426,
        "_n_roce": 342,
        "fcf-yield": 0.04454832734923948,
        "_n_fcf-yield": 338
      },
      "FINTECH": {
        "roic": 0.0353451807282483,
        "_n_roic": 219,
        "roce": 0.08862332043025044,
        "_n_roce": 78,
        "fcf-yield": 0.0740764419270607,
        "_n_fcf-yield": 200
      },
      "REIT": {
        "roic": 0.020031643207923625,
        "_n_roic": 119,
        "roce": 0.03586353431857259,
        "_n_roce": 103,
        "fcf-yield": 0.057559125150992575,
        "_n_fcf-yield": 110
      },
      "HARDWARE": {
        "roic": 0.0581267919373388,
        "_n_roic": 61,
        "roce": 0.06599819322869172,
        "_n_roce": 61,
        "fcf-yield": 0.009229863763879492,
        "_n_fcf-yield": 62
      },
      "ENERGY": {
        "roic": 0.043692121982262855,
        "_n_roic": 143,
        "roce": 0.0765564117887143,
        "_n_roce": 139,
        "fcf-yield": 0.05158361171108284,
        "_n_fcf-yield": 141
      },
      "BANK": {
        "roic": 0.010700506985700018,
        "_n_roic": 185,
        "fcf-yield": 0.08032121201771235,
        "_n_fcf-yield": 155
      },
      "CONSUMER_STAPLES": {
        "roic": 0.06464112962987914,
        "_n_roic": 124,
        "roce": 0.09495734665877778,
        "_n_roce": 124,
        "fcf-yield": 0.06710896863818773,
        "_n_fcf-yield": 123
      },
      "MARKETPLACE": {
        "roic": 0.04594346702242975,
        "_n_roic": 110,
        "roce": 0.0637104829992976,
        "_n_roce": 110,
        "fcf-yield": 0.059222924060276814,
        "_n_fcf-yield": 107
      },
      "SAAS": {
        "roic": 0.07571481658937959,
        "_n_roic": 119,
        "roce": 0.08334566894963347,
        "_n_roce": 118,
        "fcf-yield": 0.04898751033633138,
        "_n_fcf-yield": 119
      }
    }
  }
}