{
  "_generatedAt": "2026-05-09T10:27:28.494Z",
  "medians": {
    "BANK": {
      "roic": 0.008190695742211443,
      "_n_roic": 208,
      "fcf-yield": 0.08081327568438881,
      "_n_fcf-yield": 208
    },
    "REIT": {
      "roic": 0.028682865105174135,
      "_n_roic": 158,
      "roce": 0.037814690267547635,
      "_n_roce": 152,
      "fcf-yield": 0.056259817076027036,
      "_n_fcf-yield": 157
    },
    "INDUSTRIAL": {
      "roic": 0.055601522007524745,
      "_n_roic": 487,
      "roce": 0.0786068009243975,
      "_n_roce": 487,
      "fcf-yield": 0.0463380925215444,
      "_n_fcf-yield": 488
    },
    "HARDWARE": {
      "roic": 0.06182553542590613,
      "_n_roic": 126,
      "roce": 0.07163765146784803,
      "_n_roce": 126,
      "fcf-yield": 0.016924908254363075,
      "_n_fcf-yield": 126
    },
    "HEALTHCARE": {
      "roic": 0.0531399426203379,
      "_n_roic": 269,
      "roce": 0.08443093972355509,
      "_n_roce": 260,
      "fcf-yield": 0.05460424020178822,
      "_n_fcf-yield": 270
    },
    "CONSUMER_STAPLES": {
      "roic": 0.06715271297008613,
      "_n_roic": 152,
      "roce": 0.09653865375870796,
      "_n_roce": 152,
      "fcf-yield": 0.07376261463329586,
      "_n_fcf-yield": 152
    },
    "FINTECH": {
      "roic": 0.02328452232685487,
      "_n_roic": 277,
      "roce": 0.055130257266801215,
      "_n_roce": 103,
      "fcf-yield": 0.0751772772384684,
      "_n_fcf-yield": 274
    },
    "ENERGY": {
      "roic": 0.04992280600665761,
      "_n_roic": 169,
      "roce": 0.07624744578472085,
      "_n_roce": 167,
      "fcf-yield": 0.06149106967644581,
      "_n_fcf-yield": 168
    },
    "SAAS": {
      "roic": 0.07103393091885919,
      "_n_roic": 129,
      "roce": 0.0823121381236067,
      "_n_roce": 129,
      "fcf-yield": 0.04820562690627913,
      "_n_fcf-yield": 129
    },
    "MARKETPLACE": {
      "roic": 0.04365391594215229,
      "_n_roic": 150,
      "roce": 0.07049222176086273,
      "_n_roce": 150,
      "fcf-yield": 0.08933052445943991,
      "_n_fcf-yield": 147
    }
  }
}