{
  "_generatedAt": "2026-05-11T08:34:46.252Z",
  "medians": {
    "BANK": {
      "roic": 0.008496833228988003,
      "_n_roic": 221,
      "fcf-yield": 0.0806308098865778,
      "_n_fcf-yield": 221
    },
    "REIT": {
      "roic": 0.028700303715017302,
      "_n_roic": 159,
      "roce": 0.03781730271110344,
      "_n_roce": 153,
      "fcf-yield": 0.05635653999705832,
      "_n_fcf-yield": 158
    },
    "INDUSTRIAL": {
      "roic": 0.05536338073149362,
      "_n_roic": 496,
      "roce": 0.07831800270278921,
      "_n_roce": 496,
      "fcf-yield": 0.047459184279930754,
      "_n_fcf-yield": 497
    },
    "HARDWARE": {
      "roic": 0.06395817792076229,
      "_n_roic": 129,
      "roce": 0.07486612235126053,
      "_n_roce": 129,
      "fcf-yield": 0.01744647937972332,
      "_n_fcf-yield": 129
    },
    "HEALTHCARE": {
      "roic": 0.0552129392599488,
      "_n_roic": 273,
      "roce": 0.08484606545084117,
      "_n_roce": 264,
      "fcf-yield": 0.05405735095319582,
      "_n_fcf-yield": 274
    },
    "CONSUMER_STAPLES": {
      "roic": 0.06588343519491249,
      "_n_roic": 160,
      "roce": 0.09597497350364072,
      "_n_roce": 160,
      "fcf-yield": 0.07577179780148863,
      "_n_fcf-yield": 160
    },
    "FINTECH": {
      "roic": 0.02328452232685487,
      "_n_roic": 273,
      "roce": 0.055130257266801215,
      "_n_roce": 103,
      "fcf-yield": 0.07567789335288896,
      "_n_fcf-yield": 270
    },
    "ENERGY": {
      "roic": 0.04951948484077431,
      "_n_roic": 175,
      "roce": 0.07624744578472085,
      "_n_roce": 173,
      "fcf-yield": 0.05980249256809807,
      "_n_fcf-yield": 174
    },
    "SAAS": {
      "roic": 0.07103393091885919,
      "_n_roic": 133,
      "roce": 0.0823121381236067,
      "_n_roce": 133,
      "fcf-yield": 0.04820562690627913,
      "_n_fcf-yield": 133
    },
    "MARKETPLACE": {
      "roic": 0.04463118540718984,
      "_n_roic": 154,
      "roce": 0.07131498656046736,
      "_n_roce": 154,
      "fcf-yield": 0.08713043190905852,
      "_n_fcf-yield": 151
    }
  }
}