{
  "_generatedAt": "2026-05-13T04:52:01.851Z",
  "medians": {
    "BANK": {
      "roic": 0.009021902410600632,
      "_n_roic": 247,
      "fcf-yield": 0.08176631426929612,
      "_n_fcf-yield": 247
    },
    "REIT": {
      "roic": 0.026945648836152275,
      "_n_roic": 204,
      "roce": 0.03739219450551156,
      "_n_roce": 193,
      "fcf-yield": 0.05703490544608069,
      "_n_fcf-yield": 204
    },
    "INDUSTRIAL": {
      "roic": 0.05217889553131745,
      "_n_roic": 550,
      "roce": 0.07638712294880413,
      "_n_roce": 550,
      "fcf-yield": 0.04756183784939543,
      "_n_fcf-yield": 551
    },
    "HARDWARE": {
      "roic": 0.06182553542590613,
      "_n_roic": 138,
      "roce": 0.07018867916165081,
      "_n_roce": 138,
      "fcf-yield": 0.01742208221857583,
      "_n_fcf-yield": 138
    },
    "HEALTHCARE": {
      "roic": 0.04621478288310592,
      "_n_roic": 318,
      "roce": 0.07985688712119682,
      "_n_roce": 306,
      "fcf-yield": 0.04779234856528307,
      "_n_fcf-yield": 319
    },
    "CONSUMER_STAPLES": {
      "roic": 0.06012982326103443,
      "_n_roic": 176,
      "roce": 0.09491445087022057,
      "_n_roce": 176,
      "fcf-yield": 0.07820422618967987,
      "_n_fcf-yield": 176
    },
    "FINTECH": {
      "roic": 0.02480930172651916,
      "_n_roic": 307,
      "roce": 0.061142239260788364,
      "_n_roce": 113,
      "fcf-yield": 0.07786619547021945,
      "_n_fcf-yield": 304
    },
    "MARKETPLACE": {
      "roic": 0.04423812870418932,
      "_n_roic": 170,
      "roce": 0.07049222176086273,
      "_n_roce": 170,
      "fcf-yield": 0.08698675006652751,
      "_n_fcf-yield": 170
    },
    "ENERGY": {
      "roic": 0.048088200797560404,
      "_n_roic": 191,
      "roce": 0.07465258914287214,
      "_n_roce": 189,
      "fcf-yield": 0.05891370478419769,
      "_n_fcf-yield": 190
    },
    "SAAS": {
      "roic": 0.06450469977699506,
      "_n_roic": 153,
      "roce": 0.07736030736834455,
      "_n_roce": 153,
      "fcf-yield": 0.051427264246501896,
      "_n_fcf-yield": 153
    }
  }
}