{
  "_generatedAt": "2026-05-08T18:34:33.796Z",
  "medians": {
    "HARDWARE": {
      "roic": 0.06028240707323761,
      "_n_roic": 78,
      "roce": 0.06864236837551663,
      "_n_roce": 78,
      "fcf-yield": 0.014707389685818107,
      "_n_fcf-yield": 78
    },
    "INDUSTRIAL": {
      "roic": 0.060560540258212295,
      "_n_roic": 385,
      "roce": 0.0859682205093692,
      "_n_roce": 385,
      "fcf-yield": 0.04127912198927551,
      "_n_fcf-yield": 386
    },
    "MARKETPLACE": {
      "roic": 0.04117864114013744,
      "_n_roic": 125,
      "roce": 0.07072691856133051,
      "_n_roce": 125,
      "fcf-yield": 0.0686568974261845,
      "_n_fcf-yield": 125
    },
    "FINTECH": {
      "roic": 0.02599843127001765,
      "_n_roic": 229,
      "roce": 0.0626986619815871,
      "_n_roce": 90,
      "fcf-yield": 0.07348402690815059,
      "_n_fcf-yield": 227
    },
    "BANK": {
      "roic": 0.00923021933558899,
      "_n_roic": 164,
      "fcf-yield": 0.07441585698408051,
      "_n_fcf-yield": 164
    },
    "HEALTHCARE": {
      "roic": 0.052311633697991064,
      "_n_roic": 236,
      "roce": 0.08406146429647485,
      "_n_roce": 227,
      "fcf-yield": 0.049995431903692655,
      "_n_fcf-yield": 237
    },
    "CONSUMER_STAPLES": {
      "roic": 0.06655432408144639,
      "_n_roic": 126,
      "roce": 0.09449360595474778,
      "_n_roce": 126,
      "fcf-yield": 0.06315698333871748,
      "_n_fcf-yield": 126
    },
    "REIT": {
      "roic": 0.03331796478424094,
      "_n_roic": 122,
      "roce": 0.04024898124599374,
      "_n_roce": 116,
      "fcf-yield": 0.05331011369110026,
      "_n_fcf-yield": 122
    },
    "ENERGY": {
      "roic": 0.049053246568214845,
      "_n_roic": 132,
      "roce": 0.07916586142949603,
      "_n_roce": 130,
      "fcf-yield": 0.05716961128079641,
      "_n_fcf-yield": 131
    },
    "SAAS": {
      "roic": 0.07327524874509997,
      "_n_roic": 118,
      "roce": 0.0823154445201575,
      "_n_roce": 118,
      "fcf-yield": 0.04852100089891972,
      "_n_fcf-yield": 118
    }
  }
}