{
  "_generatedAt": "2026-05-15T13:04:23.471Z",
  "_version": 1,
  "_note": "Legacy flat schema for backwards compat. Equals _GLOBAL slice of sector-medians-auto.json.",
  "medians": {
    "BANK": {
      "roic": 0.00925859843714514,
      "_n_roic": 272,
      "fcf-yield": 0.07741199561385523,
      "_n_fcf-yield": 244
    },
    "REIT": {
      "roic": 0.01771601657142223,
      "_n_roic": 167,
      "roce": 0.03366935285008335,
      "_n_roce": 151,
      "fcf-yield": 0.057475381159208326,
      "_n_fcf-yield": 157
    },
    "INDUSTRIAL": {
      "roic": 0.05322786474822947,
      "_n_roic": 518,
      "roce": 0.07491000514256328,
      "_n_roce": 516,
      "fcf-yield": 0.04188428369561121,
      "_n_fcf-yield": 513
    },
    "HARDWARE": {
      "roic": 0.06764815578777833,
      "_n_roic": 119,
      "roce": 0.07486612235126053,
      "_n_roce": 119,
      "fcf-yield": 0.00729528644878342,
      "_n_fcf-yield": 120
    },
    "HEALTHCARE": {
      "roic": 0.06530089312609444,
      "_n_roic": 353,
      "roce": 0.08721126765814718,
      "_n_roce": 325,
      "fcf-yield": 0.02632741852506032,
      "_n_fcf-yield": 360
    },
    "CONSUMER_STAPLES": {
      "roic": 0.06533893531484282,
      "_n_roic": 183,
      "roce": 0.09475574978704493,
      "_n_roce": 183,
      "fcf-yield": 0.06229611747804552,
      "_n_fcf-yield": 183
    },
    "FINTECH": {
      "roic": 0.02647938157677208,
      "_n_roic": 289,
      "roce": 0.06158863161960793,
      "_n_roce": 103,
      "fcf-yield": 0.07307462973865439,
      "_n_fcf-yield": 272
    },
    "MARKETPLACE": {
      "roic": 0.04594346702242975,
      "_n_roic": 163,
      "roce": 0.06425560049114311,
      "_n_roce": 162,
      "fcf-yield": 0.05839623367748342,
      "_n_fcf-yield": 159
    },
    "ENERGY": {
      "roic": 0.043724787723207995,
      "_n_roic": 188,
      "roce": 0.07461876326309036,
      "_n_roce": 184,
      "fcf-yield": 0.051467786340427944,
      "_n_fcf-yield": 186
    },
    "SAAS": {
      "roic": 0.07996501019605394,
      "_n_roic": 136,
      "roce": 0.10360327839695135,
      "_n_roce": 135,
      "fcf-yield": 0.04846967370432351,
      "_n_fcf-yield": 136
    }
  }
}