{
  "_generatedAt": "2026-05-09T08:54:22.048Z",
  "medians": {
    "REIT": {
      "roic": 0.031416624730675274,
      "_n_roic": 126,
      "roce": 0.03919370606591043,
      "_n_roce": 120,
      "fcf-yield": 0.05366771797134836,
      "_n_fcf-yield": 125
    },
    "HARDWARE": {
      "roic": 0.06072534214913079,
      "_n_roic": 97,
      "roce": 0.0691606434010727,
      "_n_roce": 97,
      "fcf-yield": 0.01532428299962809,
      "_n_fcf-yield": 97
    },
    "BANK": {
      "roic": 0.008515157755187852,
      "_n_roic": 186,
      "fcf-yield": 0.07965434966488052,
      "_n_fcf-yield": 186
    },
    "HEALTHCARE": {
      "roic": 0.0531399426203379,
      "_n_roic": 241,
      "roce": 0.08572868615835179,
      "_n_roce": 232,
      "fcf-yield": 0.05036642439323754,
      "_n_fcf-yield": 242
    },
    "FINTECH": {
      "roic": 0.02480930172651916,
      "_n_roic": 257,
      "roce": 0.06158730037781127,
      "_n_roce": 96,
      "fcf-yield": 0.07311891512080651,
      "_n_fcf-yield": 254
    },
    "CONSUMER_STAPLES": {
      "roic": 0.0660367409998065,
      "_n_roic": 135,
      "roce": 0.09552112888197924,
      "_n_roce": 135,
      "fcf-yield": 0.067794272019348,
      "_n_fcf-yield": 135
    },
    "SAAS": {
      "roic": 0.07327524874509997,
      "_n_roic": 124,
      "roce": 0.0823154445201575,
      "_n_roce": 124,
      "fcf-yield": 0.04831014473562106,
      "_n_fcf-yield": 124
    },
    "INDUSTRIAL": {
      "roic": 0.061134172279047085,
      "_n_roic": 409,
      "roce": 0.086123618501842,
      "_n_roce": 409,
      "fcf-yield": 0.04178792529450415,
      "_n_fcf-yield": 410
    },
    "MARKETPLACE": {
      "roic": 0.0422968447826689,
      "_n_roic": 136,
      "roce": 0.06943061881595211,
      "_n_roce": 136,
      "fcf-yield": 0.08494043975690865,
      "_n_fcf-yield": 134
    },
    "ENERGY": {
      "roic": 0.04918266186592133,
      "_n_roic": 153,
      "roce": 0.07743116000720969,
      "_n_roce": 151,
      "fcf-yield": 0.06097747707513928,
      "_n_fcf-yield": 152
    }
  }
}