{
  "_generatedAt": "2026-05-09T07:45:07.800Z",
  "medians": {
    "HARDWARE": {
      "roic": 0.06028240707323761,
      "_n_roic": 78,
      "roce": 0.06864236837551663,
      "_n_roce": 78,
      "fcf-yield": 0.014637169958436738,
      "_n_fcf-yield": 78
    },
    "INDUSTRIAL": {
      "roic": 0.060560540258212295,
      "_n_roic": 385,
      "roce": 0.0859682205093692,
      "_n_roce": 385,
      "fcf-yield": 0.04144820836181764,
      "_n_fcf-yield": 386
    },
    "MARKETPLACE": {
      "roic": 0.04117864114013744,
      "_n_roic": 125,
      "roce": 0.07072691856133051,
      "_n_roce": 125,
      "fcf-yield": 0.07022625703108111,
      "_n_fcf-yield": 123
    },
    "FINTECH": {
      "roic": 0.026238906423394867,
      "_n_roic": 234,
      "roce": 0.0626986619815871,
      "_n_roce": 90,
      "fcf-yield": 0.07146622387454177,
      "_n_fcf-yield": 231
    },
    "BANK": {
      "roic": 0.00923021933558899,
      "_n_roic": 164,
      "fcf-yield": 0.07456622684750183,
      "_n_fcf-yield": 164
    },
    "HEALTHCARE": {
      "roic": 0.052511756363364935,
      "_n_roic": 235,
      "roce": 0.08447659002376093,
      "_n_roce": 226,
      "fcf-yield": 0.05010641648139158,
      "_n_fcf-yield": 236
    },
    "CONSUMER_STAPLES": {
      "roic": 0.06655432408144639,
      "_n_roic": 126,
      "roce": 0.09449360595474778,
      "_n_roce": 126,
      "fcf-yield": 0.06315698333871748,
      "_n_fcf-yield": 126
    },
    "REIT": {
      "roic": 0.03320793828749001,
      "_n_roic": 121,
      "roce": 0.03993822872137147,
      "_n_roce": 115,
      "fcf-yield": 0.053357882806193115,
      "_n_fcf-yield": 120
    },
    "ENERGY": {
      "roic": 0.04892383127050837,
      "_n_roic": 133,
      "roce": 0.07743116000720969,
      "_n_roce": 131,
      "fcf-yield": 0.057127729454459916,
      "_n_fcf-yield": 132
    },
    "SAAS": {
      "roic": 0.07327524874509997,
      "_n_roic": 118,
      "roce": 0.0823154445201575,
      "_n_roce": 118,
      "fcf-yield": 0.04831014473562106,
      "_n_fcf-yield": 118
    }
  }
}