{
  "_generatedAt": "2026-05-21T09:03:06.179Z",
  "_version": 1,
  "_note": "Legacy flat schema for backwards compat. Equals _GLOBAL slice of sector-medians-auto.json.",
  "medians": {
    "BANK": {
      "roic": 0.008672752248387294,
      "_n_roic": 245,
      "_p25_roic": 0.006317422787054825,
      "_p50_roic": 0.008672752248387294,
      "_p75_roic": 0.01252208190402867,
      "_p90_roic": 0.017378388498463695,
      "roce": 0.013645987373737989,
      "_n_roce": 245,
      "_p25_roce": 0.009585534929047563,
      "_p50_roce": 0.013645987373737989,
      "_p75_roce": 0.01839666272271715,
      "_p90_roce": 0.02488340349633999,
      "fcf-yield": 0.07957394993038847,
      "_n_fcf-yield": 245,
      "_p25_fcf-yield": 0.02098313335137319,
      "_p50_fcf-yield": 0.07957394993038847,
      "_p75_fcf-yield": 0.24551106759123525,
      "_p90_fcf-yield": 0.8940502135397282
    },
    "INDUSTRIAL": {
      "roic": 0.050521920668058454,
      "_n_roic": 548,
      "_p25_roic": 0.026229973978401072,
      "_p50_roic": 0.050521920668058454,
      "_p75_roic": 0.08968407393364078,
      "_p90_roic": 0.13234346633896832,
      "roce": 0.07221695325010007,
      "_n_roce": 548,
      "_p25_roce": 0.039965124421692116,
      "_p50_roce": 0.07221695325010007,
      "_p75_roce": 0.11850348261118343,
      "_p90_roce": 0.17647557306893774,
      "fcf-yield": 0.03977347440022123,
      "_n_fcf-yield": 549,
      "_p25_fcf-yield": 0.01716910320425004,
      "_p50_fcf-yield": 0.03977347440022123,
      "_p75_fcf-yield": 0.0797215381182626,
      "_p90_fcf-yield": 0.16396538857316142
    },
    "HARDWARE": {
      "roic": 0.06353178498724836,
      "_n_roic": 119,
      "_p25_roic": 0.029674426548609485,
      "_p50_roic": 0.06353178498724836,
      "_p75_roic": 0.16159267243453998,
      "_p90_roic": 0.2595313290734552,
      "roce": 0.07614917532986815,
      "_n_roce": 119,
      "_p25_roce": 0.03347078385305211,
      "_p50_roce": 0.07614917532986815,
      "_p75_roce": 0.18865388278978246,
      "_p90_roce": 0.300165203210573,
      "fcf-yield": 0.00840734870131932,
      "_n_fcf-yield": 119,
      "_p25_fcf-yield": -0.0027419992168690776,
      "_p50_fcf-yield": 0.00840734870131932,
      "_p75_fcf-yield": 0.020917686229782878,
      "_p90_fcf-yield": 0.050533663355671915
    },
    "REIT": {
      "roic": 0.02544720123756801,
      "_n_roic": 180,
      "_p25_roic": 0.007088911720454524,
      "_p50_roic": 0.02544720123756801,
      "_p75_roic": 0.03836338322015199,
      "_p90_roic": 0.052384930059032934,
      "roce": 0.03621200394324914,
      "_n_roce": 171,
      "_p25_roce": 0.024214474455278336,
      "_p50_roce": 0.03621200394324914,
      "_p75_roce": 0.0503131880479355,
      "_p90_roce": 0.06636681521982532,
      "fcf-yield": 0.05545214386298361,
      "_n_fcf-yield": 180,
      "_p25_fcf-yield": 0.028371516272956133,
      "_p50_fcf-yield": 0.05545214386298361,
      "_p75_fcf-yield": 0.0869013263119563,
      "_p90_fcf-yield": 0.16093648957117349
    },
    "HEALTHCARE": {
      "roic": 0.06847971651899983,
      "_n_roic": 366,
      "_p25_roic": 0.03151537877839609,
      "_p50_roic": 0.06847971651899983,
      "_p75_roic": 0.11340585763218317,
      "_p90_roic": 0.26670929955912126,
      "roce": 0.08027113456671439,
      "_n_roce": 364,
      "_p25_roce": 0.048952285743472046,
      "_p50_roce": 0.08027113456671439,
      "_p75_roce": 0.14096701499345585,
      "_p90_roce": 0.2177723057667596,
      "fcf-yield": 0.030331076118974926,
      "_n_fcf-yield": 367,
      "_p25_fcf-yield": -0.012124609985903145,
      "_p50_fcf-yield": 0.030331076118974926,
      "_p75_fcf-yield": 0.05947202382373206,
      "_p90_fcf-yield": 0.10364938877923208
    },
    "CONSUMER_STAPLES": {
      "roic": 0.059363397256079226,
      "_n_roic": 182,
      "_p25_roic": 0.037316047652417667,
      "_p50_roic": 0.059363397256079226,
      "_p75_roic": 0.09196293661270108,
      "_p90_roic": 0.150229390604621,
      "roce": 0.09285823676553169,
      "_n_roce": 182,
      "_p25_roce": 0.06913444903132976,
      "_p50_roce": 0.09285823676553169,
      "_p75_roce": 0.12998316470028634,
      "_p90_roce": 0.2093086825072452,
      "fcf-yield": 0.05878381608411183,
      "_n_fcf-yield": 183,
      "_p25_fcf-yield": 0.0373228581069033,
      "_p50_fcf-yield": 0.05878381608411183,
      "_p75_fcf-yield": 0.10703140295620299,
      "_p90_fcf-yield": 0.19687786442998664
    },
    "FINTECH": {
      "roic": 0.028800718688528515,
      "_n_roic": 318,
      "_p25_roic": 0.008607371441182963,
      "_p50_roic": 0.028800718688528515,
      "_p75_roic": 0.06915570640644887,
      "_p90_roic": 0.15394828344687764,
      "roce": 0.036544337476496415,
      "_n_roce": 318,
      "_p25_roce": 0.010691109896086352,
      "_p50_roce": 0.036544337476496415,
      "_p75_roce": 0.08332242748581584,
      "_p90_roce": 0.14369182081742327,
      "fcf-yield": 0.07085547569826868,
      "_n_fcf-yield": 311,
      "_p25_fcf-yield": 0.017663282885772125,
      "_p50_fcf-yield": 0.07085547569826868,
      "_p75_fcf-yield": 0.16316387931971843,
      "_p90_fcf-yield": 0.37906985942447713
    },
    "MARKETPLACE": {
      "roic": 0.04694809137081804,
      "_n_roic": 124,
      "_p25_roic": 0.028150071105451743,
      "_p50_roic": 0.04694809137081804,
      "_p75_roic": 0.10286018560386295,
      "_p90_roic": 0.1804649806718006,
      "roce": 0.06788152044586386,
      "_n_roce": 124,
      "_p25_roce": 0.03419111504137298,
      "_p50_roce": 0.06788152044586386,
      "_p75_roce": 0.12688461582501437,
      "_p90_roce": 0.2285603456063255,
      "fcf-yield": 0.05245414168667578,
      "_n_fcf-yield": 124,
      "_p25_fcf-yield": 0.015118129627626839,
      "_p50_fcf-yield": 0.05245414168667578,
      "_p75_fcf-yield": 0.10640357342781649,
      "_p90_fcf-yield": 0.20724245053109114
    },
    "SAAS": {
      "roic": 0.07488420645996259,
      "_n_roic": 119,
      "_p25_roic": 0.019820185371945617,
      "_p50_roic": 0.07488420645996259,
      "_p75_roic": 0.15722592086677506,
      "_p90_roic": 0.3015528106169102,
      "roce": 0.08494160681285602,
      "_n_roce": 119,
      "_p25_roce": 0.027104417949073433,
      "_p50_roce": 0.08494160681285602,
      "_p75_roce": 0.1432014912233398,
      "_p90_roce": 0.26382079208231124,
      "fcf-yield": 0.04273800548214172,
      "_n_fcf-yield": 120,
      "_p25_fcf-yield": 0.016384538271699892,
      "_p50_fcf-yield": 0.04273800548214172,
      "_p75_fcf-yield": 0.07295388976686845,
      "_p90_fcf-yield": 0.09877261096349865
    },
    "ENERGY": {
      "roic": 0.04992358152072669,
      "_n_roic": 151,
      "_p25_roic": 0.02016996456899081,
      "_p50_roic": 0.04992358152072669,
      "_p75_roic": 0.08160635142680858,
      "_p90_roic": 0.12069445602418183,
      "roce": 0.07776556651170287,
      "_n_roce": 151,
      "_p25_roce": 0.052480336397886185,
      "_p50_roce": 0.07776556651170287,
      "_p75_roce": 0.11521044480602223,
      "_p90_roce": 0.16520874137099154,
      "fcf-yield": 0.04932345936100223,
      "_n_fcf-yield": 152,
      "_p25_fcf-yield": 0.013840605330474594,
      "_p50_fcf-yield": 0.04932345936100223,
      "_p75_fcf-yield": 0.0787733656162313,
      "_p90_fcf-yield": 0.10959741169185996
    }
  }
}