{
  "_generatedAt": "2026-05-17T07:59:25.017Z",
  "_version": 1,
  "_note": "Legacy flat schema for backwards compat. Equals _GLOBAL slice of sector-medians-auto.json.",
  "medians": {
    "BANK": {
      "roic": 0.009021902410600632,
      "_n_roic": 247,
      "_p25_roic": 0.00632930719026149,
      "_p50_roic": 0.009021902410600632,
      "_p75_roic": 0.012342852891273393,
      "_p90_roic": 0.01776844990585858,
      "fcf-yield": 0.08176631426929612,
      "_n_fcf-yield": 247,
      "_p25_fcf-yield": 0.025878648881476944,
      "_p50_fcf-yield": 0.08176631426929612,
      "_p75_fcf-yield": 0.31501056329244925,
      "_p90_fcf-yield": 6.545994411067944
    },
    "REIT": {
      "roic": 0.027854465033056504,
      "_n_roic": 204,
      "_p25_roic": 0.009574143952210293,
      "_p50_roic": 0.027854465033056504,
      "_p75_roic": 0.040377902880453245,
      "_p90_roic": 0.05844627809534991,
      "roce": 0.037814690267547635,
      "_n_roce": 193,
      "_p25_roce": 0.02647427437160125,
      "_p50_roce": 0.037814690267547635,
      "_p75_roce": 0.051919560849661664,
      "_p90_roce": 0.06702734576520335,
      "fcf-yield": 0.05703490544608069,
      "_n_fcf-yield": 204,
      "_p25_fcf-yield": 0.029584182823518636,
      "_p50_fcf-yield": 0.05703490544608069,
      "_p75_fcf-yield": 0.09722476364605988,
      "_p90_fcf-yield": 0.7192142421737171
    },
    "INDUSTRIAL": {
      "roic": 0.05438835124321184,
      "_n_roic": 550,
      "_p25_roic": 0.02930708978705874,
      "_p50_roic": 0.05438835124321184,
      "_p75_roic": 0.09096732772450683,
      "_p90_roic": 0.13405950945390427,
      "roce": 0.07788147248233553,
      "_n_roce": 550,
      "_p25_roce": 0.04404147648851274,
      "_p50_roce": 0.07788147248233553,
      "_p75_roce": 0.12191672079756127,
      "_p90_roce": 0.1782202098030869,
      "fcf-yield": 0.04756183784939543,
      "_n_fcf-yield": 551,
      "_p25_fcf-yield": 0.021422539497355203,
      "_p50_fcf-yield": 0.04756183784939543,
      "_p75_fcf-yield": 0.2026420745049436,
      "_p90_fcf-yield": 3.5763374718879675
    },
    "HARDWARE": {
      "roic": 0.06627397003720958,
      "_n_roic": 138,
      "_p25_roic": 0.027337833379917804,
      "_p50_roic": 0.06627397003720958,
      "_p75_roic": 0.15508157843292392,
      "_p90_roic": 0.2618576675620486,
      "roce": 0.07486612235126053,
      "_n_roce": 138,
      "_p25_roce": 0.03006137635735168,
      "_p50_roce": 0.07486612235126053,
      "_p75_roce": 0.1791722745625841,
      "_p90_roce": 0.3124861561882351,
      "fcf-yield": 0.01742208221857583,
      "_n_fcf-yield": 138,
      "_p25_fcf-yield": -0.0016494561474288847,
      "_p50_fcf-yield": 0.01742208221857583,
      "_p75_fcf-yield": 0.1369426001538502,
      "_p90_fcf-yield": 1.3345907689951089
    },
    "HEALTHCARE": {
      "roic": 0.07388058291148394,
      "_n_roic": 317,
      "_p25_roic": 0.031519192235862525,
      "_p50_roic": 0.07388058291148394,
      "_p75_roic": 0.13468141433484543,
      "_p90_roic": 0.2517614094140314,
      "roce": 0.0972337513402529,
      "_n_roce": 305,
      "_p25_roce": 0.0544700697430356,
      "_p50_roce": 0.0972337513402529,
      "_p75_roce": 0.15194993354207884,
      "_p90_roce": 0.24064813305122615,
      "fcf-yield": 0.04749399332718806,
      "_n_fcf-yield": 318,
      "_p25_fcf-yield": 0.01324691942495896,
      "_p50_fcf-yield": 0.04749399332718806,
      "_p75_fcf-yield": 0.10195163947085469,
      "_p90_fcf-yield": 0.4900042492173936
    },
    "CONSUMER_STAPLES": {
      "roic": 0.06393504565587775,
      "_n_roic": 176,
      "_p25_roic": 0.03087965427791746,
      "_p50_roic": 0.06393504565587775,
      "_p75_roic": 0.09905696230568016,
      "_p90_roic": 0.142221150642443,
      "roce": 0.0950731519533962,
      "_n_roce": 176,
      "_p25_roce": 0.06714343381202705,
      "_p50_roce": 0.0950731519533962,
      "_p75_roce": 0.14147580196207382,
      "_p90_roce": 0.21464672105629068,
      "fcf-yield": 0.07820422618967987,
      "_n_fcf-yield": 176,
      "_p25_fcf-yield": 0.048078471110394205,
      "_p50_fcf-yield": 0.07820422618967987,
      "_p75_fcf-yield": 0.21287274202920997,
      "_p90_fcf-yield": 1.3264570044493071
    },
    "FINTECH": {
      "roic": 0.025031169724852656,
      "_n_roic": 307,
      "_p25_roic": 0.007985867940503193,
      "_p50_roic": 0.025031169724852656,
      "_p75_roic": 0.0555850749793364,
      "_p90_roic": 0.14515552377547372,
      "roce": 0.061701152508351606,
      "_n_roce": 113,
      "_p25_roce": 0.027605812225509604,
      "_p50_roce": 0.061701152508351606,
      "_p75_roce": 0.14285390185184046,
      "_p90_roce": 0.24539850978551564,
      "fcf-yield": 0.07786619547021945,
      "_n_fcf-yield": 304,
      "_p25_fcf-yield": 0.02727328402676753,
      "_p50_fcf-yield": 0.07786619547021945,
      "_p75_fcf-yield": 0.19384822848045202,
      "_p90_fcf-yield": 1.6515222456500354
    },
    "MARKETPLACE": {
      "roic": 0.049413049413049415,
      "_n_roic": 170,
      "_p25_roic": 0.017664024010308865,
      "_p50_roic": 0.049413049413049415,
      "_p75_roic": 0.10191477976010038,
      "_p90_roic": 0.19516853149830948,
      "roce": 0.07264778167947286,
      "_n_roce": 170,
      "_p25_roce": 0.03518862711608982,
      "_p50_roce": 0.07264778167947286,
      "_p75_roce": 0.11574915304270328,
      "_p90_roce": 0.22823172725969315,
      "fcf-yield": 0.08698675006652751,
      "_n_fcf-yield": 170,
      "_p25_fcf-yield": 0.030926165621736945,
      "_p50_fcf-yield": 0.08698675006652751,
      "_p75_fcf-yield": 0.3594915294379286,
      "_p90_fcf-yield": 3.468171066417645
    },
    "ENERGY": {
      "roic": 0.04951948484077431,
      "_n_roic": 191,
      "_p25_roic": 0.020221756997751417,
      "_p50_roic": 0.04951948484077431,
      "_p75_roic": 0.07499417978840196,
      "_p90_roic": 0.12009393329130155,
      "roce": 0.0756952351174075,
      "_n_roce": 189,
      "_p25_roce": 0.04747222953064605,
      "_p50_roce": 0.0756952351174075,
      "_p75_roce": 0.11107734543510668,
      "_p90_roce": 0.14748077267489393,
      "fcf-yield": 0.05891370478419769,
      "_n_fcf-yield": 190,
      "_p25_fcf-yield": 0.026799391453828987,
      "_p50_fcf-yield": 0.05891370478419769,
      "_p75_fcf-yield": 0.09984055109372321,
      "_p90_fcf-yield": 0.2779128777146459
    },
    "SAAS": {
      "roic": 0.0746405845927841,
      "_n_roic": 153,
      "_p25_roic": 0.02460860729474352,
      "_p50_roic": 0.0746405845927841,
      "_p75_roic": 0.1376670998773121,
      "_p90_roic": 0.24077126800806747,
      "roce": 0.08715603001109806,
      "_n_roce": 153,
      "_p25_roce": 0.022609720355856698,
      "_p50_roce": 0.08715603001109806,
      "_p75_roce": 0.15356028885993425,
      "_p90_roce": 0.26185521504273757,
      "fcf-yield": 0.051427264246501896,
      "_n_fcf-yield": 153,
      "_p25_fcf-yield": 0.029228739854215643,
      "_p50_fcf-yield": 0.051427264246501896,
      "_p75_fcf-yield": 0.09376149798904256,
      "_p90_fcf-yield": 0.13566527549545823
    }
  }
}