{
  "_generatedAt": "2026-05-11T16:19:45.034Z",
  "medians": {
    "BANK": {
      "roic": 0.00903250001224561,
      "_n_roic": 248,
      "fcf-yield": 0.08097356155356186,
      "_n_fcf-yield": 248
    },
    "REIT": {
      "roic": 0.02756635465444605,
      "_n_roic": 203,
      "roce": 0.03760213616475169,
      "_n_roce": 192,
      "fcf-yield": 0.057234468564510844,
      "_n_fcf-yield": 202
    },
    "INDUSTRIAL": {
      "roic": 0.0514428980761359,
      "_n_roic": 551,
      "roce": 0.07669241660724455,
      "_n_roce": 551,
      "fcf-yield": 0.047578255973705026,
      "_n_fcf-yield": 552
    },
    "HARDWARE": {
      "roic": 0.06182553542590613,
      "_n_roic": 138,
      "roce": 0.07018867916165081,
      "_n_roce": 138,
      "fcf-yield": 0.017092266544035006,
      "_n_fcf-yield": 138
    },
    "HEALTHCARE": {
      "roic": 0.04659512271683899,
      "_n_roic": 317,
      "roce": 0.0802711345667144,
      "_n_roce": 305,
      "fcf-yield": 0.04908395432333982,
      "_n_fcf-yield": 318
    },
    "CONSUMER_STAPLES": {
      "roic": 0.06012982326103443,
      "_n_roic": 176,
      "roce": 0.09491445087022057,
      "_n_roce": 176,
      "fcf-yield": 0.07837368007780725,
      "_n_fcf-yield": 176
    },
    "FINTECH": {
      "roic": 0.02480930172651916,
      "_n_roic": 302,
      "roce": 0.06136410419840149,
      "_n_roce": 112,
      "fcf-yield": 0.07781319009266878,
      "_n_fcf-yield": 299
    },
    "MARKETPLACE": {
      "roic": 0.0422968447826689,
      "_n_roic": 172,
      "roce": 0.06943061881595211,
      "_n_roce": 172,
      "fcf-yield": 0.08713043190905852,
      "_n_fcf-yield": 169
    },
    "ENERGY": {
      "roic": 0.047992703865627234,
      "_n_roic": 192,
      "roce": 0.07465258914287214,
      "_n_roce": 190,
      "fcf-yield": 0.06045570711389816,
      "_n_fcf-yield": 190
    },
    "SAAS": {
      "roic": 0.06450469977699506,
      "_n_roic": 153,
      "roce": 0.07736030736834455,
      "_n_roce": 153,
      "fcf-yield": 0.05099200410434862,
      "_n_fcf-yield": 153
    }
  }
}