{
  "_generatedAt": "2026-05-07T17:01:49.661Z",
  "medians": {
    "HARDWARE": {
      "roic": 0.18072873397585923,
      "_n_roic": 16,
      "roce": 0.19443029203527984,
      "_n_roce": 16,
      "fcf-yield": 0.016871211182457796,
      "_n_fcf-yield": 16
    },
    "SAAS": {
      "roic": 0.04130047598455713,
      "_n_roic": 26,
      "roce": 0.018732531906862956,
      "_n_roce": 26,
      "fcf-yield": 0.022421048450195748,
      "_n_fcf-yield": 26
    },
    "FINTECH": {
      "roic": 0.06288487765394295,
      "_n_roic": 6,
      "roce": 0.07919693816836158,
      "_n_roce": 5,
      "fcf-yield": 0.030986527406912854,
      "_n_fcf-yield": 6
    },
    "MARKETPLACE": {
      "roic": 0.14467096575465938,
      "_n_roic": 6,
      "roce": 0.16896527958185953,
      "_n_roce": 6,
      "fcf-yield": 0.027405694428642567,
      "_n_fcf-yield": 6
    },
    "CONSUMER_STAPLES": {},
    "HEALTHCARE": {
      "roic": 0.09348408360860447,
      "_n_roic": 6,
      "roce": 0.10097344304357225,
      "_n_roce": 6,
      "fcf-yield": 0.045458930491380445,
      "_n_fcf-yield": 6
    },
    "INDUSTRIAL": {}
  }
}