{
  "_generatedAt": "2026-05-08T18:22:06.821Z",
  "medians": {
    "HARDWARE": {
      "roic": 0.06028240707323761,
      "_n_roic": 78,
      "roce": 0.06864236837551663,
      "_n_roce": 78,
      "fcf-yield": 0.014706829881092976,
      "_n_fcf-yield": 78
    },
    "INDUSTRIAL": {
      "roic": 0.060560540258212295,
      "_n_roic": 385,
      "roce": 0.0859682205093692,
      "_n_roce": 385,
      "fcf-yield": 0.041257519102518944,
      "_n_fcf-yield": 386
    },
    "MARKETPLACE": {
      "roic": 0.04117864114013744,
      "_n_roic": 125,
      "roce": 0.07072691856133051,
      "_n_roce": 125,
      "fcf-yield": 0.068773196056859,
      "_n_fcf-yield": 125
    },
    "FINTECH": {
      "roic": 0.02566337665429457,
      "_n_roic": 230,
      "roce": 0.06181367339709529,
      "_n_roce": 91,
      "fcf-yield": 0.07344468405616018,
      "_n_fcf-yield": 227
    },
    "BANK": {
      "roic": 0.00923021933558899,
      "_n_roic": 164,
      "fcf-yield": 0.0745256878377557,
      "_n_fcf-yield": 164
    },
    "HEALTHCARE": {
      "roic": 0.052511756363364935,
      "_n_roic": 235,
      "roce": 0.08447659002376093,
      "_n_roce": 226,
      "fcf-yield": 0.05004664677158612,
      "_n_fcf-yield": 236
    },
    "CONSUMER_STAPLES": {
      "roic": 0.06655432408144639,
      "_n_roic": 126,
      "roce": 0.09449360595474778,
      "_n_roce": 126,
      "fcf-yield": 0.06315698333871748,
      "_n_fcf-yield": 126
    },
    "REIT": {
      "roic": 0.03242482915159716,
      "_n_roic": 122,
      "roce": 0.04024898124599374,
      "_n_roce": 116,
      "fcf-yield": 0.05327585319501204,
      "_n_fcf-yield": 122
    },
    "ENERGY": {
      "roic": 0.049053246568214845,
      "_n_roic": 132,
      "roce": 0.07916586142949603,
      "_n_roce": 130,
      "fcf-yield": 0.05695638685899511,
      "_n_fcf-yield": 132
    },
    "SAAS": {
      "roic": 0.07327524874509997,
      "_n_roic": 118,
      "roce": 0.0823154445201575,
      "_n_roce": 118,
      "fcf-yield": 0.04844279913981632,
      "_n_fcf-yield": 118
    }
  }
}