{
  "_generatedAt": "2026-05-14T18:29:25.530Z",
  "_version": 2,
  "byRegion": {
    "_GLOBAL": {
      "BANK": {
        "roic": 0.009176865361547326,
        "_n_roic": 265,
        "fcf-yield": 0.08144196760719312,
        "_n_fcf-yield": 245
      },
      "REIT": {
        "roic": 0.022687943602778322,
        "_n_roic": 201,
        "roce": 0.0356724951823449,
        "_n_roce": 182,
        "fcf-yield": 0.0554949482674119,
        "_n_fcf-yield": 182
      },
      "INDUSTRIAL": {
        "roic": 0.04796386885379077,
        "_n_roic": 590,
        "roce": 0.06987892373953544,
        "_n_roce": 582,
        "fcf-yield": 0.0424635889818661,
        "_n_fcf-yield": 586
      },
      "HARDWARE": {
        "roic": 0.051840598154063236,
        "_n_roic": 135,
        "roce": 0.06599819322869172,
        "_n_roce": 135,
        "fcf-yield": 0.005161535354977578,
        "_n_fcf-yield": 134
      },
      "HEALTHCARE": {
        "roic": 0.031056884804309935,
        "_n_roic": 357,
        "roce": 0.0634937645170616,
        "_n_roce": 327,
        "fcf-yield": 0.027195001641113378,
        "_n_fcf-yield": 353
      },
      "CONSUMER_STAPLES": {
        "roic": 0.06008267615183829,
        "_n_roic": 176,
        "roce": 0.09511604774195341,
        "_n_roce": 174,
        "fcf-yield": 0.06612663861392899,
        "_n_fcf-yield": 173
      },
      "FINTECH": {
        "roic": 0.024587671811440392,
        "_n_roic": 316,
        "roce": 0.04988961079921781,
        "_n_roce": 93,
        "fcf-yield": 0.06962504512228002,
        "_n_fcf-yield": 287
      },
      "MARKETPLACE": {
        "roic": 0.03869483371679565,
        "_n_roic": 183,
        "roce": 0.06554518789311331,
        "_n_roce": 182,
        "fcf-yield": 0.05843078422335264,
        "_n_fcf-yield": 180
      },
      "ENERGY": {
        "roic": 0.04398563734290844,
        "_n_roic": 203,
        "roce": 0.07624744578472085,
        "_n_roce": 199,
        "fcf-yield": 0.04985159583799294,
        "_n_fcf-yield": 206
      },
      "SAAS": {
        "roic": 0.03924580515098191,
        "_n_roic": 148,
        "roce": 0.04840808237077514,
        "_n_roce": 148,
        "fcf-yield": 0.04508364297095702,
        "_n_fcf-yield": 141
      }
    },
    "CN": {
      "INDUSTRIAL": {
        "roic": 0.032578737523065844,
        "_n_roic": 40,
        "roce": 0.04503899139217751,
        "_n_roce": 38,
        "fcf-yield": 0.03508040358131153,
        "_n_fcf-yield": 40
      },
      "HEALTHCARE": {
        "roic": 0.06491138371626329,
        "_n_roic": 23,
        "roce": 0.08480041515063533,
        "_n_roce": 23,
        "fcf-yield": 0.03265509622092375,
        "_n_fcf-yield": 23
      },
      "FINTECH": {
        "roic": 0.023037531087674576,
        "_n_roic": 24,
        "fcf-yield": 0.13557099290975705,
        "_n_fcf-yield": 24
      }
    },
    "HK": {
      "INDUSTRIAL": {
        "roic": 0.027258742042863875,
        "_n_roic": 27,
        "roce": 0.030622892678130897,
        "_n_roce": 27,
        "fcf-yield": 0.041569562022482694,
        "_n_fcf-yield": 27
      },
      "HEALTHCARE": {
        "roic": 0.05867149233847207,
        "_n_roic": 21,
        "roce": 0.07912909884700858,
        "_n_roce": 21,
        "fcf-yield": 0.02886974679164038,
        "_n_fcf-yield": 21
      }
    },
    "TW": {
      "HARDWARE": {
        "roic": 0.08268645437052931,
        "_n_roic": 35,
        "roce": 0.09561436455463553,
        "_n_roce": 35,
        "fcf-yield": 0.0062196580734672,
        "_n_fcf-yield": 35
      }
    },
    "JP": {
      "INDUSTRIAL": {
        "roic": 0.054368558689412004,
        "_n_roic": 70,
        "roce": 0.050513744589473004,
        "_n_roce": 70,
        "fcf-yield": 0.03940732839809711,
        "_n_fcf-yield": 70
      },
      "REIT": {
        "roic": 0.033876891304702096,
        "_n_roic": 23,
        "roce": 0.03844292602428899,
        "_n_roce": 23,
        "fcf-yield": 0.013796000949730563,
        "_n_fcf-yield": 23
      }
    },
    "EU": {
      "INDUSTRIAL": {
        "roic": 0.043216263419721714,
        "_n_roic": 28,
        "roce": 0.07224973522826976,
        "_n_roce": 28,
        "fcf-yield": 0.05257987206282131,
        "_n_fcf-yield": 29
      }
    },
    "US": {
      "HEALTHCARE": {
        "roic": 0.012241050296861525,
        "_n_roic": 280,
        "roce": 0.056677982551777716,
        "_n_roce": 250,
        "fcf-yield": 0.026485158419298046,
        "_n_fcf-yield": 277
      },
      "INDUSTRIAL": {
        "roic": 0.0503391293624368,
        "_n_roic": 365,
        "roce": 0.07829794690575625,
        "_n_roce": 359,
        "fcf-yield": 0.04347393123211035,
        "_n_fcf-yield": 360
      },
      "FINTECH": {
        "roic": 0.03207826824956839,
        "_n_roic": 221,
        "roce": 0.0708050708311712,
        "_n_roce": 72,
        "fcf-yield": 0.07141632236815035,
        "_n_fcf-yield": 193
      },
      "REIT": {
        "roic": 0.019152542482944398,
        "_n_roic": 132,
        "roce": 0.03588136108041244,
        "_n_roce": 113,
        "fcf-yield": 0.05559805277068573,
        "_n_fcf-yield": 113
      },
      "HARDWARE": {
        "roic": 0.04340474357232363,
        "_n_roic": 71,
        "roce": 0.05636907997040929,
        "_n_roce": 71,
        "fcf-yield": 0.006996754609515514,
        "_n_fcf-yield": 70
      },
      "ENERGY": {
        "roic": 0.04204443832977919,
        "_n_roic": 149,
        "roce": 0.078045946305919,
        "_n_roce": 146,
        "fcf-yield": 0.04947239796715466,
        "_n_fcf-yield": 150
      },
      "BANK": {
        "roic": 0.010525994353972962,
        "_n_roic": 172,
        "fcf-yield": 0.07935242486911459,
        "_n_fcf-yield": 152
      },
      "CONSUMER_STAPLES": {
        "roic": 0.05871267526245073,
        "_n_roic": 120,
        "roce": 0.09475574978704493,
        "_n_roce": 119,
        "fcf-yield": 0.07381500896019816,
        "_n_fcf-yield": 117
      },
      "SAAS": {
        "roic": 0.032923429879247304,
        "_n_roic": 128,
        "roce": 0.04331400442294698,
        "_n_roce": 128,
        "fcf-yield": 0.04848211691249514,
        "_n_fcf-yield": 121
      },
      "MARKETPLACE": {
        "roic": 0.02950794751104879,
        "_n_roic": 121,
        "roce": 0.06302386436533242,
        "_n_roce": 120,
        "fcf-yield": 0.05883483758158431,
        "_n_fcf-yield": 119
      }
    }
  }
}