{
  "_generatedAt": "2026-05-19T14:09:19.597Z",
  "_version": 1,
  "_note": "Legacy flat schema for backwards compat. Equals _GLOBAL slice of sector-medians-auto.json.",
  "medians": {
    "BANK": {
      "roic": 0.009314675765503735,
      "_n_roic": 321,
      "_p25_roic": 0.006786387622943926,
      "_p50_roic": 0.009314675765503735,
      "_p75_roic": 0.012807573614422894,
      "_p90_roic": 0.018425712740078468,
      "roce": 0.01408675152764633,
      "_n_roce": 321,
      "_p25_roce": 0.009865294470159684,
      "_p50_roce": 0.01408675152764633,
      "_p75_roce": 0.01896084967560744,
      "_p90_roce": 0.02508781578422196,
      "fcf-yield": 0.08071223172026655,
      "_n_fcf-yield": 321,
      "_p25_fcf-yield": 0.026817723406568753,
      "_p50_fcf-yield": 0.08071223172026655,
      "_p75_fcf-yield": 0.19756881942534443,
      "_p90_fcf-yield": 0.799816960352144
    },
    "INDUSTRIAL": {
      "roic": 0.05146433860146682,
      "_n_roic": 739,
      "_p25_roic": 0.02725874204286387,
      "_p50_roic": 0.05146433860146682,
      "_p75_roic": 0.08741671336168315,
      "_p90_roic": 0.13234346633896835,
      "roce": 0.07608182929036372,
      "_n_roce": 739,
      "_p25_roce": 0.04306033135354798,
      "_p50_roce": 0.07608182929036372,
      "_p75_roce": 0.11691222052355645,
      "_p90_roce": 0.17260172176020674,
      "fcf-yield": 0.04008467581667362,
      "_n_fcf-yield": 741,
      "_p25_fcf-yield": 0.017752510212680032,
      "_p50_fcf-yield": 0.04008467581667362,
      "_p75_fcf-yield": 0.07957732177532156,
      "_p90_fcf-yield": 0.16047122627332683
    },
    "HARDWARE": {
      "roic": 0.06627397003720958,
      "_n_roic": 154,
      "_p25_roic": 0.028935768729972663,
      "_p50_roic": 0.06627397003720958,
      "_p75_roic": 0.15098307069753727,
      "_p90_roic": 0.2524328073561358,
      "roce": 0.07759373566025726,
      "_n_roce": 154,
      "_p25_roce": 0.03006137635735168,
      "_p50_roce": 0.07759373566025726,
      "_p75_roce": 0.17934735712651054,
      "_p90_roce": 0.300165203210573,
      "fcf-yield": 0.010312742422776366,
      "_n_fcf-yield": 156,
      "_p25_fcf-yield": -0.001349987464189135,
      "_p50_fcf-yield": 0.010312742422776366,
      "_p75_fcf-yield": 0.023624490634592578,
      "_p90_fcf-yield": 0.05369989254079611
    },
    "REIT": {
      "roic": 0.024987052113223347,
      "_n_roic": 222,
      "_p25_roic": 0.0072815312442775105,
      "_p50_roic": 0.024987052113223347,
      "_p75_roic": 0.038246493166938025,
      "_p90_roic": 0.05413642135166066,
      "roce": 0.0362710898204304,
      "_n_roce": 208,
      "_p25_roce": 0.025378949117638567,
      "_p50_roce": 0.0362710898204304,
      "_p75_roce": 0.05113587427200507,
      "_p90_roce": 0.0665196883383791,
      "fcf-yield": 0.055228192974284794,
      "_n_fcf-yield": 221,
      "_p25_fcf-yield": 0.033309246468799104,
      "_p50_fcf-yield": 0.055228192974284794,
      "_p75_fcf-yield": 0.08529980078133285,
      "_p90_fcf-yield": 0.1555447238534173
    },
    "HEALTHCARE": {
      "roic": 0.06440448692193494,
      "_n_roic": 517,
      "_p25_roic": 0.031191693596724752,
      "_p50_roic": 0.06440448692193494,
      "_p75_roic": 0.11367292225201073,
      "_p90_roic": 0.26670929955912126,
      "roce": 0.08188065021818355,
      "_n_roce": 512,
      "_p25_roce": 0.05204942124800471,
      "_p50_roce": 0.08188065021818355,
      "_p75_roce": 0.14307805041891158,
      "_p90_roce": 0.2330812735622823,
      "fcf-yield": 0.029412564449879004,
      "_n_fcf-yield": 518,
      "_p25_fcf-yield": -0.013975549650168548,
      "_p50_fcf-yield": 0.029412564449879004,
      "_p75_fcf-yield": 0.061037305678377306,
      "_p90_fcf-yield": 0.10272113850566146
    },
    "CONSUMER_STAPLES": {
      "roic": 0.06012982326103443,
      "_n_roic": 239,
      "_p25_roic": 0.030879654277917466,
      "_p50_roic": 0.06012982326103443,
      "_p75_roic": 0.09315818490707803,
      "_p90_roic": 0.1421528994352753,
      "roce": 0.09285823676553168,
      "_n_roce": 239,
      "_p25_roce": 0.06767379561723244,
      "_p50_roce": 0.09285823676553168,
      "_p75_roce": 0.1310055236746931,
      "_p90_roce": 0.19960622492726796,
      "fcf-yield": 0.057123987547744254,
      "_n_fcf-yield": 239,
      "_p25_fcf-yield": 0.035927644436974535,
      "_p50_fcf-yield": 0.057123987547744254,
      "_p75_fcf-yield": 0.10098403261018037,
      "_p90_fcf-yield": 0.19418802812034122
    },
    "FINTECH": {
      "roic": 0.02931078895520421,
      "_n_roic": 426,
      "_p25_roic": 0.00904108874346927,
      "_p50_roic": 0.02931078895520421,
      "_p75_roic": 0.06706445350875177,
      "_p90_roic": 0.15389319629089485,
      "roce": 0.03679957509958604,
      "_n_roce": 426,
      "_p25_roce": 0.011627799055160055,
      "_p50_roce": 0.03679957509958604,
      "_p75_roce": 0.08280736085306797,
      "_p90_roce": 0.17297544655104274,
      "fcf-yield": 0.07190747952572506,
      "_n_fcf-yield": 419,
      "_p25_fcf-yield": 0.022432707410975923,
      "_p50_fcf-yield": 0.07190747952572506,
      "_p75_fcf-yield": 0.1643609319748594,
      "_p90_fcf-yield": 0.3709699509047603
    },
    "MARKETPLACE": {
      "roic": 0.05012618838620592,
      "_n_roic": 204,
      "_p25_roic": 0.023296588088102088,
      "_p50_roic": 0.05012618838620592,
      "_p75_roic": 0.1028200348746317,
      "_p90_roic": 0.188435283265955,
      "roce": 0.06736292961446771,
      "_n_roce": 204,
      "_p25_roce": 0.033364959982779566,
      "_p50_roce": 0.06736292961446771,
      "_p75_roce": 0.11337236796886582,
      "_p90_roce": 0.20442758495688973,
      "fcf-yield": 0.057945330384311135,
      "_n_fcf-yield": 205,
      "_p25_fcf-yield": 0.025762445773556242,
      "_p50_fcf-yield": 0.057945330384311135,
      "_p75_fcf-yield": 0.12074980066802034,
      "_p90_fcf-yield": 0.240522032420895
    },
    "SAAS": {
      "roic": 0.07424230654860167,
      "_n_roic": 195,
      "_p25_roic": 0.02485352284183054,
      "_p50_roic": 0.07424230654860167,
      "_p75_roic": 0.12510349739978446,
      "_p90_roic": 0.23699294298494616,
      "roce": 0.08474358475113769,
      "_n_roce": 195,
      "_p25_roce": 0.027662822419551966,
      "_p50_roce": 0.08474358475113769,
      "_p75_roce": 0.1444902830012919,
      "_p90_roce": 0.21812735607737552,
      "fcf-yield": 0.045681307710818214,
      "_n_fcf-yield": 195,
      "_p25_fcf-yield": 0.017491522079790246,
      "_p50_fcf-yield": 0.045681307710818214,
      "_p75_fcf-yield": 0.07708631715738677,
      "_p90_fcf-yield": 0.11492859237658583
    },
    "ENERGY": {
      "roic": 0.04694745541285629,
      "_n_roic": 251,
      "_p25_roic": 0.015348633875562623,
      "_p50_roic": 0.04694745541285629,
      "_p75_roic": 0.07446810169007131,
      "_p90_roic": 0.11947811080164969,
      "roce": 0.07747606676601473,
      "_n_roce": 251,
      "_p25_roce": 0.04684671373446942,
      "_p50_roce": 0.07747606676601473,
      "_p75_roce": 0.10728990031378996,
      "_p90_roce": 0.14937435134696259,
      "fcf-yield": 0.0524944738925577,
      "_n_fcf-yield": 249,
      "_p25_fcf-yield": 0.016056099657252326,
      "_p50_fcf-yield": 0.0524944738925577,
      "_p75_fcf-yield": 0.08604319430856072,
      "_p90_fcf-yield": 0.1297017628479918
    }
  }
}