{
  "_generatedAt": "2026-05-09T22:15:52.706Z",
  "medians": {
    "BANK": {
      "roic": 0.008496833228988003,
      "_n_roic": 221,
      "fcf-yield": 0.0811840327527721,
      "_n_fcf-yield": 221
    },
    "REIT": {
      "roic": 0.02846646453010643,
      "_n_roic": 159,
      "roce": 0.03781730271110344,
      "_n_roce": 153,
      "fcf-yield": 0.056259817076027036,
      "_n_fcf-yield": 159
    },
    "INDUSTRIAL": {
      "roic": 0.055601522007524745,
      "_n_roic": 495,
      "roce": 0.07833805849982217,
      "_n_roce": 495,
      "fcf-yield": 0.0463380925215444,
      "_n_fcf-yield": 496
    },
    "HARDWARE": {
      "roic": 0.06331231516022949,
      "_n_roic": 128,
      "roce": 0.07362541890704259,
      "_n_roce": 128,
      "fcf-yield": 0.017403785933756542,
      "_n_fcf-yield": 128
    },
    "HEALTHCARE": {
      "roic": 0.0552129392599488,
      "_n_roic": 273,
      "roce": 0.08484606545084117,
      "_n_roce": 264,
      "fcf-yield": 0.05405735095319582,
      "_n_fcf-yield": 274
    },
    "CONSUMER_STAPLES": {
      "roic": 0.06588343519491249,
      "_n_roic": 160,
      "roce": 0.09597497350364072,
      "_n_roce": 160,
      "fcf-yield": 0.07565868231704864,
      "_n_fcf-yield": 160
    },
    "FINTECH": {
      "roic": 0.02328452232685487,
      "_n_roic": 273,
      "roce": 0.0535405021807166,
      "_n_roce": 104,
      "fcf-yield": 0.07597293359827018,
      "_n_fcf-yield": 270
    },
    "ENERGY": {
      "roic": 0.04972114542371596,
      "_n_roic": 174,
      "roce": 0.07624744578472085,
      "_n_roce": 172,
      "fcf-yield": 0.05987918158000774,
      "_n_fcf-yield": 174
    },
    "SAAS": {
      "roic": 0.07103393091885919,
      "_n_roic": 133,
      "roce": 0.0823121381236067,
      "_n_roce": 133,
      "fcf-yield": 0.04820562690627913,
      "_n_fcf-yield": 133
    },
    "MARKETPLACE": {
      "roic": 0.04467889686510526,
      "_n_roic": 153,
      "roce": 0.07190305455960422,
      "_n_roce": 153,
      "fcf-yield": 0.08643032879344063,
      "_n_fcf-yield": 153
    }
  }
}