{
  "_generatedAt": "2026-05-20T08:59:39.808Z",
  "_version": 1,
  "_note": "Legacy flat schema for backwards compat. Equals _GLOBAL slice of sector-medians-auto.json.",
  "medians": {
    "BANK": {
      "roic": 0.008791935747871966,
      "_n_roic": 251,
      "_p25_roic": 0.00632930719026149,
      "_p50_roic": 0.008791935747871966,
      "_p75_roic": 0.012512884216740983,
      "_p90_roic": 0.017383921948789405,
      "roce": 0.013615308511953042,
      "_n_roce": 251,
      "_p25_roce": 0.009585534929047563,
      "_p50_roce": 0.013615308511953042,
      "_p75_roce": 0.018396662722717144,
      "_p90_roce": 0.02508781578422196,
      "fcf-yield": 0.07851033942452215,
      "_n_fcf-yield": 252,
      "_p25_fcf-yield": 0.020566580085525615,
      "_p50_fcf-yield": 0.07851033942452215,
      "_p75_fcf-yield": 0.22834075889961142,
      "_p90_fcf-yield": 0.9044724311732576
    },
    "INDUSTRIAL": {
      "roic": 0.050639319601944,
      "_n_roic": 545,
      "_p25_roic": 0.0261138308509395,
      "_p50_roic": 0.050639319601944,
      "_p75_roic": 0.09004109908648755,
      "_p90_roic": 0.13236797474714718,
      "roce": 0.07221695325010008,
      "_n_roce": 545,
      "_p25_roce": 0.03981913076561266,
      "_p50_roce": 0.07221695325010008,
      "_p75_roce": 0.11882157381917571,
      "_p90_roce": 0.17647557306893777,
      "fcf-yield": 0.04069509131020958,
      "_n_fcf-yield": 547,
      "_p25_fcf-yield": 0.017642270062514395,
      "_p50_fcf-yield": 0.04069509131020958,
      "_p75_fcf-yield": 0.08184159387919318,
      "_p90_fcf-yield": 0.1672870784925853
    },
    "HARDWARE": {
      "roic": 0.06627397003720958,
      "_n_roic": 119,
      "_p25_roic": 0.029674426548609485,
      "_p50_roic": 0.06627397003720958,
      "_p75_roic": 0.1653354945077131,
      "_p90_roic": 0.2618576675620486,
      "roce": 0.08240577497460719,
      "_n_roce": 119,
      "_p25_roce": 0.03347078385305212,
      "_p50_roce": 0.08240577497460719,
      "_p75_roce": 0.19158010394819014,
      "_p90_roce": 0.31556639443265067,
      "fcf-yield": 0.008658463944420993,
      "_n_fcf-yield": 120,
      "_p25_fcf-yield": -0.002625201276603902,
      "_p50_fcf-yield": 0.008658463944420993,
      "_p75_fcf-yield": 0.021488201021429485,
      "_p90_fcf-yield": 0.053177143743837696
    },
    "REIT": {
      "roic": 0.026221241907900632,
      "_n_roic": 178,
      "_p25_roic": 0.00817081928080303,
      "_p50_roic": 0.026221241907900632,
      "_p75_roic": 0.03810694573450424,
      "_p90_roic": 0.052758877355345235,
      "roce": 0.03621200394324913,
      "_n_roce": 169,
      "_p25_roce": 0.024569843452262045,
      "_p50_roce": 0.03621200394324913,
      "_p75_roce": 0.05092659961243682,
      "_p90_roce": 0.06637552579419442,
      "fcf-yield": 0.055755208880499986,
      "_n_fcf-yield": 178,
      "_p25_fcf-yield": 0.02993809632407942,
      "_p50_fcf-yield": 0.055755208880499986,
      "_p75_fcf-yield": 0.08843259989442426,
      "_p90_fcf-yield": 0.16205090166258346
    },
    "HEALTHCARE": {
      "roic": 0.06942240217588026,
      "_n_roic": 364,
      "_p25_roic": 0.03152681915079539,
      "_p50_roic": 0.06942240217588026,
      "_p75_roic": 0.11437685700260754,
      "_p90_roic": 0.26720675856553266,
      "roce": 0.08183218607318848,
      "_n_roce": 361,
      "_p25_roce": 0.04939638315988202,
      "_p50_roce": 0.08183218607318848,
      "_p75_roce": 0.142957364283117,
      "_p90_roce": 0.21765320206807665,
      "fcf-yield": 0.03216113602232977,
      "_n_fcf-yield": 365,
      "_p25_fcf-yield": -0.011426811584824583,
      "_p50_fcf-yield": 0.03216113602232977,
      "_p75_fcf-yield": 0.060056538832441816,
      "_p90_fcf-yield": 0.10439615169515848
    },
    "CONSUMER_STAPLES": {
      "roic": 0.0600207972718113,
      "_n_roic": 186,
      "_p25_roic": 0.03731604765241766,
      "_p50_roic": 0.0600207972718113,
      "_p75_roic": 0.09277036938258434,
      "_p90_roic": 0.15016685205784205,
      "roce": 0.09285823676553166,
      "_n_roce": 186,
      "_p25_roce": 0.06917187916638555,
      "_p50_roce": 0.09285823676553166,
      "_p75_roce": 0.1350919067312088,
      "_p90_roce": 0.21464672105629068,
      "fcf-yield": 0.05824475534890845,
      "_n_fcf-yield": 186,
      "_p25_fcf-yield": 0.037122251308825266,
      "_p50_fcf-yield": 0.05824475534890845,
      "_p75_fcf-yield": 0.10337970416319661,
      "_p90_fcf-yield": 0.19949775074901563
    },
    "FINTECH": {
      "roic": 0.02880071868852851,
      "_n_roic": 314,
      "_p25_roic": 0.008102203780716568,
      "_p50_roic": 0.02880071868852851,
      "_p75_roic": 0.06915570640644887,
      "_p90_roic": 0.15406441625445869,
      "roce": 0.035850769784257136,
      "_n_roce": 314,
      "_p25_roce": 0.010574866929858824,
      "_p50_roce": 0.035850769784257136,
      "_p75_roce": 0.08273400158762623,
      "_p90_roce": 0.142785245980039,
      "fcf-yield": 0.06991557045778762,
      "_n_fcf-yield": 309,
      "_p25_fcf-yield": 0.017067956493688766,
      "_p50_fcf-yield": 0.06991557045778762,
      "_p75_fcf-yield": 0.16240500229602337,
      "_p90_fcf-yield": 0.3757425624389834
    },
    "MARKETPLACE": {
      "roic": 0.0469319536539945,
      "_n_roic": 124,
      "_p25_roic": 0.028150071105451743,
      "_p50_roic": 0.0469319536539945,
      "_p75_roic": 0.10286018560386295,
      "_p90_roic": 0.1804649806718006,
      "roce": 0.06788152044586386,
      "_n_roce": 124,
      "_p25_roce": 0.034566650905489146,
      "_p50_roce": 0.06788152044586386,
      "_p75_roce": 0.1250265258145536,
      "_p90_roce": 0.2285603456063255,
      "fcf-yield": 0.05341220766667857,
      "_n_fcf-yield": 125,
      "_p25_fcf-yield": 0.01559955282629439,
      "_p50_fcf-yield": 0.05341220766667857,
      "_p75_fcf-yield": 0.11034903638086313,
      "_p90_fcf-yield": 0.21243518801277583
    },
    "SAAS": {
      "roic": 0.0737156597531601,
      "_n_roic": 121,
      "_p25_roic": 0.02036659561229904,
      "_p50_roic": 0.0737156597531601,
      "_p75_roic": 0.1510785771114761,
      "_p90_roic": 0.2994440487221095,
      "roce": 0.08494160681285602,
      "_n_roce": 121,
      "_p25_roce": 0.02653466511488759,
      "_p50_roce": 0.08494160681285602,
      "_p75_roce": 0.1432014912233398,
      "_p90_roce": 0.2635515906253073,
      "fcf-yield": 0.04454168703966484,
      "_n_fcf-yield": 121,
      "_p25_fcf-yield": 0.017016176148981866,
      "_p50_fcf-yield": 0.04454168703966484,
      "_p75_fcf-yield": 0.0724703785382732,
      "_p90_fcf-yield": 0.1003613667641262
    },
    "ENERGY": {
      "roic": 0.04892383127050837,
      "_n_roic": 156,
      "_p25_roic": 0.017197266947993575,
      "_p50_roic": 0.04892383127050837,
      "_p75_roic": 0.07938397259941216,
      "_p90_roic": 0.11970231791975527,
      "roce": 0.07747606676601473,
      "_n_roce": 156,
      "_p25_roce": 0.048597424751956164,
      "_p50_roce": 0.07747606676601473,
      "_p75_roce": 0.11159950498161098,
      "_p90_roce": 0.16341896586030064,
      "fcf-yield": 0.04760293389685763,
      "_n_fcf-yield": 157,
      "_p25_fcf-yield": 0.009246700006487312,
      "_p50_fcf-yield": 0.04760293389685763,
      "_p75_fcf-yield": 0.0771355366613493,
      "_p90_fcf-yield": 0.10720303440501514
    }
  }
}