{
  "_generatedAt": "2026-05-17T17:23:28.733Z",
  "_version": 1,
  "_note": "Legacy flat schema for backwards compat. Equals _GLOBAL slice of sector-medians-auto.json.",
  "medians": {
    "BANK": {
      "roic": 0.00918350551818247,
      "_n_roic": 260,
      "_p25_roic": 0.006758948823447496,
      "_p50_roic": 0.00918350551818247,
      "_p75_roic": 0.01275018509324672,
      "_p90_roic": 0.01799902620805697,
      "roce": 0.013970625318264257,
      "_n_roce": 260,
      "_p25_roce": 0.009600683298830966,
      "_p50_roce": 0.013970625318264257,
      "_p75_roce": 0.018589455095160277,
      "_p90_roce": 0.024627888136487523,
      "fcf-yield": 0.07920588807751927,
      "_n_fcf-yield": 260,
      "_p25_fcf-yield": 0.02415449126297877,
      "_p50_fcf-yield": 0.07920588807751927,
      "_p75_fcf-yield": 0.17605029478830025,
      "_p90_fcf-yield": 0.672364249257248
    },
    "REIT": {
      "roic": 0.02332929150957797,
      "_n_roic": 206,
      "_p25_roic": 0.006516106983562271,
      "_p50_roic": 0.02332929150957797,
      "_p75_roic": 0.03823516447732812,
      "_p90_roic": 0.05078769273277165,
      "roce": 0.036121516020848274,
      "_n_roce": 195,
      "_p25_roce": 0.023606450436585734,
      "_p50_roce": 0.036121516020848274,
      "_p75_roce": 0.05117710993283477,
      "_p90_roce": 0.06657936995810856,
      "fcf-yield": 0.05562330487808349,
      "_n_fcf-yield": 206,
      "_p25_fcf-yield": 0.03146274665708385,
      "_p50_fcf-yield": 0.05562330487808349,
      "_p75_fcf-yield": 0.08737953738688078,
      "_p90_fcf-yield": 0.16663447705768322
    },
    "INDUSTRIAL": {
      "roic": 0.050474024123286776,
      "_n_roic": 600,
      "_p25_roic": 0.02615619998255695,
      "_p50_roic": 0.050474024123286776,
      "_p75_roic": 0.08978823913915676,
      "_p90_roic": 0.13234346633896832,
      "roce": 0.07076160611544671,
      "_n_roce": 600,
      "_p25_roce": 0.04025719412146072,
      "_p50_roce": 0.07076160611544671,
      "_p75_roce": 0.1176547325261013,
      "_p90_roce": 0.17538096199373748,
      "fcf-yield": 0.03834248353572611,
      "_n_fcf-yield": 600,
      "_p25_fcf-yield": 0.01312908223024518,
      "_p50_fcf-yield": 0.03834248353572611,
      "_p75_fcf-yield": 0.07139741456903513,
      "_p90_fcf-yield": 0.14032268821008423
    },
    "HARDWARE": {
      "roic": 0.06395817792076228,
      "_n_roic": 135,
      "_p25_roic": 0.03022641672370692,
      "_p50_roic": 0.06395817792076228,
      "_p75_roic": 0.15785054837357573,
      "_p90_roic": 0.2612265793973831,
      "roce": 0.07362541890704259,
      "_n_roce": 135,
      "_p25_roce": 0.0325909886671872,
      "_p50_roce": 0.07362541890704259,
      "_p75_roce": 0.17654719516229714,
      "_p90_roce": 0.3140262753104431,
      "fcf-yield": 0.008848399772780114,
      "_n_fcf-yield": 136,
      "_p25_fcf-yield": -0.0027071256194771956,
      "_p50_fcf-yield": 0.008848399772780114,
      "_p75_fcf-yield": 0.02148579754138884,
      "_p90_fcf-yield": 0.052114838809778075
    },
    "HEALTHCARE": {
      "roic": 0.06936173155996998,
      "_n_roic": 428,
      "_p25_roic": 0.03151537877839609,
      "_p50_roic": 0.06936173155996998,
      "_p75_roic": 0.13708046850127625,
      "_p90_roic": 0.2716838896232356,
      "roce": 0.08836652791570765,
      "_n_roce": 424,
      "_p25_roce": 0.053728985209362326,
      "_p50_roce": 0.08836652791570765,
      "_p75_roce": 0.15145287230027987,
      "_p90_roce": 0.24865004680260666,
      "fcf-yield": 0.02610675473166633,
      "_n_fcf-yield": 430,
      "_p25_fcf-yield": -0.023012532096993533,
      "_p50_fcf-yield": 0.02610675473166633,
      "_p75_fcf-yield": 0.057127368343425786,
      "_p90_fcf-yield": 0.09597741419224015
    },
    "CONSUMER_STAPLES": {
      "roic": 0.06023884925025755,
      "_n_roic": 189,
      "_p25_roic": 0.03298500549991316,
      "_p50_roic": 0.06023884925025755,
      "_p75_roic": 0.09611402215179944,
      "_p90_roic": 0.16593647167071024,
      "roce": 0.09396569435946395,
      "_n_roce": 189,
      "_p25_roce": 0.06749829592459192,
      "_p50_roce": 0.09396569435946395,
      "_p75_roce": 0.1382889896043499,
      "_p90_roce": 0.2334602138094796,
      "fcf-yield": 0.05556804927695436,
      "_n_fcf-yield": 191,
      "_p25_fcf-yield": 0.03585190650847037,
      "_p50_fcf-yield": 0.05556804927695436,
      "_p75_fcf-yield": 0.0869605210400432,
      "_p90_fcf-yield": 0.1709233517811426
    },
    "FINTECH": {
      "roic": 0.02880071868852851,
      "_n_roic": 359,
      "_p25_roic": 0.00910081949923237,
      "_p50_roic": 0.02880071868852851,
      "_p75_roic": 0.07438385464868794,
      "_p90_roic": 0.1569011187735365,
      "roce": 0.03731729355911059,
      "_n_roce": 359,
      "_p25_roce": 0.011627799055160055,
      "_p50_roce": 0.03731729355911059,
      "_p75_roce": 0.08393091848608775,
      "_p90_roce": 0.17243078461257583,
      "fcf-yield": 0.07132935131715439,
      "_n_fcf-yield": 348,
      "_p25_fcf-yield": 0.01393571843706407,
      "_p50_fcf-yield": 0.07132935131715439,
      "_p75_fcf-yield": 0.1564940561049577,
      "_p90_fcf-yield": 0.3773918090540218
    },
    "MARKETPLACE": {
      "roic": 0.04841327404540473,
      "_n_roic": 141,
      "_p25_roic": 0.024242481491294057,
      "_p50_roic": 0.04841327404540473,
      "_p75_roic": 0.10538858349248978,
      "_p90_roic": 0.19340984440595554,
      "roce": 0.06788152044586386,
      "_n_roce": 141,
      "_p25_roce": 0.03680605531335146,
      "_p50_roce": 0.06788152044586386,
      "_p75_roce": 0.11535356810202213,
      "_p90_roce": 0.2193983637688045,
      "fcf-yield": 0.051985168489772866,
      "_n_fcf-yield": 142,
      "_p25_fcf-yield": 0.016016801365746156,
      "_p50_fcf-yield": 0.051985168489772866,
      "_p75_fcf-yield": 0.10933531626572608,
      "_p90_fcf-yield": 0.20929868050921963
    },
    "ENERGY": {
      "roic": 0.04712865508086837,
      "_n_roic": 201,
      "_p25_roic": 0.015348633875562623,
      "_p50_roic": 0.04712865508086837,
      "_p75_roic": 0.07739646305193743,
      "_p90_roic": 0.12079497980218057,
      "roce": 0.07624744578472085,
      "_n_roce": 201,
      "_p25_roce": 0.04600129732805108,
      "_p50_roce": 0.07624744578472085,
      "_p75_roce": 0.10962367337265821,
      "_p90_roce": 0.14957922781900945,
      "fcf-yield": 0.0498026756573231,
      "_n_fcf-yield": 200,
      "_p25_fcf-yield": 0.01623384013728601,
      "_p50_fcf-yield": 0.0498026756573231,
      "_p75_fcf-yield": 0.08320882978917919,
      "_p90_fcf-yield": 0.12187501058513119
    },
    "SAAS": {
      "roic": 0.0743451786187048,
      "_n_roic": 153,
      "_p25_roic": 0.02500212481081439,
      "_p50_roic": 0.0743451786187048,
      "_p75_roic": 0.1429648737807896,
      "_p90_roic": 0.2737963150998052,
      "roce": 0.08335034908519198,
      "_n_roce": 153,
      "_p25_roce": 0.027662822419551966,
      "_p50_roce": 0.08335034908519198,
      "_p75_roce": 0.1444902830012919,
      "_p90_roce": 0.2625686186301646,
      "fcf-yield": 0.04740475054376265,
      "_n_fcf-yield": 153,
      "_p25_fcf-yield": 0.016735624602617565,
      "_p50_fcf-yield": 0.04740475054376265,
      "_p75_fcf-yield": 0.08193033517259837,
      "_p90_fcf-yield": 0.12041361642978038
    }
  }
}