{
  "_generatedAt": "2026-05-08T19:46:31.192Z",
  "medians": {
    "HARDWARE": {
      "roic": 0.06028240707323761,
      "_n_roic": 78,
      "roce": 0.06864236837551663,
      "_n_roce": 78,
      "fcf-yield": 0.014718477265879978,
      "_n_fcf-yield": 78
    },
    "INDUSTRIAL": {
      "roic": 0.060560540258212295,
      "_n_roic": 385,
      "roce": 0.0859682205093692,
      "_n_roce": 385,
      "fcf-yield": 0.04141665056078984,
      "_n_fcf-yield": 386
    },
    "MARKETPLACE": {
      "roic": 0.04117864114013744,
      "_n_roic": 125,
      "roce": 0.07072691856133051,
      "_n_roce": 125,
      "fcf-yield": 0.06869984696111447,
      "_n_fcf-yield": 125
    },
    "FINTECH": {
      "roic": 0.02599843127001765,
      "_n_roic": 229,
      "roce": 0.0626986619815871,
      "_n_roce": 90,
      "fcf-yield": 0.07337457026751576,
      "_n_fcf-yield": 227
    },
    "BANK": {
      "roic": 0.00923021933558899,
      "_n_roic": 164,
      "fcf-yield": 0.07444830594369659,
      "_n_fcf-yield": 164
    },
    "HEALTHCARE": {
      "roic": 0.052511756363364935,
      "_n_roic": 235,
      "roce": 0.08447659002376093,
      "_n_roce": 226,
      "fcf-yield": 0.05013871872279242,
      "_n_fcf-yield": 236
    },
    "CONSUMER_STAPLES": {
      "roic": 0.06655432408144639,
      "_n_roic": 126,
      "roce": 0.09449360595474778,
      "_n_roce": 126,
      "fcf-yield": 0.06315698333871748,
      "_n_fcf-yield": 126
    },
    "REIT": {
      "roic": 0.03331796478424094,
      "_n_roic": 122,
      "roce": 0.04024898124599374,
      "_n_roce": 116,
      "fcf-yield": 0.05338386348602572,
      "_n_fcf-yield": 122
    },
    "ENERGY": {
      "roic": 0.04918266186592133,
      "_n_roic": 131,
      "roce": 0.07916586142949603,
      "_n_roce": 130,
      "fcf-yield": 0.05721249404432047,
      "_n_fcf-yield": 131
    },
    "SAAS": {
      "roic": 0.07327524874509997,
      "_n_roic": 118,
      "roce": 0.0823154445201575,
      "_n_roce": 118,
      "fcf-yield": 0.048546346980007614,
      "_n_fcf-yield": 118
    }
  }
}