{
  "_generatedAt": "2026-05-14T18:29:25.530Z",
  "_version": 1,
  "_note": "Legacy flat schema for backwards compat. Equals _GLOBAL slice of sector-medians-auto.json.",
  "medians": {
    "BANK": {
      "roic": 0.009176865361547326,
      "_n_roic": 265,
      "fcf-yield": 0.08144196760719312,
      "_n_fcf-yield": 245
    },
    "REIT": {
      "roic": 0.022687943602778322,
      "_n_roic": 201,
      "roce": 0.0356724951823449,
      "_n_roce": 182,
      "fcf-yield": 0.0554949482674119,
      "_n_fcf-yield": 182
    },
    "INDUSTRIAL": {
      "roic": 0.04796386885379077,
      "_n_roic": 590,
      "roce": 0.06987892373953544,
      "_n_roce": 582,
      "fcf-yield": 0.0424635889818661,
      "_n_fcf-yield": 586
    },
    "HARDWARE": {
      "roic": 0.051840598154063236,
      "_n_roic": 135,
      "roce": 0.06599819322869172,
      "_n_roce": 135,
      "fcf-yield": 0.005161535354977578,
      "_n_fcf-yield": 134
    },
    "HEALTHCARE": {
      "roic": 0.031056884804309935,
      "_n_roic": 357,
      "roce": 0.0634937645170616,
      "_n_roce": 327,
      "fcf-yield": 0.027195001641113378,
      "_n_fcf-yield": 353
    },
    "CONSUMER_STAPLES": {
      "roic": 0.06008267615183829,
      "_n_roic": 176,
      "roce": 0.09511604774195341,
      "_n_roce": 174,
      "fcf-yield": 0.06612663861392899,
      "_n_fcf-yield": 173
    },
    "FINTECH": {
      "roic": 0.024587671811440392,
      "_n_roic": 316,
      "roce": 0.04988961079921781,
      "_n_roce": 93,
      "fcf-yield": 0.06962504512228002,
      "_n_fcf-yield": 287
    },
    "MARKETPLACE": {
      "roic": 0.03869483371679565,
      "_n_roic": 183,
      "roce": 0.06554518789311331,
      "_n_roce": 182,
      "fcf-yield": 0.05843078422335264,
      "_n_fcf-yield": 180
    },
    "ENERGY": {
      "roic": 0.04398563734290844,
      "_n_roic": 203,
      "roce": 0.07624744578472085,
      "_n_roce": 199,
      "fcf-yield": 0.04985159583799294,
      "_n_fcf-yield": 206
    },
    "SAAS": {
      "roic": 0.03924580515098191,
      "_n_roic": 148,
      "roce": 0.04840808237077514,
      "_n_roce": 148,
      "fcf-yield": 0.04508364297095702,
      "_n_fcf-yield": 141
    }
  }
}