{
  "_generatedAt": "2026-05-08T17:22:09.010Z",
  "medians": {
    "HARDWARE": {
      "roic": 0.06028240707323761,
      "_n_roic": 78,
      "roce": 0.06864236837551663,
      "_n_roce": 78,
      "fcf-yield": 0.01477952950800808,
      "_n_fcf-yield": 78
    },
    "INDUSTRIAL": {
      "roic": 0.060560540258212295,
      "_n_roic": 385,
      "roce": 0.0859682205093692,
      "_n_roce": 385,
      "fcf-yield": 0.041160488088199526,
      "_n_fcf-yield": 386
    },
    "MARKETPLACE": {
      "roic": 0.04117864114013744,
      "_n_roic": 125,
      "roce": 0.07072691856133051,
      "_n_roce": 125,
      "fcf-yield": 0.0698920093165361,
      "_n_fcf-yield": 125
    },
    "FINTECH": {
      "roic": 0.02599843127001765,
      "_n_roic": 229,
      "roce": 0.0626986619815871,
      "_n_roce": 90,
      "fcf-yield": 0.0733045948111187,
      "_n_fcf-yield": 227
    },
    "BANK": {
      "roic": 0.00923021933558899,
      "_n_roic": 164,
      "fcf-yield": 0.07463137940530426,
      "_n_fcf-yield": 164
    },
    "HEALTHCARE": {
      "roic": 0.052511756363364935,
      "_n_roic": 235,
      "roce": 0.08447659002376093,
      "_n_roce": 226,
      "fcf-yield": 0.05010036259668762,
      "_n_fcf-yield": 236
    },
    "CONSUMER_STAPLES": {
      "roic": 0.06655432408144639,
      "_n_roic": 126,
      "roce": 0.09449360595474778,
      "_n_roce": 126,
      "fcf-yield": 0.06315698333871748,
      "_n_fcf-yield": 126
    },
    "REIT": {
      "roic": 0.03342799128099187,
      "_n_roic": 121,
      "roce": 0.04055973377061602,
      "_n_roce": 115,
      "fcf-yield": 0.05364642026150638,
      "_n_fcf-yield": 121
    },
    "ENERGY": {
      "roic": 0.04918266186592133,
      "_n_roic": 131,
      "roce": 0.07916586142949603,
      "_n_roce": 130,
      "fcf-yield": 0.05670027967366975,
      "_n_fcf-yield": 131
    },
    "SAAS": {
      "roic": 0.07327524874509997,
      "_n_roic": 116,
      "roce": 0.0823154445201575,
      "_n_roce": 116,
      "fcf-yield": 0.04906206028517136,
      "_n_fcf-yield": 116
    }
  }
}