ticker,heimat_linie,option,anwendbar,grund,mcap_heute,mcap_unter_option,faktor,richtung,im_brett,rang_heute,brett,einordnung,emittent,heimat_status,tabellen_abdeckung_angenommen,mcap_waehrung
"AANNF","1AT1.MI|AT1.DE|AT1.SW|TOWN.VI","A","nein","Verhältnis nicht eindeutig: Kurs-Verhältnis nicht ganzzahlig","3624358400","","","nicht entscheidbar","nein","","","nicht entscheidbar","aroundtown sa","Nicht-US-Gegenlinien; Heimat-/Primärstatus nicht abgeleitet","","USD"
"AANNF","1AT1.MI|AT1.DE|AT1.SW|TOWN.VI","B","nein","Heimat-Linie nicht eindeutig: mehrere Nicht-US-Linien","3624358400","","","nicht entscheidbar","nein","","","nicht entscheidbar","aroundtown sa","Nicht-US-Gegenlinien; Heimat-/Primärstatus nicht abgeleitet","","USD"
"AANNF","1AT1.MI|AT1.DE|AT1.SW|TOWN.VI","C-100","nein","Tabellen-Abdeckung angenommen; Verhältniswert fehlt (kein Tabellen-Eintrag vorhanden)","3624358400","","","nicht entscheidbar","nein","","","nicht entscheidbar","aroundtown sa","Nicht-US-Gegenlinien; Heimat-/Primärstatus nicht abgeleitet","ja","USD"
"AANNF","1AT1.MI|AT1.DE|AT1.SW|TOWN.VI","C-50","nein","Tabellen-Abdeckung angenommen; Verhältniswert fehlt (kein Tabellen-Eintrag vorhanden)","3624358400","","","nicht entscheidbar","nein","","","nicht entscheidbar","aroundtown sa","Nicht-US-Gegenlinien; Heimat-/Primärstatus nicht abgeleitet","ja","USD"
"AANNF","1AT1.MI|AT1.DE|AT1.SW|TOWN.VI","C-nur-die-7","nein","kein Tabellen-Eintrag: außerhalb angenommener Abdeckung","3624358400","","","nicht entscheidbar","nein","","","nicht entscheidbar","aroundtown sa","Nicht-US-Gegenlinien; Heimat-/Primärstatus nicht abgeleitet","nein","USD"
"ACEJF","ACE.MI","A","nein","Verhältnis nicht eindeutig: Kurs-Verhältnis nicht ganzzahlig","1840664832","","","nicht entscheidbar","nein","","","nicht entscheidbar","acea s.p.a.","Nicht-US-Gegenlinien; Heimat-/Primärstatus nicht abgeleitet","","USD"
"ACEJF","ACE.MI","B","ja","B-Hypothese: einzige Nicht-US-Linie als Heimat-Linie (nicht bestätigt)","1840664832","4962055628.29568","2.695795313753069","zu klein","nein","","","Wahrheit nicht belegt","acea s.p.a.","Nicht-US-Gegenlinien; Heimat-/Primärstatus nicht abgeleitet","","USD"
"ACEJF","ACE.MI","C-100","nein","Tabellen-Abdeckung angenommen; Verhältniswert fehlt (kein Tabellen-Eintrag vorhanden)","1840664832","","","nicht entscheidbar","nein","","","nicht entscheidbar","acea s.p.a.","Nicht-US-Gegenlinien; Heimat-/Primärstatus nicht abgeleitet","ja","USD"
"ACEJF","ACE.MI","C-50","nein","Tabellen-Abdeckung angenommen; Verhältniswert fehlt (kein Tabellen-Eintrag vorhanden)","1840664832","","","nicht entscheidbar","nein","","","nicht entscheidbar","acea s.p.a.","Nicht-US-Gegenlinien; Heimat-/Primärstatus nicht abgeleitet","ja","USD"
"ACEJF","ACE.MI","C-nur-die-7","nein","kein Tabellen-Eintrag: außerhalb angenommener Abdeckung","1840664832","","","nicht entscheidbar","nein","","","nicht entscheidbar","acea s.p.a.","Nicht-US-Gegenlinien; Heimat-/Primärstatus nicht abgeleitet","nein","USD"
"ADDLF","ALIF-B.ST","A","nein","Verhältnis nicht eindeutig: Kurs-Verhältnis nicht ganzzahlig","5118290944","","","nicht entscheidbar","nein","","","nicht entscheidbar","addlife ab (publ)","Nicht-US-Gegenlinien; Heimat-/Primärstatus nicht abgeleitet","","USD"
"ADDLF","ALIF-B.ST","B","ja","B-Hypothese: einzige Nicht-US-Linie als Heimat-Linie (nicht bestätigt)","5118290944","2017263748.1938944","0.39412838587432486","zu groß","nein","","","Wahrheit nicht belegt","addlife ab (publ)","Nicht-US-Gegenlinien; Heimat-/Primärstatus nicht abgeleitet","","USD"
"ADDLF","ALIF-B.ST","C-100","nein","Tabellen-Abdeckung angenommen; Verhältniswert fehlt (kein Tabellen-Eintrag vorhanden)","5118290944","","","nicht entscheidbar","nein","","","nicht entscheidbar","addlife ab (publ)","Nicht-US-Gegenlinien; Heimat-/Primärstatus nicht abgeleitet","ja","USD"
"ADDLF","ALIF-B.ST","C-50","nein","Tabellen-Abdeckung angenommen; Verhältniswert fehlt (kein Tabellen-Eintrag vorhanden)","5118290944","","","nicht entscheidbar","nein","","","nicht entscheidbar","addlife ab (publ)","Nicht-US-Gegenlinien; Heimat-/Primärstatus nicht abgeleitet","ja","USD"
"ADDLF","ALIF-B.ST","C-nur-die-7","nein","kein Tabellen-Eintrag: außerhalb angenommener Abdeckung","5118290944","","","nicht entscheidbar","nein","","","nicht entscheidbar","addlife ab (publ)","Nicht-US-Gegenlinien; Heimat-/Primärstatus nicht abgeleitet","nein","USD"
"AEMFF","AWX.SI","A","nein","Verhältnis nicht eindeutig: Kurs-Verhältnis nicht ganzzahlig","942665792","","","nicht entscheidbar","nein","","","nicht entscheidbar","aem holdings ltd.","Nicht-US-Gegenlinien; Heimat-/Primärstatus nicht abgeleitet","","USD"
"AEMFF","AWX.SI","B","ja","B-Hypothese: einzige Nicht-US-Linie als Heimat-Linie (nicht bestätigt)","942665792","2357088268.8016896","2.5004495642095916","zu klein","nein","","","Wahrheit nicht belegt","aem holdings ltd.","Nicht-US-Gegenlinien; Heimat-/Primärstatus nicht abgeleitet","","USD"
"AEMFF","AWX.SI","C-100","nein","Tabellen-Abdeckung angenommen; Verhältniswert fehlt (kein Tabellen-Eintrag vorhanden)","942665792","","","nicht entscheidbar","nein","","","nicht entscheidbar","aem holdings ltd.","Nicht-US-Gegenlinien; Heimat-/Primärstatus nicht abgeleitet","ja","USD"
"AEMFF","AWX.SI","C-50","nein","Tabellen-Abdeckung angenommen; Verhältniswert fehlt (kein Tabellen-Eintrag vorhanden)","942665792","","","nicht entscheidbar","nein","","","nicht entscheidbar","aem holdings ltd.","Nicht-US-Gegenlinien; Heimat-/Primärstatus nicht abgeleitet","ja","USD"
"AEMFF","AWX.SI","C-nur-die-7","nein","kein Tabellen-Eintrag: außerhalb angenommener Abdeckung","942665792","","","nicht entscheidbar","nein","","","nicht entscheidbar","aem holdings ltd.","Nicht-US-Gegenlinien; Heimat-/Primärstatus nicht abgeleitet","nein","USD"
"AHHLF","5857.T","A","nein","Verhältnis nicht eindeutig: Kurs-Verhältnis nicht ganzzahlig","1073447040","","","nicht entscheidbar","nein","","","nicht entscheidbar","are holdings, inc.","Nicht-US-Gegenlinien; Heimat-/Primärstatus nicht abgeleitet","","USD"
"AHHLF","5857.T","B","ja","B-Hypothese: einzige Nicht-US-Linie als Heimat-Linie (nicht bestätigt)","1073447040","2030056166.2294426","1.8911563315032687","zu klein","nein","","","Wahrheit nicht belegt","are holdings, inc.","Nicht-US-Gegenlinien; Heimat-/Primärstatus nicht abgeleitet","","USD"
"AHHLF","5857.T","C-100","nein","Tabellen-Abdeckung angenommen; Verhältniswert fehlt (kein Tabellen-Eintrag vorhanden)","1073447040","","","nicht entscheidbar","nein","","","nicht entscheidbar","are holdings, inc.","Nicht-US-Gegenlinien; Heimat-/Primärstatus nicht abgeleitet","ja","USD"
"AHHLF","5857.T","C-50","nein","Tabellen-Abdeckung angenommen; Verhältniswert fehlt (kein Tabellen-Eintrag vorhanden)","1073447040","","","nicht entscheidbar","nein","","","nicht entscheidbar","are holdings, inc.","Nicht-US-Gegenlinien; Heimat-/Primärstatus nicht abgeleitet","ja","USD"
"AHHLF","5857.T","C-nur-die-7","nein","kein Tabellen-Eintrag: außerhalb angenommener Abdeckung","1073447040","","","nicht entscheidbar","nein","","","nicht entscheidbar","are holdings, inc.","Nicht-US-Gegenlinien; Heimat-/Primärstatus nicht abgeleitet","nein","USD"
"AICHF","5482.T","A","nein","Verhältnis nicht eindeutig: Kurs-Verhältnis nicht ganzzahlig","3340833536","","","nicht entscheidbar","nein","","","nicht entscheidbar","aichi steel corporation","Nicht-US-Gegenlinien; Heimat-/Primärstatus nicht abgeleitet","","USD"
"AICHF","5482.T","B","ja","B-Hypothese: einzige Nicht-US-Linie als Heimat-Linie (nicht bestätigt)","3340833536","1322987337.5730894","0.3960051655722751","zu groß","nein","","","Wahrheit nicht belegt","aichi steel corporation","Nicht-US-Gegenlinien; Heimat-/Primärstatus nicht abgeleitet","","USD"
"AICHF","5482.T","C-100","nein","Tabellen-Abdeckung angenommen; Verhältniswert fehlt (kein Tabellen-Eintrag vorhanden)","3340833536","","","nicht entscheidbar","nein","","","nicht entscheidbar","aichi steel corporation","Nicht-US-Gegenlinien; Heimat-/Primärstatus nicht abgeleitet","ja","USD"
"AICHF","5482.T","C-50","nein","Tabellen-Abdeckung angenommen; Verhältniswert fehlt (kein Tabellen-Eintrag vorhanden)","3340833536","","","nicht entscheidbar","nein","","","nicht entscheidbar","aichi steel corporation","Nicht-US-Gegenlinien; Heimat-/Primärstatus nicht abgeleitet","ja","USD"
"AICHF","5482.T","C-nur-die-7","nein","kein Tabellen-Eintrag: außerhalb angenommener Abdeckung","3340833536","","","nicht entscheidbar","nein","","","nicht entscheidbar","aichi steel corporation","Nicht-US-Gegenlinien; Heimat-/Primärstatus nicht abgeleitet","nein","USD"
"ALEGF","ALE.WA","A","nein","Verhältnis nicht eindeutig: Kurs-Verhältnis nicht ganzzahlig","8233040896","","","nicht entscheidbar","nein","","","nicht entscheidbar","allegro.eu s.a.","Nicht-US-Gegenlinien; Heimat-/Primärstatus nicht abgeleitet","","USD"
"ALEGF","ALE.WA","B","ja","B-Hypothese: einzige Nicht-US-Linie als Heimat-Linie (nicht bestätigt)","8233040896","13122883690.366894","1.5939291272976197","zu klein","nein","","","Wahrheit nicht belegt","allegro.eu s.a.","Nicht-US-Gegenlinien; Heimat-/Primärstatus nicht abgeleitet","","USD"
"ALEGF","ALE.WA","C-100","nein","Tabellen-Abdeckung angenommen; Verhältniswert fehlt (kein Tabellen-Eintrag vorhanden)","8233040896","","","nicht entscheidbar","nein","","","nicht entscheidbar","allegro.eu s.a.","Nicht-US-Gegenlinien; Heimat-/Primärstatus nicht abgeleitet","ja","USD"
"ALEGF","ALE.WA","C-50","nein","Tabellen-Abdeckung angenommen; Verhältniswert fehlt (kein Tabellen-Eintrag vorhanden)","8233040896","","","nicht entscheidbar","nein","","","nicht entscheidbar","allegro.eu s.a.","Nicht-US-Gegenlinien; Heimat-/Primärstatus nicht abgeleitet","ja","USD"
"ALEGF","ALE.WA","C-nur-die-7","nein","kein Tabellen-Eintrag: außerhalb angenommener Abdeckung","8233040896","","","nicht entscheidbar","nein","","","nicht entscheidbar","allegro.eu s.a.","Nicht-US-Gegenlinien; Heimat-/Primärstatus nicht abgeleitet","nein","USD"
"ALKEF","ALK.AX|ALK.TO","A","nein","nicht entscheidbar ohne Kurs","1297894528","","","nicht entscheidbar","nein","","","nicht entscheidbar","alkane resources ltd","Nicht-US-Gegenlinien; Heimat-/Primärstatus nicht abgeleitet","","USD"
"ALKEF","ALK.AX|ALK.TO","B","nein","Heimat-Linie nicht eindeutig: mehrere Nicht-US-Linien","1297894528","","","nicht entscheidbar","nein","","","nicht entscheidbar","alkane resources ltd","Nicht-US-Gegenlinien; Heimat-/Primärstatus nicht abgeleitet","","USD"
"ALKEF","ALK.AX|ALK.TO","C-100","nein","Tabellen-Abdeckung angenommen; Verhältniswert fehlt (kein Tabellen-Eintrag vorhanden)","1297894528","","","nicht entscheidbar","nein","","","nicht entscheidbar","alkane resources ltd","Nicht-US-Gegenlinien; Heimat-/Primärstatus nicht abgeleitet","ja","USD"
"ALKEF","ALK.AX|ALK.TO","C-50","nein","Tabellen-Abdeckung angenommen; Verhältniswert fehlt (kein Tabellen-Eintrag vorhanden)","1297894528","","","nicht entscheidbar","nein","","","nicht entscheidbar","alkane resources ltd","Nicht-US-Gegenlinien; Heimat-/Primärstatus nicht abgeleitet","ja","USD"
"ALKEF","ALK.AX|ALK.TO","C-nur-die-7","nein","kein Tabellen-Eintrag: außerhalb angenommener Abdeckung","1297894528","","","nicht entscheidbar","nein","","","nicht entscheidbar","alkane resources ltd","Nicht-US-Gegenlinien; Heimat-/Primärstatus nicht abgeleitet","nein","USD"
"AMDUF","AMUN.PA|AMUN.VI|ANI.DE","A","nein","Verhältnis nicht eindeutig: Kurs-Verhältnis nicht ganzzahlig","13058045952","","","nicht entscheidbar","nein","","","nicht entscheidbar","amundi s.a.","Nicht-US-Gegenlinien; Heimat-/Primärstatus nicht abgeleitet","","USD"
"AMDUF","AMUN.PA|AMUN.VI|ANI.DE","B","nein","Heimat-Linie nicht eindeutig: mehrere Nicht-US-Linien","13058045952","","","nicht entscheidbar","nein","","","nicht entscheidbar","amundi s.a.","Nicht-US-Gegenlinien; Heimat-/Primärstatus nicht abgeleitet","","USD"
"AMDUF","AMUN.PA|AMUN.VI|ANI.DE","C-100","nein","Tabellen-Abdeckung angenommen; Verhältniswert fehlt (kein Tabellen-Eintrag vorhanden)","13058045952","","","nicht entscheidbar","nein","","","nicht entscheidbar","amundi s.a.","Nicht-US-Gegenlinien; Heimat-/Primärstatus nicht abgeleitet","ja","USD"
"AMDUF","AMUN.PA|AMUN.VI|ANI.DE","C-50","nein","Tabellen-Abdeckung angenommen; Verhältniswert fehlt (kein Tabellen-Eintrag vorhanden)","13058045952","","","nicht entscheidbar","nein","","","nicht entscheidbar","amundi s.a.","Nicht-US-Gegenlinien; Heimat-/Primärstatus nicht abgeleitet","ja","USD"
"AMDUF","AMUN.PA|AMUN.VI|ANI.DE","C-nur-die-7","nein","kein Tabellen-Eintrag: außerhalb angenommener Abdeckung","13058045952","","","nicht entscheidbar","nein","","","nicht entscheidbar","amundi s.a.","Nicht-US-Gegenlinien; Heimat-/Primärstatus nicht abgeleitet","nein","USD"
"AMDWF","6113.T","A","nein","Verhältnis nicht eindeutig: Kurs-Verhältnis nicht ganzzahlig","2885999616","","","nicht entscheidbar","nein","","","nicht entscheidbar","amada co., ltd.","Nicht-US-Gegenlinien; Heimat-/Primärstatus nicht abgeleitet","","USD"
"AMDWF","6113.T","B","ja","B-Hypothese: einzige Nicht-US-Linie als Heimat-Linie (nicht bestätigt)","2885999616","4701987034.061538","1.6292403533228805","zu klein","nein","","","Wahrheit nicht belegt","amada co., ltd.","Nicht-US-Gegenlinien; Heimat-/Primärstatus nicht abgeleitet","","USD"
"AMDWF","6113.T","C-100","nein","Tabellen-Abdeckung angenommen; Verhältniswert fehlt (kein Tabellen-Eintrag vorhanden)","2885999616","","","nicht entscheidbar","nein","","","nicht entscheidbar","amada co., ltd.","Nicht-US-Gegenlinien; Heimat-/Primärstatus nicht abgeleitet","ja","USD"
"AMDWF","6113.T","C-50","nein","Tabellen-Abdeckung angenommen; Verhältniswert fehlt (kein Tabellen-Eintrag vorhanden)","2885999616","","","nicht entscheidbar","nein","","","nicht entscheidbar","amada co., ltd.","Nicht-US-Gegenlinien; Heimat-/Primärstatus nicht abgeleitet","ja","USD"
"AMDWF","6113.T","C-nur-die-7","nein","kein Tabellen-Eintrag: außerhalb angenommener Abdeckung","2885999616","","","nicht entscheidbar","nein","","","nicht entscheidbar","amada co., ltd.","Nicht-US-Gegenlinien; Heimat-/Primärstatus nicht abgeleitet","nein","USD"
"AMLTF","AMP.AX","A","nein","nicht entscheidbar ohne Kurs","2797710848","","","nicht entscheidbar","nein","","","nicht entscheidbar","amp limited","Nicht-US-Gegenlinien; Heimat-/Primärstatus nicht abgeleitet","","USD"
"AMLTF","AMP.AX","B","nein","nicht entscheidbar ohne Kurs","2797710848","","","nicht entscheidbar","nein","","","nicht entscheidbar","amp limited","Nicht-US-Gegenlinien; Heimat-/Primärstatus nicht abgeleitet","","USD"
"AMLTF","AMP.AX","C-100","nein","Tabellen-Abdeckung angenommen; Verhältniswert fehlt (kein Tabellen-Eintrag vorhanden)","2797710848","","","nicht entscheidbar","nein","","","nicht entscheidbar","amp limited","Nicht-US-Gegenlinien; Heimat-/Primärstatus nicht abgeleitet","ja","USD"
"AMLTF","AMP.AX","C-50","nein","Tabellen-Abdeckung angenommen; Verhältniswert fehlt (kein Tabellen-Eintrag vorhanden)","2797710848","","","nicht entscheidbar","nein","","","nicht entscheidbar","amp limited","Nicht-US-Gegenlinien; Heimat-/Primärstatus nicht abgeleitet","ja","USD"
"AMLTF","AMP.AX","C-nur-die-7","nein","kein Tabellen-Eintrag: außerhalb angenommener Abdeckung","2797710848","","","nicht entscheidbar","nein","","","nicht entscheidbar","amp limited","Nicht-US-Gegenlinien; Heimat-/Primärstatus nicht abgeleitet","nein","USD"
"AOZOF","8304.T","A","nein","Verhältnis nicht eindeutig: Kurs-Verhältnis nicht ganzzahlig","1940102656","","","nicht entscheidbar","nein","","","nicht entscheidbar","aozora bank, ltd.","Nicht-US-Gegenlinien; Heimat-/Primärstatus nicht abgeleitet","","USD"
"AOZOF","8304.T","B","ja","B-Hypothese: einzige Nicht-US-Linie als Heimat-Linie (nicht bestätigt)","1940102656","3075429041.5878143","1.5851888208475369","zu klein","nein","","","Wahrheit nicht belegt","aozora bank, ltd.","Nicht-US-Gegenlinien; Heimat-/Primärstatus nicht abgeleitet","","USD"
"AOZOF","8304.T","C-100","nein","Tabellen-Abdeckung angenommen; Verhältniswert fehlt (kein Tabellen-Eintrag vorhanden)","1940102656","","","nicht entscheidbar","nein","","","nicht entscheidbar","aozora bank, ltd.","Nicht-US-Gegenlinien; Heimat-/Primärstatus nicht abgeleitet","ja","USD"
"AOZOF","8304.T","C-50","nein","Tabellen-Abdeckung angenommen; Verhältniswert fehlt (kein Tabellen-Eintrag vorhanden)","1940102656","","","nicht entscheidbar","nein","","","nicht entscheidbar","aozora bank, ltd.","Nicht-US-Gegenlinien; Heimat-/Primärstatus nicht abgeleitet","ja","USD"
"AOZOF","8304.T","C-nur-die-7","nein","kein Tabellen-Eintrag: außerhalb angenommener Abdeckung","1940102656","","","nicht entscheidbar","nein","","","nicht entscheidbar","aozora bank, ltd.","Nicht-US-Gegenlinien; Heimat-/Primärstatus nicht abgeleitet","nein","USD"
"ARSTY","ARIS.MI","A","ja","A-Hypothese: ganzzahliges Stückzahl-Verhältnis","6615179264","2205059754.6666665","0.3333333333333333","zu groß","nein","","","Wahrheit nicht belegt","ariston holding n.v.","Nicht-US-Gegenlinien; Heimat-/Primärstatus nicht abgeleitet","","USD"
"ARSTY","ARIS.MI","B","ja","B-Hypothese: einzige Nicht-US-Linie als Heimat-Linie (nicht bestätigt)","6615179264","1527632127.6675842","0.23092830393591948","zu groß","nein","","","Wahrheit nicht belegt","ariston holding n.v.","Nicht-US-Gegenlinien; Heimat-/Primärstatus nicht abgeleitet","","USD"
"ARSTY","ARIS.MI","C-100","nein","Tabellen-Abdeckung angenommen; Verhältniswert fehlt (kein Tabellen-Eintrag vorhanden)","6615179264","","","nicht entscheidbar","nein","","","nicht entscheidbar","ariston holding n.v.","Nicht-US-Gegenlinien; Heimat-/Primärstatus nicht abgeleitet","ja","USD"
"ARSTY","ARIS.MI","C-50","nein","Tabellen-Abdeckung angenommen; Verhältniswert fehlt (kein Tabellen-Eintrag vorhanden)","6615179264","","","nicht entscheidbar","nein","","","nicht entscheidbar","ariston holding n.v.","Nicht-US-Gegenlinien; Heimat-/Primärstatus nicht abgeleitet","ja","USD"
"ARSTY","ARIS.MI","C-nur-die-7","nein","kein Tabellen-Eintrag: außerhalb angenommener Abdeckung","6615179264","","","nicht entscheidbar","nein","","","nicht entscheidbar","ariston holding n.v.","Nicht-US-Gegenlinien; Heimat-/Primärstatus nicht abgeleitet","nein","USD"
"ASRRF","ASRN.VI|ASRNL.AS","A","nein","Verhältnis nicht eindeutig: Kurs-Verhältnis nicht ganzzahlig","9765076992","","","nicht entscheidbar","nein","","","nicht entscheidbar","asr nederland n.v.","Nicht-US-Gegenlinien; Heimat-/Primärstatus nicht abgeleitet","","USD"
"ASRRF","ASRN.VI|ASRNL.AS","B","nein","Heimat-Linie nicht eindeutig: mehrere Nicht-US-Linien","9765076992","","","nicht entscheidbar","nein","","","nicht entscheidbar","asr nederland n.v.","Nicht-US-Gegenlinien; Heimat-/Primärstatus nicht abgeleitet","","USD"
"ASRRF","ASRN.VI|ASRNL.AS","C-100","nein","Tabellen-Abdeckung angenommen; Verhältniswert fehlt (kein Tabellen-Eintrag vorhanden)","9765076992","","","nicht entscheidbar","nein","","","nicht entscheidbar","asr nederland n.v.","Nicht-US-Gegenlinien; Heimat-/Primärstatus nicht abgeleitet","ja","USD"
"ASRRF","ASRN.VI|ASRNL.AS","C-50","nein","Tabellen-Abdeckung angenommen; Verhältniswert fehlt (kein Tabellen-Eintrag vorhanden)","9765076992","","","nicht entscheidbar","nein","","","nicht entscheidbar","asr nederland n.v.","Nicht-US-Gegenlinien; Heimat-/Primärstatus nicht abgeleitet","ja","USD"
"ASRRF","ASRN.VI|ASRNL.AS","C-nur-die-7","nein","kein Tabellen-Eintrag: außerhalb angenommener Abdeckung","9765076992","","","nicht entscheidbar","nein","","","nicht entscheidbar","asr nederland n.v.","Nicht-US-Gegenlinien; Heimat-/Primärstatus nicht abgeleitet","nein","USD"
"AUHEF","0995.HK|600012.SS","A","nein","Verhältnis nicht eindeutig: Kurs-Verhältnis nicht ganzzahlig","2169911552","","","nicht entscheidbar","nein","","","nicht entscheidbar","anhui expressway company limited","Nicht-US-Gegenlinien; Heimat-/Primärstatus nicht abgeleitet","","USD"
"AUHEF","0995.HK|600012.SS","B","nein","Heimat-Linie nicht eindeutig: mehrere Nicht-US-Linien","2169911552","","","nicht entscheidbar","nein","","","nicht entscheidbar","anhui expressway company limited","Nicht-US-Gegenlinien; Heimat-/Primärstatus nicht abgeleitet","","USD"
"AUHEF","0995.HK|600012.SS","C-100","nein","Tabellen-Abdeckung angenommen; Verhältniswert fehlt (kein Tabellen-Eintrag vorhanden)","2169911552","","","nicht entscheidbar","nein","","","nicht entscheidbar","anhui expressway company limited","Nicht-US-Gegenlinien; Heimat-/Primärstatus nicht abgeleitet","ja","USD"
"AUHEF","0995.HK|600012.SS","C-50","nein","Tabellen-Abdeckung angenommen; Verhältniswert fehlt (kein Tabellen-Eintrag vorhanden)","2169911552","","","nicht entscheidbar","nein","","","nicht entscheidbar","anhui expressway company limited","Nicht-US-Gegenlinien; Heimat-/Primärstatus nicht abgeleitet","ja","USD"
"AUHEF","0995.HK|600012.SS","C-nur-die-7","nein","kein Tabellen-Eintrag: außerhalb angenommener Abdeckung","2169911552","","","nicht entscheidbar","nein","","","nicht entscheidbar","anhui expressway company limited","Nicht-US-Gegenlinien; Heimat-/Primärstatus nicht abgeleitet","nein","USD"
"AVIJF","2357.HK","A","nein","Verhältnis nicht eindeutig: Kurs-Verhältnis nicht ganzzahlig","4355570176","","","nicht entscheidbar","nein","","","nicht entscheidbar","avichina industry & technology company limited","Nicht-US-Gegenlinien; Heimat-/Primärstatus nicht abgeleitet","","USD"
"AVIJF","2357.HK","B","ja","B-Hypothese: einzige Nicht-US-Linie als Heimat-Linie (nicht bestätigt)","4355570176","2866178235.17098","0.6580489165262803","zu groß","nein","","","Wahrheit nicht belegt","avichina industry & technology company limited","Nicht-US-Gegenlinien; Heimat-/Primärstatus nicht abgeleitet","","USD"
"AVIJF","2357.HK","C-100","nein","Tabellen-Abdeckung angenommen; Verhältniswert fehlt (kein Tabellen-Eintrag vorhanden)","4355570176","","","nicht entscheidbar","nein","","","nicht entscheidbar","avichina industry & technology company limited","Nicht-US-Gegenlinien; Heimat-/Primärstatus nicht abgeleitet","ja","USD"
"AVIJF","2357.HK","C-50","nein","Tabellen-Abdeckung angenommen; Verhältniswert fehlt (kein Tabellen-Eintrag vorhanden)","4355570176","","","nicht entscheidbar","nein","","","nicht entscheidbar","avichina industry & technology company limited","Nicht-US-Gegenlinien; Heimat-/Primärstatus nicht abgeleitet","ja","USD"
"AVIJF","2357.HK","C-nur-die-7","nein","kein Tabellen-Eintrag: außerhalb angenommener Abdeckung","4355570176","","","nicht entscheidbar","nein","","","nicht entscheidbar","avichina industry & technology company limited","Nicht-US-Gegenlinien; Heimat-/Primärstatus nicht abgeleitet","nein","USD"
"AVMPF","3017.TW","A","ja","A-Hypothese: gleiche Stückzahl; ganzzahliges Kurs-Verhältnis in gleicher Währung","8587663872","42938319360","5","zu klein","nein","","","Wahrheit nicht belegt","asia vital components co., ltd.","Nicht-US-Gegenlinien; Heimat-/Primärstatus nicht abgeleitet","","USD"
"AVMPF","3017.TW","B","ja","B-Hypothese: einzige Nicht-US-Linie als Heimat-Linie (nicht bestätigt)","8587663872","42389654734.14965","4.936110141939851","zu klein","nein","","","Wahrheit nicht belegt","asia vital components co., ltd.","Nicht-US-Gegenlinien; Heimat-/Primärstatus nicht abgeleitet","","USD"
"AVMPF","3017.TW","C-100","nein","Tabellen-Abdeckung angenommen; Verhältniswert fehlt (kein Tabellen-Eintrag vorhanden)","8587663872","","","nicht entscheidbar","nein","","","nicht entscheidbar","asia vital components co., ltd.","Nicht-US-Gegenlinien; Heimat-/Primärstatus nicht abgeleitet","ja","USD"
"AVMPF","3017.TW","C-50","nein","Tabellen-Abdeckung angenommen; Verhältniswert fehlt (kein Tabellen-Eintrag vorhanden)","8587663872","","","nicht entscheidbar","nein","","","nicht entscheidbar","asia vital components co., ltd.","Nicht-US-Gegenlinien; Heimat-/Primärstatus nicht abgeleitet","ja","USD"
"AVMPF","3017.TW","C-nur-die-7","nein","kein Tabellen-Eintrag: außerhalb angenommener Abdeckung","8587663872","","","nicht entscheidbar","nein","","","nicht entscheidbar","asia vital components co., ltd.","Nicht-US-Gegenlinien; Heimat-/Primärstatus nicht abgeleitet","nein","USD"
"AVVZF","1AZA.MI|AZA.ST","A","nein","Verhältnis nicht eindeutig: Kurs-Verhältnis nicht ganzzahlig","3570094080","","","nicht entscheidbar","nein","","","nicht entscheidbar","avanza bank holding ab (publ)","Nicht-US-Gegenlinien; Heimat-/Primärstatus nicht abgeleitet","","USD"
"AVVZF","1AZA.MI|AZA.ST","B","nein","Heimat-Linie nicht eindeutig: mehrere Nicht-US-Linien","3570094080","","","nicht entscheidbar","nein","","","nicht entscheidbar","avanza bank holding ab (publ)","Nicht-US-Gegenlinien; Heimat-/Primärstatus nicht abgeleitet","","USD"
"AVVZF","1AZA.MI|AZA.ST","C-100","nein","Tabellen-Abdeckung angenommen; Verhältniswert fehlt (kein Tabellen-Eintrag vorhanden)","3570094080","","","nicht entscheidbar","nein","","","nicht entscheidbar","avanza bank holding ab (publ)","Nicht-US-Gegenlinien; Heimat-/Primärstatus nicht abgeleitet","ja","USD"
"AVVZF","1AZA.MI|AZA.ST","C-50","nein","Tabellen-Abdeckung angenommen; Verhältniswert fehlt (kein Tabellen-Eintrag vorhanden)","3570094080","","","nicht entscheidbar","nein","","","nicht entscheidbar","avanza bank holding ab (publ)","Nicht-US-Gegenlinien; Heimat-/Primärstatus nicht abgeleitet","ja","USD"
"AVVZF","1AZA.MI|AZA.ST","C-nur-die-7","nein","kein Tabellen-Eintrag: außerhalb angenommener Abdeckung","3570094080","","","nicht entscheidbar","nein","","","nicht entscheidbar","avanza bank holding ab (publ)","Nicht-US-Gegenlinien; Heimat-/Primärstatus nicht abgeleitet","nein","USD"
"AZBLY","6845.T","A","ja","A-Hypothese: gleiche Stückzahl; ganzzahliges Kurs-Verhältnis in gleicher Währung","9180431360","4590215680","0.5","zu groß","nein","","","Wahrheit nicht belegt","azbil corporation","Nicht-US-Gegenlinien; Heimat-/Primärstatus nicht abgeleitet","","USD"
"AZBLY","6845.T","B","ja","B-Hypothese: einzige Nicht-US-Linie als Heimat-Linie (nicht bestätigt)","9180431360","4611356786.61034","0.5023028445811876","zu groß","nein","","","Wahrheit nicht belegt","azbil corporation","Nicht-US-Gegenlinien; Heimat-/Primärstatus nicht abgeleitet","","USD"
"AZBLY","6845.T","C-100","nein","Tabellen-Abdeckung angenommen; Verhältniswert fehlt (kein Tabellen-Eintrag vorhanden)","9180431360","","","nicht entscheidbar","nein","","","nicht entscheidbar","azbil corporation","Nicht-US-Gegenlinien; Heimat-/Primärstatus nicht abgeleitet","ja","USD"
"AZBLY","6845.T","C-50","nein","Tabellen-Abdeckung angenommen; Verhältniswert fehlt (kein Tabellen-Eintrag vorhanden)","9180431360","","","nicht entscheidbar","nein","","","nicht entscheidbar","azbil corporation","Nicht-US-Gegenlinien; Heimat-/Primärstatus nicht abgeleitet","ja","USD"
"AZBLY","6845.T","C-nur-die-7","nein","kein Tabellen-Eintrag: außerhalb angenommener Abdeckung","9180431360","","","nicht entscheidbar","nein","","","nicht entscheidbar","azbil corporation","Nicht-US-Gegenlinien; Heimat-/Primärstatus nicht abgeleitet","nein","USD"
"BALDF","1BALD.MI|BALD-B.ST","A","nein","nicht entscheidbar ohne Kurs","9502430208","","","nicht entscheidbar","nein","","","nicht entscheidbar","fastighets ab balder (publ)","Nicht-US-Gegenlinien; Heimat-/Primärstatus nicht abgeleitet","","USD"
"BALDF","1BALD.MI|BALD-B.ST","B","nein","Heimat-Linie nicht eindeutig: mehrere Nicht-US-Linien","9502430208","","","nicht entscheidbar","nein","","","nicht entscheidbar","fastighets ab balder (publ)","Nicht-US-Gegenlinien; Heimat-/Primärstatus nicht abgeleitet","","USD"
"BALDF","1BALD.MI|BALD-B.ST","C-100","nein","Tabellen-Abdeckung angenommen; Verhältniswert fehlt (kein Tabellen-Eintrag vorhanden)","9502430208","","","nicht entscheidbar","nein","","","nicht entscheidbar","fastighets ab balder (publ)","Nicht-US-Gegenlinien; Heimat-/Primärstatus nicht abgeleitet","ja","USD"
"BALDF","1BALD.MI|BALD-B.ST","C-50","nein","Tabellen-Abdeckung angenommen; Verhältniswert fehlt (kein Tabellen-Eintrag vorhanden)","9502430208","","","nicht entscheidbar","nein","","","nicht entscheidbar","fastighets ab balder (publ)","Nicht-US-Gegenlinien; Heimat-/Primärstatus nicht abgeleitet","ja","USD"
"BALDF","1BALD.MI|BALD-B.ST","C-nur-die-7","nein","kein Tabellen-Eintrag: außerhalb angenommener Abdeckung","9502430208","","","nicht entscheidbar","nein","","","nicht entscheidbar","fastighets ab balder (publ)","Nicht-US-Gegenlinien; Heimat-/Primärstatus nicht abgeleitet","nein","USD"
"BEIGF","6160.HK|688235.SS","A","nein","Verhältnis nicht eindeutig: Stückzahlen","32033187840","","","nicht entscheidbar","nein","","","nicht entscheidbar","beone medicines ag","Nicht-US-Gegenlinien; Heimat-/Primärstatus nicht abgeleitet","","USD"
"BEIGF","6160.HK|688235.SS","B","nein","Heimat-Linie nicht eindeutig: mehrere Nicht-US-Linien","32033187840","","","nicht entscheidbar","nein","","","nicht entscheidbar","beone medicines ag","Nicht-US-Gegenlinien; Heimat-/Primärstatus nicht abgeleitet","","USD"
"BEIGF","6160.HK|688235.SS","C-100","nein","Tabellen-Abdeckung angenommen; Verhältniswert fehlt (kein Tabellen-Eintrag vorhanden)","32033187840","","","nicht entscheidbar","nein","","","nicht entscheidbar","beone medicines ag","Nicht-US-Gegenlinien; Heimat-/Primärstatus nicht abgeleitet","ja","USD"
"BEIGF","6160.HK|688235.SS","C-50","nein","Tabellen-Abdeckung angenommen; Verhältniswert fehlt (kein Tabellen-Eintrag vorhanden)","32033187840","","","nicht entscheidbar","nein","","","nicht entscheidbar","beone medicines ag","Nicht-US-Gegenlinien; Heimat-/Primärstatus nicht abgeleitet","ja","USD"
"BEIGF","6160.HK|688235.SS","C-nur-die-7","nein","kein Tabellen-Eintrag: außerhalb angenommener Abdeckung","32033187840","","","nicht entscheidbar","nein","","","nicht entscheidbar","beone medicines ag","Nicht-US-Gegenlinien; Heimat-/Primärstatus nicht abgeleitet","nein","USD"
"BFLBF","1GBF.MI|GBF.DE|GBF.VI","A","nein","Verhältnis nicht eindeutig: Kurs-Verhältnis nicht ganzzahlig","4321947648","","","nicht entscheidbar","nein","","","nicht entscheidbar","bilfinger se","Nicht-US-Gegenlinien; Heimat-/Primärstatus nicht abgeleitet","","USD"
"BFLBF","1GBF.MI|GBF.DE|GBF.VI","B","nein","Heimat-Linie nicht eindeutig: mehrere Nicht-US-Linien","4321947648","","","nicht entscheidbar","nein","","","nicht entscheidbar","bilfinger se","Nicht-US-Gegenlinien; Heimat-/Primärstatus nicht abgeleitet","","USD"
"BFLBF","1GBF.MI|GBF.DE|GBF.VI","C-100","nein","Tabellen-Abdeckung angenommen; Verhältniswert fehlt (kein Tabellen-Eintrag vorhanden)","4321947648","","","nicht entscheidbar","nein","","","nicht entscheidbar","bilfinger se","Nicht-US-Gegenlinien; Heimat-/Primärstatus nicht abgeleitet","ja","USD"
"BFLBF","1GBF.MI|GBF.DE|GBF.VI","C-50","nein","Tabellen-Abdeckung angenommen; Verhältniswert fehlt (kein Tabellen-Eintrag vorhanden)","4321947648","","","nicht entscheidbar","nein","","","nicht entscheidbar","bilfinger se","Nicht-US-Gegenlinien; Heimat-/Primärstatus nicht abgeleitet","ja","USD"
"BFLBF","1GBF.MI|GBF.DE|GBF.VI","C-nur-die-7","nein","kein Tabellen-Eintrag: außerhalb angenommener Abdeckung","4321947648","","","nicht entscheidbar","nein","","","nicht entscheidbar","bilfinger se","Nicht-US-Gegenlinien; Heimat-/Primärstatus nicht abgeleitet","nein","USD"
"BJGPY","2590.HK","A","ja","A-Hypothese: ganzzahliges Stückzahl-Verhältnis","7110876160","28443504640","4","zu klein","nein","","","Wahrheit nicht belegt","beijing geekplus technology co., ltd.","Nicht-US-Gegenlinien; Heimat-/Primärstatus nicht abgeleitet","","USD"
"BJGPY","2590.HK","B","ja","B-Hypothese: einzige Nicht-US-Linie als Heimat-Linie (nicht bestätigt)","7110876160","2346020053.755986","0.3299199706152647","zu groß","nein","","","Wahrheit nicht belegt","beijing geekplus technology co., ltd.","Nicht-US-Gegenlinien; Heimat-/Primärstatus nicht abgeleitet","","USD"
"BJGPY","2590.HK","C-100","nein","Tabellen-Abdeckung angenommen; Verhältniswert fehlt (kein Tabellen-Eintrag vorhanden)","7110876160","","","nicht entscheidbar","nein","","","nicht entscheidbar","beijing geekplus technology co., ltd.","Nicht-US-Gegenlinien; Heimat-/Primärstatus nicht abgeleitet","ja","USD"
"BJGPY","2590.HK","C-50","nein","Tabellen-Abdeckung angenommen; Verhältniswert fehlt (kein Tabellen-Eintrag vorhanden)","7110876160","","","nicht entscheidbar","nein","","","nicht entscheidbar","beijing geekplus technology co., ltd.","Nicht-US-Gegenlinien; Heimat-/Primärstatus nicht abgeleitet","ja","USD"
"BJGPY","2590.HK","C-nur-die-7","nein","kein Tabellen-Eintrag: außerhalb angenommener Abdeckung","7110876160","","","nicht entscheidbar","nein","","","nicht entscheidbar","beijing geekplus technology co., ltd.","Nicht-US-Gegenlinien; Heimat-/Primärstatus nicht abgeleitet","nein","USD"
"BLHWF","1BEAN.MI|BEAN.SW|BEAN.VI","A","nein","Verhältnis nicht eindeutig: Kurs-Verhältnis nicht ganzzahlig","7379981312","","","nicht entscheidbar","nein","","","nicht entscheidbar","belimo holding ag","Nicht-US-Gegenlinien; Heimat-/Primärstatus nicht abgeleitet","","USD"
"BLHWF","1BEAN.MI|BEAN.SW|BEAN.VI","B","nein","Heimat-Linie nicht eindeutig: mehrere Nicht-US-Linien","7379981312","","","nicht entscheidbar","nein","","","nicht entscheidbar","belimo holding ag","Nicht-US-Gegenlinien; Heimat-/Primärstatus nicht abgeleitet","","USD"
"BLHWF","1BEAN.MI|BEAN.SW|BEAN.VI","C-100","nein","Tabellen-Abdeckung angenommen; Verhältniswert fehlt (kein Tabellen-Eintrag vorhanden)","7379981312","","","nicht entscheidbar","nein","","","nicht entscheidbar","belimo holding ag","Nicht-US-Gegenlinien; Heimat-/Primärstatus nicht abgeleitet","ja","USD"
"BLHWF","1BEAN.MI|BEAN.SW|BEAN.VI","C-50","nein","Tabellen-Abdeckung angenommen; Verhältniswert fehlt (kein Tabellen-Eintrag vorhanden)","7379981312","","","nicht entscheidbar","nein","","","nicht entscheidbar","belimo holding ag","Nicht-US-Gegenlinien; Heimat-/Primärstatus nicht abgeleitet","ja","USD"
"BLHWF","1BEAN.MI|BEAN.SW|BEAN.VI","C-nur-die-7","nein","kein Tabellen-Eintrag: außerhalb angenommener Abdeckung","7379981312","","","nicht entscheidbar","nein","","","nicht entscheidbar","belimo holding ag","Nicht-US-Gegenlinien; Heimat-/Primärstatus nicht abgeleitet","nein","USD"
"BNMDF","BMED.MI|BMED.VI","A","nein","Verhältnis nicht eindeutig: Kurs-Verhältnis nicht ganzzahlig","7053024768","","","nicht entscheidbar","nein","","","nicht entscheidbar","banca mediolanum s.p.a.","Nicht-US-Gegenlinien; Heimat-/Primärstatus nicht abgeleitet","","USD"
"BNMDF","BMED.MI|BMED.VI","B","nein","Heimat-Linie nicht eindeutig: mehrere Nicht-US-Linien","7053024768","","","nicht entscheidbar","nein","","","nicht entscheidbar","banca mediolanum s.p.a.","Nicht-US-Gegenlinien; Heimat-/Primärstatus nicht abgeleitet","","USD"
"BNMDF","BMED.MI|BMED.VI","C-100","nein","Tabellen-Abdeckung angenommen; Verhältniswert fehlt (kein Tabellen-Eintrag vorhanden)","7053024768","","","nicht entscheidbar","nein","","","nicht entscheidbar","banca mediolanum s.p.a.","Nicht-US-Gegenlinien; Heimat-/Primärstatus nicht abgeleitet","ja","USD"
"BNMDF","BMED.MI|BMED.VI","C-50","nein","Tabellen-Abdeckung angenommen; Verhältniswert fehlt (kein Tabellen-Eintrag vorhanden)","7053024768","","","nicht entscheidbar","nein","","","nicht entscheidbar","banca mediolanum s.p.a.","Nicht-US-Gegenlinien; Heimat-/Primärstatus nicht abgeleitet","ja","USD"
"BNMDF","BMED.MI|BMED.VI","C-nur-die-7","nein","kein Tabellen-Eintrag: außerhalb angenommener Abdeckung","7053024768","","","nicht entscheidbar","nein","","","nicht entscheidbar","banca mediolanum s.p.a.","Nicht-US-Gegenlinien; Heimat-/Primärstatus nicht abgeleitet","nein","USD"
"BSBR","SANB3.SA","A","ja","A-Hypothese: ganzzahliges Stückzahl-Verhältnis","43053281280","21526640640","0.5","zu groß","nein","","","Wahrheit nicht belegt","banco santander (brasil) s.a.","Nicht-US-Gegenlinien; Heimat-/Primärstatus nicht abgeleitet","","USD"
"BSBR","SANB3.SA","B","ja","B-Hypothese: einzige Nicht-US-Linie als Heimat-Linie (nicht bestätigt)","43053281280","21477808295.3166","0.49886576950161327","zu groß","nein","","","Wahrheit nicht belegt","banco santander (brasil) s.a.","Nicht-US-Gegenlinien; Heimat-/Primärstatus nicht abgeleitet","","USD"
"BSBR","SANB3.SA","C-100","nein","Tabellen-Abdeckung angenommen; Verhältniswert fehlt (kein Tabellen-Eintrag vorhanden)","43053281280","","","nicht entscheidbar","nein","","","nicht entscheidbar","banco santander (brasil) s.a.","Nicht-US-Gegenlinien; Heimat-/Primärstatus nicht abgeleitet","ja","USD"
"BSBR","SANB3.SA","C-50","nein","Tabellen-Abdeckung angenommen; Verhältniswert fehlt (kein Tabellen-Eintrag vorhanden)","43053281280","","","nicht entscheidbar","nein","","","nicht entscheidbar","banco santander (brasil) s.a.","Nicht-US-Gegenlinien; Heimat-/Primärstatus nicht abgeleitet","ja","USD"
"BSBR","SANB3.SA","C-nur-die-7","nein","kein Tabellen-Eintrag: außerhalb angenommener Abdeckung","43053281280","","","nicht entscheidbar","nein","","","nicht entscheidbar","banco santander (brasil) s.a.","Nicht-US-Gegenlinien; Heimat-/Primärstatus nicht abgeleitet","nein","USD"
"CAOLF","G92.SI","A","nein","Verhältnis nicht eindeutig: Kurs-Verhältnis nicht ganzzahlig","1496719488","","","nicht entscheidbar","nein","","","nicht entscheidbar","china aviation oil (singapore) corporation ltd","Nicht-US-Gegenlinien; Heimat-/Primärstatus nicht abgeleitet","","USD"
"CAOLF","G92.SI","B","ja","B-Hypothese: einzige Nicht-US-Linie als Heimat-Linie (nicht bestätigt)","1496719488","923768634.4013056","0.6171955679121254","zu groß","nein","","","Wahrheit nicht belegt","china aviation oil (singapore) corporation ltd","Nicht-US-Gegenlinien; Heimat-/Primärstatus nicht abgeleitet","","USD"
"CAOLF","G92.SI","C-100","nein","Tabellen-Abdeckung angenommen; Verhältniswert fehlt (kein Tabellen-Eintrag vorhanden)","1496719488","","","nicht entscheidbar","nein","","","nicht entscheidbar","china aviation oil (singapore) corporation ltd","Nicht-US-Gegenlinien; Heimat-/Primärstatus nicht abgeleitet","ja","USD"
"CAOLF","G92.SI","C-50","nein","Tabellen-Abdeckung angenommen; Verhältniswert fehlt (kein Tabellen-Eintrag vorhanden)","1496719488","","","nicht entscheidbar","nein","","","nicht entscheidbar","china aviation oil (singapore) corporation ltd","Nicht-US-Gegenlinien; Heimat-/Primärstatus nicht abgeleitet","ja","USD"
"CAOLF","G92.SI","C-nur-die-7","nein","kein Tabellen-Eintrag: außerhalb angenommener Abdeckung","1496719488","","","nicht entscheidbar","nein","","","nicht entscheidbar","china aviation oil (singapore) corporation ltd","Nicht-US-Gegenlinien; Heimat-/Primärstatus nicht abgeleitet","nein","USD"
"CBLUF","3983.HK","A","nein","Verhältnis nicht eindeutig: Kurs-Verhältnis nicht ganzzahlig","1728749952","","","nicht entscheidbar","nein","","","nicht entscheidbar","china bluechemical ltd.","Nicht-US-Gegenlinien; Heimat-/Primärstatus nicht abgeleitet","","USD"
"CBLUF","3983.HK","B","ja","B-Hypothese: einzige Nicht-US-Linie als Heimat-Linie (nicht bestätigt)","1728749952","1128346373.3760002","0.6526949557225499","zu groß","nein","","","Wahrheit nicht belegt","china bluechemical ltd.","Nicht-US-Gegenlinien; Heimat-/Primärstatus nicht abgeleitet","","USD"
"CBLUF","3983.HK","C-100","nein","Tabellen-Abdeckung angenommen; Verhältniswert fehlt (kein Tabellen-Eintrag vorhanden)","1728749952","","","nicht entscheidbar","nein","","","nicht entscheidbar","china bluechemical ltd.","Nicht-US-Gegenlinien; Heimat-/Primärstatus nicht abgeleitet","ja","USD"
"CBLUF","3983.HK","C-50","nein","Tabellen-Abdeckung angenommen; Verhältniswert fehlt (kein Tabellen-Eintrag vorhanden)","1728749952","","","nicht entscheidbar","nein","","","nicht entscheidbar","china bluechemical ltd.","Nicht-US-Gegenlinien; Heimat-/Primärstatus nicht abgeleitet","ja","USD"
"CBLUF","3983.HK","C-nur-die-7","nein","kein Tabellen-Eintrag: außerhalb angenommener Abdeckung","1728749952","","","nicht entscheidbar","nein","","","nicht entscheidbar","china bluechemical ltd.","Nicht-US-Gegenlinien; Heimat-/Primärstatus nicht abgeleitet","nein","USD"
"CCGDF","1359.HK","A","nein","Verhältnis nicht eindeutig: Kurs-Verhältnis nicht ganzzahlig","7194014720","","","nicht entscheidbar","nein","","","nicht entscheidbar","china cinda asset management co., ltd.","Nicht-US-Gegenlinien; Heimat-/Primärstatus nicht abgeleitet","","USD"
"CCGDF","1359.HK","B","ja","B-Hypothese: einzige Nicht-US-Linie als Heimat-Linie (nicht bestätigt)","7194014720","4330023382.528082","0.6018924829956537","zu groß","nein","","","Wahrheit nicht belegt","china cinda asset management co., ltd.","Nicht-US-Gegenlinien; Heimat-/Primärstatus nicht abgeleitet","","USD"
"CCGDF","1359.HK","C-100","nein","Tabellen-Abdeckung angenommen; Verhältniswert fehlt (kein Tabellen-Eintrag vorhanden)","7194014720","","","nicht entscheidbar","nein","","","nicht entscheidbar","china cinda asset management co., ltd.","Nicht-US-Gegenlinien; Heimat-/Primärstatus nicht abgeleitet","ja","USD"
"CCGDF","1359.HK","C-50","nein","Tabellen-Abdeckung angenommen; Verhältniswert fehlt (kein Tabellen-Eintrag vorhanden)","7194014720","","","nicht entscheidbar","nein","","","nicht entscheidbar","china cinda asset management co., ltd.","Nicht-US-Gegenlinien; Heimat-/Primärstatus nicht abgeleitet","ja","USD"
"CCGDF","1359.HK","C-nur-die-7","nein","kein Tabellen-Eintrag: außerhalb angenommener Abdeckung","7194014720","","","nicht entscheidbar","nein","","","nicht entscheidbar","china cinda asset management co., ltd.","Nicht-US-Gegenlinien; Heimat-/Primärstatus nicht abgeleitet","nein","USD"
"CCMMF","CMCX.L","A","nein","nicht entscheidbar ohne Kurs","1348521088","","","nicht entscheidbar","nein","","","nicht entscheidbar","cmc markets plc","Nicht-US-Gegenlinien; Heimat-/Primärstatus nicht abgeleitet","","USD"
"CCMMF","CMCX.L","B","ja","B-Hypothese: einzige Nicht-US-Linie als Heimat-Linie (nicht bestätigt)","1348521088","2481508813.0372605","1.8401705654581952","zu klein","nein","","","Wahrheit nicht belegt","cmc markets plc","Nicht-US-Gegenlinien; Heimat-/Primärstatus nicht abgeleitet","","USD"
"CCMMF","CMCX.L","C-100","nein","Tabellen-Abdeckung angenommen; Verhältniswert fehlt (kein Tabellen-Eintrag vorhanden)","1348521088","","","nicht entscheidbar","nein","","","nicht entscheidbar","cmc markets plc","Nicht-US-Gegenlinien; Heimat-/Primärstatus nicht abgeleitet","ja","USD"
"CCMMF","CMCX.L","C-50","nein","Tabellen-Abdeckung angenommen; Verhältniswert fehlt (kein Tabellen-Eintrag vorhanden)","1348521088","","","nicht entscheidbar","nein","","","nicht entscheidbar","cmc markets plc","Nicht-US-Gegenlinien; Heimat-/Primärstatus nicht abgeleitet","ja","USD"
"CCMMF","CMCX.L","C-nur-die-7","nein","kein Tabellen-Eintrag: außerhalb angenommener Abdeckung","1348521088","","","nicht entscheidbar","nein","","","nicht entscheidbar","cmc markets plc","Nicht-US-Gegenlinien; Heimat-/Primärstatus nicht abgeleitet","nein","USD"
"CDEFF","CE.MI","A","nein","Verhältnis nicht eindeutig: Kurs-Verhältnis nicht ganzzahlig","1290641792","","","nicht entscheidbar","nein","","","nicht entscheidbar","credito emiliano s.p.a.","Nicht-US-Gegenlinien; Heimat-/Primärstatus nicht abgeleitet","","USD"
"CDEFF","CE.MI","B","ja","B-Hypothese: einzige Nicht-US-Linie als Heimat-Linie (nicht bestätigt)","1290641792","8197356050.883584","6.351379679237587","zu klein","nein","","","Wahrheit nicht belegt","credito emiliano s.p.a.","Nicht-US-Gegenlinien; Heimat-/Primärstatus nicht abgeleitet","","USD"
"CDEFF","CE.MI","C-100","nein","Tabellen-Abdeckung angenommen; Verhältniswert fehlt (kein Tabellen-Eintrag vorhanden)","1290641792","","","nicht entscheidbar","nein","","","nicht entscheidbar","credito emiliano s.p.a.","Nicht-US-Gegenlinien; Heimat-/Primärstatus nicht abgeleitet","ja","USD"
"CDEFF","CE.MI","C-50","nein","Tabellen-Abdeckung angenommen; Verhältniswert fehlt (kein Tabellen-Eintrag vorhanden)","1290641792","","","nicht entscheidbar","nein","","","nicht entscheidbar","credito emiliano s.p.a.","Nicht-US-Gegenlinien; Heimat-/Primärstatus nicht abgeleitet","ja","USD"
"CDEFF","CE.MI","C-nur-die-7","nein","kein Tabellen-Eintrag: außerhalb angenommener Abdeckung","1290641792","","","nicht entscheidbar","nein","","","nicht entscheidbar","credito emiliano s.p.a.","Nicht-US-Gegenlinien; Heimat-/Primärstatus nicht abgeleitet","nein","USD"
"CEVIF","0165.HK","A","nein","Verhältnis nicht eindeutig: Kurs-Verhältnis nicht ganzzahlig","2966046720","","","nicht entscheidbar","nein","","","nicht entscheidbar","china everbright limited","Nicht-US-Gegenlinien; Heimat-/Primärstatus nicht abgeleitet","","USD"
"CEVIF","0165.HK","B","ja","B-Hypothese: einzige Nicht-US-Linie als Heimat-Linie (nicht bestätigt)","2966046720","1315866020.5654426","0.4436430524484262","zu groß","nein","","","Wahrheit nicht belegt","china everbright limited","Nicht-US-Gegenlinien; Heimat-/Primärstatus nicht abgeleitet","","USD"
"CEVIF","0165.HK","C-100","nein","Tabellen-Abdeckung angenommen; Verhältniswert fehlt (kein Tabellen-Eintrag vorhanden)","2966046720","","","nicht entscheidbar","nein","","","nicht entscheidbar","china everbright limited","Nicht-US-Gegenlinien; Heimat-/Primärstatus nicht abgeleitet","ja","USD"
"CEVIF","0165.HK","C-50","nein","Tabellen-Abdeckung angenommen; Verhältniswert fehlt (kein Tabellen-Eintrag vorhanden)","2966046720","","","nicht entscheidbar","nein","","","nicht entscheidbar","china everbright limited","Nicht-US-Gegenlinien; Heimat-/Primärstatus nicht abgeleitet","ja","USD"
"CEVIF","0165.HK","C-nur-die-7","nein","kein Tabellen-Eintrag: außerhalb angenommener Abdeckung","2966046720","","","nicht entscheidbar","nein","","","nicht entscheidbar","china everbright limited","Nicht-US-Gegenlinien; Heimat-/Primärstatus nicht abgeleitet","nein","USD"
"CGHOF","0384.HK","A","nein","Verhältnis nicht eindeutig: Kurs-Verhältnis nicht ganzzahlig","6319856640","","","nicht entscheidbar","nein","","","nicht entscheidbar","china gas holdings limited","Nicht-US-Gegenlinien; Heimat-/Primärstatus nicht abgeleitet","","USD"
"CGHOF","0384.HK","B","ja","B-Hypothese: einzige Nicht-US-Linie als Heimat-Linie (nicht bestätigt)","6319856640","3750449336.63146","0.5934389892476201","zu groß","nein","","","Wahrheit nicht belegt","china gas holdings limited","Nicht-US-Gegenlinien; Heimat-/Primärstatus nicht abgeleitet","","USD"
"CGHOF","0384.HK","C-100","nein","Tabellen-Abdeckung angenommen; Verhältniswert fehlt (kein Tabellen-Eintrag vorhanden)","6319856640","","","nicht entscheidbar","nein","","","nicht entscheidbar","china gas holdings limited","Nicht-US-Gegenlinien; Heimat-/Primärstatus nicht abgeleitet","ja","USD"
"CGHOF","0384.HK","C-50","nein","Tabellen-Abdeckung angenommen; Verhältniswert fehlt (kein Tabellen-Eintrag vorhanden)","6319856640","","","nicht entscheidbar","nein","","","nicht entscheidbar","china gas holdings limited","Nicht-US-Gegenlinien; Heimat-/Primärstatus nicht abgeleitet","ja","USD"
"CGHOF","0384.HK","C-nur-die-7","nein","kein Tabellen-Eintrag: außerhalb angenommener Abdeckung","6319856640","","","nicht entscheidbar","nein","","","nicht entscheidbar","china gas holdings limited","Nicht-US-Gegenlinien; Heimat-/Primärstatus nicht abgeleitet","nein","USD"
"CGXYF","601881.SS|6881.HK","A","nein","Verhältnis nicht eindeutig: Kurs-Verhältnis nicht ganzzahlig","10934402048","","","nicht entscheidbar","nein","","","nicht entscheidbar","china galaxy securities co., ltd.","Nicht-US-Gegenlinien; Heimat-/Primärstatus nicht abgeleitet","","USD"
"CGXYF","601881.SS|6881.HK","B","nein","Heimat-Linie nicht eindeutig: mehrere Nicht-US-Linien","10934402048","","","nicht entscheidbar","nein","","","nicht entscheidbar","china galaxy securities co., ltd.","Nicht-US-Gegenlinien; Heimat-/Primärstatus nicht abgeleitet","","USD"
"CGXYF","601881.SS|6881.HK","C-100","nein","Tabellen-Abdeckung angenommen; Verhältniswert fehlt (kein Tabellen-Eintrag vorhanden)","10934402048","","","nicht entscheidbar","nein","","","nicht entscheidbar","china galaxy securities co., ltd.","Nicht-US-Gegenlinien; Heimat-/Primärstatus nicht abgeleitet","ja","USD"
"CGXYF","601881.SS|6881.HK","C-50","nein","Tabellen-Abdeckung angenommen; Verhältniswert fehlt (kein Tabellen-Eintrag vorhanden)","10934402048","","","nicht entscheidbar","nein","","","nicht entscheidbar","china galaxy securities co., ltd.","Nicht-US-Gegenlinien; Heimat-/Primärstatus nicht abgeleitet","ja","USD"
"CGXYF","601881.SS|6881.HK","C-nur-die-7","nein","kein Tabellen-Eintrag: außerhalb angenommener Abdeckung","10934402048","","","nicht entscheidbar","nein","","","nicht entscheidbar","china galaxy securities co., ltd.","Nicht-US-Gegenlinien; Heimat-/Primärstatus nicht abgeleitet","nein","USD"
"CHHQF","1378.HK","A","nein","Verhältnis nicht eindeutig: Kurs-Verhältnis nicht ganzzahlig","43107155968","","","nicht entscheidbar","nein","","","nicht entscheidbar","china hongqiao group limited","Nicht-US-Gegenlinien; Heimat-/Primärstatus nicht abgeleitet","","USD"
"CHHQF","1378.HK","B","ja","B-Hypothese: einzige Nicht-US-Linie als Heimat-Linie (nicht bestätigt)","43107155968","27689192748.54089","0.6423340191845544","zu groß","nein","","","Wahrheit nicht belegt","china hongqiao group limited","Nicht-US-Gegenlinien; Heimat-/Primärstatus nicht abgeleitet","","USD"
"CHHQF","1378.HK","C-100","nein","Tabellen-Abdeckung angenommen; Verhältniswert fehlt (kein Tabellen-Eintrag vorhanden)","43107155968","","","nicht entscheidbar","nein","","","nicht entscheidbar","china hongqiao group limited","Nicht-US-Gegenlinien; Heimat-/Primärstatus nicht abgeleitet","ja","USD"
"CHHQF","1378.HK","C-50","nein","Tabellen-Abdeckung angenommen; Verhältniswert fehlt (kein Tabellen-Eintrag vorhanden)","43107155968","","","nicht entscheidbar","nein","","","nicht entscheidbar","china hongqiao group limited","Nicht-US-Gegenlinien; Heimat-/Primärstatus nicht abgeleitet","ja","USD"
"CHHQF","1378.HK","C-nur-die-7","nein","kein Tabellen-Eintrag: außerhalb angenommener Abdeckung","43107155968","","","nicht entscheidbar","nein","","","nicht entscheidbar","china hongqiao group limited","Nicht-US-Gegenlinien; Heimat-/Primärstatus nicht abgeleitet","nein","USD"
"CHLSY","LISN.SW|LISP.SW","A","nein","Verhältnis nicht eindeutig: Linien widersprechen sich","23708917760","","","nicht entscheidbar","nein","","","nicht entscheidbar","chocoladefabriken lindt & sprüngli ag","Nicht-US-Gegenlinien; Heimat-/Primärstatus nicht abgeleitet","","USD"
"CHLSY","LISN.SW|LISP.SW","B","nein","Heimat-Linie nicht eindeutig: mehrere Nicht-US-Linien","23708917760","","","nicht entscheidbar","nein","","","nicht entscheidbar","chocoladefabriken lindt & sprüngli ag","Nicht-US-Gegenlinien; Heimat-/Primärstatus nicht abgeleitet","","USD"
"CHLSY","LISN.SW|LISP.SW","C-100","nein","Tabellen-Abdeckung angenommen; Verhältniswert fehlt (kein Tabellen-Eintrag vorhanden)","23708917760","","","nicht entscheidbar","nein","","","nicht entscheidbar","chocoladefabriken lindt & sprüngli ag","Nicht-US-Gegenlinien; Heimat-/Primärstatus nicht abgeleitet","ja","USD"
"CHLSY","LISN.SW|LISP.SW","C-50","nein","Tabellen-Abdeckung angenommen; Verhältniswert fehlt (kein Tabellen-Eintrag vorhanden)","23708917760","","","nicht entscheidbar","nein","","","nicht entscheidbar","chocoladefabriken lindt & sprüngli ag","Nicht-US-Gegenlinien; Heimat-/Primärstatus nicht abgeleitet","ja","USD"
"CHLSY","LISN.SW|LISP.SW","C-nur-die-7","nein","kein Tabellen-Eintrag: außerhalb angenommener Abdeckung","23708917760","","","nicht entscheidbar","nein","","","nicht entscheidbar","chocoladefabriken lindt & sprüngli ag","Nicht-US-Gegenlinien; Heimat-/Primärstatus nicht abgeleitet","nein","USD"
"CHPXF","2601.HK|601601.SS","A","nein","Verhältnis nicht eindeutig: Kurs-Verhältnis nicht ganzzahlig","64183500800","","","nicht entscheidbar","nein","","","nicht entscheidbar","china pacific insurance (group) co., ltd.","Nicht-US-Gegenlinien; Heimat-/Primärstatus nicht abgeleitet","","USD"
"CHPXF","2601.HK|601601.SS","B","nein","Heimat-Linie nicht eindeutig: mehrere Nicht-US-Linien","64183500800","","","nicht entscheidbar","nein","","","nicht entscheidbar","china pacific insurance (group) co., ltd.","Nicht-US-Gegenlinien; Heimat-/Primärstatus nicht abgeleitet","","USD"
"CHPXF","2601.HK|601601.SS","C-100","nein","Tabellen-Abdeckung angenommen; Verhältniswert fehlt (kein Tabellen-Eintrag vorhanden)","64183500800","","","nicht entscheidbar","nein","","","nicht entscheidbar","china pacific insurance (group) co., ltd.","Nicht-US-Gegenlinien; Heimat-/Primärstatus nicht abgeleitet","ja","USD"
"CHPXF","2601.HK|601601.SS","C-50","nein","Tabellen-Abdeckung angenommen; Verhältniswert fehlt (kein Tabellen-Eintrag vorhanden)","64183500800","","","nicht entscheidbar","nein","","","nicht entscheidbar","china pacific insurance (group) co., ltd.","Nicht-US-Gegenlinien; Heimat-/Primärstatus nicht abgeleitet","ja","USD"
"CHPXF","2601.HK|601601.SS","C-nur-die-7","nein","kein Tabellen-Eintrag: außerhalb angenommener Abdeckung","64183500800","","","nicht entscheidbar","nein","","","nicht entscheidbar","china pacific insurance (group) co., ltd.","Nicht-US-Gegenlinien; Heimat-/Primärstatus nicht abgeleitet","nein","USD"
"CHSYF","0867.HK|8A8.SI","A","nein","Verhältnis nicht eindeutig: Kurs-Verhältnis nicht ganzzahlig","2264515584","","","nicht entscheidbar","nein","","","nicht entscheidbar","china medical system holdings limited","Nicht-US-Gegenlinien; Heimat-/Primärstatus nicht abgeleitet","","USD"
"CHSYF","0867.HK|8A8.SI","B","nein","Heimat-Linie nicht eindeutig: mehrere Nicht-US-Linien","2264515584","","","nicht entscheidbar","nein","","","nicht entscheidbar","china medical system holdings limited","Nicht-US-Gegenlinien; Heimat-/Primärstatus nicht abgeleitet","","USD"
"CHSYF","0867.HK|8A8.SI","C-100","nein","Tabellen-Abdeckung angenommen; Verhältniswert fehlt (kein Tabellen-Eintrag vorhanden)","2264515584","","","nicht entscheidbar","nein","","","nicht entscheidbar","china medical system holdings limited","Nicht-US-Gegenlinien; Heimat-/Primärstatus nicht abgeleitet","ja","USD"
"CHSYF","0867.HK|8A8.SI","C-50","nein","Tabellen-Abdeckung angenommen; Verhältniswert fehlt (kein Tabellen-Eintrag vorhanden)","2264515584","","","nicht entscheidbar","nein","","","nicht entscheidbar","china medical system holdings limited","Nicht-US-Gegenlinien; Heimat-/Primärstatus nicht abgeleitet","ja","USD"
"CHSYF","0867.HK|8A8.SI","C-nur-die-7","nein","kein Tabellen-Eintrag: außerhalb angenommener Abdeckung","2264515584","","","nicht entscheidbar","nein","","","nicht entscheidbar","china medical system holdings limited","Nicht-US-Gegenlinien; Heimat-/Primärstatus nicht abgeleitet","nein","USD"
"CHWRF","0788.HK","A","nein","Verhältnis nicht eindeutig: Kurs-Verhältnis nicht ganzzahlig","30417287168","","","nicht entscheidbar","nein","","","nicht entscheidbar","china tower corporation limited","Nicht-US-Gegenlinien; Heimat-/Primärstatus nicht abgeleitet","","USD"
"CHWRF","0788.HK","B","ja","B-Hypothese: einzige Nicht-US-Linie als Heimat-Linie (nicht bestätigt)","30417287168","20123301324.171513","0.6615744925912359","zu groß","nein","","","Wahrheit nicht belegt","china tower corporation limited","Nicht-US-Gegenlinien; Heimat-/Primärstatus nicht abgeleitet","","USD"
"CHWRF","0788.HK","C-100","nein","Tabellen-Abdeckung angenommen; Verhältniswert fehlt (kein Tabellen-Eintrag vorhanden)","30417287168","","","nicht entscheidbar","nein","","","nicht entscheidbar","china tower corporation limited","Nicht-US-Gegenlinien; Heimat-/Primärstatus nicht abgeleitet","ja","USD"
"CHWRF","0788.HK","C-50","nein","Tabellen-Abdeckung angenommen; Verhältniswert fehlt (kein Tabellen-Eintrag vorhanden)","30417287168","","","nicht entscheidbar","nein","","","nicht entscheidbar","china tower corporation limited","Nicht-US-Gegenlinien; Heimat-/Primärstatus nicht abgeleitet","ja","USD"
"CHWRF","0788.HK","C-nur-die-7","nein","kein Tabellen-Eintrag: außerhalb angenommener Abdeckung","30417287168","","","nicht entscheidbar","nein","","","nicht entscheidbar","china tower corporation limited","Nicht-US-Gegenlinien; Heimat-/Primärstatus nicht abgeleitet","nein","USD"
"CIG","CMIG3.SA","A","ja","A-Hypothese: ganzzahliges Stückzahl-Verhältnis","6121859584","3060929792","0.5","zu groß","nein","","","Wahrheit nicht belegt","companhia energética de minas gerais - cemig","Nicht-US-Gegenlinien; Heimat-/Primärstatus nicht abgeleitet","","USD"
"CIG","CMIG3.SA","B","ja","B-Hypothese: einzige Nicht-US-Linie als Heimat-Linie (nicht bestätigt)","6121859584","9652250503.201546","1.576686033183205","zu klein","nein","","","Wahrheit nicht belegt","companhia energética de minas gerais - cemig","Nicht-US-Gegenlinien; Heimat-/Primärstatus nicht abgeleitet","","USD"
"CIG","CMIG3.SA","C-100","nein","Tabellen-Abdeckung angenommen; Verhältniswert fehlt (kein Tabellen-Eintrag vorhanden)","6121859584","","","nicht entscheidbar","nein","","","nicht entscheidbar","companhia energética de minas gerais - cemig","Nicht-US-Gegenlinien; Heimat-/Primärstatus nicht abgeleitet","ja","USD"
"CIG","CMIG3.SA","C-50","nein","Tabellen-Abdeckung angenommen; Verhältniswert fehlt (kein Tabellen-Eintrag vorhanden)","6121859584","","","nicht entscheidbar","nein","","","nicht entscheidbar","companhia energética de minas gerais - cemig","Nicht-US-Gegenlinien; Heimat-/Primärstatus nicht abgeleitet","ja","USD"
"CIG","CMIG3.SA","C-nur-die-7","nein","kein Tabellen-Eintrag: außerhalb angenommener Abdeckung","6121859584","","","nicht entscheidbar","nein","","","nicht entscheidbar","companhia energética de minas gerais - cemig","Nicht-US-Gegenlinien; Heimat-/Primärstatus nicht abgeleitet","nein","USD"
"CINSF","0966.HK","A","ja","A-Hypothese: gleiche Stückzahl; ganzzahliges Kurs-Verhältnis in gleicher Währung","3150157312","9450471936","3","zu klein","nein","","","Wahrheit nicht belegt","china taiping insurance holdings company limited","Nicht-US-Gegenlinien; Heimat-/Primärstatus nicht abgeleitet","","USD"
"CINSF","0966.HK","B","ja","B-Hypothese: einzige Nicht-US-Linie als Heimat-Linie (nicht bestätigt)","3150157312","9511476868.036364","3.0193656779628038","zu klein","nein","","","Wahrheit nicht belegt","china taiping insurance holdings company limited","Nicht-US-Gegenlinien; Heimat-/Primärstatus nicht abgeleitet","","USD"
"CINSF","0966.HK","C-100","nein","Tabellen-Abdeckung angenommen; Verhältniswert fehlt (kein Tabellen-Eintrag vorhanden)","3150157312","","","nicht entscheidbar","nein","","","nicht entscheidbar","china taiping insurance holdings company limited","Nicht-US-Gegenlinien; Heimat-/Primärstatus nicht abgeleitet","ja","USD"
"CINSF","0966.HK","C-50","nein","Tabellen-Abdeckung angenommen; Verhältniswert fehlt (kein Tabellen-Eintrag vorhanden)","3150157312","","","nicht entscheidbar","nein","","","nicht entscheidbar","china taiping insurance holdings company limited","Nicht-US-Gegenlinien; Heimat-/Primärstatus nicht abgeleitet","ja","USD"
"CINSF","0966.HK","C-nur-die-7","nein","kein Tabellen-Eintrag: außerhalb angenommener Abdeckung","3150157312","","","nicht entscheidbar","nein","","","nicht entscheidbar","china taiping insurance holdings company limited","Nicht-US-Gegenlinien; Heimat-/Primärstatus nicht abgeleitet","nein","USD"
"CJRCF","1313.HK","A","nein","Verhältnis nicht eindeutig: Kurs-Verhältnis nicht ganzzahlig","1418234624","","","nicht entscheidbar","nein","","","nicht entscheidbar","china resources building materials technology holdings limited","Nicht-US-Gegenlinien; Heimat-/Primärstatus nicht abgeleitet","","USD"
"CJRCF","1313.HK","B","ja","B-Hypothese: einzige Nicht-US-Linie als Heimat-Linie (nicht bestätigt)","1418234624","814515896.4723303","0.5743167475174618","zu groß","nein","","","Wahrheit nicht belegt","china resources building materials technology holdings limited","Nicht-US-Gegenlinien; Heimat-/Primärstatus nicht abgeleitet","","USD"
"CJRCF","1313.HK","C-100","nein","Tabellen-Abdeckung angenommen; Verhältniswert fehlt (kein Tabellen-Eintrag vorhanden)","1418234624","","","nicht entscheidbar","nein","","","nicht entscheidbar","china resources building materials technology holdings limited","Nicht-US-Gegenlinien; Heimat-/Primärstatus nicht abgeleitet","ja","USD"
"CJRCF","1313.HK","C-50","nein","Tabellen-Abdeckung angenommen; Verhältniswert fehlt (kein Tabellen-Eintrag vorhanden)","1418234624","","","nicht entscheidbar","nein","","","nicht entscheidbar","china resources building materials technology holdings limited","Nicht-US-Gegenlinien; Heimat-/Primärstatus nicht abgeleitet","ja","USD"
"CJRCF","1313.HK","C-nur-die-7","nein","kein Tabellen-Eintrag: außerhalb angenommener Abdeckung","1418234624","","","nicht entscheidbar","nein","","","nicht entscheidbar","china resources building materials technology holdings limited","Nicht-US-Gegenlinien; Heimat-/Primärstatus nicht abgeleitet","nein","USD"
"CMXHF","CSL.AX","A","nein","Verhältnis nicht eindeutig: Kurs-Verhältnis nicht ganzzahlig","37302452224","","","nicht entscheidbar","nein","","","nicht entscheidbar","csl limited","Nicht-US-Gegenlinien; Heimat-/Primärstatus nicht abgeleitet","","USD"
"CMXHF","CSL.AX","B","ja","B-Hypothese: einzige Nicht-US-Linie als Heimat-Linie (nicht bestätigt)","37302452224","60007747090.53817","1.6086810253168777","zu klein","nein","","","Wahrheit nicht belegt","csl limited","Nicht-US-Gegenlinien; Heimat-/Primärstatus nicht abgeleitet","","USD"
"CMXHF","CSL.AX","C-100","nein","Tabellen-Abdeckung angenommen; Verhältniswert fehlt (kein Tabellen-Eintrag vorhanden)","37302452224","","","nicht entscheidbar","nein","","","nicht entscheidbar","csl limited","Nicht-US-Gegenlinien; Heimat-/Primärstatus nicht abgeleitet","ja","USD"
"CMXHF","CSL.AX","C-50","nein","Tabellen-Abdeckung angenommen; Verhältniswert fehlt (kein Tabellen-Eintrag vorhanden)","37302452224","","","nicht entscheidbar","nein","","","nicht entscheidbar","csl limited","Nicht-US-Gegenlinien; Heimat-/Primärstatus nicht abgeleitet","ja","USD"
"CMXHF","CSL.AX","C-nur-die-7","nein","kein Tabellen-Eintrag: außerhalb angenommener Abdeckung","37302452224","","","nicht entscheidbar","nein","","","nicht entscheidbar","csl limited","Nicht-US-Gegenlinien; Heimat-/Primärstatus nicht abgeleitet","nein","USD"
"COCXF","LISN.SW|LISP.SW","A","nein","Verhältnis nicht eindeutig: Stückzahlen","33952954368","","","nicht entscheidbar","nein","","","nicht entscheidbar","chocoladefabriken lindt & sprüngli ag","Nicht-US-Gegenlinien; Heimat-/Primärstatus nicht abgeleitet","","USD"
"COCXF","LISN.SW|LISP.SW","B","nein","Heimat-Linie nicht eindeutig: mehrere Nicht-US-Linien","33952954368","","","nicht entscheidbar","nein","","","nicht entscheidbar","chocoladefabriken lindt & sprüngli ag","Nicht-US-Gegenlinien; Heimat-/Primärstatus nicht abgeleitet","","USD"
"COCXF","LISN.SW|LISP.SW","C-100","nein","Tabellen-Abdeckung angenommen; Verhältniswert fehlt (kein Tabellen-Eintrag vorhanden)","33952954368","","","nicht entscheidbar","nein","","","nicht entscheidbar","chocoladefabriken lindt & sprüngli ag","Nicht-US-Gegenlinien; Heimat-/Primärstatus nicht abgeleitet","ja","USD"
"COCXF","LISN.SW|LISP.SW","C-50","nein","Tabellen-Abdeckung angenommen; Verhältniswert fehlt (kein Tabellen-Eintrag vorhanden)","33952954368","","","nicht entscheidbar","nein","","","nicht entscheidbar","chocoladefabriken lindt & sprüngli ag","Nicht-US-Gegenlinien; Heimat-/Primärstatus nicht abgeleitet","ja","USD"
"COCXF","LISN.SW|LISP.SW","C-nur-die-7","nein","kein Tabellen-Eintrag: außerhalb angenommener Abdeckung","33952954368","","","nicht entscheidbar","nein","","","nicht entscheidbar","chocoladefabriken lindt & sprüngli ag","Nicht-US-Gegenlinien; Heimat-/Primärstatus nicht abgeleitet","nein","USD"
"CODAF","CDA.AX","A","nein","Verhältnis nicht eindeutig: Kurs-Verhältnis nicht ganzzahlig","4294076672","","","nicht entscheidbar","nein","","","nicht entscheidbar","codan limited","Nicht-US-Gegenlinien; Heimat-/Primärstatus nicht abgeleitet","","USD"
"CODAF","CDA.AX","B","ja","B-Hypothese: einzige Nicht-US-Linie als Heimat-Linie (nicht bestätigt)","4294076672","6505007706.027991","1.5148792634385433","zu klein","nein","","","Wahrheit nicht belegt","codan limited","Nicht-US-Gegenlinien; Heimat-/Primärstatus nicht abgeleitet","","USD"
"CODAF","CDA.AX","C-100","nein","Tabellen-Abdeckung angenommen; Verhältniswert fehlt (kein Tabellen-Eintrag vorhanden)","4294076672","","","nicht entscheidbar","nein","","","nicht entscheidbar","codan limited","Nicht-US-Gegenlinien; Heimat-/Primärstatus nicht abgeleitet","ja","USD"
"CODAF","CDA.AX","C-50","nein","Tabellen-Abdeckung angenommen; Verhältniswert fehlt (kein Tabellen-Eintrag vorhanden)","4294076672","","","nicht entscheidbar","nein","","","nicht entscheidbar","codan limited","Nicht-US-Gegenlinien; Heimat-/Primärstatus nicht abgeleitet","ja","USD"
"CODAF","CDA.AX","C-nur-die-7","nein","kein Tabellen-Eintrag: außerhalb angenommener Abdeckung","4294076672","","","nicht entscheidbar","nein","","","nicht entscheidbar","codan limited","Nicht-US-Gegenlinien; Heimat-/Primärstatus nicht abgeleitet","nein","USD"
"CRHKF","0291.HK","A","nein","nicht entscheidbar ohne Kurs","11386439680","","","nicht entscheidbar","nein","","","nicht entscheidbar","china resources beer (holdings) company limited","Nicht-US-Gegenlinien; Heimat-/Primärstatus nicht abgeleitet","","USD"
"CRHKF","0291.HK","B","ja","B-Hypothese: einzige Nicht-US-Linie als Heimat-Linie (nicht bestätigt)","11386439680","7534761008.781558","0.6617310784174424","zu groß","nein","","","Wahrheit nicht belegt","china resources beer (holdings) company limited","Nicht-US-Gegenlinien; Heimat-/Primärstatus nicht abgeleitet","","USD"
"CRHKF","0291.HK","C-100","nein","Tabellen-Abdeckung angenommen; Verhältniswert fehlt (kein Tabellen-Eintrag vorhanden)","11386439680","","","nicht entscheidbar","nein","","","nicht entscheidbar","china resources beer (holdings) company limited","Nicht-US-Gegenlinien; Heimat-/Primärstatus nicht abgeleitet","ja","USD"
"CRHKF","0291.HK","C-50","nein","Tabellen-Abdeckung angenommen; Verhältniswert fehlt (kein Tabellen-Eintrag vorhanden)","11386439680","","","nicht entscheidbar","nein","","","nicht entscheidbar","china resources beer (holdings) company limited","Nicht-US-Gegenlinien; Heimat-/Primärstatus nicht abgeleitet","ja","USD"
"CRHKF","0291.HK","C-nur-die-7","nein","kein Tabellen-Eintrag: außerhalb angenommener Abdeckung","11386439680","","","nicht entscheidbar","nein","","","nicht entscheidbar","china resources beer (holdings) company limited","Nicht-US-Gegenlinien; Heimat-/Primärstatus nicht abgeleitet","nein","USD"
"CRRNF","C5H.IR|CRN.L","A","nein","Verhältnis nicht eindeutig: Kurs-Verhältnis nicht ganzzahlig","1232757632","","","nicht entscheidbar","nein","","","nicht entscheidbar","cairn homes plc","Nicht-US-Gegenlinien; Heimat-/Primärstatus nicht abgeleitet","","USD"
"CRRNF","C5H.IR|CRN.L","B","nein","Heimat-Linie nicht eindeutig: mehrere Nicht-US-Linien","1232757632","","","nicht entscheidbar","nein","","","nicht entscheidbar","cairn homes plc","Nicht-US-Gegenlinien; Heimat-/Primärstatus nicht abgeleitet","","USD"
"CRRNF","C5H.IR|CRN.L","C-100","nein","Tabellen-Abdeckung angenommen; Verhältniswert fehlt (kein Tabellen-Eintrag vorhanden)","1232757632","","","nicht entscheidbar","nein","","","nicht entscheidbar","cairn homes plc","Nicht-US-Gegenlinien; Heimat-/Primärstatus nicht abgeleitet","ja","USD"
"CRRNF","C5H.IR|CRN.L","C-50","nein","Tabellen-Abdeckung angenommen; Verhältniswert fehlt (kein Tabellen-Eintrag vorhanden)","1232757632","","","nicht entscheidbar","nein","","","nicht entscheidbar","cairn homes plc","Nicht-US-Gegenlinien; Heimat-/Primärstatus nicht abgeleitet","ja","USD"
"CRRNF","C5H.IR|CRN.L","C-nur-die-7","nein","kein Tabellen-Eintrag: außerhalb angenommener Abdeckung","1232757632","","","nicht entscheidbar","nein","","","nicht entscheidbar","cairn homes plc","Nicht-US-Gegenlinien; Heimat-/Primärstatus nicht abgeleitet","nein","USD"
"CRWOF","0390.HK|601390.SS","A","nein","Verhältnis nicht eindeutig: Kurs-Verhältnis nicht ganzzahlig","15822694400","","","nicht entscheidbar","nein","","","nicht entscheidbar","china railway group limited","Nicht-US-Gegenlinien; Heimat-/Primärstatus nicht abgeleitet","","USD"
"CRWOF","0390.HK|601390.SS","B","nein","Heimat-Linie nicht eindeutig: mehrere Nicht-US-Linien","15822694400","","","nicht entscheidbar","nein","","","nicht entscheidbar","china railway group limited","Nicht-US-Gegenlinien; Heimat-/Primärstatus nicht abgeleitet","","USD"
"CRWOF","0390.HK|601390.SS","C-100","nein","Tabellen-Abdeckung angenommen; Verhältniswert fehlt (kein Tabellen-Eintrag vorhanden)","15822694400","","","nicht entscheidbar","nein","","","nicht entscheidbar","china railway group limited","Nicht-US-Gegenlinien; Heimat-/Primärstatus nicht abgeleitet","ja","USD"
"CRWOF","0390.HK|601390.SS","C-50","nein","Tabellen-Abdeckung angenommen; Verhältniswert fehlt (kein Tabellen-Eintrag vorhanden)","15822694400","","","nicht entscheidbar","nein","","","nicht entscheidbar","china railway group limited","Nicht-US-Gegenlinien; Heimat-/Primärstatus nicht abgeleitet","ja","USD"
"CRWOF","0390.HK|601390.SS","C-nur-die-7","nein","kein Tabellen-Eintrag: außerhalb angenommener Abdeckung","15822694400","","","nicht entscheidbar","nein","","","nicht entscheidbar","china railway group limited","Nicht-US-Gegenlinien; Heimat-/Primärstatus nicht abgeleitet","nein","USD"
"CRYIF","2232.HK","A","nein","Verhältnis nicht eindeutig: Kurs-Verhältnis nicht ganzzahlig","1141699456","","","nicht entscheidbar","nein","","","nicht entscheidbar","crystal international group limited","Nicht-US-Gegenlinien; Heimat-/Primärstatus nicht abgeleitet","","USD"
"CRYIF","2232.HK","B","ja","B-Hypothese: einzige Nicht-US-Linie als Heimat-Linie (nicht bestätigt)","1141699456","2396626625.2038145","2.099174710655038","zu klein","nein","","","Wahrheit nicht belegt","crystal international group limited","Nicht-US-Gegenlinien; Heimat-/Primärstatus nicht abgeleitet","","USD"
"CRYIF","2232.HK","C-100","nein","Tabellen-Abdeckung angenommen; Verhältniswert fehlt (kein Tabellen-Eintrag vorhanden)","1141699456","","","nicht entscheidbar","nein","","","nicht entscheidbar","crystal international group limited","Nicht-US-Gegenlinien; Heimat-/Primärstatus nicht abgeleitet","ja","USD"
"CRYIF","2232.HK","C-50","nein","Tabellen-Abdeckung angenommen; Verhältniswert fehlt (kein Tabellen-Eintrag vorhanden)","1141699456","","","nicht entscheidbar","nein","","","nicht entscheidbar","crystal international group limited","Nicht-US-Gegenlinien; Heimat-/Primärstatus nicht abgeleitet","ja","USD"
"CRYIF","2232.HK","C-nur-die-7","nein","kein Tabellen-Eintrag: außerhalb angenommener Abdeckung","1141699456","","","nicht entscheidbar","nein","","","nicht entscheidbar","crystal international group limited","Nicht-US-Gegenlinien; Heimat-/Primärstatus nicht abgeleitet","nein","USD"
"CSGEF","0956.HK|600956.SS","A","nein","Verhältnis nicht eindeutig: Kurs-Verhältnis nicht ganzzahlig","4197429760","","","nicht entscheidbar","nein","","","nicht entscheidbar","china suntien green energy corporation limited","Nicht-US-Gegenlinien; Heimat-/Primärstatus nicht abgeleitet","","USD"
"CSGEF","0956.HK|600956.SS","B","nein","Heimat-Linie nicht eindeutig: mehrere Nicht-US-Linien","4197429760","","","nicht entscheidbar","nein","","","nicht entscheidbar","china suntien green energy corporation limited","Nicht-US-Gegenlinien; Heimat-/Primärstatus nicht abgeleitet","","USD"
"CSGEF","0956.HK|600956.SS","C-100","nein","Tabellen-Abdeckung angenommen; Verhältniswert fehlt (kein Tabellen-Eintrag vorhanden)","4197429760","","","nicht entscheidbar","nein","","","nicht entscheidbar","china suntien green energy corporation limited","Nicht-US-Gegenlinien; Heimat-/Primärstatus nicht abgeleitet","ja","USD"
"CSGEF","0956.HK|600956.SS","C-50","nein","Tabellen-Abdeckung angenommen; Verhältniswert fehlt (kein Tabellen-Eintrag vorhanden)","4197429760","","","nicht entscheidbar","nein","","","nicht entscheidbar","china suntien green energy corporation limited","Nicht-US-Gegenlinien; Heimat-/Primärstatus nicht abgeleitet","ja","USD"
"CSGEF","0956.HK|600956.SS","C-nur-die-7","nein","kein Tabellen-Eintrag: außerhalb angenommener Abdeckung","4197429760","","","nicht entscheidbar","nein","","","nicht entscheidbar","china suntien green energy corporation limited","Nicht-US-Gegenlinien; Heimat-/Primärstatus nicht abgeleitet","nein","USD"
"CTXAF","ALD.AX","A","nein","Verhältnis nicht eindeutig: Kurs-Verhältnis nicht ganzzahlig","4599230464","","","nicht entscheidbar","nein","","","nicht entscheidbar","ampol limited","Nicht-US-Gegenlinien; Heimat-/Primärstatus nicht abgeleitet","","USD"
"CTXAF","ALD.AX","B","ja","B-Hypothese: einzige Nicht-US-Linie als Heimat-Linie (nicht bestätigt)","4599230464","7319448672.83026","1.5914507285778536","zu klein","nein","","","Wahrheit nicht belegt","ampol limited","Nicht-US-Gegenlinien; Heimat-/Primärstatus nicht abgeleitet","","USD"
"CTXAF","ALD.AX","C-100","nein","Tabellen-Abdeckung angenommen; Verhältniswert fehlt (kein Tabellen-Eintrag vorhanden)","4599230464","","","nicht entscheidbar","nein","","","nicht entscheidbar","ampol limited","Nicht-US-Gegenlinien; Heimat-/Primärstatus nicht abgeleitet","ja","USD"
"CTXAF","ALD.AX","C-50","nein","Tabellen-Abdeckung angenommen; Verhältniswert fehlt (kein Tabellen-Eintrag vorhanden)","4599230464","","","nicht entscheidbar","nein","","","nicht entscheidbar","ampol limited","Nicht-US-Gegenlinien; Heimat-/Primärstatus nicht abgeleitet","ja","USD"
"CTXAF","ALD.AX","C-nur-die-7","nein","kein Tabellen-Eintrag: außerhalb angenommener Abdeckung","4599230464","","","nicht entscheidbar","nein","","","nicht entscheidbar","ampol limited","Nicht-US-Gegenlinien; Heimat-/Primärstatus nicht abgeleitet","nein","USD"
"CUYRF","4966.T","A","nein","Verhältnis nicht eindeutig: Kurs-Verhältnis nicht ganzzahlig","1158233728","","","nicht entscheidbar","nein","","","nicht entscheidbar","c.uyemura & co.,ltd.","Nicht-US-Gegenlinien; Heimat-/Primärstatus nicht abgeleitet","","USD"
"CUYRF","4966.T","B","ja","B-Hypothese: einzige Nicht-US-Linie als Heimat-Linie (nicht bestätigt)","1158233728","1982643414.1254451","1.711781798608998","zu klein","nein","","","Wahrheit nicht belegt","c.uyemura & co.,ltd.","Nicht-US-Gegenlinien; Heimat-/Primärstatus nicht abgeleitet","","USD"
"CUYRF","4966.T","C-100","nein","Tabellen-Abdeckung angenommen; Verhältniswert fehlt (kein Tabellen-Eintrag vorhanden)","1158233728","","","nicht entscheidbar","nein","","","nicht entscheidbar","c.uyemura & co.,ltd.","Nicht-US-Gegenlinien; Heimat-/Primärstatus nicht abgeleitet","ja","USD"
"CUYRF","4966.T","C-50","nein","Tabellen-Abdeckung angenommen; Verhältniswert fehlt (kein Tabellen-Eintrag vorhanden)","1158233728","","","nicht entscheidbar","nein","","","nicht entscheidbar","c.uyemura & co.,ltd.","Nicht-US-Gegenlinien; Heimat-/Primärstatus nicht abgeleitet","ja","USD"
"CUYRF","4966.T","C-nur-die-7","nein","kein Tabellen-Eintrag: außerhalb angenommener Abdeckung","1158233728","","","nicht entscheidbar","nein","","","nicht entscheidbar","c.uyemura & co.,ltd.","Nicht-US-Gegenlinien; Heimat-/Primärstatus nicht abgeleitet","nein","USD"
"CZAVF","CEZ.PR|CEZ.WA","A","nein","nicht entscheidbar ohne Kurs","20435664896","","","nicht entscheidbar","nein","","","nicht entscheidbar","cez, a. s.","Nicht-US-Gegenlinien; Heimat-/Primärstatus nicht abgeleitet","","USD"
"CZAVF","CEZ.PR|CEZ.WA","B","nein","Heimat-Linie nicht eindeutig: mehrere Nicht-US-Linien","20435664896","","","nicht entscheidbar","nein","","","nicht entscheidbar","cez, a. s.","Nicht-US-Gegenlinien; Heimat-/Primärstatus nicht abgeleitet","","USD"
"CZAVF","CEZ.PR|CEZ.WA","C-100","nein","Tabellen-Abdeckung angenommen; Verhältniswert fehlt (kein Tabellen-Eintrag vorhanden)","20435664896","","","nicht entscheidbar","nein","","","nicht entscheidbar","cez, a. s.","Nicht-US-Gegenlinien; Heimat-/Primärstatus nicht abgeleitet","ja","USD"
"CZAVF","CEZ.PR|CEZ.WA","C-50","nein","Tabellen-Abdeckung angenommen; Verhältniswert fehlt (kein Tabellen-Eintrag vorhanden)","20435664896","","","nicht entscheidbar","nein","","","nicht entscheidbar","cez, a. s.","Nicht-US-Gegenlinien; Heimat-/Primärstatus nicht abgeleitet","ja","USD"
"CZAVF","CEZ.PR|CEZ.WA","C-nur-die-7","nein","kein Tabellen-Eintrag: außerhalb angenommener Abdeckung","20435664896","","","nicht entscheidbar","nein","","","nicht entscheidbar","cez, a. s.","Nicht-US-Gegenlinien; Heimat-/Primärstatus nicht abgeleitet","nein","USD"
"DHSBF","2356.HK","A","nein","Verhältnis nicht eindeutig: Kurs-Verhältnis nicht ganzzahlig","1405752192","","","nicht entscheidbar","nein","","","nicht entscheidbar","dah sing banking group limited","Nicht-US-Gegenlinien; Heimat-/Primärstatus nicht abgeleitet","","USD"
"DHSBF","2356.HK","B","ja","B-Hypothese: einzige Nicht-US-Linie als Heimat-Linie (nicht bestätigt)","1405752192","2632515013.97803","1.8726735970674055","zu klein","nein","","","Wahrheit nicht belegt","dah sing banking group limited","Nicht-US-Gegenlinien; Heimat-/Primärstatus nicht abgeleitet","","USD"
"DHSBF","2356.HK","C-100","nein","Tabellen-Abdeckung angenommen; Verhältniswert fehlt (kein Tabellen-Eintrag vorhanden)","1405752192","","","nicht entscheidbar","nein","","","nicht entscheidbar","dah sing banking group limited","Nicht-US-Gegenlinien; Heimat-/Primärstatus nicht abgeleitet","ja","USD"
"DHSBF","2356.HK","C-50","nein","Tabellen-Abdeckung angenommen; Verhältniswert fehlt (kein Tabellen-Eintrag vorhanden)","1405752192","","","nicht entscheidbar","nein","","","nicht entscheidbar","dah sing banking group limited","Nicht-US-Gegenlinien; Heimat-/Primärstatus nicht abgeleitet","ja","USD"
"DHSBF","2356.HK","C-nur-die-7","nein","kein Tabellen-Eintrag: außerhalb angenommener Abdeckung","1405752192","","","nicht entscheidbar","nein","","","nicht entscheidbar","dah sing banking group limited","Nicht-US-Gegenlinien; Heimat-/Primärstatus nicht abgeleitet","nein","USD"
"DIPGF","0991.HK|601991.SS","A","ja","A-Hypothese: gleiche Stückzahl; ganzzahliges Kurs-Verhältnis in gleicher Währung","4466448384","8932896768","2","zu klein","nein","","","Wahrheit nicht belegt","datang international power generation co., ltd.","Nicht-US-Gegenlinien; Heimat-/Primärstatus nicht abgeleitet","","USD"
"DIPGF","0991.HK|601991.SS","B","nein","Heimat-Linie nicht eindeutig: mehrere Nicht-US-Linien","4466448384","","","nicht entscheidbar","nein","","","nicht entscheidbar","datang international power generation co., ltd.","Nicht-US-Gegenlinien; Heimat-/Primärstatus nicht abgeleitet","","USD"
"DIPGF","0991.HK|601991.SS","C-100","nein","Tabellen-Abdeckung angenommen; Verhältniswert fehlt (kein Tabellen-Eintrag vorhanden)","4466448384","","","nicht entscheidbar","nein","","","nicht entscheidbar","datang international power generation co., ltd.","Nicht-US-Gegenlinien; Heimat-/Primärstatus nicht abgeleitet","ja","USD"
"DIPGF","0991.HK|601991.SS","C-50","nein","Tabellen-Abdeckung angenommen; Verhältniswert fehlt (kein Tabellen-Eintrag vorhanden)","4466448384","","","nicht entscheidbar","nein","","","nicht entscheidbar","datang international power generation co., ltd.","Nicht-US-Gegenlinien; Heimat-/Primärstatus nicht abgeleitet","ja","USD"
"DIPGF","0991.HK|601991.SS","C-nur-die-7","nein","kein Tabellen-Eintrag: außerhalb angenommener Abdeckung","4466448384","","","nicht entscheidbar","nein","","","nicht entscheidbar","datang international power generation co., ltd.","Nicht-US-Gegenlinien; Heimat-/Primärstatus nicht abgeleitet","nein","USD"
"DLPTF","2880.HK|601880.SS","A","nein","Verhältnis nicht eindeutig: Kurs-Verhältnis nicht ganzzahlig","3580551424","","","nicht entscheidbar","nein","","","nicht entscheidbar","liaoning port co., ltd.","Nicht-US-Gegenlinien; Heimat-/Primärstatus nicht abgeleitet","","USD"
"DLPTF","2880.HK|601880.SS","B","nein","Heimat-Linie nicht eindeutig: mehrere Nicht-US-Linien","3580551424","","","nicht entscheidbar","nein","","","nicht entscheidbar","liaoning port co., ltd.","Nicht-US-Gegenlinien; Heimat-/Primärstatus nicht abgeleitet","","USD"
"DLPTF","2880.HK|601880.SS","C-100","nein","Tabellen-Abdeckung angenommen; Verhältniswert fehlt (kein Tabellen-Eintrag vorhanden)","3580551424","","","nicht entscheidbar","nein","","","nicht entscheidbar","liaoning port co., ltd.","Nicht-US-Gegenlinien; Heimat-/Primärstatus nicht abgeleitet","ja","USD"
"DLPTF","2880.HK|601880.SS","C-50","nein","Tabellen-Abdeckung angenommen; Verhältniswert fehlt (kein Tabellen-Eintrag vorhanden)","3580551424","","","nicht entscheidbar","nein","","","nicht entscheidbar","liaoning port co., ltd.","Nicht-US-Gegenlinien; Heimat-/Primärstatus nicht abgeleitet","ja","USD"
"DLPTF","2880.HK|601880.SS","C-nur-die-7","nein","kein Tabellen-Eintrag: außerhalb angenommener Abdeckung","3580551424","","","nicht entscheidbar","nein","","","nicht entscheidbar","liaoning port co., ltd.","Nicht-US-Gegenlinien; Heimat-/Primärstatus nicht abgeleitet","nein","USD"
"DNERF","DOW.AX","A","nein","Verhältnis nicht eindeutig: Kurs-Verhältnis nicht ganzzahlig","1977032064","","","nicht entscheidbar","nein","","","nicht entscheidbar","downer edi limited","Nicht-US-Gegenlinien; Heimat-/Primärstatus nicht abgeleitet","","USD"
"DNERF","DOW.AX","B","ja","B-Hypothese: einzige Nicht-US-Linie als Heimat-Linie (nicht bestätigt)","1977032064","3078699507.6378827","1.557232967384935","zu klein","nein","","","Wahrheit nicht belegt","downer edi limited","Nicht-US-Gegenlinien; Heimat-/Primärstatus nicht abgeleitet","","USD"
"DNERF","DOW.AX","C-100","nein","Tabellen-Abdeckung angenommen; Verhältniswert fehlt (kein Tabellen-Eintrag vorhanden)","1977032064","","","nicht entscheidbar","nein","","","nicht entscheidbar","downer edi limited","Nicht-US-Gegenlinien; Heimat-/Primärstatus nicht abgeleitet","ja","USD"
"DNERF","DOW.AX","C-50","nein","Tabellen-Abdeckung angenommen; Verhältniswert fehlt (kein Tabellen-Eintrag vorhanden)","1977032064","","","nicht entscheidbar","nein","","","nicht entscheidbar","downer edi limited","Nicht-US-Gegenlinien; Heimat-/Primärstatus nicht abgeleitet","ja","USD"
"DNERF","DOW.AX","C-nur-die-7","nein","kein Tabellen-Eintrag: außerhalb angenommener Abdeckung","1977032064","","","nicht entscheidbar","nein","","","nicht entscheidbar","downer edi limited","Nicht-US-Gegenlinien; Heimat-/Primärstatus nicht abgeleitet","nein","USD"
"DNGFF","1072.HK|600875.SS","A","nein","Verhältnis nicht eindeutig: Kurs-Verhältnis nicht ganzzahlig","14179276800","","","nicht entscheidbar","nein","","","nicht entscheidbar","dongfang electric corporation limited","Nicht-US-Gegenlinien; Heimat-/Primärstatus nicht abgeleitet","","USD"
"DNGFF","1072.HK|600875.SS","B","nein","Heimat-Linie nicht eindeutig: mehrere Nicht-US-Linien","14179276800","","","nicht entscheidbar","nein","","","nicht entscheidbar","dongfang electric corporation limited","Nicht-US-Gegenlinien; Heimat-/Primärstatus nicht abgeleitet","","USD"
"DNGFF","1072.HK|600875.SS","C-100","nein","Tabellen-Abdeckung angenommen; Verhältniswert fehlt (kein Tabellen-Eintrag vorhanden)","14179276800","","","nicht entscheidbar","nein","","","nicht entscheidbar","dongfang electric corporation limited","Nicht-US-Gegenlinien; Heimat-/Primärstatus nicht abgeleitet","ja","USD"
"DNGFF","1072.HK|600875.SS","C-50","nein","Tabellen-Abdeckung angenommen; Verhältniswert fehlt (kein Tabellen-Eintrag vorhanden)","14179276800","","","nicht entscheidbar","nein","","","nicht entscheidbar","dongfang electric corporation limited","Nicht-US-Gegenlinien; Heimat-/Primärstatus nicht abgeleitet","ja","USD"
"DNGFF","1072.HK|600875.SS","C-nur-die-7","nein","kein Tabellen-Eintrag: außerhalb angenommener Abdeckung","14179276800","","","nicht entscheidbar","nein","","","nicht entscheidbar","dongfang electric corporation limited","Nicht-US-Gegenlinien; Heimat-/Primärstatus nicht abgeleitet","nein","USD"
"DSECF","8601.T","A","nein","Verhältnis nicht eindeutig: Kurs-Verhältnis nicht ganzzahlig","9011810304","","","nicht entscheidbar","nein","","","nicht entscheidbar","daiwa securities group inc.","Nicht-US-Gegenlinien; Heimat-/Primärstatus nicht abgeleitet","","USD"
"DSECF","8601.T","B","ja","B-Hypothese: einzige Nicht-US-Linie als Heimat-Linie (nicht bestätigt)","9011810304","16337405260.714476","1.8128882776707942","zu klein","nein","","","Wahrheit nicht belegt","daiwa securities group inc.","Nicht-US-Gegenlinien; Heimat-/Primärstatus nicht abgeleitet","","USD"
"DSECF","8601.T","C-100","nein","Tabellen-Abdeckung angenommen; Verhältniswert fehlt (kein Tabellen-Eintrag vorhanden)","9011810304","","","nicht entscheidbar","nein","","","nicht entscheidbar","daiwa securities group inc.","Nicht-US-Gegenlinien; Heimat-/Primärstatus nicht abgeleitet","ja","USD"
"DSECF","8601.T","C-50","nein","Tabellen-Abdeckung angenommen; Verhältniswert fehlt (kein Tabellen-Eintrag vorhanden)","9011810304","","","nicht entscheidbar","nein","","","nicht entscheidbar","daiwa securities group inc.","Nicht-US-Gegenlinien; Heimat-/Primärstatus nicht abgeleitet","ja","USD"
"DSECF","8601.T","C-nur-die-7","nein","kein Tabellen-Eintrag: außerhalb angenommener Abdeckung","9011810304","","","nicht entscheidbar","nein","","","nicht entscheidbar","daiwa securities group inc.","Nicht-US-Gegenlinien; Heimat-/Primärstatus nicht abgeleitet","nein","USD"
"DSVSF","DSV.TO","A","nein","Verhältnis nicht eindeutig: Kurs-Verhältnis nicht ganzzahlig","4329977856","","","nicht entscheidbar","nein","","","nicht entscheidbar","discovery mining ltd.","Nicht-US-Gegenlinien; Heimat-/Primärstatus nicht abgeleitet","","USD"
"DSVSF","DSV.TO","B","ja","B-Hypothese: einzige Nicht-US-Linie als Heimat-Linie (nicht bestätigt)","4329977856","7130145643.133337","1.6466933273696023","zu klein","nein","","","Wahrheit nicht belegt","discovery mining ltd.","Nicht-US-Gegenlinien; Heimat-/Primärstatus nicht abgeleitet","","USD"
"DSVSF","DSV.TO","C-100","nein","Tabellen-Abdeckung angenommen; Verhältniswert fehlt (kein Tabellen-Eintrag vorhanden)","4329977856","","","nicht entscheidbar","nein","","","nicht entscheidbar","discovery mining ltd.","Nicht-US-Gegenlinien; Heimat-/Primärstatus nicht abgeleitet","ja","USD"
"DSVSF","DSV.TO","C-50","nein","Tabellen-Abdeckung angenommen; Verhältniswert fehlt (kein Tabellen-Eintrag vorhanden)","4329977856","","","nicht entscheidbar","nein","","","nicht entscheidbar","discovery mining ltd.","Nicht-US-Gegenlinien; Heimat-/Primärstatus nicht abgeleitet","ja","USD"
"DSVSF","DSV.TO","C-nur-die-7","nein","kein Tabellen-Eintrag: außerhalb angenommener Abdeckung","4329977856","","","nicht entscheidbar","nein","","","nicht entscheidbar","discovery mining ltd.","Nicht-US-Gegenlinien; Heimat-/Primärstatus nicht abgeleitet","nein","USD"
"EBCOF","6361.T","A","nein","Verhältnis nicht eindeutig: Kurs-Verhältnis nicht ganzzahlig","18929541120","","","nicht entscheidbar","nein","","","nicht entscheidbar","ebara corporation","Nicht-US-Gegenlinien; Heimat-/Primärstatus nicht abgeleitet","","USD"
"EBCOF","6361.T","B","ja","B-Hypothese: einzige Nicht-US-Linie als Heimat-Linie (nicht bestätigt)","18929541120","12550908819.015598","0.6630329145039305","zu groß","nein","","","Wahrheit nicht belegt","ebara corporation","Nicht-US-Gegenlinien; Heimat-/Primärstatus nicht abgeleitet","","USD"
"EBCOF","6361.T","C-100","nein","Tabellen-Abdeckung angenommen; Verhältniswert fehlt (kein Tabellen-Eintrag vorhanden)","18929541120","","","nicht entscheidbar","nein","","","nicht entscheidbar","ebara corporation","Nicht-US-Gegenlinien; Heimat-/Primärstatus nicht abgeleitet","ja","USD"
"EBCOF","6361.T","C-50","nein","Tabellen-Abdeckung angenommen; Verhältniswert fehlt (kein Tabellen-Eintrag vorhanden)","18929541120","","","nicht entscheidbar","nein","","","nicht entscheidbar","ebara corporation","Nicht-US-Gegenlinien; Heimat-/Primärstatus nicht abgeleitet","ja","USD"
"EBCOF","6361.T","C-nur-die-7","nein","kein Tabellen-Eintrag: außerhalb angenommener Abdeckung","18929541120","","","nicht entscheidbar","nein","","","nicht entscheidbar","ebara corporation","Nicht-US-Gegenlinien; Heimat-/Primärstatus nicht abgeleitet","nein","USD"
"EBOSF","EBO.AX|EBO.NZ","A","nein","nicht entscheidbar ohne Kurs","4916583424","","","nicht entscheidbar","nein","","","nicht entscheidbar","ebos group limited","Nicht-US-Gegenlinien; Heimat-/Primärstatus nicht abgeleitet","","USD"
"EBOSF","EBO.AX|EBO.NZ","B","nein","Heimat-Linie nicht eindeutig: mehrere Nicht-US-Linien","4916583424","","","nicht entscheidbar","nein","","","nicht entscheidbar","ebos group limited","Nicht-US-Gegenlinien; Heimat-/Primärstatus nicht abgeleitet","","USD"
"EBOSF","EBO.AX|EBO.NZ","C-100","nein","Tabellen-Abdeckung angenommen; Verhältniswert fehlt (kein Tabellen-Eintrag vorhanden)","4916583424","","","nicht entscheidbar","nein","","","nicht entscheidbar","ebos group limited","Nicht-US-Gegenlinien; Heimat-/Primärstatus nicht abgeleitet","ja","USD"
"EBOSF","EBO.AX|EBO.NZ","C-50","nein","Tabellen-Abdeckung angenommen; Verhältniswert fehlt (kein Tabellen-Eintrag vorhanden)","4916583424","","","nicht entscheidbar","nein","","","nicht entscheidbar","ebos group limited","Nicht-US-Gegenlinien; Heimat-/Primärstatus nicht abgeleitet","ja","USD"
"EBOSF","EBO.AX|EBO.NZ","C-nur-die-7","nein","kein Tabellen-Eintrag: außerhalb angenommener Abdeckung","4916583424","","","nicht entscheidbar","nein","","","nicht entscheidbar","ebos group limited","Nicht-US-Gegenlinien; Heimat-/Primärstatus nicht abgeleitet","nein","USD"
"ECTXF","EPRO-B.ST","A","nein","Verhältnis nicht eindeutig: Kurs-Verhältnis nicht ganzzahlig","1968672384","","","nicht entscheidbar","nein","","","nicht entscheidbar","electrolux professional ab (publ)","Nicht-US-Gegenlinien; Heimat-/Primärstatus nicht abgeleitet","","USD"
"ECTXF","EPRO-B.ST","B","ja","B-Hypothese: einzige Nicht-US-Linie als Heimat-Linie (nicht bestätigt)","1968672384","1286574924.839301","0.653524139057208","zu groß","nein","","","Wahrheit nicht belegt","electrolux professional ab (publ)","Nicht-US-Gegenlinien; Heimat-/Primärstatus nicht abgeleitet","","USD"
"ECTXF","EPRO-B.ST","C-100","nein","Tabellen-Abdeckung angenommen; Verhältniswert fehlt (kein Tabellen-Eintrag vorhanden)","1968672384","","","nicht entscheidbar","nein","","","nicht entscheidbar","electrolux professional ab (publ)","Nicht-US-Gegenlinien; Heimat-/Primärstatus nicht abgeleitet","ja","USD"
"ECTXF","EPRO-B.ST","C-50","nein","Tabellen-Abdeckung angenommen; Verhältniswert fehlt (kein Tabellen-Eintrag vorhanden)","1968672384","","","nicht entscheidbar","nein","","","nicht entscheidbar","electrolux professional ab (publ)","Nicht-US-Gegenlinien; Heimat-/Primärstatus nicht abgeleitet","ja","USD"
"ECTXF","EPRO-B.ST","C-nur-die-7","nein","kein Tabellen-Eintrag: außerhalb angenommener Abdeckung","1968672384","","","nicht entscheidbar","nein","","","nicht entscheidbar","electrolux professional ab (publ)","Nicht-US-Gegenlinien; Heimat-/Primärstatus nicht abgeleitet","nein","USD"
"EDNMF","EDEN.PA|EDEN.VI","A","nein","Verhältnis nicht eindeutig: Kurs-Verhältnis nicht ganzzahlig","4816926720","","","nicht entscheidbar","nein","","","nicht entscheidbar","edenred se","Nicht-US-Gegenlinien; Heimat-/Primärstatus nicht abgeleitet","","USD"
"EDNMF","EDEN.PA|EDEN.VI","B","nein","Heimat-Linie nicht eindeutig: mehrere Nicht-US-Linien","4816926720","","","nicht entscheidbar","nein","","","nicht entscheidbar","edenred se","Nicht-US-Gegenlinien; Heimat-/Primärstatus nicht abgeleitet","","USD"
"EDNMF","EDEN.PA|EDEN.VI","C-100","nein","Tabellen-Abdeckung angenommen; Verhältniswert fehlt (kein Tabellen-Eintrag vorhanden)","4816926720","","","nicht entscheidbar","nein","","","nicht entscheidbar","edenred se","Nicht-US-Gegenlinien; Heimat-/Primärstatus nicht abgeleitet","ja","USD"
"EDNMF","EDEN.PA|EDEN.VI","C-50","nein","Tabellen-Abdeckung angenommen; Verhältniswert fehlt (kein Tabellen-Eintrag vorhanden)","4816926720","","","nicht entscheidbar","nein","","","nicht entscheidbar","edenred se","Nicht-US-Gegenlinien; Heimat-/Primärstatus nicht abgeleitet","ja","USD"
"EDNMF","EDEN.PA|EDEN.VI","C-nur-die-7","nein","kein Tabellen-Eintrag: außerhalb angenommener Abdeckung","4816926720","","","nicht entscheidbar","nein","","","nicht entscheidbar","edenred se","Nicht-US-Gegenlinien; Heimat-/Primärstatus nicht abgeleitet","nein","USD"
"EENNF","ENAV.MI","A","nein","Verhältnis nicht eindeutig: Kurs-Verhältnis nicht ganzzahlig","1901944832","","","nicht entscheidbar","nein","","","nicht entscheidbar","enav s.p.a.","Nicht-US-Gegenlinien; Heimat-/Primärstatus nicht abgeleitet","","USD"
"EENNF","ENAV.MI","B","ja","B-Hypothese: einzige Nicht-US-Linie als Heimat-Linie (nicht bestätigt)","1901944832","3056711019.966976","1.6071502014875352","zu klein","nein","","","Wahrheit nicht belegt","enav s.p.a.","Nicht-US-Gegenlinien; Heimat-/Primärstatus nicht abgeleitet","","USD"
"EENNF","ENAV.MI","C-100","nein","Tabellen-Abdeckung angenommen; Verhältniswert fehlt (kein Tabellen-Eintrag vorhanden)","1901944832","","","nicht entscheidbar","nein","","","nicht entscheidbar","enav s.p.a.","Nicht-US-Gegenlinien; Heimat-/Primärstatus nicht abgeleitet","ja","USD"
"EENNF","ENAV.MI","C-50","nein","Tabellen-Abdeckung angenommen; Verhältniswert fehlt (kein Tabellen-Eintrag vorhanden)","1901944832","","","nicht entscheidbar","nein","","","nicht entscheidbar","enav s.p.a.","Nicht-US-Gegenlinien; Heimat-/Primärstatus nicht abgeleitet","ja","USD"
"EENNF","ENAV.MI","C-nur-die-7","nein","kein Tabellen-Eintrag: außerhalb angenommener Abdeckung","1901944832","","","nicht entscheidbar","nein","","","nicht entscheidbar","enav s.p.a.","Nicht-US-Gegenlinien; Heimat-/Primärstatus nicht abgeleitet","nein","USD"
"ELNRF","ENO.MC","A","nein","Verhältnis nicht eindeutig: Kurs-Verhältnis nicht ganzzahlig","1778125312","","","nicht entscheidbar","nein","","","nicht entscheidbar","elecnor, s.a.","Nicht-US-Gegenlinien; Heimat-/Primärstatus nicht abgeleitet","","USD"
"ELNRF","ENO.MC","B","ja","B-Hypothese: einzige Nicht-US-Linie als Heimat-Linie (nicht bestätigt)","1778125312","3045649844.0627203","1.712843196994386","zu klein","nein","","","Wahrheit nicht belegt","elecnor, s.a.","Nicht-US-Gegenlinien; Heimat-/Primärstatus nicht abgeleitet","","USD"
"ELNRF","ENO.MC","C-100","nein","Tabellen-Abdeckung angenommen; Verhältniswert fehlt (kein Tabellen-Eintrag vorhanden)","1778125312","","","nicht entscheidbar","nein","","","nicht entscheidbar","elecnor, s.a.","Nicht-US-Gegenlinien; Heimat-/Primärstatus nicht abgeleitet","ja","USD"
"ELNRF","ENO.MC","C-50","nein","Tabellen-Abdeckung angenommen; Verhältniswert fehlt (kein Tabellen-Eintrag vorhanden)","1778125312","","","nicht entscheidbar","nein","","","nicht entscheidbar","elecnor, s.a.","Nicht-US-Gegenlinien; Heimat-/Primärstatus nicht abgeleitet","ja","USD"
"ELNRF","ENO.MC","C-nur-die-7","nein","kein Tabellen-Eintrag: außerhalb angenommener Abdeckung","1778125312","","","nicht entscheidbar","nein","","","nicht entscheidbar","elecnor, s.a.","Nicht-US-Gegenlinien; Heimat-/Primärstatus nicht abgeleitet","nein","USD"
"EUTLF","E3B.DE|ETL.L|ETL.PA|ETL.VI","A","nein","Verhältnis nicht eindeutig: Kurs-Verhältnis nicht ganzzahlig","2885659392","","","nicht entscheidbar","nein","","","nicht entscheidbar","eutelsat communications s.a.","Nicht-US-Gegenlinien; Heimat-/Primärstatus nicht abgeleitet","","USD"
"EUTLF","E3B.DE|ETL.L|ETL.PA|ETL.VI","B","nein","Heimat-Linie nicht eindeutig: mehrere Nicht-US-Linien","2885659392","","","nicht entscheidbar","nein","","","nicht entscheidbar","eutelsat communications s.a.","Nicht-US-Gegenlinien; Heimat-/Primärstatus nicht abgeleitet","","USD"
"EUTLF","E3B.DE|ETL.L|ETL.PA|ETL.VI","C-100","nein","Tabellen-Abdeckung angenommen; Verhältniswert fehlt (kein Tabellen-Eintrag vorhanden)","2885659392","","","nicht entscheidbar","nein","","","nicht entscheidbar","eutelsat communications s.a.","Nicht-US-Gegenlinien; Heimat-/Primärstatus nicht abgeleitet","ja","USD"
"EUTLF","E3B.DE|ETL.L|ETL.PA|ETL.VI","C-50","nein","Tabellen-Abdeckung angenommen; Verhältniswert fehlt (kein Tabellen-Eintrag vorhanden)","2885659392","","","nicht entscheidbar","nein","","","nicht entscheidbar","eutelsat communications s.a.","Nicht-US-Gegenlinien; Heimat-/Primärstatus nicht abgeleitet","ja","USD"
"EUTLF","E3B.DE|ETL.L|ETL.PA|ETL.VI","C-nur-die-7","nein","kein Tabellen-Eintrag: außerhalb angenommener Abdeckung","2885659392","","","nicht entscheidbar","nein","","","nicht entscheidbar","eutelsat communications s.a.","Nicht-US-Gegenlinien; Heimat-/Primärstatus nicht abgeleitet","nein","USD"
"FGSGF","601865.SS|6865.HK","A","nein","Verhältnis nicht eindeutig: Stückzahlen","3267604480","","","nicht entscheidbar","nein","","","nicht entscheidbar","flat glass group co., ltd.","Nicht-US-Gegenlinien; Heimat-/Primärstatus nicht abgeleitet","","USD"
"FGSGF","601865.SS|6865.HK","B","nein","Heimat-Linie nicht eindeutig: mehrere Nicht-US-Linien","3267604480","","","nicht entscheidbar","nein","","","nicht entscheidbar","flat glass group co., ltd.","Nicht-US-Gegenlinien; Heimat-/Primärstatus nicht abgeleitet","","USD"
"FGSGF","601865.SS|6865.HK","C-100","nein","Tabellen-Abdeckung angenommen; Verhältniswert fehlt (kein Tabellen-Eintrag vorhanden)","3267604480","","","nicht entscheidbar","nein","","","nicht entscheidbar","flat glass group co., ltd.","Nicht-US-Gegenlinien; Heimat-/Primärstatus nicht abgeleitet","ja","USD"
"FGSGF","601865.SS|6865.HK","C-50","nein","Tabellen-Abdeckung angenommen; Verhältniswert fehlt (kein Tabellen-Eintrag vorhanden)","3267604480","","","nicht entscheidbar","nein","","","nicht entscheidbar","flat glass group co., ltd.","Nicht-US-Gegenlinien; Heimat-/Primärstatus nicht abgeleitet","ja","USD"
"FGSGF","601865.SS|6865.HK","C-nur-die-7","nein","kein Tabellen-Eintrag: außerhalb angenommener Abdeckung","3267604480","","","nicht entscheidbar","nein","","","nicht entscheidbar","flat glass group co., ltd.","Nicht-US-Gegenlinien; Heimat-/Primärstatus nicht abgeleitet","nein","USD"
"FIRRF","0038.HK|601038.SS","A","nein","Verhältnis nicht eindeutig: Kurs-Verhältnis nicht ganzzahlig","2053637632","","","nicht entscheidbar","nein","","","nicht entscheidbar","first tractor company limited","Nicht-US-Gegenlinien; Heimat-/Primärstatus nicht abgeleitet","","USD"
"FIRRF","0038.HK|601038.SS","B","nein","Heimat-Linie nicht eindeutig: mehrere Nicht-US-Linien","2053637632","","","nicht entscheidbar","nein","","","nicht entscheidbar","first tractor company limited","Nicht-US-Gegenlinien; Heimat-/Primärstatus nicht abgeleitet","","USD"
"FIRRF","0038.HK|601038.SS","C-100","nein","Tabellen-Abdeckung angenommen; Verhältniswert fehlt (kein Tabellen-Eintrag vorhanden)","2053637632","","","nicht entscheidbar","nein","","","nicht entscheidbar","first tractor company limited","Nicht-US-Gegenlinien; Heimat-/Primärstatus nicht abgeleitet","ja","USD"
"FIRRF","0038.HK|601038.SS","C-50","nein","Tabellen-Abdeckung angenommen; Verhältniswert fehlt (kein Tabellen-Eintrag vorhanden)","2053637632","","","nicht entscheidbar","nein","","","nicht entscheidbar","first tractor company limited","Nicht-US-Gegenlinien; Heimat-/Primärstatus nicht abgeleitet","ja","USD"
"FIRRF","0038.HK|601038.SS","C-nur-die-7","nein","kein Tabellen-Eintrag: außerhalb angenommener Abdeckung","2053637632","","","nicht entscheidbar","nein","","","nicht entscheidbar","first tractor company limited","Nicht-US-Gegenlinien; Heimat-/Primärstatus nicht abgeleitet","nein","USD"
"FKDSF","6960.T","A","nein","Verhältnis nicht eindeutig: Kurs-Verhältnis nicht ganzzahlig","1149525888","","","nicht entscheidbar","nein","","","nicht entscheidbar","fukuda denshi co., ltd.","Nicht-US-Gegenlinien; Heimat-/Primärstatus nicht abgeleitet","","USD"
"FKDSF","6960.T","B","ja","B-Hypothese: einzige Nicht-US-Linie als Heimat-Linie (nicht bestätigt)","1149525888","2078873604.4420302","1.8084617546621362","zu klein","nein","","","Wahrheit nicht belegt","fukuda denshi co., ltd.","Nicht-US-Gegenlinien; Heimat-/Primärstatus nicht abgeleitet","","USD"
"FKDSF","6960.T","C-100","nein","Tabellen-Abdeckung angenommen; Verhältniswert fehlt (kein Tabellen-Eintrag vorhanden)","1149525888","","","nicht entscheidbar","nein","","","nicht entscheidbar","fukuda denshi co., ltd.","Nicht-US-Gegenlinien; Heimat-/Primärstatus nicht abgeleitet","ja","USD"
"FKDSF","6960.T","C-50","nein","Tabellen-Abdeckung angenommen; Verhältniswert fehlt (kein Tabellen-Eintrag vorhanden)","1149525888","","","nicht entscheidbar","nein","","","nicht entscheidbar","fukuda denshi co., ltd.","Nicht-US-Gegenlinien; Heimat-/Primärstatus nicht abgeleitet","ja","USD"
"FKDSF","6960.T","C-nur-die-7","nein","kein Tabellen-Eintrag: außerhalb angenommener Abdeckung","1149525888","","","nicht entscheidbar","nein","","","nicht entscheidbar","fukuda denshi co., ltd.","Nicht-US-Gegenlinien; Heimat-/Primärstatus nicht abgeleitet","nein","USD"
"FKKFF","8354.T","A","nein","Verhältnis nicht eindeutig: Kurs-Verhältnis nicht ganzzahlig","4455739392","","","nicht entscheidbar","nein","","","nicht entscheidbar","fukuoka financial group, inc.","Nicht-US-Gegenlinien; Heimat-/Primärstatus nicht abgeleitet","","USD"
"FKKFF","8354.T","B","ja","B-Hypothese: einzige Nicht-US-Linie als Heimat-Linie (nicht bestätigt)","4455739392","9332492174.139065","2.094487884748145","zu klein","nein","","","Wahrheit nicht belegt","fukuoka financial group, inc.","Nicht-US-Gegenlinien; Heimat-/Primärstatus nicht abgeleitet","","USD"
"FKKFF","8354.T","C-100","nein","Tabellen-Abdeckung angenommen; Verhältniswert fehlt (kein Tabellen-Eintrag vorhanden)","4455739392","","","nicht entscheidbar","nein","","","nicht entscheidbar","fukuoka financial group, inc.","Nicht-US-Gegenlinien; Heimat-/Primärstatus nicht abgeleitet","ja","USD"
"FKKFF","8354.T","C-50","nein","Tabellen-Abdeckung angenommen; Verhältniswert fehlt (kein Tabellen-Eintrag vorhanden)","4455739392","","","nicht entscheidbar","nein","","","nicht entscheidbar","fukuoka financial group, inc.","Nicht-US-Gegenlinien; Heimat-/Primärstatus nicht abgeleitet","ja","USD"
"FKKFF","8354.T","C-nur-die-7","nein","kein Tabellen-Eintrag: außerhalb angenommener Abdeckung","4455739392","","","nicht entscheidbar","nein","","","nicht entscheidbar","fukuoka financial group, inc.","Nicht-US-Gegenlinien; Heimat-/Primärstatus nicht abgeleitet","nein","USD"
"FOSUF","0656.HK","A","nein","Verhältnis nicht eindeutig: Kurs-Verhältnis nicht ganzzahlig","3465276928","","","nicht entscheidbar","nein","","","nicht entscheidbar","fosun international limited","Nicht-US-Gegenlinien; Heimat-/Primärstatus nicht abgeleitet","","USD"
"FOSUF","0656.HK","B","ja","B-Hypothese: einzige Nicht-US-Linie als Heimat-Linie (nicht bestätigt)","3465276928","5226635378.790728","1.50828793409227","zu klein","nein","","","Wahrheit nicht belegt","fosun international limited","Nicht-US-Gegenlinien; Heimat-/Primärstatus nicht abgeleitet","","USD"
"FOSUF","0656.HK","C-100","nein","Tabellen-Abdeckung angenommen; Verhältniswert fehlt (kein Tabellen-Eintrag vorhanden)","3465276928","","","nicht entscheidbar","nein","","","nicht entscheidbar","fosun international limited","Nicht-US-Gegenlinien; Heimat-/Primärstatus nicht abgeleitet","ja","USD"
"FOSUF","0656.HK","C-50","nein","Tabellen-Abdeckung angenommen; Verhältniswert fehlt (kein Tabellen-Eintrag vorhanden)","3465276928","","","nicht entscheidbar","nein","","","nicht entscheidbar","fosun international limited","Nicht-US-Gegenlinien; Heimat-/Primärstatus nicht abgeleitet","ja","USD"
"FOSUF","0656.HK","C-nur-die-7","nein","kein Tabellen-Eintrag: außerhalb angenommener Abdeckung","3465276928","","","nicht entscheidbar","nein","","","nicht entscheidbar","fosun international limited","Nicht-US-Gegenlinien; Heimat-/Primärstatus nicht abgeleitet","nein","USD"
"FTROF","EB5.SI","A","nein","Verhältnis nicht eindeutig: Kurs-Verhältnis nicht ganzzahlig","3247429120","","","nicht entscheidbar","nein","","","nicht entscheidbar","first resources limited","Nicht-US-Gegenlinien; Heimat-/Primärstatus nicht abgeleitet","","USD"
"FTROF","EB5.SI","B","ja","B-Hypothese: einzige Nicht-US-Linie als Heimat-Linie (nicht bestätigt)","3247429120","6152758951.935079","1.894655348762494","zu klein","nein","","","Wahrheit nicht belegt","first resources limited","Nicht-US-Gegenlinien; Heimat-/Primärstatus nicht abgeleitet","","USD"
"FTROF","EB5.SI","C-100","nein","Tabellen-Abdeckung angenommen; Verhältniswert fehlt (kein Tabellen-Eintrag vorhanden)","3247429120","","","nicht entscheidbar","nein","","","nicht entscheidbar","first resources limited","Nicht-US-Gegenlinien; Heimat-/Primärstatus nicht abgeleitet","ja","USD"
"FTROF","EB5.SI","C-50","nein","Tabellen-Abdeckung angenommen; Verhältniswert fehlt (kein Tabellen-Eintrag vorhanden)","3247429120","","","nicht entscheidbar","nein","","","nicht entscheidbar","first resources limited","Nicht-US-Gegenlinien; Heimat-/Primärstatus nicht abgeleitet","ja","USD"
"FTROF","EB5.SI","C-nur-die-7","nein","kein Tabellen-Eintrag: außerhalb angenommener Abdeckung","3247429120","","","nicht entscheidbar","nein","","","nicht entscheidbar","first resources limited","Nicht-US-Gegenlinien; Heimat-/Primärstatus nicht abgeleitet","nein","USD"
"FXCNY","2038.HK","A","ja","A-Hypothese: ganzzahliges Stückzahl-Verhältnis","2741418240","27414182400","10","zu klein","nein","","","Wahrheit nicht belegt","fih mobile limited","Nicht-US-Gegenlinien; Heimat-/Primärstatus nicht abgeleitet","","USD"
"FXCNY","2038.HK","B","ja","B-Hypothese: einzige Nicht-US-Linie als Heimat-Linie (nicht bestätigt)","2741418240","1639534959.8805199","0.5980608635187749","zu groß","nein","","","Wahrheit nicht belegt","fih mobile limited","Nicht-US-Gegenlinien; Heimat-/Primärstatus nicht abgeleitet","","USD"
"FXCNY","2038.HK","C-100","nein","Tabellen-Abdeckung angenommen; Verhältniswert fehlt (kein Tabellen-Eintrag vorhanden)","2741418240","","","nicht entscheidbar","nein","","","nicht entscheidbar","fih mobile limited","Nicht-US-Gegenlinien; Heimat-/Primärstatus nicht abgeleitet","ja","USD"
"FXCNY","2038.HK","C-50","nein","Tabellen-Abdeckung angenommen; Verhältniswert fehlt (kein Tabellen-Eintrag vorhanden)","2741418240","","","nicht entscheidbar","nein","","","nicht entscheidbar","fih mobile limited","Nicht-US-Gegenlinien; Heimat-/Primärstatus nicht abgeleitet","ja","USD"
"FXCNY","2038.HK","C-nur-die-7","nein","kein Tabellen-Eintrag: außerhalb angenommener Abdeckung","2741418240","","","nicht entscheidbar","nein","","","nicht entscheidbar","fih mobile limited","Nicht-US-Gegenlinien; Heimat-/Primärstatus nicht abgeleitet","nein","USD"
"GJNSF","GJF.OL","A","nein","Verhältnis nicht eindeutig: Kurs-Verhältnis nicht ganzzahlig","7614453248","","","nicht entscheidbar","nein","","","nicht entscheidbar","gjensidige forsikring asa","Nicht-US-Gegenlinien; Heimat-/Primärstatus nicht abgeleitet","","USD"
"GJNSF","GJF.OL","B","ja","B-Hypothese: einzige Nicht-US-Linie als Heimat-Linie (nicht bestätigt)","7614453248","14662482503.311361","1.9256119941589485","zu klein","nein","","","Wahrheit nicht belegt","gjensidige forsikring asa","Nicht-US-Gegenlinien; Heimat-/Primärstatus nicht abgeleitet","","USD"
"GJNSF","GJF.OL","C-100","nein","Tabellen-Abdeckung angenommen; Verhältniswert fehlt (kein Tabellen-Eintrag vorhanden)","7614453248","","","nicht entscheidbar","nein","","","nicht entscheidbar","gjensidige forsikring asa","Nicht-US-Gegenlinien; Heimat-/Primärstatus nicht abgeleitet","ja","USD"
"GJNSF","GJF.OL","C-50","nein","Tabellen-Abdeckung angenommen; Verhältniswert fehlt (kein Tabellen-Eintrag vorhanden)","7614453248","","","nicht entscheidbar","nein","","","nicht entscheidbar","gjensidige forsikring asa","Nicht-US-Gegenlinien; Heimat-/Primärstatus nicht abgeleitet","ja","USD"
"GJNSF","GJF.OL","C-nur-die-7","nein","kein Tabellen-Eintrag: außerhalb angenommener Abdeckung","7614453248","","","nicht entscheidbar","nein","","","nicht entscheidbar","gjensidige forsikring asa","Nicht-US-Gegenlinien; Heimat-/Primärstatus nicht abgeleitet","nein","USD"
"GLGDF","GGD.TO","A","nein","Verhältnis nicht eindeutig: Kurs-Verhältnis nicht ganzzahlig","897243520","","","nicht entscheidbar","nein","","","nicht entscheidbar","gogold resources inc.","Nicht-US-Gegenlinien; Heimat-/Primärstatus nicht abgeleitet","","USD"
"GLGDF","GGD.TO","B","ja","B-Hypothese: einzige Nicht-US-Linie als Heimat-Linie (nicht bestätigt)","897243520","1357546300.48","1.5130187850005314","zu klein","nein","","","Wahrheit nicht belegt","gogold resources inc.","Nicht-US-Gegenlinien; Heimat-/Primärstatus nicht abgeleitet","","USD"
"GLGDF","GGD.TO","C-100","nein","Tabellen-Abdeckung angenommen; Verhältniswert fehlt (kein Tabellen-Eintrag vorhanden)","897243520","","","nicht entscheidbar","nein","","","nicht entscheidbar","gogold resources inc.","Nicht-US-Gegenlinien; Heimat-/Primärstatus nicht abgeleitet","ja","USD"
"GLGDF","GGD.TO","C-50","nein","Tabellen-Abdeckung angenommen; Verhältniswert fehlt (kein Tabellen-Eintrag vorhanden)","897243520","","","nicht entscheidbar","nein","","","nicht entscheidbar","gogold resources inc.","Nicht-US-Gegenlinien; Heimat-/Primärstatus nicht abgeleitet","ja","USD"
"GLGDF","GGD.TO","C-nur-die-7","nein","kein Tabellen-Eintrag: außerhalb angenommener Abdeckung","897243520","","","nicht entscheidbar","nein","","","nicht entscheidbar","gogold resources inc.","Nicht-US-Gegenlinien; Heimat-/Primärstatus nicht abgeleitet","nein","USD"
"GLPGF","GXE.DE|LKFT.AS|LKFT.VI","A","nein","Verhältnis nicht eindeutig: Kurs-Verhältnis nicht ganzzahlig","3189103616","","","nicht entscheidbar","nein","","","nicht entscheidbar","lakefront biotherapeutics nv","Nicht-US-Gegenlinien; Heimat-/Primärstatus nicht abgeleitet","","USD"
"GLPGF","GXE.DE|LKFT.AS|LKFT.VI","B","nein","Heimat-Linie nicht eindeutig: mehrere Nicht-US-Linien","3189103616","","","nicht entscheidbar","nein","","","nicht entscheidbar","lakefront biotherapeutics nv","Nicht-US-Gegenlinien; Heimat-/Primärstatus nicht abgeleitet","","USD"
"GLPGF","GXE.DE|LKFT.AS|LKFT.VI","C-100","nein","Tabellen-Abdeckung angenommen; Verhältniswert fehlt (kein Tabellen-Eintrag vorhanden)","3189103616","","","nicht entscheidbar","nein","","","nicht entscheidbar","lakefront biotherapeutics nv","Nicht-US-Gegenlinien; Heimat-/Primärstatus nicht abgeleitet","ja","USD"
"GLPGF","GXE.DE|LKFT.AS|LKFT.VI","C-50","nein","Tabellen-Abdeckung angenommen; Verhältniswert fehlt (kein Tabellen-Eintrag vorhanden)","3189103616","","","nicht entscheidbar","nein","","","nicht entscheidbar","lakefront biotherapeutics nv","Nicht-US-Gegenlinien; Heimat-/Primärstatus nicht abgeleitet","ja","USD"
"GLPGF","GXE.DE|LKFT.AS|LKFT.VI","C-nur-die-7","nein","kein Tabellen-Eintrag: außerhalb angenommener Abdeckung","3189103616","","","nicht entscheidbar","nein","","","nicht entscheidbar","lakefront biotherapeutics nv","Nicht-US-Gegenlinien; Heimat-/Primärstatus nicht abgeleitet","nein","USD"
"GMYYF","MONET.PR","A","nein","Verhältnis nicht eindeutig: Kurs-Verhältnis nicht ganzzahlig","2120650112","","","nicht entscheidbar","nein","","","nicht entscheidbar","moneta money bank, a.s.","Nicht-US-Gegenlinien; Heimat-/Primärstatus nicht abgeleitet","","USD"
"GMYYF","MONET.PR","B","ja","B-Hypothese: einzige Nicht-US-Linie als Heimat-Linie (nicht bestätigt)","2120650112","4648307832.479826","2.1919258656469145","zu klein","nein","","","Wahrheit nicht belegt","moneta money bank, a.s.","Nicht-US-Gegenlinien; Heimat-/Primärstatus nicht abgeleitet","","USD"
"GMYYF","MONET.PR","C-100","nein","Tabellen-Abdeckung angenommen; Verhältniswert fehlt (kein Tabellen-Eintrag vorhanden)","2120650112","","","nicht entscheidbar","nein","","","nicht entscheidbar","moneta money bank, a.s.","Nicht-US-Gegenlinien; Heimat-/Primärstatus nicht abgeleitet","ja","USD"
"GMYYF","MONET.PR","C-50","nein","Tabellen-Abdeckung angenommen; Verhältniswert fehlt (kein Tabellen-Eintrag vorhanden)","2120650112","","","nicht entscheidbar","nein","","","nicht entscheidbar","moneta money bank, a.s.","Nicht-US-Gegenlinien; Heimat-/Primärstatus nicht abgeleitet","ja","USD"
"GMYYF","MONET.PR","C-nur-die-7","nein","kein Tabellen-Eintrag: außerhalb angenommener Abdeckung","2120650112","","","nicht entscheidbar","nein","","","nicht entscheidbar","moneta money bank, a.s.","Nicht-US-Gegenlinien; Heimat-/Primärstatus nicht abgeleitet","nein","USD"
"GNGYF","0525.HK|601333.SS","A","nein","Verhältnis nicht eindeutig: Kurs-Verhältnis nicht ganzzahlig","1735466624","","","nicht entscheidbar","nein","","","nicht entscheidbar","guangshen railway company limited","Nicht-US-Gegenlinien; Heimat-/Primärstatus nicht abgeleitet","","USD"
"GNGYF","0525.HK|601333.SS","B","nein","Heimat-Linie nicht eindeutig: mehrere Nicht-US-Linien","1735466624","","","nicht entscheidbar","nein","","","nicht entscheidbar","guangshen railway company limited","Nicht-US-Gegenlinien; Heimat-/Primärstatus nicht abgeleitet","","USD"
"GNGYF","0525.HK|601333.SS","C-100","nein","Tabellen-Abdeckung angenommen; Verhältniswert fehlt (kein Tabellen-Eintrag vorhanden)","1735466624","","","nicht entscheidbar","nein","","","nicht entscheidbar","guangshen railway company limited","Nicht-US-Gegenlinien; Heimat-/Primärstatus nicht abgeleitet","ja","USD"
"GNGYF","0525.HK|601333.SS","C-50","nein","Tabellen-Abdeckung angenommen; Verhältniswert fehlt (kein Tabellen-Eintrag vorhanden)","1735466624","","","nicht entscheidbar","nein","","","nicht entscheidbar","guangshen railway company limited","Nicht-US-Gegenlinien; Heimat-/Primärstatus nicht abgeleitet","ja","USD"
"GNGYF","0525.HK|601333.SS","C-nur-die-7","nein","kein Tabellen-Eintrag: außerhalb angenommener Abdeckung","1735466624","","","nicht entscheidbar","nein","","","nicht entscheidbar","guangshen railway company limited","Nicht-US-Gegenlinien; Heimat-/Primärstatus nicht abgeleitet","nein","USD"
"GRKZF","ALWN.AT","A","nein","Verhältnis nicht eindeutig: Kurs-Verhältnis nicht ganzzahlig","18003920896","","","nicht entscheidbar","nein","","","nicht entscheidbar","allwyn ag","Nicht-US-Gegenlinien; Heimat-/Primärstatus nicht abgeleitet","","USD"
"GRKZF","ALWN.AT","B","ja","B-Hypothese: einzige Nicht-US-Linie als Heimat-Linie (nicht bestätigt)","18003920896","10895982971.537409","0.6052005579494748","zu groß","nein","","","Wahrheit nicht belegt","allwyn ag","Nicht-US-Gegenlinien; Heimat-/Primärstatus nicht abgeleitet","","USD"
"GRKZF","ALWN.AT","C-100","nein","Tabellen-Abdeckung angenommen; Verhältniswert fehlt (kein Tabellen-Eintrag vorhanden)","18003920896","","","nicht entscheidbar","nein","","","nicht entscheidbar","allwyn ag","Nicht-US-Gegenlinien; Heimat-/Primärstatus nicht abgeleitet","ja","USD"
"GRKZF","ALWN.AT","C-50","nein","Tabellen-Abdeckung angenommen; Verhältniswert fehlt (kein Tabellen-Eintrag vorhanden)","18003920896","","","nicht entscheidbar","nein","","","nicht entscheidbar","allwyn ag","Nicht-US-Gegenlinien; Heimat-/Primärstatus nicht abgeleitet","ja","USD"
"GRKZF","ALWN.AT","C-nur-die-7","nein","kein Tabellen-Eintrag: außerhalb angenommener Abdeckung","18003920896","","","nicht entscheidbar","nein","","","nicht entscheidbar","allwyn ag","Nicht-US-Gegenlinien; Heimat-/Primärstatus nicht abgeleitet","nein","USD"
"GTOFF","GOTO.JK","A","nein","Verhältnis nicht eindeutig: Kurs-Verhältnis nicht ganzzahlig","1062010304","","","nicht entscheidbar","nein","","","nicht entscheidbar","pt goto gojek tokopedia tbk","Nicht-US-Gegenlinien; Heimat-/Primärstatus nicht abgeleitet","","USD"
"GTOFF","GOTO.JK","B","ja","B-Hypothese: einzige Nicht-US-Linie als Heimat-Linie (nicht bestätigt)","1062010304","3005617142.6995463","2.8301205095459663","zu klein","nein","","","Wahrheit nicht belegt","pt goto gojek tokopedia tbk","Nicht-US-Gegenlinien; Heimat-/Primärstatus nicht abgeleitet","","USD"
"GTOFF","GOTO.JK","C-100","nein","Tabellen-Abdeckung angenommen; Verhältniswert fehlt (kein Tabellen-Eintrag vorhanden)","1062010304","","","nicht entscheidbar","nein","","","nicht entscheidbar","pt goto gojek tokopedia tbk","Nicht-US-Gegenlinien; Heimat-/Primärstatus nicht abgeleitet","ja","USD"
"GTOFF","GOTO.JK","C-50","nein","Tabellen-Abdeckung angenommen; Verhältniswert fehlt (kein Tabellen-Eintrag vorhanden)","1062010304","","","nicht entscheidbar","nein","","","nicht entscheidbar","pt goto gojek tokopedia tbk","Nicht-US-Gegenlinien; Heimat-/Primärstatus nicht abgeleitet","ja","USD"
"GTOFF","GOTO.JK","C-nur-die-7","nein","kein Tabellen-Eintrag: außerhalb angenommener Abdeckung","1062010304","","","nicht entscheidbar","nein","","","nicht entscheidbar","pt goto gojek tokopedia tbk","Nicht-US-Gegenlinien; Heimat-/Primärstatus nicht abgeleitet","nein","USD"
"GTWCF","3900.HK","A","ja","A-Hypothese: gleiche Stückzahl; ganzzahliges Kurs-Verhältnis in gleicher Währung","3682418176","1841209088","0.5","zu groß","nein","","","Wahrheit nicht belegt","greentown china holdings limited","Nicht-US-Gegenlinien; Heimat-/Primärstatus nicht abgeleitet","","USD"
"GTWCF","3900.HK","B","ja","B-Hypothese: einzige Nicht-US-Linie als Heimat-Linie (nicht bestätigt)","3682418176","1887443248.0865896","0.5125553801542472","zu groß","nein","","","Wahrheit nicht belegt","greentown china holdings limited","Nicht-US-Gegenlinien; Heimat-/Primärstatus nicht abgeleitet","","USD"
"GTWCF","3900.HK","C-100","nein","Tabellen-Abdeckung angenommen; Verhältniswert fehlt (kein Tabellen-Eintrag vorhanden)","3682418176","","","nicht entscheidbar","nein","","","nicht entscheidbar","greentown china holdings limited","Nicht-US-Gegenlinien; Heimat-/Primärstatus nicht abgeleitet","ja","USD"
"GTWCF","3900.HK","C-50","nein","Tabellen-Abdeckung angenommen; Verhältniswert fehlt (kein Tabellen-Eintrag vorhanden)","3682418176","","","nicht entscheidbar","nein","","","nicht entscheidbar","greentown china holdings limited","Nicht-US-Gegenlinien; Heimat-/Primärstatus nicht abgeleitet","ja","USD"
"GTWCF","3900.HK","C-nur-die-7","nein","kein Tabellen-Eintrag: außerhalb angenommener Abdeckung","3682418176","","","nicht entscheidbar","nein","","","nicht entscheidbar","greentown china holdings limited","Nicht-US-Gegenlinien; Heimat-/Primärstatus nicht abgeleitet","nein","USD"
"HACBF","8359.T","A","nein","Verhältnis nicht eindeutig: Kurs-Verhältnis nicht ganzzahlig","2510163968","","","nicht entscheidbar","nein","","","nicht entscheidbar","hachijuni nagano bank, ltd.","Nicht-US-Gegenlinien; Heimat-/Primärstatus nicht abgeleitet","","USD"
"HACBF","8359.T","B","ja","B-Hypothese: einzige Nicht-US-Linie als Heimat-Linie (nicht bestätigt)","2510163968","7815726152.588329","3.1136317197699213","zu klein","nein","","","Wahrheit nicht belegt","hachijuni nagano bank, ltd.","Nicht-US-Gegenlinien; Heimat-/Primärstatus nicht abgeleitet","","USD"
"HACBF","8359.T","C-100","nein","Tabellen-Abdeckung angenommen; Verhältniswert fehlt (kein Tabellen-Eintrag vorhanden)","2510163968","","","nicht entscheidbar","nein","","","nicht entscheidbar","hachijuni nagano bank, ltd.","Nicht-US-Gegenlinien; Heimat-/Primärstatus nicht abgeleitet","ja","USD"
"HACBF","8359.T","C-50","nein","Tabellen-Abdeckung angenommen; Verhältniswert fehlt (kein Tabellen-Eintrag vorhanden)","2510163968","","","nicht entscheidbar","nein","","","nicht entscheidbar","hachijuni nagano bank, ltd.","Nicht-US-Gegenlinien; Heimat-/Primärstatus nicht abgeleitet","ja","USD"
"HACBF","8359.T","C-nur-die-7","nein","kein Tabellen-Eintrag: außerhalb angenommener Abdeckung","2510163968","","","nicht entscheidbar","nein","","","nicht entscheidbar","hachijuni nagano bank, ltd.","Nicht-US-Gegenlinien; Heimat-/Primärstatus nicht abgeleitet","nein","USD"
"HKPMF","3865.T","A","nein","Verhältnis nicht eindeutig: Kurs-Verhältnis nicht ganzzahlig","2000904832","","","nicht entscheidbar","nein","","","nicht entscheidbar","hokuetsu corporation","Nicht-US-Gegenlinien; Heimat-/Primärstatus nicht abgeleitet","","USD"
"HKPMF","3865.T","B","ja","B-Hypothese: einzige Nicht-US-Linie als Heimat-Linie (nicht bestätigt)","2000904832","929743435.0819738","0.4646614972450493","zu groß","nein","","","Wahrheit nicht belegt","hokuetsu corporation","Nicht-US-Gegenlinien; Heimat-/Primärstatus nicht abgeleitet","","USD"
"HKPMF","3865.T","C-100","nein","Tabellen-Abdeckung angenommen; Verhältniswert fehlt (kein Tabellen-Eintrag vorhanden)","2000904832","","","nicht entscheidbar","nein","","","nicht entscheidbar","hokuetsu corporation","Nicht-US-Gegenlinien; Heimat-/Primärstatus nicht abgeleitet","ja","USD"
"HKPMF","3865.T","C-50","nein","Tabellen-Abdeckung angenommen; Verhältniswert fehlt (kein Tabellen-Eintrag vorhanden)","2000904832","","","nicht entscheidbar","nein","","","nicht entscheidbar","hokuetsu corporation","Nicht-US-Gegenlinien; Heimat-/Primärstatus nicht abgeleitet","ja","USD"
"HKPMF","3865.T","C-nur-die-7","nein","kein Tabellen-Eintrag: außerhalb angenommener Abdeckung","2000904832","","","nicht entscheidbar","nein","","","nicht entscheidbar","hokuetsu corporation","Nicht-US-Gegenlinien; Heimat-/Primärstatus nicht abgeleitet","nein","USD"
"HLPMF","ELPE.AT","A","nein","Verhältnis nicht eindeutig: Kurs-Verhältnis nicht ganzzahlig","3475072256","","","nicht entscheidbar","nein","","","nicht entscheidbar","helleniq energy holdings s.a.","Nicht-US-Gegenlinien; Heimat-/Primärstatus nicht abgeleitet","","USD"
"HLPMF","ELPE.AT","B","ja","B-Hypothese: einzige Nicht-US-Linie als Heimat-Linie (nicht bestätigt)","3475072256","6124944980.520449","1.7625374465078314","zu klein","nein","","","Wahrheit nicht belegt","helleniq energy holdings s.a.","Nicht-US-Gegenlinien; Heimat-/Primärstatus nicht abgeleitet","","USD"
"HLPMF","ELPE.AT","C-100","nein","Tabellen-Abdeckung angenommen; Verhältniswert fehlt (kein Tabellen-Eintrag vorhanden)","3475072256","","","nicht entscheidbar","nein","","","nicht entscheidbar","helleniq energy holdings s.a.","Nicht-US-Gegenlinien; Heimat-/Primärstatus nicht abgeleitet","ja","USD"
"HLPMF","ELPE.AT","C-50","nein","Tabellen-Abdeckung angenommen; Verhältniswert fehlt (kein Tabellen-Eintrag vorhanden)","3475072256","","","nicht entscheidbar","nein","","","nicht entscheidbar","helleniq energy holdings s.a.","Nicht-US-Gegenlinien; Heimat-/Primärstatus nicht abgeleitet","ja","USD"
"HLPMF","ELPE.AT","C-nur-die-7","nein","kein Tabellen-Eintrag: außerhalb angenommener Abdeckung","3475072256","","","nicht entscheidbar","nein","","","nicht entscheidbar","helleniq energy holdings s.a.","Nicht-US-Gegenlinien; Heimat-/Primärstatus nicht abgeleitet","nein","USD"
"HNHAF","2317.TW|HHPD.L","A","nein","Verhältnis nicht eindeutig: Kurs-Verhältnis nicht ganzzahlig","45591932928","","","nicht entscheidbar","nein","","","nicht entscheidbar","hon hai precision industry co., ltd.","Nicht-US-Gegenlinien; Heimat-/Primärstatus nicht abgeleitet","","USD"
"HNHAF","2317.TW|HHPD.L","B","nein","Heimat-Linie nicht eindeutig: mehrere Nicht-US-Linien","45591932928","","","nicht entscheidbar","nein","","","nicht entscheidbar","hon hai precision industry co., ltd.","Nicht-US-Gegenlinien; Heimat-/Primärstatus nicht abgeleitet","","USD"
"HNHAF","2317.TW|HHPD.L","C-100","nein","Tabellen-Abdeckung angenommen; Verhältniswert fehlt (kein Tabellen-Eintrag vorhanden)","45591932928","","","nicht entscheidbar","nein","","","nicht entscheidbar","hon hai precision industry co., ltd.","Nicht-US-Gegenlinien; Heimat-/Primärstatus nicht abgeleitet","ja","USD"
"HNHAF","2317.TW|HHPD.L","C-50","nein","Tabellen-Abdeckung angenommen; Verhältniswert fehlt (kein Tabellen-Eintrag vorhanden)","45591932928","","","nicht entscheidbar","nein","","","nicht entscheidbar","hon hai precision industry co., ltd.","Nicht-US-Gegenlinien; Heimat-/Primärstatus nicht abgeleitet","ja","USD"
"HNHAF","2317.TW|HHPD.L","C-nur-die-7","nein","kein Tabellen-Eintrag: außerhalb angenommener Abdeckung","45591932928","","","nicht entscheidbar","nein","","","nicht entscheidbar","hon hai precision industry co., ltd.","Nicht-US-Gegenlinien; Heimat-/Primärstatus nicht abgeleitet","nein","USD"
"HROGF","7337.T","A","ja","A-Hypothese: gleiche Stückzahl; ganzzahliges Kurs-Verhältnis in gleicher Währung","2314957568","4629915136","2","zu klein","nein","","","Wahrheit nicht belegt","hirogin holdings, inc.","Nicht-US-Gegenlinien; Heimat-/Primärstatus nicht abgeleitet","","USD"
"HROGF","7337.T","B","ja","B-Hypothese: einzige Nicht-US-Linie als Heimat-Linie (nicht bestätigt)","2314957568","4532283236.887757","1.957825620451181","zu klein","nein","","","Wahrheit nicht belegt","hirogin holdings, inc.","Nicht-US-Gegenlinien; Heimat-/Primärstatus nicht abgeleitet","","USD"
"HROGF","7337.T","C-100","nein","Tabellen-Abdeckung angenommen; Verhältniswert fehlt (kein Tabellen-Eintrag vorhanden)","2314957568","","","nicht entscheidbar","nein","","","nicht entscheidbar","hirogin holdings, inc.","Nicht-US-Gegenlinien; Heimat-/Primärstatus nicht abgeleitet","ja","USD"
"HROGF","7337.T","C-50","nein","Tabellen-Abdeckung angenommen; Verhältniswert fehlt (kein Tabellen-Eintrag vorhanden)","2314957568","","","nicht entscheidbar","nein","","","nicht entscheidbar","hirogin holdings, inc.","Nicht-US-Gegenlinien; Heimat-/Primärstatus nicht abgeleitet","ja","USD"
"HROGF","7337.T","C-nur-die-7","nein","kein Tabellen-Eintrag: außerhalb angenommener Abdeckung","2314957568","","","nicht entscheidbar","nein","","","nicht entscheidbar","hirogin holdings, inc.","Nicht-US-Gegenlinien; Heimat-/Primärstatus nicht abgeleitet","nein","USD"
"HSAI","2525.HK","A","ja","A-Hypothese: gleiche Stückzahl; ganzzahliges Kurs-Verhältnis in gleicher Währung","20767913984","2595989248","0.125","zu groß","ja","142","consumer-discretionary/profitable","korrigiert","hesai group","Nicht-US-Gegenlinien; Heimat-/Primärstatus nicht abgeleitet","","USD"
"HSAI","2525.HK","B","ja","B-Hypothese: einzige Nicht-US-Linie als Heimat-Linie (nicht bestätigt)","20767913984","2636264876.93353","0.1269393199030273","zu groß","ja","142","consumer-discretionary/profitable","korrigiert","hesai group","Nicht-US-Gegenlinien; Heimat-/Primärstatus nicht abgeleitet","","USD"
"HSAI","2525.HK","C-100","nein","Tabellen-Abdeckung angenommen; Verhältniswert fehlt (kein Tabellen-Eintrag vorhanden)","20767913984","","","nicht entscheidbar","ja","142","consumer-discretionary/profitable","nicht entscheidbar","hesai group","Nicht-US-Gegenlinien; Heimat-/Primärstatus nicht abgeleitet","ja","USD"
"HSAI","2525.HK","C-50","nein","Tabellen-Abdeckung angenommen; Verhältniswert fehlt (kein Tabellen-Eintrag vorhanden)","20767913984","","","nicht entscheidbar","ja","142","consumer-discretionary/profitable","nicht entscheidbar","hesai group","Nicht-US-Gegenlinien; Heimat-/Primärstatus nicht abgeleitet","ja","USD"
"HSAI","2525.HK","C-nur-die-7","nein","Tabellen-Abdeckung angenommen; Verhältniswert fehlt (kein Tabellen-Eintrag vorhanden)","20767913984","","","nicht entscheidbar","ja","142","consumer-discretionary/profitable","nicht entscheidbar","hesai group","Nicht-US-Gegenlinien; Heimat-/Primärstatus nicht abgeleitet","ja","USD"
"HTOCF","8242.T","A","nein","Verhältnis nicht eindeutig: Kurs-Verhältnis nicht ganzzahlig","1126857472","","","nicht entscheidbar","nein","","","nicht entscheidbar","h2o retailing corporation","Nicht-US-Gegenlinien; Heimat-/Primärstatus nicht abgeleitet","","USD"
"HTOCF","8242.T","B","ja","B-Hypothese: einzige Nicht-US-Linie als Heimat-Linie (nicht bestätigt)","1126857472","2035247279.4228327","1.8061266220390584","zu klein","nein","","","Wahrheit nicht belegt","h2o retailing corporation","Nicht-US-Gegenlinien; Heimat-/Primärstatus nicht abgeleitet","","USD"
"HTOCF","8242.T","C-100","nein","Tabellen-Abdeckung angenommen; Verhältniswert fehlt (kein Tabellen-Eintrag vorhanden)","1126857472","","","nicht entscheidbar","nein","","","nicht entscheidbar","h2o retailing corporation","Nicht-US-Gegenlinien; Heimat-/Primärstatus nicht abgeleitet","ja","USD"
"HTOCF","8242.T","C-50","nein","Tabellen-Abdeckung angenommen; Verhältniswert fehlt (kein Tabellen-Eintrag vorhanden)","1126857472","","","nicht entscheidbar","nein","","","nicht entscheidbar","h2o retailing corporation","Nicht-US-Gegenlinien; Heimat-/Primärstatus nicht abgeleitet","ja","USD"
"HTOCF","8242.T","C-nur-die-7","nein","kein Tabellen-Eintrag: außerhalb angenommener Abdeckung","1126857472","","","nicht entscheidbar","nein","","","nicht entscheidbar","h2o retailing corporation","Nicht-US-Gegenlinien; Heimat-/Primärstatus nicht abgeleitet","nein","USD"
"HUABF","0336.HK","A","nein","Verhältnis nicht eindeutig: Kurs-Verhältnis nicht ganzzahlig","821582144","","","nicht entscheidbar","nein","","","nicht entscheidbar","huabao international holdings limited","Nicht-US-Gegenlinien; Heimat-/Primärstatus nicht abgeleitet","","USD"
"HUABF","0336.HK","B","ja","B-Hypothese: einzige Nicht-US-Linie als Heimat-Linie (nicht bestätigt)","821582144","1449859069.695222","1.7647158963756908","zu klein","nein","","","Wahrheit nicht belegt","huabao international holdings limited","Nicht-US-Gegenlinien; Heimat-/Primärstatus nicht abgeleitet","","USD"
"HUABF","0336.HK","C-100","nein","Tabellen-Abdeckung angenommen; Verhältniswert fehlt (kein Tabellen-Eintrag vorhanden)","821582144","","","nicht entscheidbar","nein","","","nicht entscheidbar","huabao international holdings limited","Nicht-US-Gegenlinien; Heimat-/Primärstatus nicht abgeleitet","ja","USD"
"HUABF","0336.HK","C-50","nein","Tabellen-Abdeckung angenommen; Verhältniswert fehlt (kein Tabellen-Eintrag vorhanden)","821582144","","","nicht entscheidbar","nein","","","nicht entscheidbar","huabao international holdings limited","Nicht-US-Gegenlinien; Heimat-/Primärstatus nicht abgeleitet","ja","USD"
"HUABF","0336.HK","C-nur-die-7","nein","kein Tabellen-Eintrag: außerhalb angenommener Abdeckung","821582144","","","nicht entscheidbar","nein","","","nicht entscheidbar","huabao international holdings limited","Nicht-US-Gegenlinien; Heimat-/Primärstatus nicht abgeleitet","nein","USD"
"HWARF","8803.T","A","nein","Verhältnis nicht eindeutig: Kurs-Verhältnis nicht ganzzahlig","1805700096","","","nicht entscheidbar","nein","","","nicht entscheidbar","heiwa real estate co., ltd.","Nicht-US-Gegenlinien; Heimat-/Primärstatus nicht abgeleitet","","USD"
"HWARF","8803.T","B","ja","B-Hypothese: einzige Nicht-US-Linie als Heimat-Linie (nicht bestätigt)","1805700096","1002500493.2549837","0.5551865979714627","zu groß","nein","","","Wahrheit nicht belegt","heiwa real estate co., ltd.","Nicht-US-Gegenlinien; Heimat-/Primärstatus nicht abgeleitet","","USD"
"HWARF","8803.T","C-100","nein","Tabellen-Abdeckung angenommen; Verhältniswert fehlt (kein Tabellen-Eintrag vorhanden)","1805700096","","","nicht entscheidbar","nein","","","nicht entscheidbar","heiwa real estate co., ltd.","Nicht-US-Gegenlinien; Heimat-/Primärstatus nicht abgeleitet","ja","USD"
"HWARF","8803.T","C-50","nein","Tabellen-Abdeckung angenommen; Verhältniswert fehlt (kein Tabellen-Eintrag vorhanden)","1805700096","","","nicht entscheidbar","nein","","","nicht entscheidbar","heiwa real estate co., ltd.","Nicht-US-Gegenlinien; Heimat-/Primärstatus nicht abgeleitet","ja","USD"
"HWARF","8803.T","C-nur-die-7","nein","kein Tabellen-Eintrag: außerhalb angenommener Abdeckung","1805700096","","","nicht entscheidbar","nein","","","nicht entscheidbar","heiwa real estate co., ltd.","Nicht-US-Gegenlinien; Heimat-/Primärstatus nicht abgeleitet","nein","USD"
"HYKUF","8368.T","A","nein","Verhältnis nicht eindeutig: Kurs-Verhältnis nicht ganzzahlig","2005948672","","","nicht entscheidbar","nein","","","nicht entscheidbar","the hyakugo bank, ltd.","Nicht-US-Gegenlinien; Heimat-/Primärstatus nicht abgeleitet","","USD"
"HYKUF","8368.T","B","ja","B-Hypothese: einzige Nicht-US-Linie als Heimat-Linie (nicht bestätigt)","2005948672","3818096447.5777845","1.9033869115758633","zu klein","nein","","","Wahrheit nicht belegt","the hyakugo bank, ltd.","Nicht-US-Gegenlinien; Heimat-/Primärstatus nicht abgeleitet","","USD"
"HYKUF","8368.T","C-100","nein","Tabellen-Abdeckung angenommen; Verhältniswert fehlt (kein Tabellen-Eintrag vorhanden)","2005948672","","","nicht entscheidbar","nein","","","nicht entscheidbar","the hyakugo bank, ltd.","Nicht-US-Gegenlinien; Heimat-/Primärstatus nicht abgeleitet","ja","USD"
"HYKUF","8368.T","C-50","nein","Tabellen-Abdeckung angenommen; Verhältniswert fehlt (kein Tabellen-Eintrag vorhanden)","2005948672","","","nicht entscheidbar","nein","","","nicht entscheidbar","the hyakugo bank, ltd.","Nicht-US-Gegenlinien; Heimat-/Primärstatus nicht abgeleitet","ja","USD"
"HYKUF","8368.T","C-nur-die-7","nein","kein Tabellen-Eintrag: außerhalb angenommener Abdeckung","2005948672","","","nicht entscheidbar","nein","","","nicht entscheidbar","the hyakugo bank, ltd.","Nicht-US-Gegenlinien; Heimat-/Primärstatus nicht abgeleitet","nein","USD"
"IDKOF","5019.T","A","nein","Verhältnis nicht eindeutig: Kurs-Verhältnis nicht ganzzahlig","8089543168","","","nicht entscheidbar","nein","","","nicht entscheidbar","idemitsu kosan co.,ltd.","Nicht-US-Gegenlinien; Heimat-/Primärstatus nicht abgeleitet","","USD"
"IDKOF","5019.T","B","ja","B-Hypothese: einzige Nicht-US-Linie als Heimat-Linie (nicht bestätigt)","8089543168","12616167811.482256","1.5595649283866033","zu klein","nein","","","Wahrheit nicht belegt","idemitsu kosan co.,ltd.","Nicht-US-Gegenlinien; Heimat-/Primärstatus nicht abgeleitet","","USD"
"IDKOF","5019.T","C-100","nein","Tabellen-Abdeckung angenommen; Verhältniswert fehlt (kein Tabellen-Eintrag vorhanden)","8089543168","","","nicht entscheidbar","nein","","","nicht entscheidbar","idemitsu kosan co.,ltd.","Nicht-US-Gegenlinien; Heimat-/Primärstatus nicht abgeleitet","ja","USD"
"IDKOF","5019.T","C-50","nein","Tabellen-Abdeckung angenommen; Verhältniswert fehlt (kein Tabellen-Eintrag vorhanden)","8089543168","","","nicht entscheidbar","nein","","","nicht entscheidbar","idemitsu kosan co.,ltd.","Nicht-US-Gegenlinien; Heimat-/Primärstatus nicht abgeleitet","ja","USD"
"IDKOF","5019.T","C-nur-die-7","nein","kein Tabellen-Eintrag: außerhalb angenommener Abdeckung","8089543168","","","nicht entscheidbar","nein","","","nicht entscheidbar","idemitsu kosan co.,ltd.","Nicht-US-Gegenlinien; Heimat-/Primärstatus nicht abgeleitet","nein","USD"
"IDTVF","1INDU.MI|INDU-A.ST|INDU-C.ST","A","nein","Verhältnis nicht eindeutig: Stückzahlen","15116468224","","","nicht entscheidbar","nein","","","nicht entscheidbar","ab industrivärden (publ)","Nicht-US-Gegenlinien; Heimat-/Primärstatus nicht abgeleitet","","USD"
"IDTVF","1INDU.MI|INDU-A.ST|INDU-C.ST","B","nein","Heimat-Linie nicht eindeutig: mehrere Nicht-US-Linien","15116468224","","","nicht entscheidbar","nein","","","nicht entscheidbar","ab industrivärden (publ)","Nicht-US-Gegenlinien; Heimat-/Primärstatus nicht abgeleitet","","USD"
"IDTVF","1INDU.MI|INDU-A.ST|INDU-C.ST","C-100","nein","Tabellen-Abdeckung angenommen; Verhältniswert fehlt (kein Tabellen-Eintrag vorhanden)","15116468224","","","nicht entscheidbar","nein","","","nicht entscheidbar","ab industrivärden (publ)","Nicht-US-Gegenlinien; Heimat-/Primärstatus nicht abgeleitet","ja","USD"
"IDTVF","1INDU.MI|INDU-A.ST|INDU-C.ST","C-50","nein","Tabellen-Abdeckung angenommen; Verhältniswert fehlt (kein Tabellen-Eintrag vorhanden)","15116468224","","","nicht entscheidbar","nein","","","nicht entscheidbar","ab industrivärden (publ)","Nicht-US-Gegenlinien; Heimat-/Primärstatus nicht abgeleitet","ja","USD"
"IDTVF","1INDU.MI|INDU-A.ST|INDU-C.ST","C-nur-die-7","nein","kein Tabellen-Eintrag: außerhalb angenommener Abdeckung","15116468224","","","nicht entscheidbar","nein","","","nicht entscheidbar","ab industrivärden (publ)","Nicht-US-Gegenlinien; Heimat-/Primärstatus nicht abgeleitet","nein","USD"
"IFMNF","4812.T","A","nein","Verhältnis nicht eindeutig: Kurs-Verhältnis nicht ganzzahlig","2266024960","","","nicht entscheidbar","nein","","","nicht entscheidbar","dentsu soken inc.","Nicht-US-Gegenlinien; Heimat-/Primärstatus nicht abgeleitet","","USD"
"IFMNF","4812.T","B","ja","B-Hypothese: einzige Nicht-US-Linie als Heimat-Linie (nicht bestätigt)","2266024960","3571241038.843085","1.5759936902209077","zu klein","nein","","","Wahrheit nicht belegt","dentsu soken inc.","Nicht-US-Gegenlinien; Heimat-/Primärstatus nicht abgeleitet","","USD"
"IFMNF","4812.T","C-100","nein","Tabellen-Abdeckung angenommen; Verhältniswert fehlt (kein Tabellen-Eintrag vorhanden)","2266024960","","","nicht entscheidbar","nein","","","nicht entscheidbar","dentsu soken inc.","Nicht-US-Gegenlinien; Heimat-/Primärstatus nicht abgeleitet","ja","USD"
"IFMNF","4812.T","C-50","nein","Tabellen-Abdeckung angenommen; Verhältniswert fehlt (kein Tabellen-Eintrag vorhanden)","2266024960","","","nicht entscheidbar","nein","","","nicht entscheidbar","dentsu soken inc.","Nicht-US-Gegenlinien; Heimat-/Primärstatus nicht abgeleitet","ja","USD"
"IFMNF","4812.T","C-nur-die-7","nein","kein Tabellen-Eintrag: außerhalb angenommener Abdeckung","2266024960","","","nicht entscheidbar","nein","","","nicht entscheidbar","dentsu soken inc.","Nicht-US-Gegenlinien; Heimat-/Primärstatus nicht abgeleitet","nein","USD"
"INTC","1INTC.MI|4335.HK|INL.DE|INTC.SW|INTC.VI|INTL.WA","A","nein","nicht entscheidbar ohne Kurs","574070980608","","","nicht entscheidbar","ja","35","semiconductors/unprofitable","nicht entscheidbar","intel corporation","Nicht-US-Gegenlinien; Heimat-/Primärstatus nicht abgeleitet","","USD"
"INTC","1INTC.MI|4335.HK|INL.DE|INTC.SW|INTC.VI|INTL.WA","B","nein","Heimat-Linie nicht eindeutig: mehrere Nicht-US-Linien","574070980608","","","nicht entscheidbar","ja","35","semiconductors/unprofitable","nicht entscheidbar","intel corporation","Nicht-US-Gegenlinien; Heimat-/Primärstatus nicht abgeleitet","","USD"
"INTC","1INTC.MI|4335.HK|INL.DE|INTC.SW|INTC.VI|INTL.WA","C-100","nein","Tabellen-Abdeckung angenommen; Verhältniswert fehlt (kein Tabellen-Eintrag vorhanden)","574070980608","","","nicht entscheidbar","ja","35","semiconductors/unprofitable","nicht entscheidbar","intel corporation","Nicht-US-Gegenlinien; Heimat-/Primärstatus nicht abgeleitet","ja","USD"
"INTC","1INTC.MI|4335.HK|INL.DE|INTC.SW|INTC.VI|INTL.WA","C-50","nein","Tabellen-Abdeckung angenommen; Verhältniswert fehlt (kein Tabellen-Eintrag vorhanden)","574070980608","","","nicht entscheidbar","ja","35","semiconductors/unprofitable","nicht entscheidbar","intel corporation","Nicht-US-Gegenlinien; Heimat-/Primärstatus nicht abgeleitet","ja","USD"
"INTC","1INTC.MI|4335.HK|INL.DE|INTC.SW|INTC.VI|INTL.WA","C-nur-die-7","nein","Tabellen-Abdeckung angenommen; Verhältniswert fehlt (kein Tabellen-Eintrag vorhanden)","574070980608","","","nicht entscheidbar","ja","35","semiconductors/unprofitable","nicht entscheidbar","intel corporation","Nicht-US-Gegenlinien; Heimat-/Primärstatus nicht abgeleitet","ja","USD"
"IZMIF","8273.T","A","nein","Verhältnis nicht eindeutig: Kurs-Verhältnis nicht ganzzahlig","5736479232","","","nicht entscheidbar","nein","","","nicht entscheidbar","izumi co., ltd.","Nicht-US-Gegenlinien; Heimat-/Primärstatus nicht abgeleitet","","USD"
"IZMIF","8273.T","B","ja","B-Hypothese: einzige Nicht-US-Linie als Heimat-Linie (nicht bestätigt)","5736479232","1324038031.9191859","0.23081021971338428","zu groß","nein","","","Wahrheit nicht belegt","izumi co., ltd.","Nicht-US-Gegenlinien; Heimat-/Primärstatus nicht abgeleitet","","USD"
"IZMIF","8273.T","C-100","nein","Tabellen-Abdeckung angenommen; Verhältniswert fehlt (kein Tabellen-Eintrag vorhanden)","5736479232","","","nicht entscheidbar","nein","","","nicht entscheidbar","izumi co., ltd.","Nicht-US-Gegenlinien; Heimat-/Primärstatus nicht abgeleitet","ja","USD"
"IZMIF","8273.T","C-50","nein","Tabellen-Abdeckung angenommen; Verhältniswert fehlt (kein Tabellen-Eintrag vorhanden)","5736479232","","","nicht entscheidbar","nein","","","nicht entscheidbar","izumi co., ltd.","Nicht-US-Gegenlinien; Heimat-/Primärstatus nicht abgeleitet","ja","USD"
"IZMIF","8273.T","C-nur-die-7","nein","kein Tabellen-Eintrag: außerhalb angenommener Abdeckung","5736479232","","","nicht entscheidbar","nein","","","nicht entscheidbar","izumi co., ltd.","Nicht-US-Gegenlinien; Heimat-/Primärstatus nicht abgeleitet","nein","USD"
"JBHIF","JBH.AX","A","nein","Verhältnis nicht eindeutig: Kurs-Verhältnis nicht ganzzahlig","8881200128","","","nicht entscheidbar","nein","","","nicht entscheidbar","jb hi-fi limited","Nicht-US-Gegenlinien; Heimat-/Primärstatus nicht abgeleitet","","USD"
"JBHIF","JBH.AX","B","ja","B-Hypothese: einzige Nicht-US-Linie als Heimat-Linie (nicht bestätigt)","8881200128","5078167417.072364","0.5717884231729322","zu groß","nein","","","Wahrheit nicht belegt","jb hi-fi limited","Nicht-US-Gegenlinien; Heimat-/Primärstatus nicht abgeleitet","","USD"
"JBHIF","JBH.AX","C-100","nein","Tabellen-Abdeckung angenommen; Verhältniswert fehlt (kein Tabellen-Eintrag vorhanden)","8881200128","","","nicht entscheidbar","nein","","","nicht entscheidbar","jb hi-fi limited","Nicht-US-Gegenlinien; Heimat-/Primärstatus nicht abgeleitet","ja","USD"
"JBHIF","JBH.AX","C-50","nein","Tabellen-Abdeckung angenommen; Verhältniswert fehlt (kein Tabellen-Eintrag vorhanden)","8881200128","","","nicht entscheidbar","nein","","","nicht entscheidbar","jb hi-fi limited","Nicht-US-Gegenlinien; Heimat-/Primärstatus nicht abgeleitet","ja","USD"
"JBHIF","JBH.AX","C-nur-die-7","nein","kein Tabellen-Eintrag: außerhalb angenommener Abdeckung","8881200128","","","nicht entscheidbar","nein","","","nicht entscheidbar","jb hi-fi limited","Nicht-US-Gegenlinien; Heimat-/Primärstatus nicht abgeleitet","nein","USD"
"JBS","Z98.DE","A","ja","A-Hypothese: gleiche Stückzahl; ganzzahliges Kurs-Verhältnis in gleicher Währung","12808093696","12808093696","1","unverändert","ja","147","consumer-staples/profitable","unberührt","jbs n.v.","Nicht-US-Gegenlinien; Heimat-/Primärstatus nicht abgeleitet","","USD"
"JBS","Z98.DE","B","ja","B-Hypothese: einzige Nicht-US-Linie als Heimat-Linie (nicht bestätigt)","12808093696","39801579138.62963","3.1075334146766718","zu klein","ja","147","consumer-staples/profitable","verdirbt","jbs n.v.","Nicht-US-Gegenlinien; Heimat-/Primärstatus nicht abgeleitet","","USD"
"JBS","Z98.DE","C-100","nein","Tabellen-Abdeckung angenommen; Verhältniswert fehlt (kein Tabellen-Eintrag vorhanden)","12808093696","","","nicht entscheidbar","ja","147","consumer-staples/profitable","nicht entscheidbar","jbs n.v.","Nicht-US-Gegenlinien; Heimat-/Primärstatus nicht abgeleitet","ja","USD"
"JBS","Z98.DE","C-50","nein","Tabellen-Abdeckung angenommen; Verhältniswert fehlt (kein Tabellen-Eintrag vorhanden)","12808093696","","","nicht entscheidbar","ja","147","consumer-staples/profitable","nicht entscheidbar","jbs n.v.","Nicht-US-Gegenlinien; Heimat-/Primärstatus nicht abgeleitet","ja","USD"
"JBS","Z98.DE","C-nur-die-7","nein","Tabellen-Abdeckung angenommen; Verhältniswert fehlt (kein Tabellen-Eintrag vorhanden)","12808093696","","","nicht entscheidbar","ja","147","consumer-staples/profitable","nicht entscheidbar","jbs n.v.","Nicht-US-Gegenlinien; Heimat-/Primärstatus nicht abgeleitet","ja","USD"
"JCDXF","DEC.PA","A","nein","Verhältnis nicht eindeutig: Kurs-Verhältnis nicht ganzzahlig","3669886464","","","nicht entscheidbar","nein","","","nicht entscheidbar","jcdecaux se","Nicht-US-Gegenlinien; Heimat-/Primärstatus nicht abgeleitet","","USD"
"JCDXF","DEC.PA","B","ja","B-Hypothese: einzige Nicht-US-Linie als Heimat-Linie (nicht bestätigt)","3669886464","6174161448.5888","1.6823848664405985","zu klein","nein","","","Wahrheit nicht belegt","jcdecaux se","Nicht-US-Gegenlinien; Heimat-/Primärstatus nicht abgeleitet","","USD"
"JCDXF","DEC.PA","C-100","nein","Tabellen-Abdeckung angenommen; Verhältniswert fehlt (kein Tabellen-Eintrag vorhanden)","3669886464","","","nicht entscheidbar","nein","","","nicht entscheidbar","jcdecaux se","Nicht-US-Gegenlinien; Heimat-/Primärstatus nicht abgeleitet","ja","USD"
"JCDXF","DEC.PA","C-50","nein","Tabellen-Abdeckung angenommen; Verhältniswert fehlt (kein Tabellen-Eintrag vorhanden)","3669886464","","","nicht entscheidbar","nein","","","nicht entscheidbar","jcdecaux se","Nicht-US-Gegenlinien; Heimat-/Primärstatus nicht abgeleitet","ja","USD"
"JCDXF","DEC.PA","C-nur-die-7","nein","kein Tabellen-Eintrag: außerhalb angenommener Abdeckung","3669886464","","","nicht entscheidbar","nein","","","nicht entscheidbar","jcdecaux se","Nicht-US-Gegenlinien; Heimat-/Primärstatus nicht abgeleitet","nein","USD"
"JINFF","2099.HK|CGG.TO","A","nein","Verhältnis nicht eindeutig: Kurs-Verhältnis nicht ganzzahlig","7531861504","","","nicht entscheidbar","nein","","","nicht entscheidbar","china gold international resources corp. ltd.","Nicht-US-Gegenlinien; Heimat-/Primärstatus nicht abgeleitet","","USD"
"JINFF","2099.HK|CGG.TO","B","nein","Heimat-Linie nicht eindeutig: mehrere Nicht-US-Linien","7531861504","","","nicht entscheidbar","nein","","","nicht entscheidbar","china gold international resources corp. ltd.","Nicht-US-Gegenlinien; Heimat-/Primärstatus nicht abgeleitet","","USD"
"JINFF","2099.HK|CGG.TO","C-100","nein","Tabellen-Abdeckung angenommen; Verhältniswert fehlt (kein Tabellen-Eintrag vorhanden)","7531861504","","","nicht entscheidbar","nein","","","nicht entscheidbar","china gold international resources corp. ltd.","Nicht-US-Gegenlinien; Heimat-/Primärstatus nicht abgeleitet","ja","USD"
"JINFF","2099.HK|CGG.TO","C-50","nein","Tabellen-Abdeckung angenommen; Verhältniswert fehlt (kein Tabellen-Eintrag vorhanden)","7531861504","","","nicht entscheidbar","nein","","","nicht entscheidbar","china gold international resources corp. ltd.","Nicht-US-Gegenlinien; Heimat-/Primärstatus nicht abgeleitet","ja","USD"
"JINFF","2099.HK|CGG.TO","C-nur-die-7","nein","kein Tabellen-Eintrag: außerhalb angenommener Abdeckung","7531861504","","","nicht entscheidbar","nein","","","nicht entscheidbar","china gold international resources corp. ltd.","Nicht-US-Gegenlinien; Heimat-/Primärstatus nicht abgeleitet","nein","USD"
"JPHLF","6178.T","A","nein","Verhältnis nicht eindeutig: Kurs-Verhältnis nicht ganzzahlig","27316580352","","","nicht entscheidbar","nein","","","nicht entscheidbar","japan post holdings co., ltd.","Nicht-US-Gegenlinien; Heimat-/Primärstatus nicht abgeleitet","","USD"
"JPHLF","6178.T","B","ja","B-Hypothese: einzige Nicht-US-Linie als Heimat-Linie (nicht bestätigt)","27316580352","44060930388.81866","1.6129738723168074","zu klein","nein","","","Wahrheit nicht belegt","japan post holdings co., ltd.","Nicht-US-Gegenlinien; Heimat-/Primärstatus nicht abgeleitet","","USD"
"JPHLF","6178.T","C-100","nein","Tabellen-Abdeckung angenommen; Verhältniswert fehlt (kein Tabellen-Eintrag vorhanden)","27316580352","","","nicht entscheidbar","nein","","","nicht entscheidbar","japan post holdings co., ltd.","Nicht-US-Gegenlinien; Heimat-/Primärstatus nicht abgeleitet","ja","USD"
"JPHLF","6178.T","C-50","nein","Tabellen-Abdeckung angenommen; Verhältniswert fehlt (kein Tabellen-Eintrag vorhanden)","27316580352","","","nicht entscheidbar","nein","","","nicht entscheidbar","japan post holdings co., ltd.","Nicht-US-Gegenlinien; Heimat-/Primärstatus nicht abgeleitet","ja","USD"
"JPHLF","6178.T","C-nur-die-7","nein","kein Tabellen-Eintrag: außerhalb angenommener Abdeckung","27316580352","","","nicht entscheidbar","nein","","","nicht entscheidbar","japan post holdings co., ltd.","Nicht-US-Gegenlinien; Heimat-/Primärstatus nicht abgeleitet","nein","USD"
"JTEKF","6473.T","A","nein","Verhältnis nicht eindeutig: Kurs-Verhältnis nicht ganzzahlig","2463888384","","","nicht entscheidbar","nein","","","nicht entscheidbar","jtekt corporation","Nicht-US-Gegenlinien; Heimat-/Primärstatus nicht abgeleitet","","USD"
"JTEKF","6473.T","B","ja","B-Hypothese: einzige Nicht-US-Linie als Heimat-Linie (nicht bestätigt)","2463888384","4227377357.2305717","1.7157341155071462","zu klein","nein","","","Wahrheit nicht belegt","jtekt corporation","Nicht-US-Gegenlinien; Heimat-/Primärstatus nicht abgeleitet","","USD"
"JTEKF","6473.T","C-100","nein","Tabellen-Abdeckung angenommen; Verhältniswert fehlt (kein Tabellen-Eintrag vorhanden)","2463888384","","","nicht entscheidbar","nein","","","nicht entscheidbar","jtekt corporation","Nicht-US-Gegenlinien; Heimat-/Primärstatus nicht abgeleitet","ja","USD"
"JTEKF","6473.T","C-50","nein","Tabellen-Abdeckung angenommen; Verhältniswert fehlt (kein Tabellen-Eintrag vorhanden)","2463888384","","","nicht entscheidbar","nein","","","nicht entscheidbar","jtekt corporation","Nicht-US-Gegenlinien; Heimat-/Primärstatus nicht abgeleitet","ja","USD"
"JTEKF","6473.T","C-nur-die-7","nein","kein Tabellen-Eintrag: außerhalb angenommener Abdeckung","2463888384","","","nicht entscheidbar","nein","","","nicht entscheidbar","jtekt corporation","Nicht-US-Gegenlinien; Heimat-/Primärstatus nicht abgeleitet","nein","USD"
"JYSKF","JYS1.DE|JYSK.CO|JYSK.VI","A","nein","Verhältnis nicht eindeutig: Kurs-Verhältnis nicht ganzzahlig","4001010176","","","nicht entscheidbar","nein","","","nicht entscheidbar","jyske bank a/s","Nicht-US-Gegenlinien; Heimat-/Primärstatus nicht abgeleitet","","USD"
"JYSKF","JYS1.DE|JYSK.CO|JYSK.VI","B","nein","Heimat-Linie nicht eindeutig: mehrere Nicht-US-Linien","4001010176","","","nicht entscheidbar","nein","","","nicht entscheidbar","jyske bank a/s","Nicht-US-Gegenlinien; Heimat-/Primärstatus nicht abgeleitet","","USD"
"JYSKF","JYS1.DE|JYSK.CO|JYSK.VI","C-100","nein","Tabellen-Abdeckung angenommen; Verhältniswert fehlt (kein Tabellen-Eintrag vorhanden)","4001010176","","","nicht entscheidbar","nein","","","nicht entscheidbar","jyske bank a/s","Nicht-US-Gegenlinien; Heimat-/Primärstatus nicht abgeleitet","ja","USD"
"JYSKF","JYS1.DE|JYSK.CO|JYSK.VI","C-50","nein","Tabellen-Abdeckung angenommen; Verhältniswert fehlt (kein Tabellen-Eintrag vorhanden)","4001010176","","","nicht entscheidbar","nein","","","nicht entscheidbar","jyske bank a/s","Nicht-US-Gegenlinien; Heimat-/Primärstatus nicht abgeleitet","ja","USD"
"JYSKF","JYS1.DE|JYSK.CO|JYSK.VI","C-nur-die-7","nein","kein Tabellen-Eintrag: außerhalb angenommener Abdeckung","4001010176","","","nicht entscheidbar","nein","","","nicht entscheidbar","jyske bank a/s","Nicht-US-Gegenlinien; Heimat-/Primärstatus nicht abgeleitet","nein","USD"
"KANKF","4118.T","A","nein","Verhältnis nicht eindeutig: Kurs-Verhältnis nicht ganzzahlig","1513785984","","","nicht entscheidbar","nein","","","nicht entscheidbar","kaneka corporation","Nicht-US-Gegenlinien; Heimat-/Primärstatus nicht abgeleitet","","USD"
"KANKF","4118.T","B","ja","B-Hypothese: einzige Nicht-US-Linie als Heimat-Linie (nicht bestätigt)","1513785984","2319536820.888699","1.5322752657278527","zu klein","nein","","","Wahrheit nicht belegt","kaneka corporation","Nicht-US-Gegenlinien; Heimat-/Primärstatus nicht abgeleitet","","USD"
"KANKF","4118.T","C-100","nein","Tabellen-Abdeckung angenommen; Verhältniswert fehlt (kein Tabellen-Eintrag vorhanden)","1513785984","","","nicht entscheidbar","nein","","","nicht entscheidbar","kaneka corporation","Nicht-US-Gegenlinien; Heimat-/Primärstatus nicht abgeleitet","ja","USD"
"KANKF","4118.T","C-50","nein","Tabellen-Abdeckung angenommen; Verhältniswert fehlt (kein Tabellen-Eintrag vorhanden)","1513785984","","","nicht entscheidbar","nein","","","nicht entscheidbar","kaneka corporation","Nicht-US-Gegenlinien; Heimat-/Primärstatus nicht abgeleitet","ja","USD"
"KANKF","4118.T","C-nur-die-7","nein","kein Tabellen-Eintrag: außerhalb angenommener Abdeckung","1513785984","","","nicht entscheidbar","nein","","","nicht entscheidbar","kaneka corporation","Nicht-US-Gegenlinien; Heimat-/Primärstatus nicht abgeleitet","nein","USD"
"KBDCF","0148.HK","A","nein","Verhältnis nicht eindeutig: Kurs-Verhältnis nicht ganzzahlig","17387618304","","","nicht entscheidbar","nein","","","nicht entscheidbar","kingboard holdings limited","Nicht-US-Gegenlinien; Heimat-/Primärstatus nicht abgeleitet","","USD"
"KBDCF","0148.HK","B","ja","B-Hypothese: einzige Nicht-US-Linie als Heimat-Linie (nicht bestätigt)","17387618304","7979631612.378317","0.4589260859575352","zu groß","nein","","","Wahrheit nicht belegt","kingboard holdings limited","Nicht-US-Gegenlinien; Heimat-/Primärstatus nicht abgeleitet","","USD"
"KBDCF","0148.HK","C-100","nein","Tabellen-Abdeckung angenommen; Verhältniswert fehlt (kein Tabellen-Eintrag vorhanden)","17387618304","","","nicht entscheidbar","nein","","","nicht entscheidbar","kingboard holdings limited","Nicht-US-Gegenlinien; Heimat-/Primärstatus nicht abgeleitet","ja","USD"
"KBDCF","0148.HK","C-50","nein","Tabellen-Abdeckung angenommen; Verhältniswert fehlt (kein Tabellen-Eintrag vorhanden)","17387618304","","","nicht entscheidbar","nein","","","nicht entscheidbar","kingboard holdings limited","Nicht-US-Gegenlinien; Heimat-/Primärstatus nicht abgeleitet","ja","USD"
"KBDCF","0148.HK","C-nur-die-7","nein","kein Tabellen-Eintrag: außerhalb angenommener Abdeckung","17387618304","","","nicht entscheidbar","nein","","","nicht entscheidbar","kingboard holdings limited","Nicht-US-Gegenlinien; Heimat-/Primärstatus nicht abgeleitet","nein","USD"
"KBKIF","2222.T","A","nein","Verhältnis nicht eindeutig: Kurs-Verhältnis nicht ganzzahlig","1621546880","","","nicht entscheidbar","nein","","","nicht entscheidbar","kotobuki spirits co., ltd.","Nicht-US-Gegenlinien; Heimat-/Primärstatus nicht abgeleitet","","USD"
"KBKIF","2222.T","B","ja","B-Hypothese: einzige Nicht-US-Linie als Heimat-Linie (nicht bestätigt)","1621546880","2556900361.9806414","1.5768279002705377","zu klein","nein","","","Wahrheit nicht belegt","kotobuki spirits co., ltd.","Nicht-US-Gegenlinien; Heimat-/Primärstatus nicht abgeleitet","","USD"
"KBKIF","2222.T","C-100","nein","Tabellen-Abdeckung angenommen; Verhältniswert fehlt (kein Tabellen-Eintrag vorhanden)","1621546880","","","nicht entscheidbar","nein","","","nicht entscheidbar","kotobuki spirits co., ltd.","Nicht-US-Gegenlinien; Heimat-/Primärstatus nicht abgeleitet","ja","USD"
"KBKIF","2222.T","C-50","nein","Tabellen-Abdeckung angenommen; Verhältniswert fehlt (kein Tabellen-Eintrag vorhanden)","1621546880","","","nicht entscheidbar","nein","","","nicht entscheidbar","kotobuki spirits co., ltd.","Nicht-US-Gegenlinien; Heimat-/Primärstatus nicht abgeleitet","ja","USD"
"KBKIF","2222.T","C-nur-die-7","nein","kein Tabellen-Eintrag: außerhalb angenommener Abdeckung","1621546880","","","nicht entscheidbar","nein","","","nicht entscheidbar","kotobuki spirits co., ltd.","Nicht-US-Gegenlinien; Heimat-/Primärstatus nicht abgeleitet","nein","USD"
"KERCY","9009.T","A","ja","A-Hypothese: gleiche Stückzahl; ganzzahliges Kurs-Verhältnis in gleicher Währung","8622437376","4311218688","0.5","zu groß","nein","","","Wahrheit nicht belegt","keisei electric railway co., ltd.","Nicht-US-Gegenlinien; Heimat-/Primärstatus nicht abgeleitet","","USD"
"KERCY","9009.T","B","ja","B-Hypothese: einzige Nicht-US-Linie als Heimat-Linie (nicht bestätigt)","8622437376","4228874379.93345","0.49044999639014486","zu groß","nein","","","Wahrheit nicht belegt","keisei electric railway co., ltd.","Nicht-US-Gegenlinien; Heimat-/Primärstatus nicht abgeleitet","","USD"
"KERCY","9009.T","C-100","nein","Tabellen-Abdeckung angenommen; Verhältniswert fehlt (kein Tabellen-Eintrag vorhanden)","8622437376","","","nicht entscheidbar","nein","","","nicht entscheidbar","keisei electric railway co., ltd.","Nicht-US-Gegenlinien; Heimat-/Primärstatus nicht abgeleitet","ja","USD"
"KERCY","9009.T","C-50","nein","Tabellen-Abdeckung angenommen; Verhältniswert fehlt (kein Tabellen-Eintrag vorhanden)","8622437376","","","nicht entscheidbar","nein","","","nicht entscheidbar","keisei electric railway co., ltd.","Nicht-US-Gegenlinien; Heimat-/Primärstatus nicht abgeleitet","ja","USD"
"KERCY","9009.T","C-nur-die-7","nein","kein Tabellen-Eintrag: außerhalb angenommener Abdeckung","8622437376","","","nicht entscheidbar","nein","","","nicht entscheidbar","keisei electric railway co., ltd.","Nicht-US-Gegenlinien; Heimat-/Primärstatus nicht abgeleitet","nein","USD"
"KGDEF","0268.HK","A","ja","A-Hypothese: gleiche Stückzahl; ganzzahliges Kurs-Verhältnis in gleicher Währung","6604696576","3302348288","0.5","zu groß","nein","","","Wahrheit nicht belegt","kingdee international software group company limited","Nicht-US-Gegenlinien; Heimat-/Primärstatus nicht abgeleitet","","USD"
"KGDEF","0268.HK","B","ja","B-Hypothese: einzige Nicht-US-Linie als Heimat-Linie (nicht bestätigt)","6604696576","3360231229.8617244","0.5087639062893605","zu groß","nein","","","Wahrheit nicht belegt","kingdee international software group company limited","Nicht-US-Gegenlinien; Heimat-/Primärstatus nicht abgeleitet","","USD"
"KGDEF","0268.HK","C-100","nein","Tabellen-Abdeckung angenommen; Verhältniswert fehlt (kein Tabellen-Eintrag vorhanden)","6604696576","","","nicht entscheidbar","nein","","","nicht entscheidbar","kingdee international software group company limited","Nicht-US-Gegenlinien; Heimat-/Primärstatus nicht abgeleitet","ja","USD"
"KGDEF","0268.HK","C-50","nein","Tabellen-Abdeckung angenommen; Verhältniswert fehlt (kein Tabellen-Eintrag vorhanden)","6604696576","","","nicht entscheidbar","nein","","","nicht entscheidbar","kingdee international software group company limited","Nicht-US-Gegenlinien; Heimat-/Primärstatus nicht abgeleitet","ja","USD"
"KGDEF","0268.HK","C-nur-die-7","nein","kein Tabellen-Eintrag: außerhalb angenommener Abdeckung","6604696576","","","nicht entscheidbar","nein","","","nicht entscheidbar","kingdee international software group company limited","Nicht-US-Gegenlinien; Heimat-/Primärstatus nicht abgeleitet","nein","USD"
"KMERF","KOMB.PR","A","nein","Verhältnis nicht eindeutig: Kurs-Verhältnis nicht ganzzahlig","5422839808","","","nicht entscheidbar","nein","","","nicht entscheidbar","komercní banka, a.s.","Nicht-US-Gegenlinien; Heimat-/Primärstatus nicht abgeleitet","","USD"
"KMERF","KOMB.PR","B","ja","B-Hypothese: einzige Nicht-US-Linie als Heimat-Linie (nicht bestätigt)","5422839808","9343735340.074926","1.7230336264572406","zu klein","nein","","","Wahrheit nicht belegt","komercní banka, a.s.","Nicht-US-Gegenlinien; Heimat-/Primärstatus nicht abgeleitet","","USD"
"KMERF","KOMB.PR","C-100","nein","Tabellen-Abdeckung angenommen; Verhältniswert fehlt (kein Tabellen-Eintrag vorhanden)","5422839808","","","nicht entscheidbar","nein","","","nicht entscheidbar","komercní banka, a.s.","Nicht-US-Gegenlinien; Heimat-/Primärstatus nicht abgeleitet","ja","USD"
"KMERF","KOMB.PR","C-50","nein","Tabellen-Abdeckung angenommen; Verhältniswert fehlt (kein Tabellen-Eintrag vorhanden)","5422839808","","","nicht entscheidbar","nein","","","nicht entscheidbar","komercní banka, a.s.","Nicht-US-Gegenlinien; Heimat-/Primärstatus nicht abgeleitet","ja","USD"
"KMERF","KOMB.PR","C-nur-die-7","nein","kein Tabellen-Eintrag: außerhalb angenommener Abdeckung","5422839808","","","nicht entscheidbar","nein","","","nicht entscheidbar","komercní banka, a.s.","Nicht-US-Gegenlinien; Heimat-/Primärstatus nicht abgeleitet","nein","USD"
"KOZAY","TRALT.IS","A","ja","A-Hypothese: ganzzahliges Stückzahl-Verhältnis","1921499904","19214999040","10","zu klein","nein","","","Wahrheit nicht belegt","turk altin isletmeleri a.s.","Nicht-US-Gegenlinien; Heimat-/Primärstatus nicht abgeleitet","","USD"
"KOZAY","TRALT.IS","B","ja","B-Hypothese: einzige Nicht-US-Linie als Heimat-Linie (nicht bestätigt)","1921499904","3297077620.79046","1.715887476198625","zu klein","nein","","","Wahrheit nicht belegt","turk altin isletmeleri a.s.","Nicht-US-Gegenlinien; Heimat-/Primärstatus nicht abgeleitet","","USD"
"KOZAY","TRALT.IS","C-100","nein","Tabellen-Abdeckung angenommen; Verhältniswert fehlt (kein Tabellen-Eintrag vorhanden)","1921499904","","","nicht entscheidbar","nein","","","nicht entscheidbar","turk altin isletmeleri a.s.","Nicht-US-Gegenlinien; Heimat-/Primärstatus nicht abgeleitet","ja","USD"
"KOZAY","TRALT.IS","C-50","nein","Tabellen-Abdeckung angenommen; Verhältniswert fehlt (kein Tabellen-Eintrag vorhanden)","1921499904","","","nicht entscheidbar","nein","","","nicht entscheidbar","turk altin isletmeleri a.s.","Nicht-US-Gegenlinien; Heimat-/Primärstatus nicht abgeleitet","ja","USD"
"KOZAY","TRALT.IS","C-nur-die-7","nein","kein Tabellen-Eintrag: außerhalb angenommener Abdeckung","1921499904","","","nicht entscheidbar","nein","","","nicht entscheidbar","turk altin isletmeleri a.s.","Nicht-US-Gegenlinien; Heimat-/Primärstatus nicht abgeleitet","nein","USD"
"KTITF","8919.T","A","nein","Verhältnis nicht eindeutig: Kurs-Verhältnis nicht ganzzahlig","834833664","","","nicht entscheidbar","nein","","","nicht entscheidbar","katitas co., ltd.","Nicht-US-Gegenlinien; Heimat-/Primärstatus nicht abgeleitet","","USD"
"KTITF","8919.T","B","ja","B-Hypothese: einzige Nicht-US-Linie als Heimat-Linie (nicht bestätigt)","834833664","1763760770.8021555","2.1127092100614613","zu klein","nein","","","Wahrheit nicht belegt","katitas co., ltd.","Nicht-US-Gegenlinien; Heimat-/Primärstatus nicht abgeleitet","","USD"
"KTITF","8919.T","C-100","nein","Tabellen-Abdeckung angenommen; Verhältniswert fehlt (kein Tabellen-Eintrag vorhanden)","834833664","","","nicht entscheidbar","nein","","","nicht entscheidbar","katitas co., ltd.","Nicht-US-Gegenlinien; Heimat-/Primärstatus nicht abgeleitet","ja","USD"
"KTITF","8919.T","C-50","nein","kein Tabellen-Eintrag: außerhalb angenommener Abdeckung","834833664","","","nicht entscheidbar","nein","","","nicht entscheidbar","katitas co., ltd.","Nicht-US-Gegenlinien; Heimat-/Primärstatus nicht abgeleitet","nein","USD"
"KTITF","8919.T","C-nur-die-7","nein","kein Tabellen-Eintrag: außerhalb angenommener Abdeckung","834833664","","","nicht entscheidbar","nein","","","nicht entscheidbar","katitas co., ltd.","Nicht-US-Gegenlinien; Heimat-/Primärstatus nicht abgeleitet","nein","USD"
"KUCPF","2695.T","A","nein","Verhältnis nicht eindeutig: Kurs-Verhältnis nicht ganzzahlig","1867927424","","","nicht entscheidbar","nein","","","nicht entscheidbar","kura sushi, inc.","Nicht-US-Gegenlinien; Heimat-/Primärstatus nicht abgeleitet","","USD"
"KUCPF","2695.T","B","ja","B-Hypothese: einzige Nicht-US-Linie als Heimat-Linie (nicht bestätigt)","1867927424","847792775.267328","0.45386815589004814","zu groß","nein","","","Wahrheit nicht belegt","kura sushi, inc.","Nicht-US-Gegenlinien; Heimat-/Primärstatus nicht abgeleitet","","USD"
"KUCPF","2695.T","C-100","nein","Tabellen-Abdeckung angenommen; Verhältniswert fehlt (kein Tabellen-Eintrag vorhanden)","1867927424","","","nicht entscheidbar","nein","","","nicht entscheidbar","kura sushi, inc.","Nicht-US-Gegenlinien; Heimat-/Primärstatus nicht abgeleitet","ja","USD"
"KUCPF","2695.T","C-50","nein","kein Tabellen-Eintrag: außerhalb angenommener Abdeckung","1867927424","","","nicht entscheidbar","nein","","","nicht entscheidbar","kura sushi, inc.","Nicht-US-Gegenlinien; Heimat-/Primärstatus nicht abgeleitet","nein","USD"
"KUCPF","2695.T","C-nur-die-7","nein","kein Tabellen-Eintrag: außerhalb angenommener Abdeckung","1867927424","","","nicht entscheidbar","nein","","","nicht entscheidbar","kura sushi, inc.","Nicht-US-Gegenlinien; Heimat-/Primärstatus nicht abgeleitet","nein","USD"
"LGBOF","3330.HK","A","nein","Verhältnis nicht eindeutig: Kurs-Verhältnis nicht ganzzahlig","2686407424","","","nicht entscheidbar","nein","","","nicht entscheidbar","lingbao gold group company ltd.","Nicht-US-Gegenlinien; Heimat-/Primärstatus nicht abgeleitet","","USD"
"LGBOF","3330.HK","B","ja","B-Hypothese: einzige Nicht-US-Linie als Heimat-Linie (nicht bestätigt)","2686407424","4313262437.608489","1.6055875959373798","zu klein","nein","","","Wahrheit nicht belegt","lingbao gold group company ltd.","Nicht-US-Gegenlinien; Heimat-/Primärstatus nicht abgeleitet","","USD"
"LGBOF","3330.HK","C-100","nein","Tabellen-Abdeckung angenommen; Verhältniswert fehlt (kein Tabellen-Eintrag vorhanden)","2686407424","","","nicht entscheidbar","nein","","","nicht entscheidbar","lingbao gold group company ltd.","Nicht-US-Gegenlinien; Heimat-/Primärstatus nicht abgeleitet","ja","USD"
"LGBOF","3330.HK","C-50","nein","kein Tabellen-Eintrag: außerhalb angenommener Abdeckung","2686407424","","","nicht entscheidbar","nein","","","nicht entscheidbar","lingbao gold group company ltd.","Nicht-US-Gegenlinien; Heimat-/Primärstatus nicht abgeleitet","nein","USD"
"LGBOF","3330.HK","C-nur-die-7","nein","kein Tabellen-Eintrag: außerhalb angenommener Abdeckung","2686407424","","","nicht entscheidbar","nein","","","nicht entscheidbar","lingbao gold group company ltd.","Nicht-US-Gegenlinien; Heimat-/Primärstatus nicht abgeleitet","nein","USD"
"LLAZF","LLBN.SW","A","ja","A-Hypothese: gleiche Stückzahl; ganzzahliges Kurs-Verhältnis in gleicher Währung","2124492544","4248985088","2","zu klein","nein","","","Wahrheit nicht belegt","liechtensteinische landesbank aktiengesellschaft","Nicht-US-Gegenlinien; Heimat-/Primärstatus nicht abgeleitet","","USD"
"LLAZF","LLBN.SW","B","ja","B-Hypothese: einzige Nicht-US-Linie als Heimat-Linie (nicht bestätigt)","2124492544","4318914255.942502","2.0329157041007258","zu klein","nein","","","Wahrheit nicht belegt","liechtensteinische landesbank aktiengesellschaft","Nicht-US-Gegenlinien; Heimat-/Primärstatus nicht abgeleitet","","USD"
"LLAZF","LLBN.SW","C-100","nein","Tabellen-Abdeckung angenommen; Verhältniswert fehlt (kein Tabellen-Eintrag vorhanden)","2124492544","","","nicht entscheidbar","nein","","","nicht entscheidbar","liechtensteinische landesbank aktiengesellschaft","Nicht-US-Gegenlinien; Heimat-/Primärstatus nicht abgeleitet","ja","USD"
"LLAZF","LLBN.SW","C-50","nein","kein Tabellen-Eintrag: außerhalb angenommener Abdeckung","2124492544","","","nicht entscheidbar","nein","","","nicht entscheidbar","liechtensteinische landesbank aktiengesellschaft","Nicht-US-Gegenlinien; Heimat-/Primärstatus nicht abgeleitet","nein","USD"
"LLAZF","LLBN.SW","C-nur-die-7","nein","kein Tabellen-Eintrag: außerhalb angenommener Abdeckung","2124492544","","","nicht entscheidbar","nein","","","nicht entscheidbar","liechtensteinische landesbank aktiengesellschaft","Nicht-US-Gegenlinien; Heimat-/Primärstatus nicht abgeleitet","nein","USD"
"LNTCY","300433.SZ|6613.HK","A","nein","Verhältnis nicht eindeutig: Linien widersprechen sich","15704253440","","","nicht entscheidbar","nein","","","nicht entscheidbar","lens technology co., ltd.","Nicht-US-Gegenlinien; Heimat-/Primärstatus nicht abgeleitet","","USD"
"LNTCY","300433.SZ|6613.HK","B","nein","Heimat-Linie nicht eindeutig: mehrere Nicht-US-Linien","15704253440","","","nicht entscheidbar","nein","","","nicht entscheidbar","lens technology co., ltd.","Nicht-US-Gegenlinien; Heimat-/Primärstatus nicht abgeleitet","","USD"
"LNTCY","300433.SZ|6613.HK","C-100","nein","Tabellen-Abdeckung angenommen; Verhältniswert fehlt (kein Tabellen-Eintrag vorhanden)","15704253440","","","nicht entscheidbar","nein","","","nicht entscheidbar","lens technology co., ltd.","Nicht-US-Gegenlinien; Heimat-/Primärstatus nicht abgeleitet","ja","USD"
"LNTCY","300433.SZ|6613.HK","C-50","nein","kein Tabellen-Eintrag: außerhalb angenommener Abdeckung","15704253440","","","nicht entscheidbar","nein","","","nicht entscheidbar","lens technology co., ltd.","Nicht-US-Gegenlinien; Heimat-/Primärstatus nicht abgeleitet","nein","USD"
"LNTCY","300433.SZ|6613.HK","C-nur-die-7","nein","kein Tabellen-Eintrag: außerhalb angenommener Abdeckung","15704253440","","","nicht entscheidbar","nein","","","nicht entscheidbar","lens technology co., ltd.","Nicht-US-Gegenlinien; Heimat-/Primärstatus nicht abgeleitet","nein","USD"
"LNVGF","0992.HK","A","nein","Verhältnis nicht eindeutig: Kurs-Verhältnis nicht ganzzahlig","34733043712","","","nicht entscheidbar","nein","","","nicht entscheidbar","lenovo group limited","Nicht-US-Gegenlinien; Heimat-/Primärstatus nicht abgeleitet","","USD"
"LNVGF","0992.HK","B","ja","B-Hypothese: einzige Nicht-US-Linie als Heimat-Linie (nicht bestätigt)","34733043712","59426739945.75643","1.7109568754904412","zu klein","nein","","","Wahrheit nicht belegt","lenovo group limited","Nicht-US-Gegenlinien; Heimat-/Primärstatus nicht abgeleitet","","USD"
"LNVGF","0992.HK","C-100","nein","Tabellen-Abdeckung angenommen; Verhältniswert fehlt (kein Tabellen-Eintrag vorhanden)","34733043712","","","nicht entscheidbar","nein","","","nicht entscheidbar","lenovo group limited","Nicht-US-Gegenlinien; Heimat-/Primärstatus nicht abgeleitet","ja","USD"
"LNVGF","0992.HK","C-50","nein","kein Tabellen-Eintrag: außerhalb angenommener Abdeckung","34733043712","","","nicht entscheidbar","nein","","","nicht entscheidbar","lenovo group limited","Nicht-US-Gegenlinien; Heimat-/Primärstatus nicht abgeleitet","nein","USD"
"LNVGF","0992.HK","C-nur-die-7","nein","kein Tabellen-Eintrag: außerhalb angenommener Abdeckung","34733043712","","","nicht entscheidbar","nein","","","nicht entscheidbar","lenovo group limited","Nicht-US-Gegenlinien; Heimat-/Primärstatus nicht abgeleitet","nein","USD"
"LU","6623.HK","A","ja","A-Hypothese: ganzzahliges Stückzahl-Verhältnis","1022692864","2045385728","2","zu klein","ja","7","financials/unprofitable","korrigiert","lufax holding ltd","Nicht-US-Gegenlinien; Heimat-/Primärstatus nicht abgeleitet","","USD"
"LU","6623.HK","B","ja","B-Hypothese: einzige Nicht-US-Linie als Heimat-Linie (nicht bestätigt)","1022692864","2408574075.497595","2.3551294433375403","zu klein","ja","7","financials/unprofitable","verdirbt","lufax holding ltd","Nicht-US-Gegenlinien; Heimat-/Primärstatus nicht abgeleitet","","USD"
"LU","6623.HK","C-100","nein","Tabellen-Abdeckung angenommen; Verhältniswert fehlt (kein Tabellen-Eintrag vorhanden)","1022692864","","","nicht entscheidbar","ja","7","financials/unprofitable","nicht entscheidbar","lufax holding ltd","Nicht-US-Gegenlinien; Heimat-/Primärstatus nicht abgeleitet","ja","USD"
"LU","6623.HK","C-50","nein","kein Tabellen-Eintrag: außerhalb angenommener Abdeckung","1022692864","","","nicht entscheidbar","ja","7","financials/unprofitable","nicht entscheidbar","lufax holding ltd","Nicht-US-Gegenlinien; Heimat-/Primärstatus nicht abgeleitet","nein","USD"
"LU","6623.HK","C-nur-die-7","nein","Tabellen-Abdeckung angenommen; Verhältniswert fehlt (kein Tabellen-Eintrag vorhanden)","1022692864","","","nicht entscheidbar","ja","7","financials/unprofitable","nicht entscheidbar","lufax holding ltd","Nicht-US-Gegenlinien; Heimat-/Primärstatus nicht abgeleitet","ja","USD"
"LVZPF","000513.SZ|1513.HK","A","nein","Verhältnis nicht eindeutig: Kurs-Verhältnis nicht ganzzahlig","3862396160","","","nicht entscheidbar","nein","","","nicht entscheidbar","livzon pharmaceutical group inc.","Nicht-US-Gegenlinien; Heimat-/Primärstatus nicht abgeleitet","","USD"
"LVZPF","000513.SZ|1513.HK","B","nein","Heimat-Linie nicht eindeutig: mehrere Nicht-US-Linien","3862396160","","","nicht entscheidbar","nein","","","nicht entscheidbar","livzon pharmaceutical group inc.","Nicht-US-Gegenlinien; Heimat-/Primärstatus nicht abgeleitet","","USD"
"LVZPF","000513.SZ|1513.HK","C-100","nein","Tabellen-Abdeckung angenommen; Verhältniswert fehlt (kein Tabellen-Eintrag vorhanden)","3862396160","","","nicht entscheidbar","nein","","","nicht entscheidbar","livzon pharmaceutical group inc.","Nicht-US-Gegenlinien; Heimat-/Primärstatus nicht abgeleitet","ja","USD"
"LVZPF","000513.SZ|1513.HK","C-50","nein","kein Tabellen-Eintrag: außerhalb angenommener Abdeckung","3862396160","","","nicht entscheidbar","nein","","","nicht entscheidbar","livzon pharmaceutical group inc.","Nicht-US-Gegenlinien; Heimat-/Primärstatus nicht abgeleitet","nein","USD"
"LVZPF","000513.SZ|1513.HK","C-nur-die-7","nein","kein Tabellen-Eintrag: außerhalb angenommener Abdeckung","3862396160","","","nicht entscheidbar","nein","","","nicht entscheidbar","livzon pharmaceutical group inc.","Nicht-US-Gegenlinien; Heimat-/Primärstatus nicht abgeleitet","nein","USD"
"MANDF","1MANT.MI|MANTA.HE","A","nein","Verhältnis nicht eindeutig: Kurs-Verhältnis nicht ganzzahlig","2128585856","","","nicht entscheidbar","nein","","","nicht entscheidbar","mandatum oyj","Nicht-US-Gegenlinien; Heimat-/Primärstatus nicht abgeleitet","","USD"
"MANDF","1MANT.MI|MANTA.HE","B","nein","Heimat-Linie nicht eindeutig: mehrere Nicht-US-Linien","2128585856","","","nicht entscheidbar","nein","","","nicht entscheidbar","mandatum oyj","Nicht-US-Gegenlinien; Heimat-/Primärstatus nicht abgeleitet","","USD"
"MANDF","1MANT.MI|MANTA.HE","C-100","nein","Tabellen-Abdeckung angenommen; Verhältniswert fehlt (kein Tabellen-Eintrag vorhanden)","2128585856","","","nicht entscheidbar","nein","","","nicht entscheidbar","mandatum oyj","Nicht-US-Gegenlinien; Heimat-/Primärstatus nicht abgeleitet","ja","USD"
"MANDF","1MANT.MI|MANTA.HE","C-50","nein","kein Tabellen-Eintrag: außerhalb angenommener Abdeckung","2128585856","","","nicht entscheidbar","nein","","","nicht entscheidbar","mandatum oyj","Nicht-US-Gegenlinien; Heimat-/Primärstatus nicht abgeleitet","nein","USD"
"MANDF","1MANT.MI|MANTA.HE","C-nur-die-7","nein","kein Tabellen-Eintrag: außerhalb angenommener Abdeckung","2128585856","","","nicht entscheidbar","nein","","","nicht entscheidbar","mandatum oyj","Nicht-US-Gegenlinien; Heimat-/Primärstatus nicht abgeleitet","nein","USD"
"MAWHF","1999.HK","A","nein","Verhältnis nicht eindeutig: Kurs-Verhältnis nicht ganzzahlig","2306370816","","","nicht entscheidbar","nein","","","nicht entscheidbar","man wah holdings limited","Nicht-US-Gegenlinien; Heimat-/Primärstatus nicht abgeleitet","","USD"
"MAWHF","1999.HK","B","ja","B-Hypothese: einzige Nicht-US-Linie als Heimat-Linie (nicht bestätigt)","2306370816","1381870187.7472053","0.5991535177954685","zu groß","nein","","","Wahrheit nicht belegt","man wah holdings limited","Nicht-US-Gegenlinien; Heimat-/Primärstatus nicht abgeleitet","","USD"
"MAWHF","1999.HK","C-100","nein","Tabellen-Abdeckung angenommen; Verhältniswert fehlt (kein Tabellen-Eintrag vorhanden)","2306370816","","","nicht entscheidbar","nein","","","nicht entscheidbar","man wah holdings limited","Nicht-US-Gegenlinien; Heimat-/Primärstatus nicht abgeleitet","ja","USD"
"MAWHF","1999.HK","C-50","nein","kein Tabellen-Eintrag: außerhalb angenommener Abdeckung","2306370816","","","nicht entscheidbar","nein","","","nicht entscheidbar","man wah holdings limited","Nicht-US-Gegenlinien; Heimat-/Primärstatus nicht abgeleitet","nein","USD"
"MAWHF","1999.HK","C-nur-die-7","nein","kein Tabellen-Eintrag: außerhalb angenommener Abdeckung","2306370816","","","nicht entscheidbar","nein","","","nicht entscheidbar","man wah holdings limited","Nicht-US-Gegenlinien; Heimat-/Primärstatus nicht abgeleitet","nein","USD"
"MBUMF","6592.T","A","nein","Verhältnis nicht eindeutig: Kurs-Verhältnis nicht ganzzahlig","3981403904","","","nicht entscheidbar","nein","","","nicht entscheidbar","mabuchi motor co., ltd.","Nicht-US-Gegenlinien; Heimat-/Primärstatus nicht abgeleitet","","USD"
"MBUMF","6592.T","B","ja","B-Hypothese: einzige Nicht-US-Linie als Heimat-Linie (nicht bestätigt)","3981403904","2567126953.1575913","0.6447793328826734","zu groß","nein","","","Wahrheit nicht belegt","mabuchi motor co., ltd.","Nicht-US-Gegenlinien; Heimat-/Primärstatus nicht abgeleitet","","USD"
"MBUMF","6592.T","C-100","nein","Tabellen-Abdeckung angenommen; Verhältniswert fehlt (kein Tabellen-Eintrag vorhanden)","3981403904","","","nicht entscheidbar","nein","","","nicht entscheidbar","mabuchi motor co., ltd.","Nicht-US-Gegenlinien; Heimat-/Primärstatus nicht abgeleitet","ja","USD"
"MBUMF","6592.T","C-50","nein","kein Tabellen-Eintrag: außerhalb angenommener Abdeckung","3981403904","","","nicht entscheidbar","nein","","","nicht entscheidbar","mabuchi motor co., ltd.","Nicht-US-Gegenlinien; Heimat-/Primärstatus nicht abgeleitet","nein","USD"
"MBUMF","6592.T","C-nur-die-7","nein","kein Tabellen-Eintrag: außerhalb angenommener Abdeckung","3981403904","","","nicht entscheidbar","nein","","","nicht entscheidbar","mabuchi motor co., ltd.","Nicht-US-Gegenlinien; Heimat-/Primärstatus nicht abgeleitet","nein","USD"
"MCHIF","5463.T","A","ja","A-Hypothese: gleiche Stückzahl; ganzzahliges Kurs-Verhältnis in gleicher Währung","4855557632","2427778816","0.5","zu groß","nein","","","Wahrheit nicht belegt","maruichi steel tube ltd.","Nicht-US-Gegenlinien; Heimat-/Primärstatus nicht abgeleitet","","USD"
"MCHIF","5463.T","B","ja","B-Hypothese: einzige Nicht-US-Linie als Heimat-Linie (nicht bestätigt)","4855557632","2447626478.7360153","0.5040876175797423","zu groß","nein","","","Wahrheit nicht belegt","maruichi steel tube ltd.","Nicht-US-Gegenlinien; Heimat-/Primärstatus nicht abgeleitet","","USD"
"MCHIF","5463.T","C-100","nein","Tabellen-Abdeckung angenommen; Verhältniswert fehlt (kein Tabellen-Eintrag vorhanden)","4855557632","","","nicht entscheidbar","nein","","","nicht entscheidbar","maruichi steel tube ltd.","Nicht-US-Gegenlinien; Heimat-/Primärstatus nicht abgeleitet","ja","USD"
"MCHIF","5463.T","C-50","nein","kein Tabellen-Eintrag: außerhalb angenommener Abdeckung","4855557632","","","nicht entscheidbar","nein","","","nicht entscheidbar","maruichi steel tube ltd.","Nicht-US-Gegenlinien; Heimat-/Primärstatus nicht abgeleitet","nein","USD"
"MCHIF","5463.T","C-nur-die-7","nein","kein Tabellen-Eintrag: außerhalb angenommener Abdeckung","4855557632","","","nicht entscheidbar","nein","","","nicht entscheidbar","maruichi steel tube ltd.","Nicht-US-Gegenlinien; Heimat-/Primärstatus nicht abgeleitet","nein","USD"
"MCRPF","0853.HK","A","ja","A-Hypothese: gleiche Stückzahl; ganzzahliges Kurs-Verhältnis in gleicher Währung","3003057920","1501528960","0.5","zu groß","nein","","","Wahrheit nicht belegt","microport scientific corporation","Nicht-US-Gegenlinien; Heimat-/Primärstatus nicht abgeleitet","","USD"
"MCRPF","0853.HK","B","ja","B-Hypothese: einzige Nicht-US-Linie als Heimat-Linie (nicht bestätigt)","3003057920","1481325884.2538805","0.49327249880477847","zu groß","nein","","","Wahrheit nicht belegt","microport scientific corporation","Nicht-US-Gegenlinien; Heimat-/Primärstatus nicht abgeleitet","","USD"
"MCRPF","0853.HK","C-100","nein","Tabellen-Abdeckung angenommen; Verhältniswert fehlt (kein Tabellen-Eintrag vorhanden)","3003057920","","","nicht entscheidbar","nein","","","nicht entscheidbar","microport scientific corporation","Nicht-US-Gegenlinien; Heimat-/Primärstatus nicht abgeleitet","ja","USD"
"MCRPF","0853.HK","C-50","nein","kein Tabellen-Eintrag: außerhalb angenommener Abdeckung","3003057920","","","nicht entscheidbar","nein","","","nicht entscheidbar","microport scientific corporation","Nicht-US-Gegenlinien; Heimat-/Primärstatus nicht abgeleitet","nein","USD"
"MCRPF","0853.HK","C-nur-die-7","nein","kein Tabellen-Eintrag: außerhalb angenommener Abdeckung","3003057920","","","nicht entscheidbar","nein","","","nicht entscheidbar","microport scientific corporation","Nicht-US-Gegenlinien; Heimat-/Primärstatus nicht abgeleitet","nein","USD"
"MFRVF","MFRISCO/A-1.MX","A","nein","nicht entscheidbar ohne Kurs","3656042752","","","nicht entscheidbar","nein","","","nicht entscheidbar","minera frisco, s.a.b. de c.v.","Nicht-US-Gegenlinien; Heimat-/Primärstatus nicht abgeleitet","","USD"
"MFRVF","MFRISCO/A-1.MX","B","nein","nicht entscheidbar ohne Kurs","3656042752","","","nicht entscheidbar","nein","","","nicht entscheidbar","minera frisco, s.a.b. de c.v.","Nicht-US-Gegenlinien; Heimat-/Primärstatus nicht abgeleitet","","USD"
"MFRVF","MFRISCO/A-1.MX","C-100","nein","Tabellen-Abdeckung angenommen; Verhältniswert fehlt (kein Tabellen-Eintrag vorhanden)","3656042752","","","nicht entscheidbar","nein","","","nicht entscheidbar","minera frisco, s.a.b. de c.v.","Nicht-US-Gegenlinien; Heimat-/Primärstatus nicht abgeleitet","ja","USD"
"MFRVF","MFRISCO/A-1.MX","C-50","nein","kein Tabellen-Eintrag: außerhalb angenommener Abdeckung","3656042752","","","nicht entscheidbar","nein","","","nicht entscheidbar","minera frisco, s.a.b. de c.v.","Nicht-US-Gegenlinien; Heimat-/Primärstatus nicht abgeleitet","nein","USD"
"MFRVF","MFRISCO/A-1.MX","C-nur-die-7","nein","kein Tabellen-Eintrag: außerhalb angenommener Abdeckung","3656042752","","","nicht entscheidbar","nein","","","nicht entscheidbar","minera frisco, s.a.b. de c.v.","Nicht-US-Gegenlinien; Heimat-/Primärstatus nicht abgeleitet","nein","USD"
"MGNI","1MGNI.MI","A","nein","Verhältnis nicht eindeutig: Kurs-Verhältnis nicht ganzzahlig","3607117568","","","nicht entscheidbar","ja","233","software-comm-services/profitable","nicht entscheidbar","magnite, inc.","Nicht-US-Gegenlinien; Heimat-/Primärstatus nicht abgeleitet","","USD"
"MGNI","1MGNI.MI","B","ja","B-Hypothese: einzige Nicht-US-Linie als Heimat-Linie (nicht bestätigt)","3607117568","2094348569.2399359","0.5806155551511916","zu groß","ja","233","software-comm-services/profitable","verdirbt","magnite, inc.","Nicht-US-Gegenlinien; Heimat-/Primärstatus nicht abgeleitet","","USD"
"MGNI","1MGNI.MI","C-100","nein","Tabellen-Abdeckung angenommen; Verhältniswert fehlt (kein Tabellen-Eintrag vorhanden)","3607117568","","","nicht entscheidbar","ja","233","software-comm-services/profitable","nicht entscheidbar","magnite, inc.","Nicht-US-Gegenlinien; Heimat-/Primärstatus nicht abgeleitet","ja","USD"
"MGNI","1MGNI.MI","C-50","nein","kein Tabellen-Eintrag: außerhalb angenommener Abdeckung","3607117568","","","nicht entscheidbar","ja","233","software-comm-services/profitable","nicht entscheidbar","magnite, inc.","Nicht-US-Gegenlinien; Heimat-/Primärstatus nicht abgeleitet","nein","USD"
"MGNI","1MGNI.MI","C-nur-die-7","nein","Tabellen-Abdeckung angenommen; Verhältniswert fehlt (kein Tabellen-Eintrag vorhanden)","3607117568","","","nicht entscheidbar","ja","233","software-comm-services/profitable","nicht entscheidbar","magnite, inc.","Nicht-US-Gegenlinien; Heimat-/Primärstatus nicht abgeleitet","ja","USD"
"MITCF","8066.T","A","nein","Verhältnis nicht eindeutig: Kurs-Verhältnis nicht ganzzahlig","1097103360","","","nicht entscheidbar","nein","","","nicht entscheidbar","mitani corporation","Nicht-US-Gegenlinien; Heimat-/Primärstatus nicht abgeleitet","","USD"
"MITCF","8066.T","B","ja","B-Hypothese: einzige Nicht-US-Linie als Heimat-Linie (nicht bestätigt)","1097103360","1911235681.8857167","1.7420744038972924","zu klein","nein","","","Wahrheit nicht belegt","mitani corporation","Nicht-US-Gegenlinien; Heimat-/Primärstatus nicht abgeleitet","","USD"
"MITCF","8066.T","C-100","nein","Tabellen-Abdeckung angenommen; Verhältniswert fehlt (kein Tabellen-Eintrag vorhanden)","1097103360","","","nicht entscheidbar","nein","","","nicht entscheidbar","mitani corporation","Nicht-US-Gegenlinien; Heimat-/Primärstatus nicht abgeleitet","ja","USD"
"MITCF","8066.T","C-50","nein","kein Tabellen-Eintrag: außerhalb angenommener Abdeckung","1097103360","","","nicht entscheidbar","nein","","","nicht entscheidbar","mitani corporation","Nicht-US-Gegenlinien; Heimat-/Primärstatus nicht abgeleitet","nein","USD"
"MITCF","8066.T","C-nur-die-7","nein","kein Tabellen-Eintrag: außerhalb angenommener Abdeckung","1097103360","","","nicht entscheidbar","nein","","","nicht entscheidbar","mitani corporation","Nicht-US-Gegenlinien; Heimat-/Primärstatus nicht abgeleitet","nein","USD"
"MOHCF","MOH.AT","A","nein","Verhältnis nicht eindeutig: Kurs-Verhältnis nicht ganzzahlig","2485298432","","","nicht entscheidbar","nein","","","nicht entscheidbar","motor oil (hellas) corinth refineries s.a.","Nicht-US-Gegenlinien; Heimat-/Primärstatus nicht abgeleitet","","USD"
"MOHCF","MOH.AT","B","ja","B-Hypothese: einzige Nicht-US-Linie als Heimat-Linie (nicht bestätigt)","2485298432","8454986625.928192","3.402000547324287","zu klein","nein","","","Wahrheit nicht belegt","motor oil (hellas) corinth refineries s.a.","Nicht-US-Gegenlinien; Heimat-/Primärstatus nicht abgeleitet","","USD"
"MOHCF","MOH.AT","C-100","nein","Tabellen-Abdeckung angenommen; Verhältniswert fehlt (kein Tabellen-Eintrag vorhanden)","2485298432","","","nicht entscheidbar","nein","","","nicht entscheidbar","motor oil (hellas) corinth refineries s.a.","Nicht-US-Gegenlinien; Heimat-/Primärstatus nicht abgeleitet","ja","USD"
"MOHCF","MOH.AT","C-50","nein","kein Tabellen-Eintrag: außerhalb angenommener Abdeckung","2485298432","","","nicht entscheidbar","nein","","","nicht entscheidbar","motor oil (hellas) corinth refineries s.a.","Nicht-US-Gegenlinien; Heimat-/Primärstatus nicht abgeleitet","nein","USD"
"MOHCF","MOH.AT","C-nur-die-7","nein","kein Tabellen-Eintrag: außerhalb angenommener Abdeckung","2485298432","","","nicht entscheidbar","nein","","","nicht entscheidbar","motor oil (hellas) corinth refineries s.a.","Nicht-US-Gegenlinien; Heimat-/Primärstatus nicht abgeleitet","nein","USD"
"MOLFF","MOL.BD|MOL.WA","A","nein","Verhältnis nicht eindeutig: Kurs-Verhältnis nicht ganzzahlig","8575744000","","","nicht entscheidbar","nein","","","nicht entscheidbar","mol magyar olaj- és gázipari nyilvánosan muködo részvénytársaság","Nicht-US-Gegenlinien; Heimat-/Primärstatus nicht abgeleitet","","USD"
"MOLFF","MOL.BD|MOL.WA","B","nein","Heimat-Linie nicht eindeutig: mehrere Nicht-US-Linien","8575744000","","","nicht entscheidbar","nein","","","nicht entscheidbar","mol magyar olaj- és gázipari nyilvánosan muködo részvénytársaság","Nicht-US-Gegenlinien; Heimat-/Primärstatus nicht abgeleitet","","USD"
"MOLFF","MOL.BD|MOL.WA","C-100","nein","Tabellen-Abdeckung angenommen; Verhältniswert fehlt (kein Tabellen-Eintrag vorhanden)","8575744000","","","nicht entscheidbar","nein","","","nicht entscheidbar","mol magyar olaj- és gázipari nyilvánosan muködo részvénytársaság","Nicht-US-Gegenlinien; Heimat-/Primärstatus nicht abgeleitet","ja","USD"
"MOLFF","MOL.BD|MOL.WA","C-50","nein","kein Tabellen-Eintrag: außerhalb angenommener Abdeckung","8575744000","","","nicht entscheidbar","nein","","","nicht entscheidbar","mol magyar olaj- és gázipari nyilvánosan muködo részvénytársaság","Nicht-US-Gegenlinien; Heimat-/Primärstatus nicht abgeleitet","nein","USD"
"MOLFF","MOL.BD|MOL.WA","C-nur-die-7","nein","kein Tabellen-Eintrag: außerhalb angenommener Abdeckung","8575744000","","","nicht entscheidbar","nein","","","nicht entscheidbar","mol magyar olaj- és gázipari nyilvánosan muködo részvénytársaság","Nicht-US-Gegenlinien; Heimat-/Primärstatus nicht abgeleitet","nein","USD"
"MRHLF","1417.T","A","nein","Verhältnis nicht eindeutig: Kurs-Verhältnis nicht ganzzahlig","1144666496","","","nicht entscheidbar","nein","","","nicht entscheidbar","mirait one corporation","Nicht-US-Gegenlinien; Heimat-/Primärstatus nicht abgeleitet","","USD"
"MRHLF","1417.T","B","ja","B-Hypothese: einzige Nicht-US-Linie als Heimat-Linie (nicht bestätigt)","1144666496","1993703541.5268557","1.7417331148363198","zu klein","nein","","","Wahrheit nicht belegt","mirait one corporation","Nicht-US-Gegenlinien; Heimat-/Primärstatus nicht abgeleitet","","USD"
"MRHLF","1417.T","C-100","nein","Tabellen-Abdeckung angenommen; Verhältniswert fehlt (kein Tabellen-Eintrag vorhanden)","1144666496","","","nicht entscheidbar","nein","","","nicht entscheidbar","mirait one corporation","Nicht-US-Gegenlinien; Heimat-/Primärstatus nicht abgeleitet","ja","USD"
"MRHLF","1417.T","C-50","nein","kein Tabellen-Eintrag: außerhalb angenommener Abdeckung","1144666496","","","nicht entscheidbar","nein","","","nicht entscheidbar","mirait one corporation","Nicht-US-Gegenlinien; Heimat-/Primärstatus nicht abgeleitet","nein","USD"
"MRHLF","1417.T","C-nur-die-7","nein","kein Tabellen-Eintrag: außerhalb angenommener Abdeckung","1144666496","","","nicht entscheidbar","nein","","","nicht entscheidbar","mirait one corporation","Nicht-US-Gegenlinien; Heimat-/Primärstatus nicht abgeleitet","nein","USD"
"NCBDF","7832.T","A","nein","Verhältnis nicht eindeutig: Kurs-Verhältnis nicht ganzzahlig","14392252416","","","nicht entscheidbar","nein","","","nicht entscheidbar","bandai namco holdings inc.","Nicht-US-Gegenlinien; Heimat-/Primärstatus nicht abgeleitet","","USD"
"NCBDF","7832.T","B","ja","B-Hypothese: einzige Nicht-US-Linie als Heimat-Linie (nicht bestätigt)","14392252416","22840650705.8312","1.5870101527985319","zu klein","nein","","","Wahrheit nicht belegt","bandai namco holdings inc.","Nicht-US-Gegenlinien; Heimat-/Primärstatus nicht abgeleitet","","USD"
"NCBDF","7832.T","C-100","nein","Tabellen-Abdeckung angenommen; Verhältniswert fehlt (kein Tabellen-Eintrag vorhanden)","14392252416","","","nicht entscheidbar","nein","","","nicht entscheidbar","bandai namco holdings inc.","Nicht-US-Gegenlinien; Heimat-/Primärstatus nicht abgeleitet","ja","USD"
"NCBDF","7832.T","C-50","nein","kein Tabellen-Eintrag: außerhalb angenommener Abdeckung","14392252416","","","nicht entscheidbar","nein","","","nicht entscheidbar","bandai namco holdings inc.","Nicht-US-Gegenlinien; Heimat-/Primärstatus nicht abgeleitet","nein","USD"
"NCBDF","7832.T","C-nur-die-7","nein","kein Tabellen-Eintrag: außerhalb angenommener Abdeckung","14392252416","","","nicht entscheidbar","nein","","","nicht entscheidbar","bandai namco holdings inc.","Nicht-US-Gegenlinien; Heimat-/Primärstatus nicht abgeleitet","nein","USD"
"NEXOF","3659.T","A","nein","Verhältnis nicht eindeutig: Kurs-Verhältnis nicht ganzzahlig","10428835840","","","nicht entscheidbar","nein","","","nicht entscheidbar","nexon co., ltd.","Nicht-US-Gegenlinien; Heimat-/Primärstatus nicht abgeleitet","","USD"
"NEXOF","3659.T","B","ja","B-Hypothese: einzige Nicht-US-Linie als Heimat-Linie (nicht bestätigt)","10428835840","15889886137.897451","1.523649080461262","zu klein","nein","","","Wahrheit nicht belegt","nexon co., ltd.","Nicht-US-Gegenlinien; Heimat-/Primärstatus nicht abgeleitet","","USD"
"NEXOF","3659.T","C-100","nein","Tabellen-Abdeckung angenommen; Verhältniswert fehlt (kein Tabellen-Eintrag vorhanden)","10428835840","","","nicht entscheidbar","nein","","","nicht entscheidbar","nexon co., ltd.","Nicht-US-Gegenlinien; Heimat-/Primärstatus nicht abgeleitet","ja","USD"
"NEXOF","3659.T","C-50","nein","kein Tabellen-Eintrag: außerhalb angenommener Abdeckung","10428835840","","","nicht entscheidbar","nein","","","nicht entscheidbar","nexon co., ltd.","Nicht-US-Gegenlinien; Heimat-/Primärstatus nicht abgeleitet","nein","USD"
"NEXOF","3659.T","C-nur-die-7","nein","kein Tabellen-Eintrag: außerhalb angenommener Abdeckung","10428835840","","","nicht entscheidbar","nein","","","nicht entscheidbar","nexon co., ltd.","Nicht-US-Gegenlinien; Heimat-/Primärstatus nicht abgeleitet","nein","USD"
"NICFF","5393.T","A","ja","A-Hypothese: gleiche Stückzahl; ganzzahliges Kurs-Verhältnis in gleicher Währung","8228308992","4114154496","0.5","zu groß","nein","","","Wahrheit nicht belegt","nichias corporation","Nicht-US-Gegenlinien; Heimat-/Primärstatus nicht abgeleitet","","USD"
"NICFF","5393.T","B","ja","B-Hypothese: einzige Nicht-US-Linie als Heimat-Linie (nicht bestätigt)","8228308992","4019836447.030641","0.4885373715229873","zu groß","nein","","","Wahrheit nicht belegt","nichias corporation","Nicht-US-Gegenlinien; Heimat-/Primärstatus nicht abgeleitet","","USD"
"NICFF","5393.T","C-100","nein","Tabellen-Abdeckung angenommen; Verhältniswert fehlt (kein Tabellen-Eintrag vorhanden)","8228308992","","","nicht entscheidbar","nein","","","nicht entscheidbar","nichias corporation","Nicht-US-Gegenlinien; Heimat-/Primärstatus nicht abgeleitet","ja","USD"
"NICFF","5393.T","C-50","nein","kein Tabellen-Eintrag: außerhalb angenommener Abdeckung","8228308992","","","nicht entscheidbar","nein","","","nicht entscheidbar","nichias corporation","Nicht-US-Gegenlinien; Heimat-/Primärstatus nicht abgeleitet","nein","USD"
"NICFF","5393.T","C-nur-die-7","nein","kein Tabellen-Eintrag: außerhalb angenommener Abdeckung","8228308992","","","nicht entscheidbar","nein","","","nicht entscheidbar","nichias corporation","Nicht-US-Gegenlinien; Heimat-/Primärstatus nicht abgeleitet","nein","USD"
"NNCHF","4021.T","A","nein","Verhältnis nicht eindeutig: Kurs-Verhältnis nicht ganzzahlig","4271655424","","","nicht entscheidbar","nein","","","nicht entscheidbar","nissan chemical corporation","Nicht-US-Gegenlinien; Heimat-/Primärstatus nicht abgeleitet","","USD"
"NNCHF","4021.T","B","ja","B-Hypothese: einzige Nicht-US-Linie als Heimat-Linie (nicht bestätigt)","4271655424","7022213036.906251","1.6439090562999144","zu klein","nein","","","Wahrheit nicht belegt","nissan chemical corporation","Nicht-US-Gegenlinien; Heimat-/Primärstatus nicht abgeleitet","","USD"
"NNCHF","4021.T","C-100","nein","Tabellen-Abdeckung angenommen; Verhältniswert fehlt (kein Tabellen-Eintrag vorhanden)","4271655424","","","nicht entscheidbar","nein","","","nicht entscheidbar","nissan chemical corporation","Nicht-US-Gegenlinien; Heimat-/Primärstatus nicht abgeleitet","ja","USD"
"NNCHF","4021.T","C-50","nein","kein Tabellen-Eintrag: außerhalb angenommener Abdeckung","4271655424","","","nicht entscheidbar","nein","","","nicht entscheidbar","nissan chemical corporation","Nicht-US-Gegenlinien; Heimat-/Primärstatus nicht abgeleitet","nein","USD"
"NNCHF","4021.T","C-nur-die-7","nein","kein Tabellen-Eintrag: außerhalb angenommener Abdeckung","4271655424","","","nicht entscheidbar","nein","","","nicht entscheidbar","nissan chemical corporation","Nicht-US-Gegenlinien; Heimat-/Primärstatus nicht abgeleitet","nein","USD"
"NNMTF","NEC.AX","A","nein","Verhältnis nicht eindeutig: Kurs-Verhältnis nicht ganzzahlig","1506474112","","","nicht entscheidbar","nein","","","nicht entscheidbar","nine entertainment co. holdings limited","Nicht-US-Gegenlinien; Heimat-/Primärstatus nicht abgeleitet","","USD"
"NNMTF","NEC.AX","B","ja","B-Hypothese: einzige Nicht-US-Linie als Heimat-Linie (nicht bestätigt)","1506474112","863914032.866409","0.5734675597707244","zu groß","nein","","","Wahrheit nicht belegt","nine entertainment co. holdings limited","Nicht-US-Gegenlinien; Heimat-/Primärstatus nicht abgeleitet","","USD"
"NNMTF","NEC.AX","C-100","nein","Tabellen-Abdeckung angenommen; Verhältniswert fehlt (kein Tabellen-Eintrag vorhanden)","1506474112","","","nicht entscheidbar","nein","","","nicht entscheidbar","nine entertainment co. holdings limited","Nicht-US-Gegenlinien; Heimat-/Primärstatus nicht abgeleitet","ja","USD"
"NNMTF","NEC.AX","C-50","nein","kein Tabellen-Eintrag: außerhalb angenommener Abdeckung","1506474112","","","nicht entscheidbar","nein","","","nicht entscheidbar","nine entertainment co. holdings limited","Nicht-US-Gegenlinien; Heimat-/Primärstatus nicht abgeleitet","nein","USD"
"NNMTF","NEC.AX","C-nur-die-7","nein","kein Tabellen-Eintrag: außerhalb angenommener Abdeckung","1506474112","","","nicht entscheidbar","nein","","","nicht entscheidbar","nine entertainment co. holdings limited","Nicht-US-Gegenlinien; Heimat-/Primärstatus nicht abgeleitet","nein","USD"
"NPKYF","4272.T","A","nein","Verhältnis nicht eindeutig: Kurs-Verhältnis nicht ganzzahlig","1216949888","","","nicht entscheidbar","nein","","","nicht entscheidbar","nippon kayaku co., ltd.","Nicht-US-Gegenlinien; Heimat-/Primärstatus nicht abgeleitet","","USD"
"NPKYF","4272.T","B","ja","B-Hypothese: einzige Nicht-US-Linie als Heimat-Linie (nicht bestätigt)","1216949888","1900541767.2666318","1.56172557802695","zu klein","nein","","","Wahrheit nicht belegt","nippon kayaku co., ltd.","Nicht-US-Gegenlinien; Heimat-/Primärstatus nicht abgeleitet","","USD"
"NPKYF","4272.T","C-100","nein","Tabellen-Abdeckung angenommen; Verhältniswert fehlt (kein Tabellen-Eintrag vorhanden)","1216949888","","","nicht entscheidbar","nein","","","nicht entscheidbar","nippon kayaku co., ltd.","Nicht-US-Gegenlinien; Heimat-/Primärstatus nicht abgeleitet","ja","USD"
"NPKYF","4272.T","C-50","nein","kein Tabellen-Eintrag: außerhalb angenommener Abdeckung","1216949888","","","nicht entscheidbar","nein","","","nicht entscheidbar","nippon kayaku co., ltd.","Nicht-US-Gegenlinien; Heimat-/Primärstatus nicht abgeleitet","nein","USD"
"NPKYF","4272.T","C-nur-die-7","nein","kein Tabellen-Eintrag: außerhalb angenommener Abdeckung","1216949888","","","nicht entscheidbar","nein","","","nicht entscheidbar","nippon kayaku co., ltd.","Nicht-US-Gegenlinien; Heimat-/Primärstatus nicht abgeleitet","nein","USD"
"NSHKF","4114.T","A","nein","Verhältnis nicht eindeutig: Kurs-Verhältnis nicht ganzzahlig","1526522112","","","nicht entscheidbar","nein","","","nicht entscheidbar","nippon shokubai co., ltd.","Nicht-US-Gegenlinien; Heimat-/Primärstatus nicht abgeleitet","","USD"
"NSHKF","4114.T","B","ja","B-Hypothese: einzige Nicht-US-Linie als Heimat-Linie (nicht bestätigt)","1526522112","2428304315.208991","1.5907429680317602","zu klein","nein","","","Wahrheit nicht belegt","nippon shokubai co., ltd.","Nicht-US-Gegenlinien; Heimat-/Primärstatus nicht abgeleitet","","USD"
"NSHKF","4114.T","C-100","nein","Tabellen-Abdeckung angenommen; Verhältniswert fehlt (kein Tabellen-Eintrag vorhanden)","1526522112","","","nicht entscheidbar","nein","","","nicht entscheidbar","nippon shokubai co., ltd.","Nicht-US-Gegenlinien; Heimat-/Primärstatus nicht abgeleitet","ja","USD"
"NSHKF","4114.T","C-50","nein","kein Tabellen-Eintrag: außerhalb angenommener Abdeckung","1526522112","","","nicht entscheidbar","nein","","","nicht entscheidbar","nippon shokubai co., ltd.","Nicht-US-Gegenlinien; Heimat-/Primärstatus nicht abgeleitet","nein","USD"
"NSHKF","4114.T","C-nur-die-7","nein","kein Tabellen-Eintrag: außerhalb angenommener Abdeckung","1526522112","","","nicht entscheidbar","nein","","","nicht entscheidbar","nippon shokubai co., ltd.","Nicht-US-Gegenlinien; Heimat-/Primärstatus nicht abgeleitet","nein","USD"
"NSOMF","2602.T","A","nein","Verhältnis nicht eindeutig: Kurs-Verhältnis nicht ganzzahlig","3318566656","","","nicht entscheidbar","nein","","","nicht entscheidbar","the nisshin oillio group,ltd.","Nicht-US-Gegenlinien; Heimat-/Primärstatus nicht abgeleitet","","USD"
"NSOMF","2602.T","B","ja","B-Hypothese: einzige Nicht-US-Linie als Heimat-Linie (nicht bestätigt)","3318566656","1229137425.8884609","0.37038202130614695","zu groß","nein","","","Wahrheit nicht belegt","the nisshin oillio group,ltd.","Nicht-US-Gegenlinien; Heimat-/Primärstatus nicht abgeleitet","","USD"
"NSOMF","2602.T","C-100","nein","Tabellen-Abdeckung angenommen; Verhältniswert fehlt (kein Tabellen-Eintrag vorhanden)","3318566656","","","nicht entscheidbar","nein","","","nicht entscheidbar","the nisshin oillio group,ltd.","Nicht-US-Gegenlinien; Heimat-/Primärstatus nicht abgeleitet","ja","USD"
"NSOMF","2602.T","C-50","nein","kein Tabellen-Eintrag: außerhalb angenommener Abdeckung","3318566656","","","nicht entscheidbar","nein","","","nicht entscheidbar","the nisshin oillio group,ltd.","Nicht-US-Gegenlinien; Heimat-/Primärstatus nicht abgeleitet","nein","USD"
"NSOMF","2602.T","C-nur-die-7","nein","kein Tabellen-Eintrag: außerhalb angenommener Abdeckung","3318566656","","","nicht entscheidbar","nein","","","nicht entscheidbar","the nisshin oillio group,ltd.","Nicht-US-Gegenlinien; Heimat-/Primärstatus nicht abgeleitet","nein","USD"
"NTXVF","1316.HK","A","nein","Verhältnis nicht eindeutig: Kurs-Verhältnis nicht ganzzahlig","2261809152","","","nicht entscheidbar","nein","","","nicht entscheidbar","nexteer automotive group limited","Nicht-US-Gegenlinien; Heimat-/Primärstatus nicht abgeleitet","","USD"
"NTXVF","1316.HK","B","ja","B-Hypothese: einzige Nicht-US-Linie als Heimat-Linie (nicht bestätigt)","2261809152","1494171573.320786","0.6606090403337381","zu groß","nein","","","Wahrheit nicht belegt","nexteer automotive group limited","Nicht-US-Gegenlinien; Heimat-/Primärstatus nicht abgeleitet","","USD"
"NTXVF","1316.HK","C-100","nein","Tabellen-Abdeckung angenommen; Verhältniswert fehlt (kein Tabellen-Eintrag vorhanden)","2261809152","","","nicht entscheidbar","nein","","","nicht entscheidbar","nexteer automotive group limited","Nicht-US-Gegenlinien; Heimat-/Primärstatus nicht abgeleitet","ja","USD"
"NTXVF","1316.HK","C-50","nein","kein Tabellen-Eintrag: außerhalb angenommener Abdeckung","2261809152","","","nicht entscheidbar","nein","","","nicht entscheidbar","nexteer automotive group limited","Nicht-US-Gegenlinien; Heimat-/Primärstatus nicht abgeleitet","nein","USD"
"NTXVF","1316.HK","C-nur-die-7","nein","kein Tabellen-Eintrag: außerhalb angenommener Abdeckung","2261809152","","","nicht entscheidbar","nein","","","nicht entscheidbar","nexteer automotive group limited","Nicht-US-Gegenlinien; Heimat-/Primärstatus nicht abgeleitet","nein","USD"
"NYUKF","9101.T","A","nein","Verhältnis nicht eindeutig: Kurs-Verhältnis nicht ganzzahlig","12284249088","","","nicht entscheidbar","nein","","","nicht entscheidbar","nippon yusen kabushiki kaisha","Nicht-US-Gegenlinien; Heimat-/Primärstatus nicht abgeleitet","","USD"
"NYUKF","9101.T","B","ja","B-Hypothese: einzige Nicht-US-Linie als Heimat-Linie (nicht bestätigt)","12284249088","19270252812.903385","1.5686960330141577","zu klein","nein","","","Wahrheit nicht belegt","nippon yusen kabushiki kaisha","Nicht-US-Gegenlinien; Heimat-/Primärstatus nicht abgeleitet","","USD"
"NYUKF","9101.T","C-100","nein","Tabellen-Abdeckung angenommen; Verhältniswert fehlt (kein Tabellen-Eintrag vorhanden)","12284249088","","","nicht entscheidbar","nein","","","nicht entscheidbar","nippon yusen kabushiki kaisha","Nicht-US-Gegenlinien; Heimat-/Primärstatus nicht abgeleitet","ja","USD"
"NYUKF","9101.T","C-50","nein","kein Tabellen-Eintrag: außerhalb angenommener Abdeckung","12284249088","","","nicht entscheidbar","nein","","","nicht entscheidbar","nippon yusen kabushiki kaisha","Nicht-US-Gegenlinien; Heimat-/Primärstatus nicht abgeleitet","nein","USD"
"NYUKF","9101.T","C-nur-die-7","nein","kein Tabellen-Eintrag: außerhalb angenommener Abdeckung","12284249088","","","nicht entscheidbar","nein","","","nicht entscheidbar","nippon yusen kabushiki kaisha","Nicht-US-Gegenlinien; Heimat-/Primärstatus nicht abgeleitet","nein","USD"
"PBSFF","1PSM.MI|PSM.DE|PSM.VI","A","nein","Verhältnis nicht eindeutig: Kurs-Verhältnis nicht ganzzahlig","1508620160","","","nicht entscheidbar","nein","","","nicht entscheidbar","prosiebensat.1 media se","Nicht-US-Gegenlinien; Heimat-/Primärstatus nicht abgeleitet","","USD"
"PBSFF","1PSM.MI|PSM.DE|PSM.VI","B","nein","Heimat-Linie nicht eindeutig: mehrere Nicht-US-Linien","1508620160","","","nicht entscheidbar","nein","","","nicht entscheidbar","prosiebensat.1 media se","Nicht-US-Gegenlinien; Heimat-/Primärstatus nicht abgeleitet","","USD"
"PBSFF","1PSM.MI|PSM.DE|PSM.VI","C-100","nein","Tabellen-Abdeckung angenommen; Verhältniswert fehlt (kein Tabellen-Eintrag vorhanden)","1508620160","","","nicht entscheidbar","nein","","","nicht entscheidbar","prosiebensat.1 media se","Nicht-US-Gegenlinien; Heimat-/Primärstatus nicht abgeleitet","ja","USD"
"PBSFF","1PSM.MI|PSM.DE|PSM.VI","C-50","nein","kein Tabellen-Eintrag: außerhalb angenommener Abdeckung","1508620160","","","nicht entscheidbar","nein","","","nicht entscheidbar","prosiebensat.1 media se","Nicht-US-Gegenlinien; Heimat-/Primärstatus nicht abgeleitet","nein","USD"
"PBSFF","1PSM.MI|PSM.DE|PSM.VI","C-nur-die-7","nein","kein Tabellen-Eintrag: außerhalb angenommener Abdeckung","1508620160","","","nicht entscheidbar","nein","","","nicht entscheidbar","prosiebensat.1 media se","Nicht-US-Gegenlinien; Heimat-/Primärstatus nicht abgeleitet","nein","USD"
"PGCSF","PSG.MC","A","nein","Verhältnis nicht eindeutig: Kurs-Verhältnis nicht ganzzahlig","1028171712","","","nicht entscheidbar","nein","","","nicht entscheidbar","prosegur compañía de seguridad, s.a.","Nicht-US-Gegenlinien; Heimat-/Primärstatus nicht abgeleitet","","USD"
"PGCSF","PSG.MC","B","ja","B-Hypothese: einzige Nicht-US-Linie als Heimat-Linie (nicht bestätigt)","1028171712","1815830936.441216","1.7660775094746197","zu klein","nein","","","Wahrheit nicht belegt","prosegur compañía de seguridad, s.a.","Nicht-US-Gegenlinien; Heimat-/Primärstatus nicht abgeleitet","","USD"
"PGCSF","PSG.MC","C-100","nein","Tabellen-Abdeckung angenommen; Verhältniswert fehlt (kein Tabellen-Eintrag vorhanden)","1028171712","","","nicht entscheidbar","nein","","","nicht entscheidbar","prosegur compañía de seguridad, s.a.","Nicht-US-Gegenlinien; Heimat-/Primärstatus nicht abgeleitet","ja","USD"
"PGCSF","PSG.MC","C-50","nein","kein Tabellen-Eintrag: außerhalb angenommener Abdeckung","1028171712","","","nicht entscheidbar","nein","","","nicht entscheidbar","prosegur compañía de seguridad, s.a.","Nicht-US-Gegenlinien; Heimat-/Primärstatus nicht abgeleitet","nein","USD"
"PGCSF","PSG.MC","C-nur-die-7","nein","kein Tabellen-Eintrag: außerhalb angenommener Abdeckung","1028171712","","","nicht entscheidbar","nein","","","nicht entscheidbar","prosegur compañía de seguridad, s.a.","Nicht-US-Gegenlinien; Heimat-/Primärstatus nicht abgeleitet","nein","USD"
"PHBBF","300759.SZ|3759.HK","A","nein","Verhältnis nicht eindeutig: Linien widersprechen sich","3545957120","","","nicht entscheidbar","nein","","","nicht entscheidbar","pharmaron beijing co., ltd.","Nicht-US-Gegenlinien; Heimat-/Primärstatus nicht abgeleitet","","USD"
"PHBBF","300759.SZ|3759.HK","B","nein","Heimat-Linie nicht eindeutig: mehrere Nicht-US-Linien","3545957120","","","nicht entscheidbar","nein","","","nicht entscheidbar","pharmaron beijing co., ltd.","Nicht-US-Gegenlinien; Heimat-/Primärstatus nicht abgeleitet","","USD"
"PHBBF","300759.SZ|3759.HK","C-100","nein","Tabellen-Abdeckung angenommen; Verhältniswert fehlt (kein Tabellen-Eintrag vorhanden)","3545957120","","","nicht entscheidbar","nein","","","nicht entscheidbar","pharmaron beijing co., ltd.","Nicht-US-Gegenlinien; Heimat-/Primärstatus nicht abgeleitet","ja","USD"
"PHBBF","300759.SZ|3759.HK","C-50","nein","kein Tabellen-Eintrag: außerhalb angenommener Abdeckung","3545957120","","","nicht entscheidbar","nein","","","nicht entscheidbar","pharmaron beijing co., ltd.","Nicht-US-Gegenlinien; Heimat-/Primärstatus nicht abgeleitet","nein","USD"
"PHBBF","300759.SZ|3759.HK","C-nur-die-7","nein","kein Tabellen-Eintrag: außerhalb angenommener Abdeckung","3545957120","","","nicht entscheidbar","nein","","","nicht entscheidbar","pharmaron beijing co., ltd.","Nicht-US-Gegenlinien; Heimat-/Primärstatus nicht abgeleitet","nein","USD"
"PINXF","1339.HK|601319.SS","A","nein","Verhältnis nicht eindeutig: Kurs-Verhältnis nicht ganzzahlig","29258592256","","","nicht entscheidbar","nein","","","nicht entscheidbar","the people's insurance company (group) of china limited","Nicht-US-Gegenlinien; Heimat-/Primärstatus nicht abgeleitet","","USD"
"PINXF","1339.HK|601319.SS","B","nein","Heimat-Linie nicht eindeutig: mehrere Nicht-US-Linien","29258592256","","","nicht entscheidbar","nein","","","nicht entscheidbar","the people's insurance company (group) of china limited","Nicht-US-Gegenlinien; Heimat-/Primärstatus nicht abgeleitet","","USD"
"PINXF","1339.HK|601319.SS","C-100","nein","Tabellen-Abdeckung angenommen; Verhältniswert fehlt (kein Tabellen-Eintrag vorhanden)","29258592256","","","nicht entscheidbar","nein","","","nicht entscheidbar","the people's insurance company (group) of china limited","Nicht-US-Gegenlinien; Heimat-/Primärstatus nicht abgeleitet","ja","USD"
"PINXF","1339.HK|601319.SS","C-50","nein","kein Tabellen-Eintrag: außerhalb angenommener Abdeckung","29258592256","","","nicht entscheidbar","nein","","","nicht entscheidbar","the people's insurance company (group) of china limited","Nicht-US-Gegenlinien; Heimat-/Primärstatus nicht abgeleitet","nein","USD"
"PINXF","1339.HK|601319.SS","C-nur-die-7","nein","kein Tabellen-Eintrag: außerhalb angenommener Abdeckung","29258592256","","","nicht entscheidbar","nein","","","nicht entscheidbar","the people's insurance company (group) of china limited","Nicht-US-Gegenlinien; Heimat-/Primärstatus nicht abgeleitet","nein","USD"
"PITAF","PST.MI|PST.VI","A","nein","Verhältnis nicht eindeutig: Kurs-Verhältnis nicht ganzzahlig","18508406784","","","nicht entscheidbar","nein","","","nicht entscheidbar","poste italiane s.p.a.","Nicht-US-Gegenlinien; Heimat-/Primärstatus nicht abgeleitet","","USD"
"PITAF","PST.MI|PST.VI","B","nein","Heimat-Linie nicht eindeutig: mehrere Nicht-US-Linien","18508406784","","","nicht entscheidbar","nein","","","nicht entscheidbar","poste italiane s.p.a.","Nicht-US-Gegenlinien; Heimat-/Primärstatus nicht abgeleitet","","USD"
"PITAF","PST.MI|PST.VI","C-100","nein","Tabellen-Abdeckung angenommen; Verhältniswert fehlt (kein Tabellen-Eintrag vorhanden)","18508406784","","","nicht entscheidbar","nein","","","nicht entscheidbar","poste italiane s.p.a.","Nicht-US-Gegenlinien; Heimat-/Primärstatus nicht abgeleitet","ja","USD"
"PITAF","PST.MI|PST.VI","C-50","nein","kein Tabellen-Eintrag: außerhalb angenommener Abdeckung","18508406784","","","nicht entscheidbar","nein","","","nicht entscheidbar","poste italiane s.p.a.","Nicht-US-Gegenlinien; Heimat-/Primärstatus nicht abgeleitet","nein","USD"
"PITAF","PST.MI|PST.VI","C-nur-die-7","nein","kein Tabellen-Eintrag: außerhalb angenommener Abdeckung","18508406784","","","nicht entscheidbar","nein","","","nicht entscheidbar","poste italiane s.p.a.","Nicht-US-Gegenlinien; Heimat-/Primärstatus nicht abgeleitet","nein","USD"
"PMCGF","MDKA.JK","A","nein","Verhältnis nicht eindeutig: Kurs-Verhältnis nicht ganzzahlig","2441690112","","","nicht entscheidbar","nein","","","nicht entscheidbar","pt merdeka copper gold tbk","Nicht-US-Gegenlinien; Heimat-/Primärstatus nicht abgeleitet","","USD"
"PMCGF","MDKA.JK","B","ja","B-Hypothese: einzige Nicht-US-Linie als Heimat-Linie (nicht bestätigt)","2441690112","3992614072.5512342","1.635184601407451","zu klein","nein","","","Wahrheit nicht belegt","pt merdeka copper gold tbk","Nicht-US-Gegenlinien; Heimat-/Primärstatus nicht abgeleitet","","USD"
"PMCGF","MDKA.JK","C-100","nein","Tabellen-Abdeckung angenommen; Verhältniswert fehlt (kein Tabellen-Eintrag vorhanden)","2441690112","","","nicht entscheidbar","nein","","","nicht entscheidbar","pt merdeka copper gold tbk","Nicht-US-Gegenlinien; Heimat-/Primärstatus nicht abgeleitet","ja","USD"
"PMCGF","MDKA.JK","C-50","nein","kein Tabellen-Eintrag: außerhalb angenommener Abdeckung","2441690112","","","nicht entscheidbar","nein","","","nicht entscheidbar","pt merdeka copper gold tbk","Nicht-US-Gegenlinien; Heimat-/Primärstatus nicht abgeleitet","nein","USD"
"PMCGF","MDKA.JK","C-nur-die-7","nein","kein Tabellen-Eintrag: außerhalb angenommener Abdeckung","2441690112","","","nicht entscheidbar","nein","","","nicht entscheidbar","pt merdeka copper gold tbk","Nicht-US-Gegenlinien; Heimat-/Primärstatus nicht abgeleitet","nein","USD"
"PMDKF","MAPI.JK","A","nein","Verhältnis nicht eindeutig: Kurs-Verhältnis nicht ganzzahlig","874820032","","","nicht entscheidbar","nein","","","nicht entscheidbar","pt. mitra adiperkasa tbk","Nicht-US-Gegenlinien; Heimat-/Primärstatus nicht abgeleitet","","USD"
"PMDKF","MAPI.JK","B","ja","B-Hypothese: einzige Nicht-US-Linie als Heimat-Linie (nicht bestätigt)","874820032","1404003447.257258","1.6049054615809917","zu klein","nein","","","Wahrheit nicht belegt","pt. mitra adiperkasa tbk","Nicht-US-Gegenlinien; Heimat-/Primärstatus nicht abgeleitet","","USD"
"PMDKF","MAPI.JK","C-100","nein","Tabellen-Abdeckung angenommen; Verhältniswert fehlt (kein Tabellen-Eintrag vorhanden)","874820032","","","nicht entscheidbar","nein","","","nicht entscheidbar","pt. mitra adiperkasa tbk","Nicht-US-Gegenlinien; Heimat-/Primärstatus nicht abgeleitet","ja","USD"
"PMDKF","MAPI.JK","C-50","nein","kein Tabellen-Eintrag: außerhalb angenommener Abdeckung","874820032","","","nicht entscheidbar","nein","","","nicht entscheidbar","pt. mitra adiperkasa tbk","Nicht-US-Gegenlinien; Heimat-/Primärstatus nicht abgeleitet","nein","USD"
"PMDKF","MAPI.JK","C-nur-die-7","nein","kein Tabellen-Eintrag: außerhalb angenommener Abdeckung","874820032","","","nicht entscheidbar","nein","","","nicht entscheidbar","pt. mitra adiperkasa tbk","Nicht-US-Gegenlinien; Heimat-/Primärstatus nicht abgeleitet","nein","USD"
"PPENF","PAMP.BA","A","ja","A-Hypothese: gleiche Stückzahl; ganzzahliges Kurs-Verhältnis in gleicher Währung","2351300096","4702600192","2","zu klein","nein","","","Wahrheit nicht belegt","pampa energía s.a.","Nicht-US-Gegenlinien; Heimat-/Primärstatus nicht abgeleitet","","USD"
"PPENF","PAMP.BA","B","ja","B-Hypothese: einzige Nicht-US-Linie als Heimat-Linie (nicht bestätigt)","2351300096","4629255393.66142","1.968806704655287","zu klein","nein","","","Wahrheit nicht belegt","pampa energía s.a.","Nicht-US-Gegenlinien; Heimat-/Primärstatus nicht abgeleitet","","USD"
"PPENF","PAMP.BA","C-100","nein","Tabellen-Abdeckung angenommen; Verhältniswert fehlt (kein Tabellen-Eintrag vorhanden)","2351300096","","","nicht entscheidbar","nein","","","nicht entscheidbar","pampa energía s.a.","Nicht-US-Gegenlinien; Heimat-/Primärstatus nicht abgeleitet","ja","USD"
"PPENF","PAMP.BA","C-50","nein","kein Tabellen-Eintrag: außerhalb angenommener Abdeckung","2351300096","","","nicht entscheidbar","nein","","","nicht entscheidbar","pampa energía s.a.","Nicht-US-Gegenlinien; Heimat-/Primärstatus nicht abgeleitet","nein","USD"
"PPENF","PAMP.BA","C-nur-die-7","nein","kein Tabellen-Eintrag: außerhalb angenommener Abdeckung","2351300096","","","nicht entscheidbar","nein","","","nicht entscheidbar","pampa energía s.a.","Nicht-US-Gegenlinien; Heimat-/Primärstatus nicht abgeleitet","nein","USD"
"PPOKF","CPIN.JK","A","nein","Verhältnis nicht eindeutig: Kurs-Verhältnis nicht ganzzahlig","6444413952","","","nicht entscheidbar","nein","","","nicht entscheidbar","pt charoen pokphand indonesia tbk","Nicht-US-Gegenlinien; Heimat-/Primärstatus nicht abgeleitet","","USD"
"PPOKF","CPIN.JK","B","ja","B-Hypothese: einzige Nicht-US-Linie als Heimat-Linie (nicht bestätigt)","6444413952","2912528900.9710536","0.4519462782286295","zu groß","nein","","","Wahrheit nicht belegt","pt charoen pokphand indonesia tbk","Nicht-US-Gegenlinien; Heimat-/Primärstatus nicht abgeleitet","","USD"
"PPOKF","CPIN.JK","C-100","nein","Tabellen-Abdeckung angenommen; Verhältniswert fehlt (kein Tabellen-Eintrag vorhanden)","6444413952","","","nicht entscheidbar","nein","","","nicht entscheidbar","pt charoen pokphand indonesia tbk","Nicht-US-Gegenlinien; Heimat-/Primärstatus nicht abgeleitet","ja","USD"
"PPOKF","CPIN.JK","C-50","nein","kein Tabellen-Eintrag: außerhalb angenommener Abdeckung","6444413952","","","nicht entscheidbar","nein","","","nicht entscheidbar","pt charoen pokphand indonesia tbk","Nicht-US-Gegenlinien; Heimat-/Primärstatus nicht abgeleitet","nein","USD"
"PPOKF","CPIN.JK","C-nur-die-7","nein","kein Tabellen-Eintrag: außerhalb angenommener Abdeckung","6444413952","","","nicht entscheidbar","nein","","","nicht entscheidbar","pt charoen pokphand indonesia tbk","Nicht-US-Gegenlinien; Heimat-/Primärstatus nicht abgeleitet","nein","USD"
"PTPIF","TPIA.JK","A","nein","Verhältnis nicht eindeutig: Kurs-Verhältnis nicht ganzzahlig","33764386816","","","nicht entscheidbar","nein","","","nicht entscheidbar","pt chandra asri pacific tbk","Nicht-US-Gegenlinien; Heimat-/Primärstatus nicht abgeleitet","","USD"
"PTPIF","TPIA.JK","B","ja","B-Hypothese: einzige Nicht-US-Linie als Heimat-Linie (nicht bestätigt)","33764386816","8946284008.77516","0.2649621347346893","zu groß","nein","","","Wahrheit nicht belegt","pt chandra asri pacific tbk","Nicht-US-Gegenlinien; Heimat-/Primärstatus nicht abgeleitet","","USD"
"PTPIF","TPIA.JK","C-100","nein","Tabellen-Abdeckung angenommen; Verhältniswert fehlt (kein Tabellen-Eintrag vorhanden)","33764386816","","","nicht entscheidbar","nein","","","nicht entscheidbar","pt chandra asri pacific tbk","Nicht-US-Gegenlinien; Heimat-/Primärstatus nicht abgeleitet","ja","USD"
"PTPIF","TPIA.JK","C-50","nein","kein Tabellen-Eintrag: außerhalb angenommener Abdeckung","33764386816","","","nicht entscheidbar","nein","","","nicht entscheidbar","pt chandra asri pacific tbk","Nicht-US-Gegenlinien; Heimat-/Primärstatus nicht abgeleitet","nein","USD"
"PTPIF","TPIA.JK","C-nur-die-7","nein","kein Tabellen-Eintrag: außerhalb angenommener Abdeckung","33764386816","","","nicht entscheidbar","nein","","","nicht entscheidbar","pt chandra asri pacific tbk","Nicht-US-Gegenlinien; Heimat-/Primärstatus nicht abgeleitet","nein","USD"
"PTTWF","OPL.WA","A","nein","Verhältnis nicht eindeutig: Kurs-Verhältnis nicht ganzzahlig","2086648448","","","nicht entscheidbar","nein","","","nicht entscheidbar","orange polska s.a.","Nicht-US-Gegenlinien; Heimat-/Primärstatus nicht abgeleitet","","USD"
"PTTWF","OPL.WA","B","ja","B-Hypothese: einzige Nicht-US-Linie als Heimat-Linie (nicht bestätigt)","2086648448","4646125121.403863","2.2265969746159477","zu klein","nein","","","Wahrheit nicht belegt","orange polska s.a.","Nicht-US-Gegenlinien; Heimat-/Primärstatus nicht abgeleitet","","USD"
"PTTWF","OPL.WA","C-100","nein","Tabellen-Abdeckung angenommen; Verhältniswert fehlt (kein Tabellen-Eintrag vorhanden)","2086648448","","","nicht entscheidbar","nein","","","nicht entscheidbar","orange polska s.a.","Nicht-US-Gegenlinien; Heimat-/Primärstatus nicht abgeleitet","ja","USD"
"PTTWF","OPL.WA","C-50","nein","kein Tabellen-Eintrag: außerhalb angenommener Abdeckung","2086648448","","","nicht entscheidbar","nein","","","nicht entscheidbar","orange polska s.a.","Nicht-US-Gegenlinien; Heimat-/Primärstatus nicht abgeleitet","nein","USD"
"PTTWF","OPL.WA","C-nur-die-7","nein","kein Tabellen-Eintrag: außerhalb angenommener Abdeckung","2086648448","","","nicht entscheidbar","nein","","","nicht entscheidbar","orange polska s.a.","Nicht-US-Gegenlinien; Heimat-/Primärstatus nicht abgeleitet","nein","USD"
"PYYIF","PINFRA.MX|PINFRA/L.MX","A","nein","Verhältnis nicht eindeutig: Stückzahlen","1873854848","","","nicht entscheidbar","nein","","","nicht entscheidbar","promotora y operadora de infraestructura, s. a. b. de c. v.","Nicht-US-Gegenlinien; Heimat-/Primärstatus nicht abgeleitet","","USD"
"PYYIF","PINFRA.MX|PINFRA/L.MX","B","nein","Heimat-Linie nicht eindeutig: mehrere Nicht-US-Linien","1873854848","","","nicht entscheidbar","nein","","","nicht entscheidbar","promotora y operadora de infraestructura, s. a. b. de c. v.","Nicht-US-Gegenlinien; Heimat-/Primärstatus nicht abgeleitet","","USD"
"PYYIF","PINFRA.MX|PINFRA/L.MX","C-100","nein","Tabellen-Abdeckung angenommen; Verhältniswert fehlt (kein Tabellen-Eintrag vorhanden)","1873854848","","","nicht entscheidbar","nein","","","nicht entscheidbar","promotora y operadora de infraestructura, s. a. b. de c. v.","Nicht-US-Gegenlinien; Heimat-/Primärstatus nicht abgeleitet","ja","USD"
"PYYIF","PINFRA.MX|PINFRA/L.MX","C-50","nein","kein Tabellen-Eintrag: außerhalb angenommener Abdeckung","1873854848","","","nicht entscheidbar","nein","","","nicht entscheidbar","promotora y operadora de infraestructura, s. a. b. de c. v.","Nicht-US-Gegenlinien; Heimat-/Primärstatus nicht abgeleitet","nein","USD"
"PYYIF","PINFRA.MX|PINFRA/L.MX","C-nur-die-7","nein","kein Tabellen-Eintrag: außerhalb angenommener Abdeckung","1873854848","","","nicht entscheidbar","nein","","","nicht entscheidbar","promotora y operadora de infraestructura, s. a. b. de c. v.","Nicht-US-Gegenlinien; Heimat-/Primärstatus nicht abgeleitet","nein","USD"
"QNDPF","601298.SS|6198.HK","A","nein","Verhältnis nicht eindeutig: Kurs-Verhältnis nicht ganzzahlig","5210405888","","","nicht entscheidbar","nein","","","nicht entscheidbar","qingdao port international co., ltd.","Nicht-US-Gegenlinien; Heimat-/Primärstatus nicht abgeleitet","","USD"
"QNDPF","601298.SS|6198.HK","B","nein","Heimat-Linie nicht eindeutig: mehrere Nicht-US-Linien","5210405888","","","nicht entscheidbar","nein","","","nicht entscheidbar","qingdao port international co., ltd.","Nicht-US-Gegenlinien; Heimat-/Primärstatus nicht abgeleitet","","USD"
"QNDPF","601298.SS|6198.HK","C-100","nein","Tabellen-Abdeckung angenommen; Verhältniswert fehlt (kein Tabellen-Eintrag vorhanden)","5210405888","","","nicht entscheidbar","nein","","","nicht entscheidbar","qingdao port international co., ltd.","Nicht-US-Gegenlinien; Heimat-/Primärstatus nicht abgeleitet","ja","USD"
"QNDPF","601298.SS|6198.HK","C-50","nein","kein Tabellen-Eintrag: außerhalb angenommener Abdeckung","5210405888","","","nicht entscheidbar","nein","","","nicht entscheidbar","qingdao port international co., ltd.","Nicht-US-Gegenlinien; Heimat-/Primärstatus nicht abgeleitet","nein","USD"
"QNDPF","601298.SS|6198.HK","C-nur-die-7","nein","kein Tabellen-Eintrag: außerhalb angenommener Abdeckung","5210405888","","","nicht entscheidbar","nein","","","nicht entscheidbar","qingdao port international co., ltd.","Nicht-US-Gegenlinien; Heimat-/Primärstatus nicht abgeleitet","nein","USD"
"RMSYF","RHC.AX","A","nein","Verhältnis nicht eindeutig: Kurs-Verhältnis nicht ganzzahlig","5770745344","","","nicht entscheidbar","nein","","","nicht entscheidbar","ramsay health care limited","Nicht-US-Gegenlinien; Heimat-/Primärstatus nicht abgeleitet","","USD"
"RMSYF","RHC.AX","B","ja","B-Hypothese: einzige Nicht-US-Linie als Heimat-Linie (nicht bestätigt)","5770745344","9105300426.967798","1.5778378500854877","zu klein","nein","","","Wahrheit nicht belegt","ramsay health care limited","Nicht-US-Gegenlinien; Heimat-/Primärstatus nicht abgeleitet","","USD"
"RMSYF","RHC.AX","C-100","nein","Tabellen-Abdeckung angenommen; Verhältniswert fehlt (kein Tabellen-Eintrag vorhanden)","5770745344","","","nicht entscheidbar","nein","","","nicht entscheidbar","ramsay health care limited","Nicht-US-Gegenlinien; Heimat-/Primärstatus nicht abgeleitet","ja","USD"
"RMSYF","RHC.AX","C-50","nein","kein Tabellen-Eintrag: außerhalb angenommener Abdeckung","5770745344","","","nicht entscheidbar","nein","","","nicht entscheidbar","ramsay health care limited","Nicht-US-Gegenlinien; Heimat-/Primärstatus nicht abgeleitet","nein","USD"
"RMSYF","RHC.AX","C-nur-die-7","nein","kein Tabellen-Eintrag: außerhalb angenommener Abdeckung","5770745344","","","nicht entscheidbar","nein","","","nicht entscheidbar","ramsay health care limited","Nicht-US-Gegenlinien; Heimat-/Primärstatus nicht abgeleitet","nein","USD"
"SAGXF","SAGA-A.ST|SAGA-B.ST|SAGA-D.ST","A","nein","Verhältnis nicht eindeutig: Kurs-Verhältnis nicht ganzzahlig","8914655232","","","nicht entscheidbar","nein","","","nicht entscheidbar","ab sagax (publ)","Nicht-US-Gegenlinien; Heimat-/Primärstatus nicht abgeleitet","","USD"
"SAGXF","SAGA-A.ST|SAGA-B.ST|SAGA-D.ST","B","nein","Heimat-Linie nicht eindeutig: mehrere Nicht-US-Linien","8914655232","","","nicht entscheidbar","nein","","","nicht entscheidbar","ab sagax (publ)","Nicht-US-Gegenlinien; Heimat-/Primärstatus nicht abgeleitet","","USD"
"SAGXF","SAGA-A.ST|SAGA-B.ST|SAGA-D.ST","C-100","nein","Tabellen-Abdeckung angenommen; Verhältniswert fehlt (kein Tabellen-Eintrag vorhanden)","8914655232","","","nicht entscheidbar","nein","","","nicht entscheidbar","ab sagax (publ)","Nicht-US-Gegenlinien; Heimat-/Primärstatus nicht abgeleitet","ja","USD"
"SAGXF","SAGA-A.ST|SAGA-B.ST|SAGA-D.ST","C-50","nein","kein Tabellen-Eintrag: außerhalb angenommener Abdeckung","8914655232","","","nicht entscheidbar","nein","","","nicht entscheidbar","ab sagax (publ)","Nicht-US-Gegenlinien; Heimat-/Primärstatus nicht abgeleitet","nein","USD"
"SAGXF","SAGA-A.ST|SAGA-B.ST|SAGA-D.ST","C-nur-die-7","nein","kein Tabellen-Eintrag: außerhalb angenommener Abdeckung","8914655232","","","nicht entscheidbar","nein","","","nicht entscheidbar","ab sagax (publ)","Nicht-US-Gegenlinien; Heimat-/Primärstatus nicht abgeleitet","nein","USD"
"SBCLY","4203.T","A","ja","A-Hypothese: gleiche Stückzahl; ganzzahliges Kurs-Verhältnis in gleicher Währung","1473954944","4421864832","3","zu klein","nein","","","Wahrheit nicht belegt","sumitomo bakelite company limited","Nicht-US-Gegenlinien; Heimat-/Primärstatus nicht abgeleitet","","USD"
"SBCLY","4203.T","B","ja","B-Hypothese: einzige Nicht-US-Linie als Heimat-Linie (nicht bestätigt)","1473954944","4355028311.801856","2.9546549774331883","zu klein","nein","","","Wahrheit nicht belegt","sumitomo bakelite company limited","Nicht-US-Gegenlinien; Heimat-/Primärstatus nicht abgeleitet","","USD"
"SBCLY","4203.T","C-100","nein","Tabellen-Abdeckung angenommen; Verhältniswert fehlt (kein Tabellen-Eintrag vorhanden)","1473954944","","","nicht entscheidbar","nein","","","nicht entscheidbar","sumitomo bakelite company limited","Nicht-US-Gegenlinien; Heimat-/Primärstatus nicht abgeleitet","ja","USD"
"SBCLY","4203.T","C-50","nein","kein Tabellen-Eintrag: außerhalb angenommener Abdeckung","1473954944","","","nicht entscheidbar","nein","","","nicht entscheidbar","sumitomo bakelite company limited","Nicht-US-Gegenlinien; Heimat-/Primärstatus nicht abgeleitet","nein","USD"
"SBCLY","4203.T","C-nur-die-7","nein","kein Tabellen-Eintrag: außerhalb angenommener Abdeckung","1473954944","","","nicht entscheidbar","nein","","","nicht entscheidbar","sumitomo bakelite company limited","Nicht-US-Gegenlinien; Heimat-/Primärstatus nicht abgeleitet","nein","USD"
"SESPF","SES.MI","A","nein","nicht entscheidbar ohne Kurs","934369536","","","nicht entscheidbar","nein","","","nicht entscheidbar","sesa s.p.a.","Nicht-US-Gegenlinien; Heimat-/Primärstatus nicht abgeleitet","","USD"
"SESPF","SES.MI","B","ja","B-Hypothese: einzige Nicht-US-Linie als Heimat-Linie (nicht bestätigt)","934369536","1719252264.915456","1.8400131839438054","zu klein","nein","","","Wahrheit nicht belegt","sesa s.p.a.","Nicht-US-Gegenlinien; Heimat-/Primärstatus nicht abgeleitet","","USD"
"SESPF","SES.MI","C-100","nein","Tabellen-Abdeckung angenommen; Verhältniswert fehlt (kein Tabellen-Eintrag vorhanden)","934369536","","","nicht entscheidbar","nein","","","nicht entscheidbar","sesa s.p.a.","Nicht-US-Gegenlinien; Heimat-/Primärstatus nicht abgeleitet","ja","USD"
"SESPF","SES.MI","C-50","nein","kein Tabellen-Eintrag: außerhalb angenommener Abdeckung","934369536","","","nicht entscheidbar","nein","","","nicht entscheidbar","sesa s.p.a.","Nicht-US-Gegenlinien; Heimat-/Primärstatus nicht abgeleitet","nein","USD"
"SESPF","SES.MI","C-nur-die-7","nein","kein Tabellen-Eintrag: außerhalb angenommener Abdeckung","934369536","","","nicht entscheidbar","nein","","","nicht entscheidbar","sesa s.p.a.","Nicht-US-Gegenlinien; Heimat-/Primärstatus nicht abgeleitet","nein","USD"
"SFFFF","PEUG.PA","A","nein","Verhältnis nicht eindeutig: Kurs-Verhältnis nicht ganzzahlig","2208884480","","","nicht entscheidbar","nein","","","nicht entscheidbar","peugeot invest société anonyme","Nicht-US-Gegenlinien; Heimat-/Primärstatus nicht abgeleitet","","USD"
"SFFFF","PEUG.PA","B","ja","B-Hypothese: einzige Nicht-US-Linie als Heimat-Linie (nicht bestätigt)","2208884480","1445711543.626624","0.6544984840613413","zu groß","nein","","","Wahrheit nicht belegt","peugeot invest société anonyme","Nicht-US-Gegenlinien; Heimat-/Primärstatus nicht abgeleitet","","USD"
"SFFFF","PEUG.PA","C-100","nein","Tabellen-Abdeckung angenommen; Verhältniswert fehlt (kein Tabellen-Eintrag vorhanden)","2208884480","","","nicht entscheidbar","nein","","","nicht entscheidbar","peugeot invest société anonyme","Nicht-US-Gegenlinien; Heimat-/Primärstatus nicht abgeleitet","ja","USD"
"SFFFF","PEUG.PA","C-50","nein","kein Tabellen-Eintrag: außerhalb angenommener Abdeckung","2208884480","","","nicht entscheidbar","nein","","","nicht entscheidbar","peugeot invest société anonyme","Nicht-US-Gegenlinien; Heimat-/Primärstatus nicht abgeleitet","nein","USD"
"SFFFF","PEUG.PA","C-nur-die-7","nein","kein Tabellen-Eintrag: außerhalb angenommener Abdeckung","2208884480","","","nicht entscheidbar","nein","","","nicht entscheidbar","peugeot invest société anonyme","Nicht-US-Gegenlinien; Heimat-/Primärstatus nicht abgeleitet","nein","USD"
"SFTTF","3697.T","A","ja","A-Hypothese: gleiche Stückzahl; ganzzahliges Kurs-Verhältnis in gleicher Währung","24382171136","1434245360.9411764","0.058823529411764705","zu groß","nein","","","Wahrheit nicht belegt","shift inc.","Nicht-US-Gegenlinien; Heimat-/Primärstatus nicht abgeleitet","","USD"
"SFTTF","3697.T","B","ja","B-Hypothese: einzige Nicht-US-Linie als Heimat-Linie (nicht bestätigt)","24382171136","1435807927.898112","0.05888761586855396","zu groß","nein","","","Wahrheit nicht belegt","shift inc.","Nicht-US-Gegenlinien; Heimat-/Primärstatus nicht abgeleitet","","USD"
"SFTTF","3697.T","C-100","nein","Tabellen-Abdeckung angenommen; Verhältniswert fehlt (kein Tabellen-Eintrag vorhanden)","24382171136","","","nicht entscheidbar","nein","","","nicht entscheidbar","shift inc.","Nicht-US-Gegenlinien; Heimat-/Primärstatus nicht abgeleitet","ja","USD"
"SFTTF","3697.T","C-50","nein","kein Tabellen-Eintrag: außerhalb angenommener Abdeckung","24382171136","","","nicht entscheidbar","nein","","","nicht entscheidbar","shift inc.","Nicht-US-Gegenlinien; Heimat-/Primärstatus nicht abgeleitet","nein","USD"
"SFTTF","3697.T","C-nur-die-7","nein","kein Tabellen-Eintrag: außerhalb angenommener Abdeckung","24382171136","","","nicht entscheidbar","nein","","","nicht entscheidbar","shift inc.","Nicht-US-Gegenlinien; Heimat-/Primärstatus nicht abgeleitet","nein","USD"
"SGIPF","7649.T","A","ja","A-Hypothese: ganzzahliges Stückzahl-Verhältnis","7066362368","3533181184","0.5","zu groß","nein","","","Wahrheit nicht belegt","sugi holdings co.,ltd.","Nicht-US-Gegenlinien; Heimat-/Primärstatus nicht abgeleitet","","USD"
"SGIPF","7649.T","B","ja","B-Hypothese: einzige Nicht-US-Linie als Heimat-Linie (nicht bestätigt)","7066362368","2930996851.0830183","0.4147815663057457","zu groß","nein","","","Wahrheit nicht belegt","sugi holdings co.,ltd.","Nicht-US-Gegenlinien; Heimat-/Primärstatus nicht abgeleitet","","USD"
"SGIPF","7649.T","C-100","nein","Tabellen-Abdeckung angenommen; Verhältniswert fehlt (kein Tabellen-Eintrag vorhanden)","7066362368","","","nicht entscheidbar","nein","","","nicht entscheidbar","sugi holdings co.,ltd.","Nicht-US-Gegenlinien; Heimat-/Primärstatus nicht abgeleitet","ja","USD"
"SGIPF","7649.T","C-50","nein","kein Tabellen-Eintrag: außerhalb angenommener Abdeckung","7066362368","","","nicht entscheidbar","nein","","","nicht entscheidbar","sugi holdings co.,ltd.","Nicht-US-Gegenlinien; Heimat-/Primärstatus nicht abgeleitet","nein","USD"
"SGIPF","7649.T","C-nur-die-7","nein","kein Tabellen-Eintrag: außerhalb angenommener Abdeckung","7066362368","","","nicht entscheidbar","nein","","","nicht entscheidbar","sugi holdings co.,ltd.","Nicht-US-Gegenlinien; Heimat-/Primärstatus nicht abgeleitet","nein","USD"
"SHAOF","8227.T","A","nein","Verhältnis nicht eindeutig: Kurs-Verhältnis nicht ganzzahlig","13916645376","","","nicht entscheidbar","nein","","","nicht entscheidbar","shimamura co., ltd.","Nicht-US-Gegenlinien; Heimat-/Primärstatus nicht abgeleitet","","USD"
"SHAOF","8227.T","B","ja","B-Hypothese: einzige Nicht-US-Linie als Heimat-Linie (nicht bestätigt)","13916645376","4215765090.4203267","0.3029296914966763","zu groß","nein","","","Wahrheit nicht belegt","shimamura co., ltd.","Nicht-US-Gegenlinien; Heimat-/Primärstatus nicht abgeleitet","","USD"
"SHAOF","8227.T","C-100","nein","Tabellen-Abdeckung angenommen; Verhältniswert fehlt (kein Tabellen-Eintrag vorhanden)","13916645376","","","nicht entscheidbar","nein","","","nicht entscheidbar","shimamura co., ltd.","Nicht-US-Gegenlinien; Heimat-/Primärstatus nicht abgeleitet","ja","USD"
"SHAOF","8227.T","C-50","nein","kein Tabellen-Eintrag: außerhalb angenommener Abdeckung","13916645376","","","nicht entscheidbar","nein","","","nicht entscheidbar","shimamura co., ltd.","Nicht-US-Gegenlinien; Heimat-/Primärstatus nicht abgeleitet","nein","USD"
"SHAOF","8227.T","C-nur-die-7","nein","kein Tabellen-Eintrag: außerhalb angenommener Abdeckung","13916645376","","","nicht entscheidbar","nein","","","nicht entscheidbar","shimamura co., ltd.","Nicht-US-Gegenlinien; Heimat-/Primärstatus nicht abgeleitet","nein","USD"
"SHJBF","1877.HK|688180.SS","A","nein","Verhältnis nicht eindeutig: Kurs-Verhältnis nicht ganzzahlig","4335997440","","","nicht entscheidbar","nein","","","nicht entscheidbar","shanghai junshi biosciences co., ltd.","Nicht-US-Gegenlinien; Heimat-/Primärstatus nicht abgeleitet","","USD"
"SHJBF","1877.HK|688180.SS","B","nein","Heimat-Linie nicht eindeutig: mehrere Nicht-US-Linien","4335997440","","","nicht entscheidbar","nein","","","nicht entscheidbar","shanghai junshi biosciences co., ltd.","Nicht-US-Gegenlinien; Heimat-/Primärstatus nicht abgeleitet","","USD"
"SHJBF","1877.HK|688180.SS","C-100","nein","Tabellen-Abdeckung angenommen; Verhältniswert fehlt (kein Tabellen-Eintrag vorhanden)","4335997440","","","nicht entscheidbar","nein","","","nicht entscheidbar","shanghai junshi biosciences co., ltd.","Nicht-US-Gegenlinien; Heimat-/Primärstatus nicht abgeleitet","ja","USD"
"SHJBF","1877.HK|688180.SS","C-50","nein","kein Tabellen-Eintrag: außerhalb angenommener Abdeckung","4335997440","","","nicht entscheidbar","nein","","","nicht entscheidbar","shanghai junshi biosciences co., ltd.","Nicht-US-Gegenlinien; Heimat-/Primärstatus nicht abgeleitet","nein","USD"
"SHJBF","1877.HK|688180.SS","C-nur-die-7","nein","kein Tabellen-Eintrag: außerhalb angenommener Abdeckung","4335997440","","","nicht entscheidbar","nein","","","nicht entscheidbar","shanghai junshi biosciences co., ltd.","Nicht-US-Gegenlinien; Heimat-/Primärstatus nicht abgeleitet","nein","USD"
"SHPHF","0460.HK","A","nein","Verhältnis nicht eindeutig: Kurs-Verhältnis nicht ganzzahlig","1897284608","","","nicht entscheidbar","nein","","","nicht entscheidbar","sihuan pharmaceutical holdings group ltd.","Nicht-US-Gegenlinien; Heimat-/Primärstatus nicht abgeleitet","","USD"
"SHPHF","0460.HK","B","ja","B-Hypothese: einzige Nicht-US-Linie als Heimat-Linie (nicht bestätigt)","1897284608","836713072.2576998","0.44100556591755147","zu groß","nein","","","Wahrheit nicht belegt","sihuan pharmaceutical holdings group ltd.","Nicht-US-Gegenlinien; Heimat-/Primärstatus nicht abgeleitet","","USD"
"SHPHF","0460.HK","C-100","nein","Tabellen-Abdeckung angenommen; Verhältniswert fehlt (kein Tabellen-Eintrag vorhanden)","1897284608","","","nicht entscheidbar","nein","","","nicht entscheidbar","sihuan pharmaceutical holdings group ltd.","Nicht-US-Gegenlinien; Heimat-/Primärstatus nicht abgeleitet","ja","USD"
"SHPHF","0460.HK","C-50","nein","kein Tabellen-Eintrag: außerhalb angenommener Abdeckung","1897284608","","","nicht entscheidbar","nein","","","nicht entscheidbar","sihuan pharmaceutical holdings group ltd.","Nicht-US-Gegenlinien; Heimat-/Primärstatus nicht abgeleitet","nein","USD"
"SHPHF","0460.HK","C-nur-die-7","nein","kein Tabellen-Eintrag: außerhalb angenommener Abdeckung","1897284608","","","nicht entscheidbar","nein","","","nicht entscheidbar","sihuan pharmaceutical holdings group ltd.","Nicht-US-Gegenlinien; Heimat-/Primärstatus nicht abgeleitet","nein","USD"
"SHPMF","2607.HK|601607.SS","A","nein","Verhältnis nicht eindeutig: Kurs-Verhältnis nicht ganzzahlig","5414208512","","","nicht entscheidbar","nein","","","nicht entscheidbar","shanghai pharmaceuticals holding co., ltd","Nicht-US-Gegenlinien; Heimat-/Primärstatus nicht abgeleitet","","USD"
"SHPMF","2607.HK|601607.SS","B","nein","Heimat-Linie nicht eindeutig: mehrere Nicht-US-Linien","5414208512","","","nicht entscheidbar","nein","","","nicht entscheidbar","shanghai pharmaceuticals holding co., ltd","Nicht-US-Gegenlinien; Heimat-/Primärstatus nicht abgeleitet","","USD"
"SHPMF","2607.HK|601607.SS","C-100","nein","Tabellen-Abdeckung angenommen; Verhältniswert fehlt (kein Tabellen-Eintrag vorhanden)","5414208512","","","nicht entscheidbar","nein","","","nicht entscheidbar","shanghai pharmaceuticals holding co., ltd","Nicht-US-Gegenlinien; Heimat-/Primärstatus nicht abgeleitet","ja","USD"
"SHPMF","2607.HK|601607.SS","C-50","nein","kein Tabellen-Eintrag: außerhalb angenommener Abdeckung","5414208512","","","nicht entscheidbar","nein","","","nicht entscheidbar","shanghai pharmaceuticals holding co., ltd","Nicht-US-Gegenlinien; Heimat-/Primärstatus nicht abgeleitet","nein","USD"
"SHPMF","2607.HK|601607.SS","C-nur-die-7","nein","kein Tabellen-Eintrag: außerhalb angenommener Abdeckung","5414208512","","","nicht entscheidbar","nein","","","nicht entscheidbar","shanghai pharmaceuticals holding co., ltd","Nicht-US-Gegenlinien; Heimat-/Primärstatus nicht abgeleitet","nein","USD"
"SIELF","2727.HK|601727.SS","A","nein","Verhältnis nicht eindeutig: Kurs-Verhältnis nicht ganzzahlig","16153604096","","","nicht entscheidbar","nein","","","nicht entscheidbar","shanghai electric group co., ltd.","Nicht-US-Gegenlinien; Heimat-/Primärstatus nicht abgeleitet","","USD"
"SIELF","2727.HK|601727.SS","B","nein","Heimat-Linie nicht eindeutig: mehrere Nicht-US-Linien","16153604096","","","nicht entscheidbar","nein","","","nicht entscheidbar","shanghai electric group co., ltd.","Nicht-US-Gegenlinien; Heimat-/Primärstatus nicht abgeleitet","","USD"
"SIELF","2727.HK|601727.SS","C-100","nein","Tabellen-Abdeckung angenommen; Verhältniswert fehlt (kein Tabellen-Eintrag vorhanden)","16153604096","","","nicht entscheidbar","nein","","","nicht entscheidbar","shanghai electric group co., ltd.","Nicht-US-Gegenlinien; Heimat-/Primärstatus nicht abgeleitet","ja","USD"
"SIELF","2727.HK|601727.SS","C-50","nein","kein Tabellen-Eintrag: außerhalb angenommener Abdeckung","16153604096","","","nicht entscheidbar","nein","","","nicht entscheidbar","shanghai electric group co., ltd.","Nicht-US-Gegenlinien; Heimat-/Primärstatus nicht abgeleitet","nein","USD"
"SIELF","2727.HK|601727.SS","C-nur-die-7","nein","kein Tabellen-Eintrag: außerhalb angenommener Abdeckung","16153604096","","","nicht entscheidbar","nein","","","nicht entscheidbar","shanghai electric group co., ltd.","Nicht-US-Gegenlinien; Heimat-/Primärstatus nicht abgeleitet","nein","USD"
"SKLYF","3197.T","A","ja","A-Hypothese: gleiche Stückzahl; ganzzahliges Kurs-Verhältnis in gleicher Währung","2433111296","4866222592","2","zu klein","nein","","","Wahrheit nicht belegt","skylark holdings co., ltd.","Nicht-US-Gegenlinien; Heimat-/Primärstatus nicht abgeleitet","","USD"
"SKLYF","3197.T","B","ja","B-Hypothese: einzige Nicht-US-Linie als Heimat-Linie (nicht bestätigt)","2433111296","4729527572.292895","1.9438188380729524","zu klein","nein","","","Wahrheit nicht belegt","skylark holdings co., ltd.","Nicht-US-Gegenlinien; Heimat-/Primärstatus nicht abgeleitet","","USD"
"SKLYF","3197.T","C-100","nein","Tabellen-Abdeckung angenommen; Verhältniswert fehlt (kein Tabellen-Eintrag vorhanden)","2433111296","","","nicht entscheidbar","nein","","","nicht entscheidbar","skylark holdings co., ltd.","Nicht-US-Gegenlinien; Heimat-/Primärstatus nicht abgeleitet","ja","USD"
"SKLYF","3197.T","C-50","nein","kein Tabellen-Eintrag: außerhalb angenommener Abdeckung","2433111296","","","nicht entscheidbar","nein","","","nicht entscheidbar","skylark holdings co., ltd.","Nicht-US-Gegenlinien; Heimat-/Primärstatus nicht abgeleitet","nein","USD"
"SKLYF","3197.T","C-nur-die-7","nein","kein Tabellen-Eintrag: außerhalb angenommener Abdeckung","2433111296","","","nicht entscheidbar","nein","","","nicht entscheidbar","skylark holdings co., ltd.","Nicht-US-Gegenlinien; Heimat-/Primärstatus nicht abgeleitet","nein","USD"
"SKPJF","9412.T","A","nein","Verhältnis nicht eindeutig: Kurs-Verhältnis nicht ganzzahlig","5905074176","","","nicht entscheidbar","nein","","","nicht entscheidbar","sky perfect jsat corporation","Nicht-US-Gegenlinien; Heimat-/Primärstatus nicht abgeleitet","","USD"
"SKPJF","9412.T","B","ja","B-Hypothese: einzige Nicht-US-Linie als Heimat-Linie (nicht bestätigt)","5905074176","3784551523.841802","0.6408982192337837","zu groß","nein","","","Wahrheit nicht belegt","sky perfect jsat corporation","Nicht-US-Gegenlinien; Heimat-/Primärstatus nicht abgeleitet","","USD"
"SKPJF","9412.T","C-100","nein","Tabellen-Abdeckung angenommen; Verhältniswert fehlt (kein Tabellen-Eintrag vorhanden)","5905074176","","","nicht entscheidbar","nein","","","nicht entscheidbar","sky perfect jsat corporation","Nicht-US-Gegenlinien; Heimat-/Primärstatus nicht abgeleitet","ja","USD"
"SKPJF","9412.T","C-50","nein","kein Tabellen-Eintrag: außerhalb angenommener Abdeckung","5905074176","","","nicht entscheidbar","nein","","","nicht entscheidbar","sky perfect jsat corporation","Nicht-US-Gegenlinien; Heimat-/Primärstatus nicht abgeleitet","nein","USD"
"SKPJF","9412.T","C-nur-die-7","nein","kein Tabellen-Eintrag: außerhalb angenommener Abdeckung","5905074176","","","nicht entscheidbar","nein","","","nicht entscheidbar","sky perfect jsat corporation","Nicht-US-Gegenlinien; Heimat-/Primärstatus nicht abgeleitet","nein","USD"
"SLOIF","SOH1.DE|SOI.PA|SOI.VI","A","nein","Verhältnis nicht eindeutig: Kurs-Verhältnis nicht ganzzahlig","3568656128","","","nicht entscheidbar","nein","","","nicht entscheidbar","soitec sa","Nicht-US-Gegenlinien; Heimat-/Primärstatus nicht abgeleitet","","USD"
"SLOIF","SOH1.DE|SOI.PA|SOI.VI","B","nein","Heimat-Linie nicht eindeutig: mehrere Nicht-US-Linien","3568656128","","","nicht entscheidbar","nein","","","nicht entscheidbar","soitec sa","Nicht-US-Gegenlinien; Heimat-/Primärstatus nicht abgeleitet","","USD"
"SLOIF","SOH1.DE|SOI.PA|SOI.VI","C-100","nein","Tabellen-Abdeckung angenommen; Verhältniswert fehlt (kein Tabellen-Eintrag vorhanden)","3568656128","","","nicht entscheidbar","nein","","","nicht entscheidbar","soitec sa","Nicht-US-Gegenlinien; Heimat-/Primärstatus nicht abgeleitet","ja","USD"
"SLOIF","SOH1.DE|SOI.PA|SOI.VI","C-50","nein","kein Tabellen-Eintrag: außerhalb angenommener Abdeckung","3568656128","","","nicht entscheidbar","nein","","","nicht entscheidbar","soitec sa","Nicht-US-Gegenlinien; Heimat-/Primärstatus nicht abgeleitet","nein","USD"
"SLOIF","SOH1.DE|SOI.PA|SOI.VI","C-nur-die-7","nein","kein Tabellen-Eintrag: außerhalb angenommener Abdeckung","3568656128","","","nicht entscheidbar","nein","","","nicht entscheidbar","soitec sa","Nicht-US-Gegenlinien; Heimat-/Primärstatus nicht abgeleitet","nein","USD"
"SNHIY","600031.SS|6031.HK","A","nein","Verhältnis nicht eindeutig: Kurs-Verhältnis nicht ganzzahlig","91674198016","","","nicht entscheidbar","nein","","","nicht entscheidbar","sany heavy industry co.,ltd","Nicht-US-Gegenlinien; Heimat-/Primärstatus nicht abgeleitet","","USD"
"SNHIY","600031.SS|6031.HK","B","nein","Heimat-Linie nicht eindeutig: mehrere Nicht-US-Linien","91674198016","","","nicht entscheidbar","nein","","","nicht entscheidbar","sany heavy industry co.,ltd","Nicht-US-Gegenlinien; Heimat-/Primärstatus nicht abgeleitet","","USD"
"SNHIY","600031.SS|6031.HK","C-100","nein","Tabellen-Abdeckung angenommen; Verhältniswert fehlt (kein Tabellen-Eintrag vorhanden)","91674198016","","","nicht entscheidbar","nein","","","nicht entscheidbar","sany heavy industry co.,ltd","Nicht-US-Gegenlinien; Heimat-/Primärstatus nicht abgeleitet","ja","USD"
"SNHIY","600031.SS|6031.HK","C-50","nein","kein Tabellen-Eintrag: außerhalb angenommener Abdeckung","91674198016","","","nicht entscheidbar","nein","","","nicht entscheidbar","sany heavy industry co.,ltd","Nicht-US-Gegenlinien; Heimat-/Primärstatus nicht abgeleitet","nein","USD"
"SNHIY","600031.SS|6031.HK","C-nur-die-7","nein","kein Tabellen-Eintrag: außerhalb angenommener Abdeckung","91674198016","","","nicht entscheidbar","nein","","","nicht entscheidbar","sany heavy industry co.,ltd","Nicht-US-Gegenlinien; Heimat-/Primärstatus nicht abgeleitet","nein","USD"
"SNTMF","0020.HK","A","nein","Verhältnis nicht eindeutig: Kurs-Verhältnis nicht ganzzahlig","11452456960","","","nicht entscheidbar","nein","","","nicht entscheidbar","sensetime group inc.","Nicht-US-Gegenlinien; Heimat-/Primärstatus nicht abgeleitet","","USD"
"SNTMF","0020.HK","B","ja","B-Hypothese: einzige Nicht-US-Linie als Heimat-Linie (nicht bestätigt)","11452456960","6585418310.666159","0.5750223147458271","zu groß","nein","","","Wahrheit nicht belegt","sensetime group inc.","Nicht-US-Gegenlinien; Heimat-/Primärstatus nicht abgeleitet","","USD"
"SNTMF","0020.HK","C-100","nein","Tabellen-Abdeckung angenommen; Verhältniswert fehlt (kein Tabellen-Eintrag vorhanden)","11452456960","","","nicht entscheidbar","nein","","","nicht entscheidbar","sensetime group inc.","Nicht-US-Gegenlinien; Heimat-/Primärstatus nicht abgeleitet","ja","USD"
"SNTMF","0020.HK","C-50","nein","kein Tabellen-Eintrag: außerhalb angenommener Abdeckung","11452456960","","","nicht entscheidbar","nein","","","nicht entscheidbar","sensetime group inc.","Nicht-US-Gegenlinien; Heimat-/Primärstatus nicht abgeleitet","nein","USD"
"SNTMF","0020.HK","C-nur-die-7","nein","kein Tabellen-Eintrag: außerhalb angenommener Abdeckung","11452456960","","","nicht entscheidbar","nein","","","nicht entscheidbar","sensetime group inc.","Nicht-US-Gegenlinien; Heimat-/Primärstatus nicht abgeleitet","nein","USD"
"SPGNY","SPG.DE","A","nein","Verhältnis nicht eindeutig: Kurs-Verhältnis nicht ganzzahlig","2758590208","","","nicht entscheidbar","nein","","","nicht entscheidbar","springer nature ag & co. kgaa","Nicht-US-Gegenlinien; Heimat-/Primärstatus nicht abgeleitet","","USD"
"SPGNY","SPG.DE","B","ja","B-Hypothese: einzige Nicht-US-Linie als Heimat-Linie (nicht bestätigt)","2758590208","4469518006.454784","1.6202181801026623","zu klein","nein","","","Wahrheit nicht belegt","springer nature ag & co. kgaa","Nicht-US-Gegenlinien; Heimat-/Primärstatus nicht abgeleitet","","USD"
"SPGNY","SPG.DE","C-100","nein","Tabellen-Abdeckung angenommen; Verhältniswert fehlt (kein Tabellen-Eintrag vorhanden)","2758590208","","","nicht entscheidbar","nein","","","nicht entscheidbar","springer nature ag & co. kgaa","Nicht-US-Gegenlinien; Heimat-/Primärstatus nicht abgeleitet","ja","USD"
"SPGNY","SPG.DE","C-50","nein","kein Tabellen-Eintrag: außerhalb angenommener Abdeckung","2758590208","","","nicht entscheidbar","nein","","","nicht entscheidbar","springer nature ag & co. kgaa","Nicht-US-Gegenlinien; Heimat-/Primärstatus nicht abgeleitet","nein","USD"
"SPGNY","SPG.DE","C-nur-die-7","nein","kein Tabellen-Eintrag: außerhalb angenommener Abdeckung","2758590208","","","nicht entscheidbar","nein","","","nicht entscheidbar","springer nature ag & co. kgaa","Nicht-US-Gegenlinien; Heimat-/Primärstatus nicht abgeleitet","nein","USD"
"SPTJF","0338.HK|600688.SS","A","nein","Verhältnis nicht eindeutig: Kurs-Verhältnis nicht ganzzahlig","3088818176","","","nicht entscheidbar","nein","","","nicht entscheidbar","sinopec shanghai petrochemical company limited","Nicht-US-Gegenlinien; Heimat-/Primärstatus nicht abgeleitet","","USD"
"SPTJF","0338.HK|600688.SS","B","nein","Heimat-Linie nicht eindeutig: mehrere Nicht-US-Linien","3088818176","","","nicht entscheidbar","nein","","","nicht entscheidbar","sinopec shanghai petrochemical company limited","Nicht-US-Gegenlinien; Heimat-/Primärstatus nicht abgeleitet","","USD"
"SPTJF","0338.HK|600688.SS","C-100","nein","Tabellen-Abdeckung angenommen; Verhältniswert fehlt (kein Tabellen-Eintrag vorhanden)","3088818176","","","nicht entscheidbar","nein","","","nicht entscheidbar","sinopec shanghai petrochemical company limited","Nicht-US-Gegenlinien; Heimat-/Primärstatus nicht abgeleitet","ja","USD"
"SPTJF","0338.HK|600688.SS","C-50","nein","kein Tabellen-Eintrag: außerhalb angenommener Abdeckung","3088818176","","","nicht entscheidbar","nein","","","nicht entscheidbar","sinopec shanghai petrochemical company limited","Nicht-US-Gegenlinien; Heimat-/Primärstatus nicht abgeleitet","nein","USD"
"SPTJF","0338.HK|600688.SS","C-nur-die-7","nein","kein Tabellen-Eintrag: außerhalb angenommener Abdeckung","3088818176","","","nicht entscheidbar","nein","","","nicht entscheidbar","sinopec shanghai petrochemical company limited","Nicht-US-Gegenlinien; Heimat-/Primärstatus nicht abgeleitet","nein","USD"
"SREDF","STB.OL","A","nein","nicht entscheidbar ohne Kurs","4760021504","","","nicht entscheidbar","nein","","","nicht entscheidbar","storebrand asa","Nicht-US-Gegenlinien; Heimat-/Primärstatus nicht abgeleitet","","USD"
"SREDF","STB.OL","B","ja","B-Hypothese: einzige Nicht-US-Linie als Heimat-Linie (nicht bestätigt)","4760021504","8794303264.93184","1.8475343562086228","zu klein","nein","","","Wahrheit nicht belegt","storebrand asa","Nicht-US-Gegenlinien; Heimat-/Primärstatus nicht abgeleitet","","USD"
"SREDF","STB.OL","C-100","nein","Tabellen-Abdeckung angenommen; Verhältniswert fehlt (kein Tabellen-Eintrag vorhanden)","4760021504","","","nicht entscheidbar","nein","","","nicht entscheidbar","storebrand asa","Nicht-US-Gegenlinien; Heimat-/Primärstatus nicht abgeleitet","ja","USD"
"SREDF","STB.OL","C-50","nein","kein Tabellen-Eintrag: außerhalb angenommener Abdeckung","4760021504","","","nicht entscheidbar","nein","","","nicht entscheidbar","storebrand asa","Nicht-US-Gegenlinien; Heimat-/Primärstatus nicht abgeleitet","nein","USD"
"SREDF","STB.OL","C-nur-die-7","nein","kein Tabellen-Eintrag: außerhalb angenommener Abdeckung","4760021504","","","nicht entscheidbar","nein","","","nicht entscheidbar","storebrand asa","Nicht-US-Gegenlinien; Heimat-/Primärstatus nicht abgeleitet","nein","USD"
"SRMGF","MING.OL","A","ja","A-Hypothese: gleiche Stückzahl; ganzzahliges Kurs-Verhältnis in gleicher Währung","1658464256","3316928512","2","zu klein","nein","","","Wahrheit nicht belegt","sparebank 1 smn","Nicht-US-Gegenlinien; Heimat-/Primärstatus nicht abgeleitet","","USD"
"SRMGF","MING.OL","B","ja","B-Hypothese: einzige Nicht-US-Linie als Heimat-Linie (nicht bestätigt)","1658464256","3321444524.75904","2.0027230087972665","zu klein","nein","","","Wahrheit nicht belegt","sparebank 1 smn","Nicht-US-Gegenlinien; Heimat-/Primärstatus nicht abgeleitet","","USD"
"SRMGF","MING.OL","C-100","nein","Tabellen-Abdeckung angenommen; Verhältniswert fehlt (kein Tabellen-Eintrag vorhanden)","1658464256","","","nicht entscheidbar","nein","","","nicht entscheidbar","sparebank 1 smn","Nicht-US-Gegenlinien; Heimat-/Primärstatus nicht abgeleitet","ja","USD"
"SRMGF","MING.OL","C-50","nein","kein Tabellen-Eintrag: außerhalb angenommener Abdeckung","1658464256","","","nicht entscheidbar","nein","","","nicht entscheidbar","sparebank 1 smn","Nicht-US-Gegenlinien; Heimat-/Primärstatus nicht abgeleitet","nein","USD"
"SRMGF","MING.OL","C-nur-die-7","nein","kein Tabellen-Eintrag: außerhalb angenommener Abdeckung","1658464256","","","nicht entscheidbar","nein","","","nicht entscheidbar","sparebank 1 smn","Nicht-US-Gegenlinien; Heimat-/Primärstatus nicht abgeleitet","nein","USD"
"SSNLF","005930.KS|005935.KS|BC94.L|SMSD.L|SMSN.L","A","nein","Verhältnis nicht eindeutig: Kurs-Verhältnis nicht ganzzahlig","428205604864","","","nicht entscheidbar","nein","","","nicht entscheidbar","samsung electronics co., ltd.","Nicht-US-Gegenlinien; Heimat-/Primärstatus nicht abgeleitet","","USD"
"SSNLF","005930.KS|005935.KS|BC94.L|SMSD.L|SMSN.L","B","nein","Heimat-Linie nicht eindeutig: mehrere Nicht-US-Linien","428205604864","","","nicht entscheidbar","nein","","","nicht entscheidbar","samsung electronics co., ltd.","Nicht-US-Gegenlinien; Heimat-/Primärstatus nicht abgeleitet","","USD"
"SSNLF","005930.KS|005935.KS|BC94.L|SMSD.L|SMSN.L","C-100","nein","Tabellen-Abdeckung angenommen; Verhältniswert fehlt (kein Tabellen-Eintrag vorhanden)","428205604864","","","nicht entscheidbar","nein","","","nicht entscheidbar","samsung electronics co., ltd.","Nicht-US-Gegenlinien; Heimat-/Primärstatus nicht abgeleitet","ja","USD"
"SSNLF","005930.KS|005935.KS|BC94.L|SMSD.L|SMSN.L","C-50","nein","kein Tabellen-Eintrag: außerhalb angenommener Abdeckung","428205604864","","","nicht entscheidbar","nein","","","nicht entscheidbar","samsung electronics co., ltd.","Nicht-US-Gegenlinien; Heimat-/Primärstatus nicht abgeleitet","nein","USD"
"SSNLF","005930.KS|005935.KS|BC94.L|SMSD.L|SMSN.L","C-nur-die-7","nein","kein Tabellen-Eintrag: außerhalb angenommener Abdeckung","428205604864","","","nicht entscheidbar","nein","","","nicht entscheidbar","samsung electronics co., ltd.","Nicht-US-Gegenlinien; Heimat-/Primärstatus nicht abgeleitet","nein","USD"
"SURDF","8830.T","A","nein","Verhältnis nicht eindeutig: Kurs-Verhältnis nicht ganzzahlig","28170297344","","","nicht entscheidbar","nein","","","nicht entscheidbar","sumitomo realty & development co., ltd.","Nicht-US-Gegenlinien; Heimat-/Primärstatus nicht abgeleitet","","USD"
"SURDF","8830.T","B","ja","B-Hypothese: einzige Nicht-US-Linie als Heimat-Linie (nicht bestätigt)","28170297344","18760267357.33113","0.66595915294188","zu groß","nein","","","Wahrheit nicht belegt","sumitomo realty & development co., ltd.","Nicht-US-Gegenlinien; Heimat-/Primärstatus nicht abgeleitet","","USD"
"SURDF","8830.T","C-100","nein","Tabellen-Abdeckung angenommen; Verhältniswert fehlt (kein Tabellen-Eintrag vorhanden)","28170297344","","","nicht entscheidbar","nein","","","nicht entscheidbar","sumitomo realty & development co., ltd.","Nicht-US-Gegenlinien; Heimat-/Primärstatus nicht abgeleitet","ja","USD"
"SURDF","8830.T","C-50","nein","kein Tabellen-Eintrag: außerhalb angenommener Abdeckung","28170297344","","","nicht entscheidbar","nein","","","nicht entscheidbar","sumitomo realty & development co., ltd.","Nicht-US-Gegenlinien; Heimat-/Primärstatus nicht abgeleitet","nein","USD"
"SURDF","8830.T","C-nur-die-7","nein","kein Tabellen-Eintrag: außerhalb angenommener Abdeckung","28170297344","","","nicht entscheidbar","nein","","","nicht entscheidbar","sumitomo realty & development co., ltd.","Nicht-US-Gegenlinien; Heimat-/Primärstatus nicht abgeleitet","nein","USD"
"SURRF","6808.HK","A","nein","Verhältnis nicht eindeutig: Kurs-Verhältnis nicht ganzzahlig","2949923840","","","nicht entscheidbar","nein","","","nicht entscheidbar","sun art retail group limited","Nicht-US-Gegenlinien; Heimat-/Primärstatus nicht abgeleitet","","USD"
"SURRF","6808.HK","B","ja","B-Hypothese: einzige Nicht-US-Linie als Heimat-Linie (nicht bestätigt)","2949923840","1252705123.0708532","0.42465676777297856","zu groß","nein","","","Wahrheit nicht belegt","sun art retail group limited","Nicht-US-Gegenlinien; Heimat-/Primärstatus nicht abgeleitet","","USD"
"SURRF","6808.HK","C-100","nein","Tabellen-Abdeckung angenommen; Verhältniswert fehlt (kein Tabellen-Eintrag vorhanden)","2949923840","","","nicht entscheidbar","nein","","","nicht entscheidbar","sun art retail group limited","Nicht-US-Gegenlinien; Heimat-/Primärstatus nicht abgeleitet","ja","USD"
"SURRF","6808.HK","C-50","nein","kein Tabellen-Eintrag: außerhalb angenommener Abdeckung","2949923840","","","nicht entscheidbar","nein","","","nicht entscheidbar","sun art retail group limited","Nicht-US-Gegenlinien; Heimat-/Primärstatus nicht abgeleitet","nein","USD"
"SURRF","6808.HK","C-nur-die-7","nein","kein Tabellen-Eintrag: außerhalb angenommener Abdeckung","2949923840","","","nicht entscheidbar","nein","","","nicht entscheidbar","sun art retail group limited","Nicht-US-Gegenlinien; Heimat-/Primärstatus nicht abgeleitet","nein","USD"
"SVNLF","SHB-A.ST|SHB-B.ST","A","nein","nicht entscheidbar ohne Kurs","28680437760","","","nicht entscheidbar","nein","","","nicht entscheidbar","svenska handelsbanken ab (publ)","Nicht-US-Gegenlinien; Heimat-/Primärstatus nicht abgeleitet","","USD"
"SVNLF","SHB-A.ST|SHB-B.ST","B","nein","Heimat-Linie nicht eindeutig: mehrere Nicht-US-Linien","28680437760","","","nicht entscheidbar","nein","","","nicht entscheidbar","svenska handelsbanken ab (publ)","Nicht-US-Gegenlinien; Heimat-/Primärstatus nicht abgeleitet","","USD"
"SVNLF","SHB-A.ST|SHB-B.ST","C-100","nein","Tabellen-Abdeckung angenommen; Verhältniswert fehlt (kein Tabellen-Eintrag vorhanden)","28680437760","","","nicht entscheidbar","nein","","","nicht entscheidbar","svenska handelsbanken ab (publ)","Nicht-US-Gegenlinien; Heimat-/Primärstatus nicht abgeleitet","ja","USD"
"SVNLF","SHB-A.ST|SHB-B.ST","C-50","nein","kein Tabellen-Eintrag: außerhalb angenommener Abdeckung","28680437760","","","nicht entscheidbar","nein","","","nicht entscheidbar","svenska handelsbanken ab (publ)","Nicht-US-Gegenlinien; Heimat-/Primärstatus nicht abgeleitet","nein","USD"
"SVNLF","SHB-A.ST|SHB-B.ST","C-nur-die-7","nein","kein Tabellen-Eintrag: außerhalb angenommener Abdeckung","28680437760","","","nicht entscheidbar","nein","","","nicht entscheidbar","svenska handelsbanken ab (publ)","Nicht-US-Gegenlinien; Heimat-/Primärstatus nicht abgeleitet","nein","USD"
"SWDHF","0751.HK","A","nein","Verhältnis nicht eindeutig: Kurs-Verhältnis nicht ganzzahlig","1919448192","","","nicht entscheidbar","nein","","","nicht entscheidbar","skyworth group limited","Nicht-US-Gegenlinien; Heimat-/Primärstatus nicht abgeleitet","","USD"
"SWDHF","0751.HK","B","ja","B-Hypothese: einzige Nicht-US-Linie als Heimat-Linie (nicht bestätigt)","1919448192","921905230.484521","0.48029701157181376","zu groß","nein","","","Wahrheit nicht belegt","skyworth group limited","Nicht-US-Gegenlinien; Heimat-/Primärstatus nicht abgeleitet","","USD"
"SWDHF","0751.HK","C-100","nein","Tabellen-Abdeckung angenommen; Verhältniswert fehlt (kein Tabellen-Eintrag vorhanden)","1919448192","","","nicht entscheidbar","nein","","","nicht entscheidbar","skyworth group limited","Nicht-US-Gegenlinien; Heimat-/Primärstatus nicht abgeleitet","ja","USD"
"SWDHF","0751.HK","C-50","nein","kein Tabellen-Eintrag: außerhalb angenommener Abdeckung","1919448192","","","nicht entscheidbar","nein","","","nicht entscheidbar","skyworth group limited","Nicht-US-Gegenlinien; Heimat-/Primärstatus nicht abgeleitet","nein","USD"
"SWDHF","0751.HK","C-nur-die-7","nein","kein Tabellen-Eintrag: außerhalb angenommener Abdeckung","1919448192","","","nicht entscheidbar","nein","","","nicht entscheidbar","skyworth group limited","Nicht-US-Gegenlinien; Heimat-/Primärstatus nicht abgeleitet","nein","USD"
"SWPRF","1SPSN.MI|SPSN.SW|SPSN.VI","A","nein","Verhältnis nicht eindeutig: Kurs-Verhältnis nicht ganzzahlig","8103606272","","","nicht entscheidbar","nein","","","nicht entscheidbar","swiss prime site ag","Nicht-US-Gegenlinien; Heimat-/Primärstatus nicht abgeleitet","","USD"
"SWPRF","1SPSN.MI|SPSN.SW|SPSN.VI","B","nein","Heimat-Linie nicht eindeutig: mehrere Nicht-US-Linien","8103606272","","","nicht entscheidbar","nein","","","nicht entscheidbar","swiss prime site ag","Nicht-US-Gegenlinien; Heimat-/Primärstatus nicht abgeleitet","","USD"
"SWPRF","1SPSN.MI|SPSN.SW|SPSN.VI","C-100","nein","Tabellen-Abdeckung angenommen; Verhältniswert fehlt (kein Tabellen-Eintrag vorhanden)","8103606272","","","nicht entscheidbar","nein","","","nicht entscheidbar","swiss prime site ag","Nicht-US-Gegenlinien; Heimat-/Primärstatus nicht abgeleitet","ja","USD"
"SWPRF","1SPSN.MI|SPSN.SW|SPSN.VI","C-50","nein","kein Tabellen-Eintrag: außerhalb angenommener Abdeckung","8103606272","","","nicht entscheidbar","nein","","","nicht entscheidbar","swiss prime site ag","Nicht-US-Gegenlinien; Heimat-/Primärstatus nicht abgeleitet","nein","USD"
"SWPRF","1SPSN.MI|SPSN.SW|SPSN.VI","C-nur-die-7","nein","kein Tabellen-Eintrag: außerhalb angenommener Abdeckung","8103606272","","","nicht entscheidbar","nein","","","nicht entscheidbar","swiss prime site ag","Nicht-US-Gegenlinien; Heimat-/Primärstatus nicht abgeleitet","nein","USD"
"SWRBF","0019.HK|0087.HK","A","nein","Verhältnis nicht eindeutig: Stückzahlen","10886654976","","","nicht entscheidbar","nein","","","nicht entscheidbar","swire pacific limited","Nicht-US-Gegenlinien; Heimat-/Primärstatus nicht abgeleitet","","USD"
"SWRBF","0019.HK|0087.HK","B","nein","Heimat-Linie nicht eindeutig: mehrere Nicht-US-Linien","10886654976","","","nicht entscheidbar","nein","","","nicht entscheidbar","swire pacific limited","Nicht-US-Gegenlinien; Heimat-/Primärstatus nicht abgeleitet","","USD"
"SWRBF","0019.HK|0087.HK","C-100","nein","Tabellen-Abdeckung angenommen; Verhältniswert fehlt (kein Tabellen-Eintrag vorhanden)","10886654976","","","nicht entscheidbar","nein","","","nicht entscheidbar","swire pacific limited","Nicht-US-Gegenlinien; Heimat-/Primärstatus nicht abgeleitet","ja","USD"
"SWRBF","0019.HK|0087.HK","C-50","nein","kein Tabellen-Eintrag: außerhalb angenommener Abdeckung","10886654976","","","nicht entscheidbar","nein","","","nicht entscheidbar","swire pacific limited","Nicht-US-Gegenlinien; Heimat-/Primärstatus nicht abgeleitet","nein","USD"
"SWRBF","0019.HK|0087.HK","C-nur-die-7","nein","kein Tabellen-Eintrag: außerhalb angenommener Abdeckung","10886654976","","","nicht entscheidbar","nein","","","nicht entscheidbar","swire pacific limited","Nicht-US-Gegenlinien; Heimat-/Primärstatus nicht abgeleitet","nein","USD"
"SYNSY","SYEN.VI|SYENS.BR","A","nein","Verhältnis nicht eindeutig: Kurs-Verhältnis nicht ganzzahlig","973780352","","","nicht entscheidbar","nein","","","nicht entscheidbar","syensqo sa/nv","Nicht-US-Gegenlinien; Heimat-/Primärstatus nicht abgeleitet","","USD"
"SYNSY","SYEN.VI|SYENS.BR","B","nein","Heimat-Linie nicht eindeutig: mehrere Nicht-US-Linien","973780352","","","nicht entscheidbar","nein","","","nicht entscheidbar","syensqo sa/nv","Nicht-US-Gegenlinien; Heimat-/Primärstatus nicht abgeleitet","","USD"
"SYNSY","SYEN.VI|SYENS.BR","C-100","nein","Tabellen-Abdeckung angenommen; Verhältniswert fehlt (kein Tabellen-Eintrag vorhanden)","973780352","","","nicht entscheidbar","nein","","","nicht entscheidbar","syensqo sa/nv","Nicht-US-Gegenlinien; Heimat-/Primärstatus nicht abgeleitet","ja","USD"
"SYNSY","SYEN.VI|SYENS.BR","C-50","nein","kein Tabellen-Eintrag: außerhalb angenommener Abdeckung","973780352","","","nicht entscheidbar","nein","","","nicht entscheidbar","syensqo sa/nv","Nicht-US-Gegenlinien; Heimat-/Primärstatus nicht abgeleitet","nein","USD"
"SYNSY","SYEN.VI|SYENS.BR","C-nur-die-7","nein","kein Tabellen-Eintrag: außerhalb angenommener Abdeckung","973780352","","","nicht entscheidbar","nein","","","nicht entscheidbar","syensqo sa/nv","Nicht-US-Gegenlinien; Heimat-/Primärstatus nicht abgeleitet","nein","USD"
"SYRVF","1SCYR.MI|SCYR.MC","A","nein","Verhältnis nicht eindeutig: Kurs-Verhältnis nicht ganzzahlig","1759385728","","","nicht entscheidbar","nein","","","nicht entscheidbar","sacyr, s.a.","Nicht-US-Gegenlinien; Heimat-/Primärstatus nicht abgeleitet","","USD"
"SYRVF","1SCYR.MI|SCYR.MC","B","nein","Heimat-Linie nicht eindeutig: mehrere Nicht-US-Linien","1759385728","","","nicht entscheidbar","nein","","","nicht entscheidbar","sacyr, s.a.","Nicht-US-Gegenlinien; Heimat-/Primärstatus nicht abgeleitet","","USD"
"SYRVF","1SCYR.MI|SCYR.MC","C-100","nein","Tabellen-Abdeckung angenommen; Verhältniswert fehlt (kein Tabellen-Eintrag vorhanden)","1759385728","","","nicht entscheidbar","nein","","","nicht entscheidbar","sacyr, s.a.","Nicht-US-Gegenlinien; Heimat-/Primärstatus nicht abgeleitet","ja","USD"
"SYRVF","1SCYR.MI|SCYR.MC","C-50","nein","kein Tabellen-Eintrag: außerhalb angenommener Abdeckung","1759385728","","","nicht entscheidbar","nein","","","nicht entscheidbar","sacyr, s.a.","Nicht-US-Gegenlinien; Heimat-/Primärstatus nicht abgeleitet","nein","USD"
"SYRVF","1SCYR.MI|SCYR.MC","C-nur-die-7","nein","kein Tabellen-Eintrag: außerhalb angenommener Abdeckung","1759385728","","","nicht entscheidbar","nein","","","nicht entscheidbar","sacyr, s.a.","Nicht-US-Gegenlinien; Heimat-/Primärstatus nicht abgeleitet","nein","USD"
"SZENF","1030.HK","A","nein","Verhältnis nicht eindeutig: Kurs-Verhältnis nicht ganzzahlig","5069108224","","","nicht entscheidbar","nein","","","nicht entscheidbar","seazen group limited","Nicht-US-Gegenlinien; Heimat-/Primärstatus nicht abgeleitet","","USD"
"SZENF","1030.HK","B","ja","B-Hypothese: einzige Nicht-US-Linie als Heimat-Linie (nicht bestätigt)","5069108224","1370882590.6286592","0.2704386116946828","zu groß","nein","","","Wahrheit nicht belegt","seazen group limited","Nicht-US-Gegenlinien; Heimat-/Primärstatus nicht abgeleitet","","USD"
"SZENF","1030.HK","C-100","nein","Tabellen-Abdeckung angenommen; Verhältniswert fehlt (kein Tabellen-Eintrag vorhanden)","5069108224","","","nicht entscheidbar","nein","","","nicht entscheidbar","seazen group limited","Nicht-US-Gegenlinien; Heimat-/Primärstatus nicht abgeleitet","ja","USD"
"SZENF","1030.HK","C-50","nein","kein Tabellen-Eintrag: außerhalb angenommener Abdeckung","5069108224","","","nicht entscheidbar","nein","","","nicht entscheidbar","seazen group limited","Nicht-US-Gegenlinien; Heimat-/Primärstatus nicht abgeleitet","nein","USD"
"SZENF","1030.HK","C-nur-die-7","nein","kein Tabellen-Eintrag: außerhalb angenommener Abdeckung","5069108224","","","nicht entscheidbar","nein","","","nicht entscheidbar","seazen group limited","Nicht-US-Gegenlinien; Heimat-/Primärstatus nicht abgeleitet","nein","USD"
"SZHIF","2313.HK","A","nein","Verhältnis nicht eindeutig: Kurs-Verhältnis nicht ganzzahlig","11481666560","","","nicht entscheidbar","nein","","","nicht entscheidbar","shenzhou international group holdings limited","Nicht-US-Gegenlinien; Heimat-/Primärstatus nicht abgeleitet","","USD"
"SZHIF","2313.HK","B","ja","B-Hypothese: einzige Nicht-US-Linie als Heimat-Linie (nicht bestätigt)","11481666560","6712989363.765904","0.5846702940453536","zu groß","nein","","","Wahrheit nicht belegt","shenzhou international group holdings limited","Nicht-US-Gegenlinien; Heimat-/Primärstatus nicht abgeleitet","","USD"
"SZHIF","2313.HK","C-100","nein","Tabellen-Abdeckung angenommen; Verhältniswert fehlt (kein Tabellen-Eintrag vorhanden)","11481666560","","","nicht entscheidbar","nein","","","nicht entscheidbar","shenzhou international group holdings limited","Nicht-US-Gegenlinien; Heimat-/Primärstatus nicht abgeleitet","ja","USD"
"SZHIF","2313.HK","C-50","nein","kein Tabellen-Eintrag: außerhalb angenommener Abdeckung","11481666560","","","nicht entscheidbar","nein","","","nicht entscheidbar","shenzhou international group holdings limited","Nicht-US-Gegenlinien; Heimat-/Primärstatus nicht abgeleitet","nein","USD"
"SZHIF","2313.HK","C-nur-die-7","nein","kein Tabellen-Eintrag: außerhalb angenommener Abdeckung","11481666560","","","nicht entscheidbar","nein","","","nicht entscheidbar","shenzhou international group holdings limited","Nicht-US-Gegenlinien; Heimat-/Primärstatus nicht abgeleitet","nein","USD"
"TCCHF","TGYM.MI","A","nein","Verhältnis nicht eindeutig: Kurs-Verhältnis nicht ganzzahlig","4782992384","","","nicht entscheidbar","nein","","","nicht entscheidbar","technogym s.p.a.","Nicht-US-Gegenlinien; Heimat-/Primärstatus nicht abgeleitet","","USD"
"TCCHF","TGYM.MI","B","ja","B-Hypothese: einzige Nicht-US-Linie als Heimat-Linie (nicht bestätigt)","4782992384","2894120734.173952","0.6050857918685643","zu groß","nein","","","Wahrheit nicht belegt","technogym s.p.a.","Nicht-US-Gegenlinien; Heimat-/Primärstatus nicht abgeleitet","","USD"
"TCCHF","TGYM.MI","C-100","nein","Tabellen-Abdeckung angenommen; Verhältniswert fehlt (kein Tabellen-Eintrag vorhanden)","4782992384","","","nicht entscheidbar","nein","","","nicht entscheidbar","technogym s.p.a.","Nicht-US-Gegenlinien; Heimat-/Primärstatus nicht abgeleitet","ja","USD"
"TCCHF","TGYM.MI","C-50","nein","kein Tabellen-Eintrag: außerhalb angenommener Abdeckung","4782992384","","","nicht entscheidbar","nein","","","nicht entscheidbar","technogym s.p.a.","Nicht-US-Gegenlinien; Heimat-/Primärstatus nicht abgeleitet","nein","USD"
"TCCHF","TGYM.MI","C-nur-die-7","nein","kein Tabellen-Eintrag: außerhalb angenommener Abdeckung","4782992384","","","nicht entscheidbar","nein","","","nicht entscheidbar","technogym s.p.a.","Nicht-US-Gegenlinien; Heimat-/Primärstatus nicht abgeleitet","nein","USD"
"TCMEF","1698.HK","A","nein","Verhältnis nicht eindeutig: Kurs-Verhältnis nicht ganzzahlig","20433176576","","","nicht entscheidbar","nein","","","nicht entscheidbar","tencent music entertainment group","Nicht-US-Gegenlinien; Heimat-/Primärstatus nicht abgeleitet","","USD"
"TCMEF","1698.HK","B","ja","B-Hypothese: einzige Nicht-US-Linie als Heimat-Linie (nicht bestätigt)","20433176576","12922771816.88021","0.63244066671742","zu groß","nein","","","Wahrheit nicht belegt","tencent music entertainment group","Nicht-US-Gegenlinien; Heimat-/Primärstatus nicht abgeleitet","","USD"
"TCMEF","1698.HK","C-100","nein","Tabellen-Abdeckung angenommen; Verhältniswert fehlt (kein Tabellen-Eintrag vorhanden)","20433176576","","","nicht entscheidbar","nein","","","nicht entscheidbar","tencent music entertainment group","Nicht-US-Gegenlinien; Heimat-/Primärstatus nicht abgeleitet","ja","USD"
"TCMEF","1698.HK","C-50","nein","kein Tabellen-Eintrag: außerhalb angenommener Abdeckung","20433176576","","","nicht entscheidbar","nein","","","nicht entscheidbar","tencent music entertainment group","Nicht-US-Gegenlinien; Heimat-/Primärstatus nicht abgeleitet","nein","USD"
"TCMEF","1698.HK","C-nur-die-7","nein","kein Tabellen-Eintrag: außerhalb angenommener Abdeckung","20433176576","","","nicht entscheidbar","nein","","","nicht entscheidbar","tencent music entertainment group","Nicht-US-Gegenlinien; Heimat-/Primärstatus nicht abgeleitet","nein","USD"
"TCNRF","8439.T","A","nein","Verhältnis nicht eindeutig: Kurs-Verhältnis nicht ganzzahlig","5381267968","","","nicht entscheidbar","nein","","","nicht entscheidbar","tokyo century corporation","Nicht-US-Gegenlinien; Heimat-/Primärstatus nicht abgeleitet","","USD"
"TCNRF","8439.T","B","ja","B-Hypothese: einzige Nicht-US-Linie als Heimat-Linie (nicht bestätigt)","5381267968","8321307027.269223","1.5463468975624934","zu klein","nein","","","Wahrheit nicht belegt","tokyo century corporation","Nicht-US-Gegenlinien; Heimat-/Primärstatus nicht abgeleitet","","USD"
"TCNRF","8439.T","C-100","nein","Tabellen-Abdeckung angenommen; Verhältniswert fehlt (kein Tabellen-Eintrag vorhanden)","5381267968","","","nicht entscheidbar","nein","","","nicht entscheidbar","tokyo century corporation","Nicht-US-Gegenlinien; Heimat-/Primärstatus nicht abgeleitet","ja","USD"
"TCNRF","8439.T","C-50","nein","kein Tabellen-Eintrag: außerhalb angenommener Abdeckung","5381267968","","","nicht entscheidbar","nein","","","nicht entscheidbar","tokyo century corporation","Nicht-US-Gegenlinien; Heimat-/Primärstatus nicht abgeleitet","nein","USD"
"TCNRF","8439.T","C-nur-die-7","nein","kein Tabellen-Eintrag: außerhalb angenommener Abdeckung","5381267968","","","nicht entscheidbar","nein","","","nicht entscheidbar","tokyo century corporation","Nicht-US-Gegenlinien; Heimat-/Primärstatus nicht abgeleitet","nein","USD"
"TGOSF","7282.T","A","nein","Verhältnis nicht eindeutig: Kurs-Verhältnis nicht ganzzahlig","2022759296","","","nicht entscheidbar","nein","","","nicht entscheidbar","toyoda gosei co., ltd.","Nicht-US-Gegenlinien; Heimat-/Primärstatus nicht abgeleitet","","USD"
"TGOSF","7282.T","B","ja","B-Hypothese: einzige Nicht-US-Linie als Heimat-Linie (nicht bestätigt)","2022759296","3904602048.6089935","1.9303344972040577","zu klein","nein","","","Wahrheit nicht belegt","toyoda gosei co., ltd.","Nicht-US-Gegenlinien; Heimat-/Primärstatus nicht abgeleitet","","USD"
"TGOSF","7282.T","C-100","nein","Tabellen-Abdeckung angenommen; Verhältniswert fehlt (kein Tabellen-Eintrag vorhanden)","2022759296","","","nicht entscheidbar","nein","","","nicht entscheidbar","toyoda gosei co., ltd.","Nicht-US-Gegenlinien; Heimat-/Primärstatus nicht abgeleitet","ja","USD"
"TGOSF","7282.T","C-50","nein","kein Tabellen-Eintrag: außerhalb angenommener Abdeckung","2022759296","","","nicht entscheidbar","nein","","","nicht entscheidbar","toyoda gosei co., ltd.","Nicht-US-Gegenlinien; Heimat-/Primärstatus nicht abgeleitet","nein","USD"
"TGOSF","7282.T","C-nur-die-7","nein","kein Tabellen-Eintrag: außerhalb angenommener Abdeckung","2022759296","","","nicht entscheidbar","nein","","","nicht entscheidbar","toyoda gosei co., ltd.","Nicht-US-Gegenlinien; Heimat-/Primärstatus nicht abgeleitet","nein","USD"
"THOGF","9533.T","A","nein","Verhältnis nicht eindeutig: Kurs-Verhältnis nicht ganzzahlig","9220022272","","","nicht entscheidbar","nein","","","nicht entscheidbar","toho gas co., ltd.","Nicht-US-Gegenlinien; Heimat-/Primärstatus nicht abgeleitet","","USD"
"THOGF","9533.T","B","ja","B-Hypothese: einzige Nicht-US-Linie als Heimat-Linie (nicht bestätigt)","9220022272","2932145418.040935","0.31801934220326955","zu groß","nein","","","Wahrheit nicht belegt","toho gas co., ltd.","Nicht-US-Gegenlinien; Heimat-/Primärstatus nicht abgeleitet","","USD"
"THOGF","9533.T","C-100","nein","Tabellen-Abdeckung angenommen; Verhältniswert fehlt (kein Tabellen-Eintrag vorhanden)","9220022272","","","nicht entscheidbar","nein","","","nicht entscheidbar","toho gas co., ltd.","Nicht-US-Gegenlinien; Heimat-/Primärstatus nicht abgeleitet","ja","USD"
"THOGF","9533.T","C-50","nein","kein Tabellen-Eintrag: außerhalb angenommener Abdeckung","9220022272","","","nicht entscheidbar","nein","","","nicht entscheidbar","toho gas co., ltd.","Nicht-US-Gegenlinien; Heimat-/Primärstatus nicht abgeleitet","nein","USD"
"THOGF","9533.T","C-nur-die-7","nein","kein Tabellen-Eintrag: außerhalb angenommener Abdeckung","9220022272","","","nicht entscheidbar","nein","","","nicht entscheidbar","toho gas co., ltd.","Nicht-US-Gegenlinien; Heimat-/Primärstatus nicht abgeleitet","nein","USD"
"TISCF","1801.T","A","nein","Verhältnis nicht eindeutig: Kurs-Verhältnis nicht ganzzahlig","19821907968","","","nicht entscheidbar","nein","","","nicht entscheidbar","taisei corporation","Nicht-US-Gegenlinien; Heimat-/Primärstatus nicht abgeleitet","","USD"
"TISCF","1801.T","B","ja","B-Hypothese: einzige Nicht-US-Linie als Heimat-Linie (nicht bestätigt)","19821907968","13115138890.1376","0.6616486622433299","zu groß","nein","","","Wahrheit nicht belegt","taisei corporation","Nicht-US-Gegenlinien; Heimat-/Primärstatus nicht abgeleitet","","USD"
"TISCF","1801.T","C-100","nein","Tabellen-Abdeckung angenommen; Verhältniswert fehlt (kein Tabellen-Eintrag vorhanden)","19821907968","","","nicht entscheidbar","nein","","","nicht entscheidbar","taisei corporation","Nicht-US-Gegenlinien; Heimat-/Primärstatus nicht abgeleitet","ja","USD"
"TISCF","1801.T","C-50","nein","kein Tabellen-Eintrag: außerhalb angenommener Abdeckung","19821907968","","","nicht entscheidbar","nein","","","nicht entscheidbar","taisei corporation","Nicht-US-Gegenlinien; Heimat-/Primärstatus nicht abgeleitet","nein","USD"
"TISCF","1801.T","C-nur-die-7","nein","kein Tabellen-Eintrag: außerhalb angenommener Abdeckung","19821907968","","","nicht entscheidbar","nein","","","nicht entscheidbar","taisei corporation","Nicht-US-Gegenlinien; Heimat-/Primärstatus nicht abgeleitet","nein","USD"
"TKOBF","9401.T","A","nein","Verhältnis nicht eindeutig: Kurs-Verhältnis nicht ganzzahlig","2457829888","","","nicht entscheidbar","nein","","","nicht entscheidbar","tbs holdings,inc.","Nicht-US-Gegenlinien; Heimat-/Primärstatus nicht abgeleitet","","USD"
"TKOBF","9401.T","B","ja","B-Hypothese: einzige Nicht-US-Linie als Heimat-Linie (nicht bestätigt)","2457829888","5689301708.963512","2.314766264638862","zu klein","nein","","","Wahrheit nicht belegt","tbs holdings,inc.","Nicht-US-Gegenlinien; Heimat-/Primärstatus nicht abgeleitet","","USD"
"TKOBF","9401.T","C-100","nein","Tabellen-Abdeckung angenommen; Verhältniswert fehlt (kein Tabellen-Eintrag vorhanden)","2457829888","","","nicht entscheidbar","nein","","","nicht entscheidbar","tbs holdings,inc.","Nicht-US-Gegenlinien; Heimat-/Primärstatus nicht abgeleitet","ja","USD"
"TKOBF","9401.T","C-50","nein","kein Tabellen-Eintrag: außerhalb angenommener Abdeckung","2457829888","","","nicht entscheidbar","nein","","","nicht entscheidbar","tbs holdings,inc.","Nicht-US-Gegenlinien; Heimat-/Primärstatus nicht abgeleitet","nein","USD"
"TKOBF","9401.T","C-nur-die-7","nein","kein Tabellen-Eintrag: außerhalb angenommener Abdeckung","2457829888","","","nicht entscheidbar","nein","","","nicht entscheidbar","tbs holdings,inc.","Nicht-US-Gegenlinien; Heimat-/Primärstatus nicht abgeleitet","nein","USD"
"TNGCF","0780.HK","A","ja","A-Hypothese: gleiche Stückzahl; ganzzahliges Kurs-Verhältnis in gleicher Währung","6591793664","3295896832","0.5","zu groß","nein","","","Wahrheit nicht belegt","tongcheng travel holdings limited","Nicht-US-Gegenlinien; Heimat-/Primärstatus nicht abgeleitet","","USD"
"TNGCF","0780.HK","B","ja","B-Hypothese: einzige Nicht-US-Linie als Heimat-Linie (nicht bestätigt)","6591793664","3247365393.706107","0.4926375974783708","zu groß","nein","","","Wahrheit nicht belegt","tongcheng travel holdings limited","Nicht-US-Gegenlinien; Heimat-/Primärstatus nicht abgeleitet","","USD"
"TNGCF","0780.HK","C-100","nein","Tabellen-Abdeckung angenommen; Verhältniswert fehlt (kein Tabellen-Eintrag vorhanden)","6591793664","","","nicht entscheidbar","nein","","","nicht entscheidbar","tongcheng travel holdings limited","Nicht-US-Gegenlinien; Heimat-/Primärstatus nicht abgeleitet","ja","USD"
"TNGCF","0780.HK","C-50","nein","kein Tabellen-Eintrag: außerhalb angenommener Abdeckung","6591793664","","","nicht entscheidbar","nein","","","nicht entscheidbar","tongcheng travel holdings limited","Nicht-US-Gegenlinien; Heimat-/Primärstatus nicht abgeleitet","nein","USD"
"TNGCF","0780.HK","C-nur-die-7","nein","kein Tabellen-Eintrag: außerhalb angenommener Abdeckung","6591793664","","","nicht entscheidbar","nein","","","nicht entscheidbar","tongcheng travel holdings limited","Nicht-US-Gegenlinien; Heimat-/Primärstatus nicht abgeleitet","nein","USD"
"TNLIF","TRN.L","A","nein","Verhältnis nicht eindeutig: Kurs-Verhältnis nicht ganzzahlig","1513769600","","","nicht entscheidbar","nein","","","nicht entscheidbar","trainline plc","Nicht-US-Gegenlinien; Heimat-/Primärstatus nicht abgeleitet","","USD"
"TNLIF","TRN.L","B","ja","B-Hypothese: einzige Nicht-US-Linie als Heimat-Linie (nicht bestätigt)","1513769600","912888082.9541376","0.6030561605637592","zu groß","nein","","","Wahrheit nicht belegt","trainline plc","Nicht-US-Gegenlinien; Heimat-/Primärstatus nicht abgeleitet","","USD"
"TNLIF","TRN.L","C-100","nein","Tabellen-Abdeckung angenommen; Verhältniswert fehlt (kein Tabellen-Eintrag vorhanden)","1513769600","","","nicht entscheidbar","nein","","","nicht entscheidbar","trainline plc","Nicht-US-Gegenlinien; Heimat-/Primärstatus nicht abgeleitet","ja","USD"
"TNLIF","TRN.L","C-50","nein","kein Tabellen-Eintrag: außerhalb angenommener Abdeckung","1513769600","","","nicht entscheidbar","nein","","","nicht entscheidbar","trainline plc","Nicht-US-Gegenlinien; Heimat-/Primärstatus nicht abgeleitet","nein","USD"
"TNLIF","TRN.L","C-nur-die-7","nein","kein Tabellen-Eintrag: außerhalb angenommener Abdeckung","1513769600","","","nicht entscheidbar","nein","","","nicht entscheidbar","trainline plc","Nicht-US-Gegenlinien; Heimat-/Primärstatus nicht abgeleitet","nein","USD"
"TSDOF","TESB.BR","A","nein","Verhältnis nicht eindeutig: Kurs-Verhältnis nicht ganzzahlig","2094249472","","","nicht entscheidbar","nein","","","nicht entscheidbar","tessenderlo group nv","Nicht-US-Gegenlinien; Heimat-/Primärstatus nicht abgeleitet","","USD"
"TSDOF","TESB.BR","B","ja","B-Hypothese: einzige Nicht-US-Linie als Heimat-Linie (nicht bestätigt)","2094249472","1389424781.802624","0.6634475979959201","zu groß","nein","","","Wahrheit nicht belegt","tessenderlo group nv","Nicht-US-Gegenlinien; Heimat-/Primärstatus nicht abgeleitet","","USD"
"TSDOF","TESB.BR","C-100","nein","Tabellen-Abdeckung angenommen; Verhältniswert fehlt (kein Tabellen-Eintrag vorhanden)","2094249472","","","nicht entscheidbar","nein","","","nicht entscheidbar","tessenderlo group nv","Nicht-US-Gegenlinien; Heimat-/Primärstatus nicht abgeleitet","ja","USD"
"TSDOF","TESB.BR","C-50","nein","kein Tabellen-Eintrag: außerhalb angenommener Abdeckung","2094249472","","","nicht entscheidbar","nein","","","nicht entscheidbar","tessenderlo group nv","Nicht-US-Gegenlinien; Heimat-/Primärstatus nicht abgeleitet","nein","USD"
"TSDOF","TESB.BR","C-nur-die-7","nein","kein Tabellen-Eintrag: außerhalb angenommener Abdeckung","2094249472","","","nicht entscheidbar","nein","","","nicht entscheidbar","tessenderlo group nv","Nicht-US-Gegenlinien; Heimat-/Primärstatus nicht abgeleitet","nein","USD"
"TSMWF","2330.TW","A","nein","nicht entscheidbar ohne Kurs","447079251968","","","nicht entscheidbar","nein","","","nicht entscheidbar","taiwan semiconductor manufacturing company limited","Nicht-US-Gegenlinien; Heimat-/Primärstatus nicht abgeleitet","","USD"
"TSMWF","2330.TW","B","ja","B-Hypothese: einzige Nicht-US-Linie als Heimat-Linie (nicht bestätigt)","447079251968","2008425939723.3062","4.492326429558982","zu klein","nein","","","Wahrheit nicht belegt","taiwan semiconductor manufacturing company limited","Nicht-US-Gegenlinien; Heimat-/Primärstatus nicht abgeleitet","","USD"
"TSMWF","2330.TW","C-100","nein","Tabellen-Abdeckung angenommen; Verhältniswert fehlt (kein Tabellen-Eintrag vorhanden)","447079251968","","","nicht entscheidbar","nein","","","nicht entscheidbar","taiwan semiconductor manufacturing company limited","Nicht-US-Gegenlinien; Heimat-/Primärstatus nicht abgeleitet","ja","USD"
"TSMWF","2330.TW","C-50","nein","kein Tabellen-Eintrag: außerhalb angenommener Abdeckung","447079251968","","","nicht entscheidbar","nein","","","nicht entscheidbar","taiwan semiconductor manufacturing company limited","Nicht-US-Gegenlinien; Heimat-/Primärstatus nicht abgeleitet","nein","USD"
"TSMWF","2330.TW","C-nur-die-7","nein","kein Tabellen-Eintrag: außerhalb angenommener Abdeckung","447079251968","","","nicht entscheidbar","nein","","","nicht entscheidbar","taiwan semiconductor manufacturing company limited","Nicht-US-Gegenlinien; Heimat-/Primärstatus nicht abgeleitet","nein","USD"
"TTUUF","3289.T","A","nein","Verhältnis nicht eindeutig: Kurs-Verhältnis nicht ganzzahlig","3687405824","","","nicht entscheidbar","nein","","","nicht entscheidbar","tokyu fudosan holdings corporation","Nicht-US-Gegenlinien; Heimat-/Primärstatus nicht abgeleitet","","USD"
"TTUUF","3289.T","B","ja","B-Hypothese: einzige Nicht-US-Linie als Heimat-Linie (nicht bestätigt)","3687405824","5820255054.671708","1.5784145636451943","zu klein","nein","","","Wahrheit nicht belegt","tokyu fudosan holdings corporation","Nicht-US-Gegenlinien; Heimat-/Primärstatus nicht abgeleitet","","USD"
"TTUUF","3289.T","C-100","nein","Tabellen-Abdeckung angenommen; Verhältniswert fehlt (kein Tabellen-Eintrag vorhanden)","3687405824","","","nicht entscheidbar","nein","","","nicht entscheidbar","tokyu fudosan holdings corporation","Nicht-US-Gegenlinien; Heimat-/Primärstatus nicht abgeleitet","ja","USD"
"TTUUF","3289.T","C-50","nein","kein Tabellen-Eintrag: außerhalb angenommener Abdeckung","3687405824","","","nicht entscheidbar","nein","","","nicht entscheidbar","tokyu fudosan holdings corporation","Nicht-US-Gegenlinien; Heimat-/Primärstatus nicht abgeleitet","nein","USD"
"TTUUF","3289.T","C-nur-die-7","nein","kein Tabellen-Eintrag: außerhalb angenommener Abdeckung","3687405824","","","nicht entscheidbar","nein","","","nicht entscheidbar","tokyu fudosan holdings corporation","Nicht-US-Gegenlinien; Heimat-/Primärstatus nicht abgeleitet","nein","USD"
"TUALF","TUA.AX","A","nein","Verhältnis nicht eindeutig: Kurs-Verhältnis nicht ganzzahlig","1913902592","","","nicht entscheidbar","nein","","","nicht entscheidbar","tuas limited","Nicht-US-Gegenlinien; Heimat-/Primärstatus nicht abgeleitet","","USD"
"TUALF","TUA.AX","B","ja","B-Hypothese: einzige Nicht-US-Linie als Heimat-Linie (nicht bestätigt)","1913902592","882620245.4862336","0.461162573882043","zu groß","nein","","","Wahrheit nicht belegt","tuas limited","Nicht-US-Gegenlinien; Heimat-/Primärstatus nicht abgeleitet","","USD"
"TUALF","TUA.AX","C-100","nein","Tabellen-Abdeckung angenommen; Verhältniswert fehlt (kein Tabellen-Eintrag vorhanden)","1913902592","","","nicht entscheidbar","nein","","","nicht entscheidbar","tuas limited","Nicht-US-Gegenlinien; Heimat-/Primärstatus nicht abgeleitet","ja","USD"
"TUALF","TUA.AX","C-50","nein","kein Tabellen-Eintrag: außerhalb angenommener Abdeckung","1913902592","","","nicht entscheidbar","nein","","","nicht entscheidbar","tuas limited","Nicht-US-Gegenlinien; Heimat-/Primärstatus nicht abgeleitet","nein","USD"
"TUALF","TUA.AX","C-nur-die-7","nein","kein Tabellen-Eintrag: außerhalb angenommener Abdeckung","1913902592","","","nicht entscheidbar","nein","","","nicht entscheidbar","tuas limited","Nicht-US-Gegenlinien; Heimat-/Primärstatus nicht abgeleitet","nein","USD"
"UDIRF","1UTDI.MI|UTDI.DE|UTDI.VI","A","nein","Verhältnis nicht eindeutig: Kurs-Verhältnis nicht ganzzahlig","3370327552","","","nicht entscheidbar","nein","","","nicht entscheidbar","united internet ag","Nicht-US-Gegenlinien; Heimat-/Primärstatus nicht abgeleitet","","USD"
"UDIRF","1UTDI.MI|UTDI.DE|UTDI.VI","B","nein","Heimat-Linie nicht eindeutig: mehrere Nicht-US-Linien","3370327552","","","nicht entscheidbar","nein","","","nicht entscheidbar","united internet ag","Nicht-US-Gegenlinien; Heimat-/Primärstatus nicht abgeleitet","","USD"
"UDIRF","1UTDI.MI|UTDI.DE|UTDI.VI","C-100","nein","Tabellen-Abdeckung angenommen; Verhältniswert fehlt (kein Tabellen-Eintrag vorhanden)","3370327552","","","nicht entscheidbar","nein","","","nicht entscheidbar","united internet ag","Nicht-US-Gegenlinien; Heimat-/Primärstatus nicht abgeleitet","ja","USD"
"UDIRF","1UTDI.MI|UTDI.DE|UTDI.VI","C-50","nein","kein Tabellen-Eintrag: außerhalb angenommener Abdeckung","3370327552","","","nicht entscheidbar","nein","","","nicht entscheidbar","united internet ag","Nicht-US-Gegenlinien; Heimat-/Primärstatus nicht abgeleitet","nein","USD"
"UDIRF","1UTDI.MI|UTDI.DE|UTDI.VI","C-nur-die-7","nein","kein Tabellen-Eintrag: außerhalb angenommener Abdeckung","3370327552","","","nicht entscheidbar","nein","","","nicht entscheidbar","united internet ag","Nicht-US-Gegenlinien; Heimat-/Primärstatus nicht abgeleitet","nein","USD"
"UEC","1UEC.MI|U6Z.DE|UEC.SW|UEC.VI","A","nein","Verhältnis nicht eindeutig: Kurs-Verhältnis nicht ganzzahlig","4854697984","","","nicht entscheidbar","ja","7","energy/unprofitable","nicht entscheidbar","uranium energy corp.","Nicht-US-Gegenlinien; Heimat-/Primärstatus nicht abgeleitet","","USD"
"UEC","1UEC.MI|U6Z.DE|UEC.SW|UEC.VI","B","nein","Heimat-Linie nicht eindeutig: mehrere Nicht-US-Linien","4854697984","","","nicht entscheidbar","ja","7","energy/unprofitable","nicht entscheidbar","uranium energy corp.","Nicht-US-Gegenlinien; Heimat-/Primärstatus nicht abgeleitet","","USD"
"UEC","1UEC.MI|U6Z.DE|UEC.SW|UEC.VI","C-100","nein","Tabellen-Abdeckung angenommen; Verhältniswert fehlt (kein Tabellen-Eintrag vorhanden)","4854697984","","","nicht entscheidbar","ja","7","energy/unprofitable","nicht entscheidbar","uranium energy corp.","Nicht-US-Gegenlinien; Heimat-/Primärstatus nicht abgeleitet","ja","USD"
"UEC","1UEC.MI|U6Z.DE|UEC.SW|UEC.VI","C-50","nein","kein Tabellen-Eintrag: außerhalb angenommener Abdeckung","4854697984","","","nicht entscheidbar","ja","7","energy/unprofitable","nicht entscheidbar","uranium energy corp.","Nicht-US-Gegenlinien; Heimat-/Primärstatus nicht abgeleitet","nein","USD"
"UEC","1UEC.MI|U6Z.DE|UEC.SW|UEC.VI","C-nur-die-7","nein","Tabellen-Abdeckung angenommen; Verhältniswert fehlt (kein Tabellen-Eintrag vorhanden)","4854697984","","","nicht entscheidbar","ja","7","energy/unprofitable","nicht entscheidbar","uranium energy corp.","Nicht-US-Gegenlinien; Heimat-/Primärstatus nicht abgeleitet","ja","USD"
"UMSSF","558.SI","A","nein","Verhältnis nicht eindeutig: Kurs-Verhältnis nicht ganzzahlig","837802880","","","nicht entscheidbar","nein","","","nicht entscheidbar","ums integration limited","Nicht-US-Gegenlinien; Heimat-/Primärstatus nicht abgeleitet","","USD"
"UMSSF","558.SI","B","ja","B-Hypothese: einzige Nicht-US-Linie als Heimat-Linie (nicht bestätigt)","837802880","1871430135.1716864","2.2337356194952283","zu klein","nein","","","Wahrheit nicht belegt","ums integration limited","Nicht-US-Gegenlinien; Heimat-/Primärstatus nicht abgeleitet","","USD"
"UMSSF","558.SI","C-100","nein","Tabellen-Abdeckung angenommen; Verhältniswert fehlt (kein Tabellen-Eintrag vorhanden)","837802880","","","nicht entscheidbar","nein","","","nicht entscheidbar","ums integration limited","Nicht-US-Gegenlinien; Heimat-/Primärstatus nicht abgeleitet","ja","USD"
"UMSSF","558.SI","C-50","nein","kein Tabellen-Eintrag: außerhalb angenommener Abdeckung","837802880","","","nicht entscheidbar","nein","","","nicht entscheidbar","ums integration limited","Nicht-US-Gegenlinien; Heimat-/Primärstatus nicht abgeleitet","nein","USD"
"UMSSF","558.SI","C-nur-die-7","nein","kein Tabellen-Eintrag: außerhalb angenommener Abdeckung","837802880","","","nicht entscheidbar","nein","","","nicht entscheidbar","ums integration limited","Nicht-US-Gegenlinien; Heimat-/Primärstatus nicht abgeleitet","nein","USD"
"VESTF","VESTA.MX","A","ja","A-Hypothese: gleiche Stückzahl; ganzzahliges Kurs-Verhältnis in gleicher Währung","1531011968","3062023936","2","zu klein","nein","","","Wahrheit nicht belegt","corporación inmobiliaria vesta, s.a.b. de c.v.","Nicht-US-Gegenlinien; Heimat-/Primärstatus nicht abgeleitet","","USD"
"VESTF","VESTA.MX","B","ja","B-Hypothese: einzige Nicht-US-Linie als Heimat-Linie (nicht bestätigt)","1531011968","3120598522.7982154","2.0382587386790534","zu klein","nein","","","Wahrheit nicht belegt","corporación inmobiliaria vesta, s.a.b. de c.v.","Nicht-US-Gegenlinien; Heimat-/Primärstatus nicht abgeleitet","","USD"
"VESTF","VESTA.MX","C-100","nein","Tabellen-Abdeckung angenommen; Verhältniswert fehlt (kein Tabellen-Eintrag vorhanden)","1531011968","","","nicht entscheidbar","nein","","","nicht entscheidbar","corporación inmobiliaria vesta, s.a.b. de c.v.","Nicht-US-Gegenlinien; Heimat-/Primärstatus nicht abgeleitet","ja","USD"
"VESTF","VESTA.MX","C-50","nein","kein Tabellen-Eintrag: außerhalb angenommener Abdeckung","1531011968","","","nicht entscheidbar","nein","","","nicht entscheidbar","corporación inmobiliaria vesta, s.a.b. de c.v.","Nicht-US-Gegenlinien; Heimat-/Primärstatus nicht abgeleitet","nein","USD"
"VESTF","VESTA.MX","C-nur-die-7","nein","kein Tabellen-Eintrag: außerhalb angenommener Abdeckung","1531011968","","","nicht entscheidbar","nein","","","nicht entscheidbar","corporación inmobiliaria vesta, s.a.b. de c.v.","Nicht-US-Gegenlinien; Heimat-/Primärstatus nicht abgeleitet","nein","USD"
"VONHF","VONN.SW","A","nein","Verhältnis nicht eindeutig: Kurs-Verhältnis nicht ganzzahlig","3534345728","","","nicht entscheidbar","nein","","","nicht entscheidbar","vontobel holding ag","Nicht-US-Gegenlinien; Heimat-/Primärstatus nicht abgeleitet","","USD"
"VONHF","VONN.SW","B","ja","B-Hypothese: einzige Nicht-US-Linie als Heimat-Linie (nicht bestätigt)","3534345728","6342465319.966105","1.794523175737862","zu klein","nein","","","Wahrheit nicht belegt","vontobel holding ag","Nicht-US-Gegenlinien; Heimat-/Primärstatus nicht abgeleitet","","USD"
"VONHF","VONN.SW","C-100","nein","Tabellen-Abdeckung angenommen; Verhältniswert fehlt (kein Tabellen-Eintrag vorhanden)","3534345728","","","nicht entscheidbar","nein","","","nicht entscheidbar","vontobel holding ag","Nicht-US-Gegenlinien; Heimat-/Primärstatus nicht abgeleitet","ja","USD"
"VONHF","VONN.SW","C-50","nein","kein Tabellen-Eintrag: außerhalb angenommener Abdeckung","3534345728","","","nicht entscheidbar","nein","","","nicht entscheidbar","vontobel holding ag","Nicht-US-Gegenlinien; Heimat-/Primärstatus nicht abgeleitet","nein","USD"
"VONHF","VONN.SW","C-nur-die-7","nein","kein Tabellen-Eintrag: außerhalb angenommener Abdeckung","3534345728","","","nicht entscheidbar","nein","","","nicht entscheidbar","vontobel holding ag","Nicht-US-Gegenlinien; Heimat-/Primärstatus nicht abgeleitet","nein","USD"
"WARFF","0004.HK","A","nein","Verhältnis nicht eindeutig: Kurs-Verhältnis nicht ganzzahlig","12285230080","","","nicht entscheidbar","nein","","","nicht entscheidbar","the wharf (holdings) limited","Nicht-US-Gegenlinien; Heimat-/Primärstatus nicht abgeleitet","","USD"
"WARFF","0004.HK","B","ja","B-Hypothese: einzige Nicht-US-Linie als Heimat-Linie (nicht bestätigt)","12285230080","7511117787.361936","0.6113941487827581","zu groß","nein","","","Wahrheit nicht belegt","the wharf (holdings) limited","Nicht-US-Gegenlinien; Heimat-/Primärstatus nicht abgeleitet","","USD"
"WARFF","0004.HK","C-100","nein","Tabellen-Abdeckung angenommen; Verhältniswert fehlt (kein Tabellen-Eintrag vorhanden)","12285230080","","","nicht entscheidbar","nein","","","nicht entscheidbar","the wharf (holdings) limited","Nicht-US-Gegenlinien; Heimat-/Primärstatus nicht abgeleitet","ja","USD"
"WARFF","0004.HK","C-50","nein","kein Tabellen-Eintrag: außerhalb angenommener Abdeckung","12285230080","","","nicht entscheidbar","nein","","","nicht entscheidbar","the wharf (holdings) limited","Nicht-US-Gegenlinien; Heimat-/Primärstatus nicht abgeleitet","nein","USD"
"WARFF","0004.HK","C-nur-die-7","nein","kein Tabellen-Eintrag: außerhalb angenommener Abdeckung","12285230080","","","nicht entscheidbar","nein","","","nicht entscheidbar","the wharf (holdings) limited","Nicht-US-Gegenlinien; Heimat-/Primärstatus nicht abgeleitet","nein","USD"
"WBRBF","1WIE.MI|WIB.DE|WIE.VI","A","nein","Verhältnis nicht eindeutig: Kurs-Verhältnis nicht ganzzahlig","3469343232","","","nicht entscheidbar","nein","","","nicht entscheidbar","wienerberger ag","Nicht-US-Gegenlinien; Heimat-/Primärstatus nicht abgeleitet","","USD"
"WBRBF","1WIE.MI|WIB.DE|WIE.VI","B","nein","Heimat-Linie nicht eindeutig: mehrere Nicht-US-Linien","3469343232","","","nicht entscheidbar","nein","","","nicht entscheidbar","wienerberger ag","Nicht-US-Gegenlinien; Heimat-/Primärstatus nicht abgeleitet","","USD"
"WBRBF","1WIE.MI|WIB.DE|WIE.VI","C-100","nein","Tabellen-Abdeckung angenommen; Verhältniswert fehlt (kein Tabellen-Eintrag vorhanden)","3469343232","","","nicht entscheidbar","nein","","","nicht entscheidbar","wienerberger ag","Nicht-US-Gegenlinien; Heimat-/Primärstatus nicht abgeleitet","ja","USD"
"WBRBF","1WIE.MI|WIB.DE|WIE.VI","C-50","nein","kein Tabellen-Eintrag: außerhalb angenommener Abdeckung","3469343232","","","nicht entscheidbar","nein","","","nicht entscheidbar","wienerberger ag","Nicht-US-Gegenlinien; Heimat-/Primärstatus nicht abgeleitet","nein","USD"
"WBRBF","1WIE.MI|WIB.DE|WIE.VI","C-nur-die-7","nein","kein Tabellen-Eintrag: außerhalb angenommener Abdeckung","3469343232","","","nicht entscheidbar","nein","","","nicht entscheidbar","wienerberger ag","Nicht-US-Gegenlinien; Heimat-/Primärstatus nicht abgeleitet","nein","USD"
"WFC-PC","NWT.DE|WFC.VI","A","ja","A-Hypothese: ganzzahliges Stückzahl-Verhältnis","108688244736","7825553620992","72","zu klein","nein","","","Wahrheit nicht belegt","wells fargo & company","Nicht-US-Gegenlinien; Heimat-/Primärstatus nicht abgeleitet","","USD"
"WFC-PC","NWT.DE|WFC.VI","B","nein","Heimat-Linie nicht eindeutig: mehrere Nicht-US-Linien","108688244736","","","nicht entscheidbar","nein","","","nicht entscheidbar","wells fargo & company","Nicht-US-Gegenlinien; Heimat-/Primärstatus nicht abgeleitet","","USD"
"WFC-PC","NWT.DE|WFC.VI","C-100","nein","Tabellen-Abdeckung angenommen; Verhältniswert fehlt (kein Tabellen-Eintrag vorhanden)","108688244736","","","nicht entscheidbar","nein","","","nicht entscheidbar","wells fargo & company","Nicht-US-Gegenlinien; Heimat-/Primärstatus nicht abgeleitet","ja","USD"
"WFC-PC","NWT.DE|WFC.VI","C-50","nein","kein Tabellen-Eintrag: außerhalb angenommener Abdeckung","108688244736","","","nicht entscheidbar","nein","","","nicht entscheidbar","wells fargo & company","Nicht-US-Gegenlinien; Heimat-/Primärstatus nicht abgeleitet","nein","USD"
"WFC-PC","NWT.DE|WFC.VI","C-nur-die-7","nein","kein Tabellen-Eintrag: außerhalb angenommener Abdeckung","108688244736","","","nicht entscheidbar","nein","","","nicht entscheidbar","wells fargo & company","Nicht-US-Gegenlinien; Heimat-/Primärstatus nicht abgeleitet","nein","USD"
"WSC","1WSC.MI","A","nein","Verhältnis nicht eindeutig: Kurs-Verhältnis nicht ganzzahlig","3292239872","","","nicht entscheidbar","ja","1728","industrials/profitable","nicht entscheidbar","willscot holdings corporation","Nicht-US-Gegenlinien; Heimat-/Primärstatus nicht abgeleitet","","USD"
"WSC","1WSC.MI","B","ja","B-Hypothese: einzige Nicht-US-Linie als Heimat-Linie (nicht bestätigt)","3292239872","5703850884.433409","1.732513761510452","zu klein","ja","1728","industrials/profitable","verdirbt","willscot holdings corporation","Nicht-US-Gegenlinien; Heimat-/Primärstatus nicht abgeleitet","","USD"
"WSC","1WSC.MI","C-100","nein","Tabellen-Abdeckung angenommen; Verhältniswert fehlt (kein Tabellen-Eintrag vorhanden)","3292239872","","","nicht entscheidbar","ja","1728","industrials/profitable","nicht entscheidbar","willscot holdings corporation","Nicht-US-Gegenlinien; Heimat-/Primärstatus nicht abgeleitet","ja","USD"
"WSC","1WSC.MI","C-50","nein","kein Tabellen-Eintrag: außerhalb angenommener Abdeckung","3292239872","","","nicht entscheidbar","ja","1728","industrials/profitable","nicht entscheidbar","willscot holdings corporation","Nicht-US-Gegenlinien; Heimat-/Primärstatus nicht abgeleitet","nein","USD"
"WSC","1WSC.MI","C-nur-die-7","nein","Tabellen-Abdeckung angenommen; Verhältniswert fehlt (kein Tabellen-Eintrag vorhanden)","3292239872","","","nicht entscheidbar","ja","1728","industrials/profitable","nicht entscheidbar","willscot holdings corporation","Nicht-US-Gegenlinien; Heimat-/Primärstatus nicht abgeleitet","ja","USD"
"WSIOF","3393.HK","A","nein","Verhältnis nicht eindeutig: Kurs-Verhältnis nicht ganzzahlig","4230723072","","","nicht entscheidbar","nein","","","nicht entscheidbar","wasion holdings limited","Nicht-US-Gegenlinien; Heimat-/Primärstatus nicht abgeleitet","","USD"
"WSIOF","3393.HK","B","ja","B-Hypothese: einzige Nicht-US-Linie als Heimat-Linie (nicht bestätigt)","4230723072","1829879079.1429327","0.4325215921726329","zu groß","nein","","","Wahrheit nicht belegt","wasion holdings limited","Nicht-US-Gegenlinien; Heimat-/Primärstatus nicht abgeleitet","","USD"
"WSIOF","3393.HK","C-100","nein","Tabellen-Abdeckung angenommen; Verhältniswert fehlt (kein Tabellen-Eintrag vorhanden)","4230723072","","","nicht entscheidbar","nein","","","nicht entscheidbar","wasion holdings limited","Nicht-US-Gegenlinien; Heimat-/Primärstatus nicht abgeleitet","ja","USD"
"WSIOF","3393.HK","C-50","nein","kein Tabellen-Eintrag: außerhalb angenommener Abdeckung","4230723072","","","nicht entscheidbar","nein","","","nicht entscheidbar","wasion holdings limited","Nicht-US-Gegenlinien; Heimat-/Primärstatus nicht abgeleitet","nein","USD"
"WSIOF","3393.HK","C-nur-die-7","nein","kein Tabellen-Eintrag: außerhalb angenommener Abdeckung","4230723072","","","nicht entscheidbar","nein","","","nicht entscheidbar","wasion holdings limited","Nicht-US-Gegenlinien; Heimat-/Primärstatus nicht abgeleitet","nein","USD"
"WUXIF","2359.HK|603259.SS","A","nein","Verhältnis nicht eindeutig: Kurs-Verhältnis nicht ganzzahlig","44756357120","","","nicht entscheidbar","nein","","","nicht entscheidbar","wuxi apptec co., ltd.","Nicht-US-Gegenlinien; Heimat-/Primärstatus nicht abgeleitet","","USD"
"WUXIF","2359.HK|603259.SS","B","nein","Heimat-Linie nicht eindeutig: mehrere Nicht-US-Linien","44756357120","","","nicht entscheidbar","nein","","","nicht entscheidbar","wuxi apptec co., ltd.","Nicht-US-Gegenlinien; Heimat-/Primärstatus nicht abgeleitet","","USD"
"WUXIF","2359.HK|603259.SS","C-100","nein","Tabellen-Abdeckung angenommen; Verhältniswert fehlt (kein Tabellen-Eintrag vorhanden)","44756357120","","","nicht entscheidbar","nein","","","nicht entscheidbar","wuxi apptec co., ltd.","Nicht-US-Gegenlinien; Heimat-/Primärstatus nicht abgeleitet","ja","USD"
"WUXIF","2359.HK|603259.SS","C-50","nein","kein Tabellen-Eintrag: außerhalb angenommener Abdeckung","44756357120","","","nicht entscheidbar","nein","","","nicht entscheidbar","wuxi apptec co., ltd.","Nicht-US-Gegenlinien; Heimat-/Primärstatus nicht abgeleitet","nein","USD"
"WUXIF","2359.HK|603259.SS","C-nur-die-7","nein","kein Tabellen-Eintrag: außerhalb angenommener Abdeckung","44756357120","","","nicht entscheidbar","nein","","","nicht entscheidbar","wuxi apptec co., ltd.","Nicht-US-Gegenlinien; Heimat-/Primärstatus nicht abgeleitet","nein","USD"
"WWNTF","0151.HK","A","nein","Verhältnis nicht eindeutig: Kurs-Verhältnis nicht ganzzahlig","7545953280","","","nicht entscheidbar","nein","","","nicht entscheidbar","want want china holdings limited","Nicht-US-Gegenlinien; Heimat-/Primärstatus nicht abgeleitet","","USD"
"WWNTF","0151.HK","B","ja","B-Hypothese: einzige Nicht-US-Linie als Heimat-Linie (nicht bestätigt)","7545953280","4192641802.3602586","0.5556145985521207","zu groß","nein","","","Wahrheit nicht belegt","want want china holdings limited","Nicht-US-Gegenlinien; Heimat-/Primärstatus nicht abgeleitet","","USD"
"WWNTF","0151.HK","C-100","nein","Tabellen-Abdeckung angenommen; Verhältniswert fehlt (kein Tabellen-Eintrag vorhanden)","7545953280","","","nicht entscheidbar","nein","","","nicht entscheidbar","want want china holdings limited","Nicht-US-Gegenlinien; Heimat-/Primärstatus nicht abgeleitet","ja","USD"
"WWNTF","0151.HK","C-50","nein","kein Tabellen-Eintrag: außerhalb angenommener Abdeckung","7545953280","","","nicht entscheidbar","nein","","","nicht entscheidbar","want want china holdings limited","Nicht-US-Gegenlinien; Heimat-/Primärstatus nicht abgeleitet","nein","USD"
"WWNTF","0151.HK","C-nur-die-7","nein","kein Tabellen-Eintrag: außerhalb angenommener Abdeckung","7545953280","","","nicht entscheidbar","nein","","","nicht entscheidbar","want want china holdings limited","Nicht-US-Gegenlinien; Heimat-/Primärstatus nicht abgeleitet","nein","USD"
"XDNCF","2400.HK","A","nein","Verhältnis nicht eindeutig: Kurs-Verhältnis nicht ganzzahlig","1415246464","","","nicht entscheidbar","nein","","","nicht entscheidbar","xd inc.","Nicht-US-Gegenlinien; Heimat-/Primärstatus nicht abgeleitet","","USD"
"XDNCF","2400.HK","B","ja","B-Hypothese: einzige Nicht-US-Linie als Heimat-Linie (nicht bestätigt)","1415246464","2327895237.494784","1.6448691423791353","zu klein","nein","","","Wahrheit nicht belegt","xd inc.","Nicht-US-Gegenlinien; Heimat-/Primärstatus nicht abgeleitet","","USD"
"XDNCF","2400.HK","C-100","nein","Tabellen-Abdeckung angenommen; Verhältniswert fehlt (kein Tabellen-Eintrag vorhanden)","1415246464","","","nicht entscheidbar","nein","","","nicht entscheidbar","xd inc.","Nicht-US-Gegenlinien; Heimat-/Primärstatus nicht abgeleitet","ja","USD"
"XDNCF","2400.HK","C-50","nein","kein Tabellen-Eintrag: außerhalb angenommener Abdeckung","1415246464","","","nicht entscheidbar","nein","","","nicht entscheidbar","xd inc.","Nicht-US-Gegenlinien; Heimat-/Primärstatus nicht abgeleitet","nein","USD"
"XDNCF","2400.HK","C-nur-die-7","nein","kein Tabellen-Eintrag: außerhalb angenommener Abdeckung","1415246464","","","nicht entscheidbar","nein","","","nicht entscheidbar","xd inc.","Nicht-US-Gegenlinien; Heimat-/Primärstatus nicht abgeleitet","nein","USD"
"XZJCF","5706.T","A","nein","Verhältnis nicht eindeutig: Kurs-Verhältnis nicht ganzzahlig","19706779648","","","nicht entscheidbar","nein","","","nicht entscheidbar","mitsui kinzoku company, limited","Nicht-US-Gegenlinien; Heimat-/Primärstatus nicht abgeleitet","","USD"
"XZJCF","5706.T","B","ja","B-Hypothese: einzige Nicht-US-Linie als Heimat-Linie (nicht bestätigt)","19706779648","8315116715.138089","0.42194193387563317","zu groß","nein","","","Wahrheit nicht belegt","mitsui kinzoku company, limited","Nicht-US-Gegenlinien; Heimat-/Primärstatus nicht abgeleitet","","USD"
"XZJCF","5706.T","C-100","nein","Tabellen-Abdeckung angenommen; Verhältniswert fehlt (kein Tabellen-Eintrag vorhanden)","19706779648","","","nicht entscheidbar","nein","","","nicht entscheidbar","mitsui kinzoku company, limited","Nicht-US-Gegenlinien; Heimat-/Primärstatus nicht abgeleitet","ja","USD"
"XZJCF","5706.T","C-50","nein","kein Tabellen-Eintrag: außerhalb angenommener Abdeckung","19706779648","","","nicht entscheidbar","nein","","","nicht entscheidbar","mitsui kinzoku company, limited","Nicht-US-Gegenlinien; Heimat-/Primärstatus nicht abgeleitet","nein","USD"
"XZJCF","5706.T","C-nur-die-7","nein","kein Tabellen-Eintrag: außerhalb angenommener Abdeckung","19706779648","","","nicht entscheidbar","nein","","","nicht entscheidbar","mitsui kinzoku company, limited","Nicht-US-Gegenlinien; Heimat-/Primärstatus nicht abgeleitet","nein","USD"
"YKCLY","5444.T","A","nein","Verhältnis nicht eindeutig: Kurs-Verhältnis nicht ganzzahlig","1033716608","","","nicht entscheidbar","nein","","","nicht entscheidbar","yamato kogyo co., ltd.","Nicht-US-Gegenlinien; Heimat-/Primärstatus nicht abgeleitet","","USD"
"YKCLY","5444.T","B","ja","B-Hypothese: einzige Nicht-US-Linie als Heimat-Linie (nicht bestätigt)","1033716608","4778897567.726961","4.623024851049855","zu klein","nein","","","Wahrheit nicht belegt","yamato kogyo co., ltd.","Nicht-US-Gegenlinien; Heimat-/Primärstatus nicht abgeleitet","","USD"
"YKCLY","5444.T","C-100","nein","Tabellen-Abdeckung angenommen; Verhältniswert fehlt (kein Tabellen-Eintrag vorhanden)","1033716608","","","nicht entscheidbar","nein","","","nicht entscheidbar","yamato kogyo co., ltd.","Nicht-US-Gegenlinien; Heimat-/Primärstatus nicht abgeleitet","ja","USD"
"YKCLY","5444.T","C-50","nein","kein Tabellen-Eintrag: außerhalb angenommener Abdeckung","1033716608","","","nicht entscheidbar","nein","","","nicht entscheidbar","yamato kogyo co., ltd.","Nicht-US-Gegenlinien; Heimat-/Primärstatus nicht abgeleitet","nein","USD"
"YKCLY","5444.T","C-nur-die-7","nein","kein Tabellen-Eintrag: außerhalb angenommener Abdeckung","1033716608","","","nicht entscheidbar","nein","","","nicht entscheidbar","yamato kogyo co., ltd.","Nicht-US-Gegenlinien; Heimat-/Primärstatus nicht abgeleitet","nein","USD"
"YMTKF","5444.T","A","nein","Verhältnis nicht eindeutig: Kurs-Verhältnis nicht ganzzahlig","3012118784","","","nicht entscheidbar","nein","","","nicht entscheidbar","yamato kogyo co., ltd.","Nicht-US-Gegenlinien; Heimat-/Primärstatus nicht abgeleitet","","USD"
"YMTKF","5444.T","B","ja","B-Hypothese: einzige Nicht-US-Linie als Heimat-Linie (nicht bestätigt)","3012118784","4778897567.726961","1.5865568094830358","zu klein","nein","","","Wahrheit nicht belegt","yamato kogyo co., ltd.","Nicht-US-Gegenlinien; Heimat-/Primärstatus nicht abgeleitet","","USD"
"YMTKF","5444.T","C-100","nein","Tabellen-Abdeckung angenommen; Verhältniswert fehlt (kein Tabellen-Eintrag vorhanden)","3012118784","","","nicht entscheidbar","nein","","","nicht entscheidbar","yamato kogyo co., ltd.","Nicht-US-Gegenlinien; Heimat-/Primärstatus nicht abgeleitet","ja","USD"
"YMTKF","5444.T","C-50","nein","kein Tabellen-Eintrag: außerhalb angenommener Abdeckung","3012118784","","","nicht entscheidbar","nein","","","nicht entscheidbar","yamato kogyo co., ltd.","Nicht-US-Gegenlinien; Heimat-/Primärstatus nicht abgeleitet","nein","USD"
"YMTKF","5444.T","C-nur-die-7","nein","kein Tabellen-Eintrag: außerhalb angenommener Abdeckung","3012118784","","","nicht entscheidbar","nein","","","nicht entscheidbar","yamato kogyo co., ltd.","Nicht-US-Gegenlinien; Heimat-/Primärstatus nicht abgeleitet","nein","USD"
"YNFGF","0376.HK","A","ja","A-Hypothese: gleiche Stückzahl; ganzzahliges Kurs-Verhältnis in gleicher Währung","2082593024","1041296512","0.5","zu groß","nein","","","Wahrheit nicht belegt","yunfeng financial group limited","Nicht-US-Gegenlinien; Heimat-/Primärstatus nicht abgeleitet","","USD"
"YNFGF","0376.HK","B","ja","B-Hypothese: einzige Nicht-US-Linie als Heimat-Linie (nicht bestätigt)","2082593024","1049063780.383703","0.503729614136892","zu groß","nein","","","Wahrheit nicht belegt","yunfeng financial group limited","Nicht-US-Gegenlinien; Heimat-/Primärstatus nicht abgeleitet","","USD"
"YNFGF","0376.HK","C-100","nein","Tabellen-Abdeckung angenommen; Verhältniswert fehlt (kein Tabellen-Eintrag vorhanden)","2082593024","","","nicht entscheidbar","nein","","","nicht entscheidbar","yunfeng financial group limited","Nicht-US-Gegenlinien; Heimat-/Primärstatus nicht abgeleitet","ja","USD"
"YNFGF","0376.HK","C-50","nein","kein Tabellen-Eintrag: außerhalb angenommener Abdeckung","2082593024","","","nicht entscheidbar","nein","","","nicht entscheidbar","yunfeng financial group limited","Nicht-US-Gegenlinien; Heimat-/Primärstatus nicht abgeleitet","nein","USD"
"YNFGF","0376.HK","C-nur-die-7","nein","kein Tabellen-Eintrag: außerhalb angenommener Abdeckung","2082593024","","","nicht entscheidbar","nein","","","nicht entscheidbar","yunfeng financial group limited","Nicht-US-Gegenlinien; Heimat-/Primärstatus nicht abgeleitet","nein","USD"
"YNNHF","1579.HK","A","nein","Verhältnis nicht eindeutig: Kurs-Verhältnis nicht ganzzahlig","1047742592","","","nicht entscheidbar","nein","","","nicht entscheidbar","yihai international holding ltd.","Nicht-US-Gegenlinien; Heimat-/Primärstatus nicht abgeleitet","","USD"
"YNNHF","1579.HK","B","ja","B-Hypothese: einzige Nicht-US-Linie als Heimat-Linie (nicht bestätigt)","1047742592","1683174796.1033933","1.606477400990675","zu klein","nein","","","Wahrheit nicht belegt","yihai international holding ltd.","Nicht-US-Gegenlinien; Heimat-/Primärstatus nicht abgeleitet","","USD"
"YNNHF","1579.HK","C-100","nein","Tabellen-Abdeckung angenommen; Verhältniswert fehlt (kein Tabellen-Eintrag vorhanden)","1047742592","","","nicht entscheidbar","nein","","","nicht entscheidbar","yihai international holding ltd.","Nicht-US-Gegenlinien; Heimat-/Primärstatus nicht abgeleitet","ja","USD"
"YNNHF","1579.HK","C-50","nein","kein Tabellen-Eintrag: außerhalb angenommener Abdeckung","1047742592","","","nicht entscheidbar","nein","","","nicht entscheidbar","yihai international holding ltd.","Nicht-US-Gegenlinien; Heimat-/Primärstatus nicht abgeleitet","nein","USD"
"YNNHF","1579.HK","C-nur-die-7","nein","kein Tabellen-Eintrag: außerhalb angenommener Abdeckung","1047742592","","","nicht entscheidbar","nein","","","nicht entscheidbar","yihai international holding ltd.","Nicht-US-Gegenlinien; Heimat-/Primärstatus nicht abgeleitet","nein","USD"
"YONXF","7906.T","A","nein","Verhältnis nicht eindeutig: Kurs-Verhältnis nicht ganzzahlig","2138788864","","","nicht entscheidbar","nein","","","nicht entscheidbar","yonex co., ltd.","Nicht-US-Gegenlinien; Heimat-/Primärstatus nicht abgeleitet","","USD"
"YONXF","7906.T","B","ja","B-Hypothese: einzige Nicht-US-Linie als Heimat-Linie (nicht bestätigt)","2138788864","1281205028.6574798","0.5990329621696964","zu groß","nein","","","Wahrheit nicht belegt","yonex co., ltd.","Nicht-US-Gegenlinien; Heimat-/Primärstatus nicht abgeleitet","","USD"
"YONXF","7906.T","C-100","nein","Tabellen-Abdeckung angenommen; Verhältniswert fehlt (kein Tabellen-Eintrag vorhanden)","2138788864","","","nicht entscheidbar","nein","","","nicht entscheidbar","yonex co., ltd.","Nicht-US-Gegenlinien; Heimat-/Primärstatus nicht abgeleitet","ja","USD"
"YONXF","7906.T","C-50","nein","kein Tabellen-Eintrag: außerhalb angenommener Abdeckung","2138788864","","","nicht entscheidbar","nein","","","nicht entscheidbar","yonex co., ltd.","Nicht-US-Gegenlinien; Heimat-/Primärstatus nicht abgeleitet","nein","USD"
"YONXF","7906.T","C-nur-die-7","nein","kein Tabellen-Eintrag: außerhalb angenommener Abdeckung","2138788864","","","nicht entscheidbar","nein","","","nicht entscheidbar","yonex co., ltd.","Nicht-US-Gegenlinien; Heimat-/Primärstatus nicht abgeleitet","nein","USD"
"YZCFF","1033.HK|600871.SS","A","nein","Verhältnis nicht eindeutig: Kurs-Verhältnis nicht ganzzahlig","3647335424","","","nicht entscheidbar","nein","","","nicht entscheidbar","sinopec oilfield service corporation","Nicht-US-Gegenlinien; Heimat-/Primärstatus nicht abgeleitet","","USD"
"YZCFF","1033.HK|600871.SS","B","nein","Heimat-Linie nicht eindeutig: mehrere Nicht-US-Linien","3647335424","","","nicht entscheidbar","nein","","","nicht entscheidbar","sinopec oilfield service corporation","Nicht-US-Gegenlinien; Heimat-/Primärstatus nicht abgeleitet","","USD"
"YZCFF","1033.HK|600871.SS","C-100","nein","Tabellen-Abdeckung angenommen; Verhältniswert fehlt (kein Tabellen-Eintrag vorhanden)","3647335424","","","nicht entscheidbar","nein","","","nicht entscheidbar","sinopec oilfield service corporation","Nicht-US-Gegenlinien; Heimat-/Primärstatus nicht abgeleitet","ja","USD"
"YZCFF","1033.HK|600871.SS","C-50","nein","kein Tabellen-Eintrag: außerhalb angenommener Abdeckung","3647335424","","","nicht entscheidbar","nein","","","nicht entscheidbar","sinopec oilfield service corporation","Nicht-US-Gegenlinien; Heimat-/Primärstatus nicht abgeleitet","nein","USD"
"YZCFF","1033.HK|600871.SS","C-nur-die-7","nein","kein Tabellen-Eintrag: außerhalb angenommener Abdeckung","3647335424","","","nicht entscheidbar","nein","","","nicht entscheidbar","sinopec oilfield service corporation","Nicht-US-Gegenlinien; Heimat-/Primärstatus nicht abgeleitet","nein","USD"
"ZHAOF","1818.HK","A","nein","Verhältnis nicht eindeutig: Kurs-Verhältnis nicht ganzzahlig","15126018048","","","nicht entscheidbar","nein","","","nicht entscheidbar","zhaojin mining industry company limited","Nicht-US-Gegenlinien; Heimat-/Primärstatus nicht abgeleitet","","USD"
"ZHAOF","1818.HK","B","ja","B-Hypothese: einzige Nicht-US-Linie als Heimat-Linie (nicht bestätigt)","15126018048","9103901775.330017","0.6018703499123326","zu groß","nein","","","Wahrheit nicht belegt","zhaojin mining industry company limited","Nicht-US-Gegenlinien; Heimat-/Primärstatus nicht abgeleitet","","USD"
"ZHAOF","1818.HK","C-100","nein","Tabellen-Abdeckung angenommen; Verhältniswert fehlt (kein Tabellen-Eintrag vorhanden)","15126018048","","","nicht entscheidbar","nein","","","nicht entscheidbar","zhaojin mining industry company limited","Nicht-US-Gegenlinien; Heimat-/Primärstatus nicht abgeleitet","ja","USD"
"ZHAOF","1818.HK","C-50","nein","kein Tabellen-Eintrag: außerhalb angenommener Abdeckung","15126018048","","","nicht entscheidbar","nein","","","nicht entscheidbar","zhaojin mining industry company limited","Nicht-US-Gegenlinien; Heimat-/Primärstatus nicht abgeleitet","nein","USD"
"ZHAOF","1818.HK","C-nur-die-7","nein","kein Tabellen-Eintrag: außerhalb angenommener Abdeckung","15126018048","","","nicht entscheidbar","nein","","","nicht entscheidbar","zhaojin mining industry company limited","Nicht-US-Gegenlinien; Heimat-/Primärstatus nicht abgeleitet","nein","USD"
"ZHSHF","0881.HK","A","ja","A-Hypothese: gleiche Stückzahl; ganzzahliges Kurs-Verhältnis in gleicher Währung","3881870080","970467520","0.25","zu groß","nein","","","Wahrheit nicht belegt","zhongsheng group holdings limited","Nicht-US-Gegenlinien; Heimat-/Primärstatus nicht abgeleitet","","USD"
"ZHSHF","0881.HK","B","ja","B-Hypothese: einzige Nicht-US-Linie als Heimat-Linie (nicht bestätigt)","3881870080","953508393.0156442","0.24563119665654656","zu groß","nein","","","Wahrheit nicht belegt","zhongsheng group holdings limited","Nicht-US-Gegenlinien; Heimat-/Primärstatus nicht abgeleitet","","USD"
"ZHSHF","0881.HK","C-100","nein","Tabellen-Abdeckung angenommen; Verhältniswert fehlt (kein Tabellen-Eintrag vorhanden)","3881870080","","","nicht entscheidbar","nein","","","nicht entscheidbar","zhongsheng group holdings limited","Nicht-US-Gegenlinien; Heimat-/Primärstatus nicht abgeleitet","ja","USD"
"ZHSHF","0881.HK","C-50","nein","kein Tabellen-Eintrag: außerhalb angenommener Abdeckung","3881870080","","","nicht entscheidbar","nein","","","nicht entscheidbar","zhongsheng group holdings limited","Nicht-US-Gegenlinien; Heimat-/Primärstatus nicht abgeleitet","nein","USD"
"ZHSHF","0881.HK","C-nur-die-7","nein","kein Tabellen-Eintrag: außerhalb angenommener Abdeckung","3881870080","","","nicht entscheidbar","nein","","","nicht entscheidbar","zhongsheng group holdings limited","Nicht-US-Gegenlinien; Heimat-/Primärstatus nicht abgeleitet","nein","USD"
"ZLIOF","000157.SZ|1157.HK","A","nein","Verhältnis nicht eindeutig: Stückzahlen","11329121280","","","nicht entscheidbar","nein","","","nicht entscheidbar","zoomlion heavy industry science and technology co., ltd.","Nicht-US-Gegenlinien; Heimat-/Primärstatus nicht abgeleitet","","USD"
"ZLIOF","000157.SZ|1157.HK","B","nein","Heimat-Linie nicht eindeutig: mehrere Nicht-US-Linien","11329121280","","","nicht entscheidbar","nein","","","nicht entscheidbar","zoomlion heavy industry science and technology co., ltd.","Nicht-US-Gegenlinien; Heimat-/Primärstatus nicht abgeleitet","","USD"
"ZLIOF","000157.SZ|1157.HK","C-100","nein","Tabellen-Abdeckung angenommen; Verhältniswert fehlt (kein Tabellen-Eintrag vorhanden)","11329121280","","","nicht entscheidbar","nein","","","nicht entscheidbar","zoomlion heavy industry science and technology co., ltd.","Nicht-US-Gegenlinien; Heimat-/Primärstatus nicht abgeleitet","ja","USD"
"ZLIOF","000157.SZ|1157.HK","C-50","nein","kein Tabellen-Eintrag: außerhalb angenommener Abdeckung","11329121280","","","nicht entscheidbar","nein","","","nicht entscheidbar","zoomlion heavy industry science and technology co., ltd.","Nicht-US-Gegenlinien; Heimat-/Primärstatus nicht abgeleitet","nein","USD"
"ZLIOF","000157.SZ|1157.HK","C-nur-die-7","nein","kein Tabellen-Eintrag: außerhalb angenommener Abdeckung","11329121280","","","nicht entscheidbar","nein","","","nicht entscheidbar","zoomlion heavy industry science and technology co., ltd.","Nicht-US-Gegenlinien; Heimat-/Primärstatus nicht abgeleitet","nein","USD"
"ZZHGF","6060.HK","A","ja","A-Hypothese: gleiche Stückzahl; ganzzahliges Kurs-Verhältnis in gleicher Währung","4228880384","2114440192","0.5","zu groß","nein","","","Wahrheit nicht belegt","zhongan online p & c insurance co., ltd.","Nicht-US-Gegenlinien; Heimat-/Primärstatus nicht abgeleitet","","USD"
"ZZHGF","6060.HK","B","ja","B-Hypothese: einzige Nicht-US-Linie als Heimat-Linie (nicht bestätigt)","4228880384","2167120940.224389","0.512457374870121","zu groß","nein","","","Wahrheit nicht belegt","zhongan online p & c insurance co., ltd.","Nicht-US-Gegenlinien; Heimat-/Primärstatus nicht abgeleitet","","USD"
"ZZHGF","6060.HK","C-100","nein","Tabellen-Abdeckung angenommen; Verhältniswert fehlt (kein Tabellen-Eintrag vorhanden)","4228880384","","","nicht entscheidbar","nein","","","nicht entscheidbar","zhongan online p & c insurance co., ltd.","Nicht-US-Gegenlinien; Heimat-/Primärstatus nicht abgeleitet","ja","USD"
"ZZHGF","6060.HK","C-50","nein","kein Tabellen-Eintrag: außerhalb angenommener Abdeckung","4228880384","","","nicht entscheidbar","nein","","","nicht entscheidbar","zhongan online p & c insurance co., ltd.","Nicht-US-Gegenlinien; Heimat-/Primärstatus nicht abgeleitet","nein","USD"
"ZZHGF","6060.HK","C-nur-die-7","nein","kein Tabellen-Eintrag: außerhalb angenommener Abdeckung","4228880384","","","nicht entscheidbar","nein","","","nicht entscheidbar","zhongan online p & c insurance co., ltd.","Nicht-US-Gegenlinien; Heimat-/Primärstatus nicht abgeleitet","nein","USD"
