"Ticker","Name","Board","Spur","Füllquartal","Füllwert Originalwährung","Originalwährung","Füllwert Snapshot","Snapshot-Währung","Quelle","Veröffentlichung","Abruf","Quellen-ID","Beobachtungen","Wachstum vorher (%)","Basis vorher","Periodenende vorher","Vorjahresende vorher","Wachstum nachher (%)","Basis nachher","Periodenende nachher","Vorjahresende nachher"
"000423.SZ","Dong-E-E-Jiao Co., Ltd.","quality/health-care","profitable","2025-09-30","1714786840.9700003","CNY","255797068.02973026","USD","Eastmoney RPT_F10_FINANCE_GINCOME","2025-10-25","2026-10-02T07:07:40.607Z","cn-20261002T070740Z","[{""period"":""2025-09-30"",""reportType"":""三季报"",""noticeDate"":""2025-10-25"",""src"":""cn-20261002T070740Z"",""fetchedAt"":""2026-10-02T07:07:40.607Z""},{""period"":""2025-06-30"",""reportType"":""中报"",""noticeDate"":""2025-08-22"",""src"":""cn-20261002T070740Z"",""fetchedAt"":""2026-10-02T07:07:40.607Z""}]","8.8321","year","","","0.655","quarter","2026-06-30","2025-06-30"
"000603.SZ","Shengda Resources Co.,Ltd.","materials","profitable","2025-09-30","746240974.87","CNY","111317773.64667398","USD","Eastmoney RPT_F10_FINANCE_GINCOME","2025-10-28","2026-10-02T07:07:40.607Z","cn-20261002T070740Z","[{""period"":""2025-09-30"",""reportType"":""三季报"",""noticeDate"":""2025-10-28"",""src"":""cn-20261002T070740Z"",""fetchedAt"":""2026-10-02T07:07:40.607Z""},{""period"":""2025-06-30"",""reportType"":""中报"",""noticeDate"":""2025-08-23"",""src"":""cn-20261002T070740Z"",""fetchedAt"":""2026-10-02T07:07:40.607Z""}]","22.2647","year","","","38.5898","quarter","2026-06-30","2025-06-30"
"000603.SZ","Shengda Resources Co.,Ltd.","quality/materials","profitable","2025-09-30","746240974.87","CNY","111317773.64667398","USD","Eastmoney RPT_F10_FINANCE_GINCOME","2025-10-28","2026-10-02T07:07:40.607Z","cn-20261002T070740Z","[{""period"":""2025-09-30"",""reportType"":""三季报"",""noticeDate"":""2025-10-28"",""src"":""cn-20261002T070740Z"",""fetchedAt"":""2026-10-02T07:07:40.607Z""},{""period"":""2025-06-30"",""reportType"":""中报"",""noticeDate"":""2025-08-23"",""src"":""cn-20261002T070740Z"",""fetchedAt"":""2026-10-02T07:07:40.607Z""}]","22.2647","year","","","38.5898","quarter","2026-06-30","2025-06-30"
"000785.SZ","Easyhome New Retail Group Corporation Limited","consumer-discretionary","unprofitable","2025-09-30","2713906595.0700006","CNY","404867316.3408985","USD","Eastmoney RPT_F10_FINANCE_GINCOME","2025-10-31","2026-10-02T07:07:40.607Z","cn-20261002T070740Z","[{""period"":""2025-09-30"",""reportType"":""三季报"",""noticeDate"":""2025-10-31"",""src"":""cn-20261002T070740Z"",""fetchedAt"":""2026-10-02T07:07:40.607Z""},{""period"":""2025-06-30"",""reportType"":""中报"",""noticeDate"":""2025-08-30"",""src"":""cn-20261002T070740Z"",""fetchedAt"":""2026-10-02T07:07:40.607Z""}]","-14.052","year","","","-6.4377","quarter","2026-06-30","2025-06-30"
"000893.SZ","Asia-potash International Investment (Guangzhou)Co.,Ltd.","materials","profitable","2025-09-30","1344882058.7800002","CNY","200617872.298992","USD","Eastmoney RPT_F10_FINANCE_GINCOME","2025-10-30","2026-10-02T07:07:40.607Z","cn-20261002T070740Z","[{""period"":""2025-09-30"",""reportType"":""三季报"",""noticeDate"":""2025-10-30"",""src"":""cn-20261002T070740Z"",""fetchedAt"":""2026-10-02T07:07:40.607Z""},{""period"":""2025-06-30"",""reportType"":""中报"",""noticeDate"":""2025-08-28"",""src"":""cn-20261002T070740Z"",""fetchedAt"":""2026-10-02T07:07:40.607Z""}]","50.0858","year","","","78.2299","quarter","2026-06-30","2025-06-30"
"000893.SZ","Asia-potash International Investment (Guangzhou)Co.,Ltd.","overview","","2025-09-30","1344882058.7800002","CNY","200617872.298992","USD","Eastmoney RPT_F10_FINANCE_GINCOME","2025-10-30","2026-10-02T07:07:40.607Z","cn-20261002T070740Z","[{""period"":""2025-09-30"",""reportType"":""三季报"",""noticeDate"":""2025-10-30"",""src"":""cn-20261002T070740Z"",""fetchedAt"":""2026-10-02T07:07:40.607Z""},{""period"":""2025-06-30"",""reportType"":""中报"",""noticeDate"":""2025-08-28"",""src"":""cn-20261002T070740Z"",""fetchedAt"":""2026-10-02T07:07:40.607Z""}]","50.0858","year","","","78.2299","quarter","2026-06-30","2025-06-30"
"000893.SZ","Asia-potash International Investment (Guangzhou)Co.,Ltd.","quality/materials","profitable","2025-09-30","1344882058.7800002","CNY","200617872.298992","USD","Eastmoney RPT_F10_FINANCE_GINCOME","2025-10-30","2026-10-02T07:07:40.607Z","cn-20261002T070740Z","[{""period"":""2025-09-30"",""reportType"":""三季报"",""noticeDate"":""2025-10-30"",""src"":""cn-20261002T070740Z"",""fetchedAt"":""2026-10-02T07:07:40.607Z""},{""period"":""2025-06-30"",""reportType"":""中报"",""noticeDate"":""2025-08-28"",""src"":""cn-20261002T070740Z"",""fetchedAt"":""2026-10-02T07:07:40.607Z""}]","50.0858","year","","","78.2299","quarter","2026-06-30","2025-06-30"
"001337.SZ","Sichuan Gold Co., Ltd.","quality/materials","profitable","2025-09-30","346283349.3500001","CNY","51655554.70506114","USD","Eastmoney RPT_F10_FINANCE_GINCOME","2025-10-28","2026-10-02T07:07:40.607Z","cn-20261002T070740Z","[{""period"":""2025-09-30"",""reportType"":""三季报"",""noticeDate"":""2025-10-28"",""src"":""cn-20261002T070740Z"",""fetchedAt"":""2026-10-02T07:07:40.607Z""},{""period"":""2025-06-30"",""reportType"":""中报"",""noticeDate"":""2025-08-27"",""src"":""cn-20261002T070740Z"",""fetchedAt"":""2026-10-02T07:07:40.607Z""}]","60.3775","year","","","48.0481","quarter","2026-06-30","2025-06-30"
"001337.SZ","Sichuan Gold Co., Ltd.","quality/overview","","2025-09-30","346283349.3500001","CNY","51655554.70506114","USD","Eastmoney RPT_F10_FINANCE_GINCOME","2025-10-28","2026-10-02T07:07:40.607Z","cn-20261002T070740Z","[{""period"":""2025-09-30"",""reportType"":""三季报"",""noticeDate"":""2025-10-28"",""src"":""cn-20261002T070740Z"",""fetchedAt"":""2026-10-02T07:07:40.607Z""},{""period"":""2025-06-30"",""reportType"":""中报"",""noticeDate"":""2025-08-27"",""src"":""cn-20261002T070740Z"",""fetchedAt"":""2026-10-02T07:07:40.607Z""}]","60.3775","year","","","48.0481","quarter","2026-06-30","2025-06-30"
"002129.SZ","TCL Zhonghuan Renewable Energy Technology Co.,Ltd.","semiconductors","unprofitable","2025-09-30","8173514396.209999","CNY","1219254176.7270806","USD","Eastmoney RPT_F10_FINANCE_GINCOME","2025-10-29","2026-10-02T07:07:40.607Z","cn-20261002T070740Z","[{""period"":""2025-09-30"",""reportType"":""三季报"",""noticeDate"":""2025-10-29"",""src"":""cn-20261002T070740Z"",""fetchedAt"":""2026-10-02T07:07:40.607Z""},{""period"":""2025-06-30"",""reportType"":""中报"",""noticeDate"":""2025-08-23"",""src"":""cn-20261002T070740Z"",""fetchedAt"":""2026-10-02T07:07:40.607Z""}]","2.223","year","","","6.4248","quarter","2026-06-30","2025-06-30"
"002192.SZ","YOUNGY Co., Ltd.","materials","profitable","2025-09-30","206174434.09000003","CNY","30755318.66869133","USD","Eastmoney RPT_F10_FINANCE_GINCOME","2025-10-25","2026-10-02T07:07:40.607Z","cn-20261002T070740Z","[{""period"":""2025-09-30"",""reportType"":""三季报"",""noticeDate"":""2025-10-25"",""src"":""cn-20261002T070740Z"",""fetchedAt"":""2026-10-02T07:07:40.607Z""},{""period"":""2025-06-30"",""reportType"":""中报"",""noticeDate"":""2025-08-19"",""src"":""cn-20261002T070740Z"",""fetchedAt"":""2026-10-02T07:07:40.607Z""}]","49.7124","year","","","450.9727","quarter","2026-06-30","2025-06-30"
"002192.SZ","YOUNGY Co., Ltd.","quality/materials","profitable","2025-09-30","206174434.09000003","CNY","30755318.66869133","USD","Eastmoney RPT_F10_FINANCE_GINCOME","2025-10-25","2026-10-02T07:07:40.607Z","cn-20261002T070740Z","[{""period"":""2025-09-30"",""reportType"":""三季报"",""noticeDate"":""2025-10-25"",""src"":""cn-20261002T070740Z"",""fetchedAt"":""2026-10-02T07:07:40.607Z""},{""period"":""2025-06-30"",""reportType"":""中报"",""noticeDate"":""2025-08-19"",""src"":""cn-20261002T070740Z"",""fetchedAt"":""2026-10-02T07:07:40.607Z""}]","49.7124","year","","","450.9727","quarter","2026-06-30","2025-06-30"
"002192.SZ","YOUNGY Co., Ltd.","quality/overview","","2025-09-30","206174434.09000003","CNY","30755318.66869133","USD","Eastmoney RPT_F10_FINANCE_GINCOME","2025-10-25","2026-10-02T07:07:40.607Z","cn-20261002T070740Z","[{""period"":""2025-09-30"",""reportType"":""三季报"",""noticeDate"":""2025-10-25"",""src"":""cn-20261002T070740Z"",""fetchedAt"":""2026-10-02T07:07:40.607Z""},{""period"":""2025-06-30"",""reportType"":""中报"",""noticeDate"":""2025-08-19"",""src"":""cn-20261002T070740Z"",""fetchedAt"":""2026-10-02T07:07:40.607Z""}]","49.7124","year","","","450.9727","quarter","2026-06-30","2025-06-30"
"002222.SZ","CASTECH Inc.","quality/tech-hardware","profitable","2025-09-30","323098372.81000006","CNY","48197020.45487101","USD","Eastmoney RPT_F10_FINANCE_GINCOME","2025-10-29","2026-10-02T07:07:40.607Z","cn-20261002T070740Z","[{""period"":""2025-09-30"",""reportType"":""三季报"",""noticeDate"":""2025-10-29"",""src"":""cn-20261002T070740Z"",""fetchedAt"":""2026-10-02T07:07:40.607Z""},{""period"":""2025-06-30"",""reportType"":""中报"",""noticeDate"":""2025-08-28"",""src"":""cn-20261002T070740Z"",""fetchedAt"":""2026-10-02T07:07:40.607Z""}]","32.2094","year","","","42.7413","quarter","2026-06-30","2025-06-30"
"002222.SZ","CASTECH Inc.","tech-hardware","profitable","2025-09-30","323098372.81000006","CNY","48197020.45487101","USD","Eastmoney RPT_F10_FINANCE_GINCOME","2025-10-29","2026-10-02T07:07:40.607Z","cn-20261002T070740Z","[{""period"":""2025-09-30"",""reportType"":""三季报"",""noticeDate"":""2025-10-29"",""src"":""cn-20261002T070740Z"",""fetchedAt"":""2026-10-02T07:07:40.607Z""},{""period"":""2025-06-30"",""reportType"":""中报"",""noticeDate"":""2025-08-28"",""src"":""cn-20261002T070740Z"",""fetchedAt"":""2026-10-02T07:07:40.607Z""}]","32.2094","year","","","42.7413","quarter","2026-06-30","2025-06-30"
"002353.SZ","Yantai Jereh Oilfield Services Group Co., Ltd.","quality/energy","profitable","2025-09-30","3519219802.2699995","CNY","524966768.85134894","USD","Eastmoney RPT_F10_FINANCE_GINCOME","2025-10-24","2026-10-02T07:07:40.607Z","cn-20261002T070740Z","[{""period"":""2025-09-30"",""reportType"":""三季报"",""noticeDate"":""2025-10-24"",""src"":""cn-20261002T070740Z"",""fetchedAt"":""2026-10-02T07:07:40.607Z""},{""period"":""2025-06-30"",""reportType"":""中报"",""noticeDate"":""2025-08-07"",""src"":""cn-20261002T070740Z"",""fetchedAt"":""2026-10-02T07:07:40.607Z""}]","21.4758","year","","","3.363","quarter","2026-06-30","2025-06-30"
"002414.SZ","Wuhan Guide Infrared Co., Ltd.","overview","","2025-09-30","1133659830.88","CNY","169109567.4131413","USD","Eastmoney RPT_F10_FINANCE_GINCOME","2025-10-28","2026-10-02T07:07:40.607Z","cn-20261002T070740Z","[{""period"":""2025-09-30"",""reportType"":""三季报"",""noticeDate"":""2025-10-28"",""src"":""cn-20261002T070740Z"",""fetchedAt"":""2026-10-02T07:07:40.607Z""},{""period"":""2025-06-30"",""reportType"":""中报"",""noticeDate"":""2025-08-26"",""src"":""cn-20261002T070740Z"",""fetchedAt"":""2026-10-02T07:07:40.607Z""}]","72.4998","year","","","136.8957","quarter","2026-06-30","2025-06-30"
"002414.SZ","Wuhan Guide Infrared Co., Ltd.","quality/tech-hardware","profitable","2025-09-30","1133659830.88","CNY","169109567.4131413","USD","Eastmoney RPT_F10_FINANCE_GINCOME","2025-10-28","2026-10-02T07:07:40.607Z","cn-20261002T070740Z","[{""period"":""2025-09-30"",""reportType"":""三季报"",""noticeDate"":""2025-10-28"",""src"":""cn-20261002T070740Z"",""fetchedAt"":""2026-10-02T07:07:40.607Z""},{""period"":""2025-06-30"",""reportType"":""中报"",""noticeDate"":""2025-08-26"",""src"":""cn-20261002T070740Z"",""fetchedAt"":""2026-10-02T07:07:40.607Z""}]","72.4998","year","","","136.8957","quarter","2026-06-30","2025-06-30"
"002414.SZ","Wuhan Guide Infrared Co., Ltd.","rule40/overview","","2025-09-30","1133659830.88","CNY","169109567.4131413","USD","Eastmoney RPT_F10_FINANCE_GINCOME","2025-10-28","2026-10-02T07:07:40.607Z","cn-20261002T070740Z","[{""period"":""2025-09-30"",""reportType"":""三季报"",""noticeDate"":""2025-10-28"",""src"":""cn-20261002T070740Z"",""fetchedAt"":""2026-10-02T07:07:40.607Z""},{""period"":""2025-06-30"",""reportType"":""中报"",""noticeDate"":""2025-08-26"",""src"":""cn-20261002T070740Z"",""fetchedAt"":""2026-10-02T07:07:40.607Z""}]","72.4998","year","","","136.8957","quarter","2026-06-30","2025-06-30"
"002414.SZ","Wuhan Guide Infrared Co., Ltd.","tech-hardware","profitable","2025-09-30","1133659830.88","CNY","169109567.4131413","USD","Eastmoney RPT_F10_FINANCE_GINCOME","2025-10-28","2026-10-02T07:07:40.607Z","cn-20261002T070740Z","[{""period"":""2025-09-30"",""reportType"":""三季报"",""noticeDate"":""2025-10-28"",""src"":""cn-20261002T070740Z"",""fetchedAt"":""2026-10-02T07:07:40.607Z""},{""period"":""2025-06-30"",""reportType"":""中报"",""noticeDate"":""2025-08-26"",""src"":""cn-20261002T070740Z"",""fetchedAt"":""2026-10-02T07:07:40.607Z""}]","72.4998","year","","","136.8957","quarter","2026-06-30","2025-06-30"
"002415.SZ","Hangzhou Hikvision Digital Technology Co., Ltd.","quality/tech-hardware","profitable","2025-09-30","23939742368.57","CNY","3571123687.771785","USD","Eastmoney RPT_F10_FINANCE_GINCOME","2025-10-18","2026-10-02T07:07:40.607Z","cn-20261002T070740Z","[{""period"":""2025-09-30"",""reportType"":""三季报"",""noticeDate"":""2025-10-18"",""src"":""cn-20261002T070740Z"",""fetchedAt"":""2026-10-02T07:07:40.607Z""},{""period"":""2025-06-30"",""reportType"":""中报"",""noticeDate"":""2025-08-02"",""src"":""cn-20261002T070740Z"",""fetchedAt"":""2026-10-02T07:07:40.607Z""}]","0.0133","year","","","12.1141","quarter","2026-06-30","2025-06-30"
"002463.SZ","Wus Printed Circuit (Kunshan) Co., Ltd.","quality/tech-hardware","profitable","2025-09-30","5018518348","CNY","748619156.9709299","USD","Eastmoney RPT_F10_FINANCE_GINCOME","2025-10-29","2026-10-02T07:07:40.607Z","cn-20261002T070740Z","[{""period"":""2025-09-30"",""reportType"":""三季报"",""noticeDate"":""2025-10-29"",""src"":""cn-20261002T070740Z"",""fetchedAt"":""2026-10-02T07:07:40.607Z""},{""period"":""2025-06-30"",""reportType"":""中报"",""noticeDate"":""2025-08-22"",""src"":""cn-20261002T070740Z"",""fetchedAt"":""2026-10-02T07:07:40.607Z""}]","42.0017","year","","","67.7482","quarter","2026-06-30","2025-06-30"
"002463.SZ","Wus Printed Circuit (Kunshan) Co., Ltd.","tech-hardware","profitable","2025-09-30","5018518348","CNY","748619156.9709299","USD","Eastmoney RPT_F10_FINANCE_GINCOME","2025-10-29","2026-10-02T07:07:40.607Z","cn-20261002T070740Z","[{""period"":""2025-09-30"",""reportType"":""三季报"",""noticeDate"":""2025-10-29"",""src"":""cn-20261002T070740Z"",""fetchedAt"":""2026-10-02T07:07:40.607Z""},{""period"":""2025-06-30"",""reportType"":""中报"",""noticeDate"":""2025-08-22"",""src"":""cn-20261002T070740Z"",""fetchedAt"":""2026-10-02T07:07:40.607Z""}]","42.0017","year","","","67.7482","quarter","2026-06-30","2025-06-30"
"002491.SZ","Tongding Interconnection Information Co., Ltd.","industrials","unprofitable","2025-09-30","924135934.5999999","CNY","137854604.9477937","USD","Eastmoney RPT_F10_FINANCE_GINCOME","2025-10-30","2026-10-02T07:07:40.607Z","cn-20261002T070740Z","[{""period"":""2025-09-30"",""reportType"":""三季报"",""noticeDate"":""2025-10-30"",""src"":""cn-20261002T070740Z"",""fetchedAt"":""2026-10-02T07:07:40.607Z""},{""period"":""2025-06-30"",""reportType"":""中报"",""noticeDate"":""2025-08-29"",""src"":""cn-20261002T070740Z"",""fetchedAt"":""2026-10-02T07:07:40.607Z""}]","17.0802","year","","","61.7034","quarter","2026-06-30","2025-06-30"
"002497.SZ","Sichuan Yahua Industrial Group Co., Ltd.","materials","profitable","2025-09-30","2624420749.53","CNY","391488386.17540205","USD","Eastmoney RPT_F10_FINANCE_GINCOME","2025-10-30","2026-10-02T07:07:40.607Z","cn-20261002T070740Z","[{""period"":""2025-09-30"",""reportType"":""三季报"",""noticeDate"":""2025-10-30"",""src"":""cn-20261002T070740Z"",""fetchedAt"":""2026-10-02T07:07:40.607Z""},{""period"":""2025-06-30"",""reportType"":""中报"",""noticeDate"":""2025-08-20"",""src"":""cn-20261002T070740Z"",""fetchedAt"":""2026-10-02T07:07:40.607Z""}]","10.7249","year","","","105.6835","quarter","2026-06-30","2025-06-30"
"002602.SZ","Zhejiang Century Huatong Group Co.,Ltd","quality/software-comm-services","profitable","2025-09-30","10016282152.349998","CNY","1494142330.646955","USD","Eastmoney RPT_F10_FINANCE_GINCOME","2025-10-31","2026-10-02T07:07:40.607Z","cn-20261002T070740Z","[{""period"":""2025-09-30"",""reportType"":""三季报"",""noticeDate"":""2025-10-31"",""src"":""cn-20261002T070740Z"",""fetchedAt"":""2026-10-02T07:07:40.607Z""},{""period"":""2025-06-30"",""reportType"":""中报"",""noticeDate"":""2025-08-30"",""src"":""cn-20261002T070740Z"",""fetchedAt"":""2026-10-02T07:07:40.607Z""}]","67.5457","year","","","22.5569","quarter","2026-06-30","2025-06-30"
"002602.SZ","Zhejiang Century Huatong Group Co.,Ltd","rule40/overview","","2025-09-30","10016282152.349998","CNY","1494142330.646955","USD","Eastmoney RPT_F10_FINANCE_GINCOME","2025-10-31","2026-10-02T07:07:40.607Z","cn-20261002T070740Z","[{""period"":""2025-09-30"",""reportType"":""三季报"",""noticeDate"":""2025-10-31"",""src"":""cn-20261002T070740Z"",""fetchedAt"":""2026-10-02T07:07:40.607Z""},{""period"":""2025-06-30"",""reportType"":""中报"",""noticeDate"":""2025-08-30"",""src"":""cn-20261002T070740Z"",""fetchedAt"":""2026-10-02T07:07:40.607Z""}]","67.5457","year","","","22.5569","quarter","2026-06-30","2025-06-30"
"002602.SZ","Zhejiang Century Huatong Group Co.,Ltd","software-comm-services","profitable","2025-09-30","10016282152.349998","CNY","1494142330.646955","USD","Eastmoney RPT_F10_FINANCE_GINCOME","2025-10-31","2026-10-02T07:07:40.607Z","cn-20261002T070740Z","[{""period"":""2025-09-30"",""reportType"":""三季报"",""noticeDate"":""2025-10-31"",""src"":""cn-20261002T070740Z"",""fetchedAt"":""2026-10-02T07:07:40.607Z""},{""period"":""2025-06-30"",""reportType"":""中报"",""noticeDate"":""2025-08-30"",""src"":""cn-20261002T070740Z"",""fetchedAt"":""2026-10-02T07:07:40.607Z""}]","67.5457","year","","","22.5569","quarter","2026-06-30","2025-06-30"
"002709.SZ","Guangzhou Tinci Materials Technology Co., Ltd.","materials","profitable","2025-09-30","3813835049.5099993","CNY","568914923.0127234","USD","Eastmoney RPT_F10_FINANCE_GINCOME","2025-10-31","2026-10-02T07:07:40.607Z","cn-20261002T070740Z","[{""period"":""2025-09-30"",""reportType"":""三季报"",""noticeDate"":""2025-10-31"",""src"":""cn-20261002T070740Z"",""fetchedAt"":""2026-10-02T07:07:40.607Z""},{""period"":""2025-06-30"",""reportType"":""中报"",""noticeDate"":""2025-08-19"",""src"":""cn-20261002T070740Z"",""fetchedAt"":""2026-10-02T07:07:40.607Z""}]","33.0045","year","","","127.0016","quarter","2026-06-30","2025-06-30"
"002709.SZ","Guangzhou Tinci Materials Technology Co., Ltd.","overview","","2025-09-30","3813835049.5099993","CNY","568914923.0127234","USD","Eastmoney RPT_F10_FINANCE_GINCOME","2025-10-31","2026-10-02T07:07:40.607Z","cn-20261002T070740Z","[{""period"":""2025-09-30"",""reportType"":""三季报"",""noticeDate"":""2025-10-31"",""src"":""cn-20261002T070740Z"",""fetchedAt"":""2026-10-02T07:07:40.607Z""},{""period"":""2025-06-30"",""reportType"":""中报"",""noticeDate"":""2025-08-19"",""src"":""cn-20261002T070740Z"",""fetchedAt"":""2026-10-02T07:07:40.607Z""}]","33.0045","year","","","127.0016","quarter","2026-06-30","2025-06-30"
"002716.SZ","Hunan Silver Co.,Ltd.","materials","profitable","2025-09-30","4065176239.8199997","CNY","606407827.6818732","USD","Eastmoney RPT_F10_FINANCE_GINCOME","2025-10-31","2026-10-02T07:07:40.607Z","cn-20261002T070740Z","[{""period"":""2025-09-30"",""reportType"":""三季报"",""noticeDate"":""2025-10-31"",""src"":""cn-20261002T070740Z"",""fetchedAt"":""2026-10-02T07:07:40.607Z""},{""period"":""2025-06-30"",""reportType"":""中报"",""noticeDate"":""2025-08-27"",""src"":""cn-20261002T070740Z"",""fetchedAt"":""2026-10-02T07:07:40.607Z""}]","49.6988","year","","","109.2807","quarter","2026-06-30","2025-06-30"
"002745.SZ","MLS Co., Ltd.","tech-hardware","unprofitable","2025-09-30","4258547052.760001","CNY","635253212.8987306","USD","Eastmoney RPT_F10_FINANCE_GINCOME","2025-10-29","2026-10-02T07:07:40.607Z","cn-20261002T070740Z","[{""period"":""2025-09-30"",""reportType"":""三季报"",""noticeDate"":""2025-10-29"",""src"":""cn-20261002T070740Z"",""fetchedAt"":""2026-10-02T07:07:40.607Z""},{""period"":""2025-06-30"",""reportType"":""中报"",""noticeDate"":""2025-08-28"",""src"":""cn-20261002T070740Z"",""fetchedAt"":""2026-10-02T07:07:40.607Z""}]","3.1254","year","","","25.8385","quarter","2026-06-30","2025-06-30"
"002916.SZ","Shennan Circuits Co., Ltd.","quality/tech-hardware","profitable","2025-09-30","6300560583.880001","CNY","939863128.0541681","USD","Eastmoney RPT_F10_FINANCE_GINCOME","2025-10-30","2026-10-02T07:07:40.607Z","cn-20261002T070740Z","[{""period"":""2025-09-30"",""reportType"":""三季报"",""noticeDate"":""2025-10-30"",""src"":""cn-20261002T070740Z"",""fetchedAt"":""2026-10-02T07:07:40.607Z""},{""period"":""2025-06-30"",""reportType"":""中报"",""noticeDate"":""2025-08-28"",""src"":""cn-20261002T070740Z"",""fetchedAt"":""2026-10-02T07:07:40.607Z""}]","32.0511","year","","","53.4377","quarter","2026-06-30","2025-06-30"
"002916.SZ","Shennan Circuits Co., Ltd.","tech-hardware","profitable","2025-09-30","6300560583.880001","CNY","939863128.0541681","USD","Eastmoney RPT_F10_FINANCE_GINCOME","2025-10-30","2026-10-02T07:07:40.607Z","cn-20261002T070740Z","[{""period"":""2025-09-30"",""reportType"":""三季报"",""noticeDate"":""2025-10-30"",""src"":""cn-20261002T070740Z"",""fetchedAt"":""2026-10-02T07:07:40.607Z""},{""period"":""2025-06-30"",""reportType"":""中报"",""noticeDate"":""2025-08-28"",""src"":""cn-20261002T070740Z"",""fetchedAt"":""2026-10-02T07:07:40.607Z""}]","32.0511","year","","","53.4377","quarter","2026-06-30","2025-06-30"
"003035.SZ","China Southern Power Grid Energy Efficiency & Clean Energy Co., Ltd.","utilities","profitable","2025-09-30","1025373198.4700003","CNY","152956304.26958787","USD","Eastmoney RPT_F10_FINANCE_GINCOME","2025-10-28","2026-10-02T07:07:40.607Z","cn-20261002T070740Z","[{""period"":""2025-09-30"",""reportType"":""三季报"",""noticeDate"":""2025-10-28"",""src"":""cn-20261002T070740Z"",""fetchedAt"":""2026-10-02T07:07:40.607Z""},{""period"":""2025-06-30"",""reportType"":""中报"",""noticeDate"":""2025-08-29"",""src"":""cn-20261002T070740Z"",""fetchedAt"":""2026-10-02T07:07:40.607Z""}]","16.5904","year","","","5.06","quarter","2026-06-30","2025-06-30"
"300059.SZ","East Money Information Co.,Ltd.","financials","profitable","2025-09-30","4732581590.059999","CNY","705965584.7743968","USD","Eastmoney RPT_F10_FINANCE_GINCOME","2025-10-25","2026-10-02T07:07:40.607Z","cn-20261002T070740Z","[{""period"":""2025-09-30"",""reportType"":""三季报"",""noticeDate"":""2025-10-25"",""src"":""cn-20261002T070740Z"",""fetchedAt"":""2026-10-02T07:07:40.607Z""},{""period"":""2025-06-30"",""reportType"":""中报"",""noticeDate"":""2025-08-16"",""src"":""cn-20261002T070740Z"",""fetchedAt"":""2026-10-02T07:07:40.607Z""}]","38.4632","year","","","62.4049","quarter","2026-06-30","2025-06-30"
"300170.SZ","HAND Enterprise Solutions Co., Ltd.","it-services","profitable","2025-09-30","864404680.5499997","CNY","128944413.1439622","USD","Eastmoney RPT_F10_FINANCE_GINCOME","2025-10-27","2026-10-02T07:07:40.607Z","cn-20261002T070740Z","[{""period"":""2025-09-30"",""reportType"":""三季报"",""noticeDate"":""2025-10-27"",""src"":""cn-20261002T070740Z"",""fetchedAt"":""2026-10-02T07:07:40.607Z""},{""period"":""2025-06-30"",""reportType"":""中报"",""noticeDate"":""2025-08-28"",""src"":""cn-20261002T070740Z"",""fetchedAt"":""2026-10-02T07:07:40.607Z""}]","5.5707","year","","","5.7748","quarter","2026-06-30","2025-06-30"
"300170.SZ","HAND Enterprise Solutions Co., Ltd.","quality/it-services","profitable","2025-09-30","864404680.5499997","CNY","128944413.1439622","USD","Eastmoney RPT_F10_FINANCE_GINCOME","2025-10-27","2026-10-02T07:07:40.607Z","cn-20261002T070740Z","[{""period"":""2025-09-30"",""reportType"":""三季报"",""noticeDate"":""2025-10-27"",""src"":""cn-20261002T070740Z"",""fetchedAt"":""2026-10-02T07:07:40.607Z""},{""period"":""2025-06-30"",""reportType"":""中报"",""noticeDate"":""2025-08-28"",""src"":""cn-20261002T070740Z"",""fetchedAt"":""2026-10-02T07:07:40.607Z""}]","5.5707","year","","","5.7748","quarter","2026-06-30","2025-06-30"
"300199.SZ","Hybio Pharmaceutical Co., Ltd.","health-care","unprofitable","2025-09-30","133680763.66000009","CNY","19941339.984193154","USD","Eastmoney RPT_F10_FINANCE_GINCOME","2025-10-30","2026-10-02T07:07:40.607Z","cn-20261002T070740Z","[{""period"":""2025-09-30"",""reportType"":""三季报"",""noticeDate"":""2025-10-30"",""src"":""cn-20261002T070740Z"",""fetchedAt"":""2026-10-02T07:07:40.607Z""},{""period"":""2025-06-30"",""reportType"":""中报"",""noticeDate"":""2025-08-22"",""src"":""cn-20261002T070740Z"",""fetchedAt"":""2026-10-02T07:07:40.607Z""}]","63.7333","year","","","62.4994","quarter","2026-06-30","2025-06-30"
"300207.SZ","Sunwoda Electronic Co.,Ltd","industrials","unprofitable","2025-09-30","16548566708.310001","CNY","2468572036.4436593","USD","Eastmoney RPT_F10_FINANCE_GINCOME","2025-10-30","2026-10-02T07:07:40.607Z","cn-20261002T070740Z","[{""period"":""2025-09-30"",""reportType"":""三季报"",""noticeDate"":""2025-10-30"",""src"":""cn-20261002T070740Z"",""fetchedAt"":""2026-10-02T07:07:40.607Z""},{""period"":""2025-06-30"",""reportType"":""中报"",""noticeDate"":""2025-08-28"",""src"":""cn-20261002T070740Z"",""fetchedAt"":""2026-10-02T07:07:40.607Z""}]","12.8981","year","","","50.1221","quarter","2026-06-30","2025-06-30"
"300251.SZ","Beijing Enlight Media Co., Ltd","overview","","2025-09-30","374144049.09000015","CNY","55811572.897221595","USD","Eastmoney RPT_F10_FINANCE_GINCOME","2025-10-29","2026-10-02T07:07:40.607Z","cn-20261002T070740Z","[{""period"":""2025-09-30"",""reportType"":""三季报"",""noticeDate"":""2025-10-29"",""src"":""cn-20261002T070740Z"",""fetchedAt"":""2026-10-02T07:07:40.607Z""},{""period"":""2025-06-30"",""reportType"":""中报"",""noticeDate"":""2025-08-27"",""src"":""cn-20261002T070740Z"",""fetchedAt"":""2026-10-02T07:07:40.607Z""}]","154.7956","year","","","-50.0263","quarter","2026-06-30","2025-06-30"
"300251.SZ","Beijing Enlight Media Co., Ltd","quality/software-comm-services","profitable","2025-09-30","374144049.09000015","CNY","55811572.897221595","USD","Eastmoney RPT_F10_FINANCE_GINCOME","2025-10-29","2026-10-02T07:07:40.607Z","cn-20261002T070740Z","[{""period"":""2025-09-30"",""reportType"":""三季报"",""noticeDate"":""2025-10-29"",""src"":""cn-20261002T070740Z"",""fetchedAt"":""2026-10-02T07:07:40.607Z""},{""period"":""2025-06-30"",""reportType"":""中报"",""noticeDate"":""2025-08-27"",""src"":""cn-20261002T070740Z"",""fetchedAt"":""2026-10-02T07:07:40.607Z""}]","154.7956","year","","","-50.0263","quarter","2026-06-30","2025-06-30"
"300251.SZ","Beijing Enlight Media Co., Ltd","software-comm-services","profitable","2025-09-30","374144049.09000015","CNY","55811572.897221595","USD","Eastmoney RPT_F10_FINANCE_GINCOME","2025-10-29","2026-10-02T07:07:40.607Z","cn-20261002T070740Z","[{""period"":""2025-09-30"",""reportType"":""三季报"",""noticeDate"":""2025-10-29"",""src"":""cn-20261002T070740Z"",""fetchedAt"":""2026-10-02T07:07:40.607Z""},{""period"":""2025-06-30"",""reportType"":""中报"",""noticeDate"":""2025-08-27"",""src"":""cn-20261002T070740Z"",""fetchedAt"":""2026-10-02T07:07:40.607Z""}]","154.7956","year","","","-50.0263","quarter","2026-06-30","2025-06-30"
"300373.SZ","Yangzhou Yangjie Electronic Technology Co., Ltd.","quality/semiconductors","profitable","2025-09-30","1892876459.8899999","CNY","282362936.90501213","USD","Eastmoney RPT_F10_FINANCE_GINCOME","2025-10-20","2026-10-02T07:07:40.607Z","cn-20261002T070740Z","[{""period"":""2025-09-30"",""reportType"":""三季报"",""noticeDate"":""2025-10-20"",""src"":""cn-20261002T070740Z"",""fetchedAt"":""2026-10-02T07:07:40.607Z""},{""period"":""2025-06-30"",""reportType"":""中报"",""noticeDate"":""2025-08-20"",""src"":""cn-20261002T070740Z"",""fetchedAt"":""2026-10-02T07:07:40.607Z""}]","18.1792","year","","","27.1697","quarter","2026-06-30","2025-06-30"
"300475.SZ","Shannon Semiconductor Technology Co.,Ltd.","semiconductors","profitable","2025-09-30","9276368798.18","CNY","1384801380.3880653","USD","Eastmoney RPT_F10_FINANCE_GINCOME","2025-10-23","2026-10-02T07:07:40.607Z","cn-20261002T070740Z","[{""period"":""2025-09-30"",""reportType"":""三季报"",""noticeDate"":""2025-10-23"",""src"":""cn-20261002T070740Z"",""fetchedAt"":""2026-10-02T07:07:40.607Z""},{""period"":""2025-06-30"",""reportType"":""中报"",""noticeDate"":""2025-08-27"",""src"":""cn-20261002T070740Z"",""fetchedAt"":""2026-10-02T07:07:40.607Z""}]","45.2381","year","2025-12-31","2024-12-31","295.3391","quarter","2026-06-30","2025-06-30"
"300476.SZ","Victory Giant Technology (HuiZhou) Co.,Ltd","quality/tech-hardware","profitable","2025-09-30","5086426434.809999","CNY","758749097.9562947","USD","Eastmoney RPT_F10_FINANCE_GINCOME","2025-10-28","2026-10-02T07:07:40.607Z","cn-20261002T070740Z","[{""period"":""2025-09-30"",""reportType"":""三季报"",""noticeDate"":""2025-10-28"",""src"":""cn-20261002T070740Z"",""fetchedAt"":""2026-10-02T07:07:40.607Z""},{""period"":""2025-06-30"",""reportType"":""中报"",""noticeDate"":""2025-08-27"",""src"":""cn-20261002T070740Z"",""fetchedAt"":""2026-10-02T07:07:40.607Z""}]","79.7733","year","","","29.4871","quarter","2026-06-30","2025-06-30"
"300476.SZ","Victory Giant Technology (HuiZhou) Co.,Ltd","tech-hardware","profitable","2025-09-30","5086426434.809999","CNY","758749097.9562947","USD","Eastmoney RPT_F10_FINANCE_GINCOME","2025-10-28","2026-10-02T07:07:40.607Z","cn-20261002T070740Z","[{""period"":""2025-09-30"",""reportType"":""三季报"",""noticeDate"":""2025-10-28"",""src"":""cn-20261002T070740Z"",""fetchedAt"":""2026-10-02T07:07:40.607Z""},{""period"":""2025-06-30"",""reportType"":""中报"",""noticeDate"":""2025-08-27"",""src"":""cn-20261002T070740Z"",""fetchedAt"":""2026-10-02T07:07:40.607Z""}]","79.7733","year","","","29.4871","quarter","2026-06-30","2025-06-30"
"300487.SZ","Sunresin New Materials Co.,Ltd","quality/materials","profitable","2025-09-30","685976967.9100001","CNY","102328110.3720414","USD","Eastmoney RPT_F10_FINANCE_GINCOME","2025-10-24","2026-10-02T07:07:40.607Z","cn-20261002T070740Z","[{""period"":""2025-09-30"",""reportType"":""三季报"",""noticeDate"":""2025-10-24"",""src"":""cn-20261002T070740Z"",""fetchedAt"":""2026-10-02T07:07:40.607Z""},{""period"":""2025-06-30"",""reportType"":""中报"",""noticeDate"":""2025-08-20"",""src"":""cn-20261002T070740Z"",""fetchedAt"":""2026-10-02T07:07:40.607Z""}]","9.076","year","","","14.9653","quarter","2026-06-30","2025-06-30"
"300496.SZ","Thunder Software Technology Co.,Ltd.","software-comm-services","unprofitable","2025-09-30","1848189255.0599995","CNY","275696886.23279446","USD","Eastmoney RPT_F10_FINANCE_GINCOME","2025-10-29","2026-10-02T07:07:40.607Z","cn-20261002T070740Z","[{""period"":""2025-09-30"",""reportType"":""三季报"",""noticeDate"":""2025-10-29"",""src"":""cn-20261002T070740Z"",""fetchedAt"":""2026-10-02T07:07:40.607Z""},{""period"":""2025-06-30"",""reportType"":""中报"",""noticeDate"":""2025-08-27"",""src"":""cn-20261002T070740Z"",""fetchedAt"":""2026-10-02T07:07:40.607Z""}]","44.4488","year","","","39.6265","quarter","2026-06-30","2025-06-30"
"300548.SZ","EverProX Technologies Co., Ltd.","industrials","profitable","2025-09-30","593660910.4000001","CNY","88557199.44659705","USD","Eastmoney RPT_F10_FINANCE_GINCOME","2025-10-30","2026-10-02T07:07:40.607Z","cn-20261002T070740Z","[{""period"":""2025-09-30"",""reportType"":""三季报"",""noticeDate"":""2025-10-30"",""src"":""cn-20261002T070740Z"",""fetchedAt"":""2026-10-02T07:07:40.607Z""},{""period"":""2025-06-30"",""reportType"":""中报"",""noticeDate"":""2025-08-29"",""src"":""cn-20261002T070740Z"",""fetchedAt"":""2026-10-02T07:07:40.607Z""}]","44.9332","year","","","53.9023","quarter","2026-06-30","2025-06-30"
"300548.SZ","EverProX Technologies Co., Ltd.","overview","","2025-09-30","593660910.4000001","CNY","88557199.44659705","USD","Eastmoney RPT_F10_FINANCE_GINCOME","2025-10-30","2026-10-02T07:07:40.607Z","cn-20261002T070740Z","[{""period"":""2025-09-30"",""reportType"":""三季报"",""noticeDate"":""2025-10-30"",""src"":""cn-20261002T070740Z"",""fetchedAt"":""2026-10-02T07:07:40.607Z""},{""period"":""2025-06-30"",""reportType"":""中报"",""noticeDate"":""2025-08-29"",""src"":""cn-20261002T070740Z"",""fetchedAt"":""2026-10-02T07:07:40.607Z""}]","44.9332","year","","","53.9023","quarter","2026-06-30","2025-06-30"
"300548.SZ","EverProX Technologies Co., Ltd.","quality/industrials","profitable","2025-09-30","593660910.4000001","CNY","88557199.44659705","USD","Eastmoney RPT_F10_FINANCE_GINCOME","2025-10-30","2026-10-02T07:07:40.607Z","cn-20261002T070740Z","[{""period"":""2025-09-30"",""reportType"":""三季报"",""noticeDate"":""2025-10-30"",""src"":""cn-20261002T070740Z"",""fetchedAt"":""2026-10-02T07:07:40.607Z""},{""period"":""2025-06-30"",""reportType"":""中报"",""noticeDate"":""2025-08-29"",""src"":""cn-20261002T070740Z"",""fetchedAt"":""2026-10-02T07:07:40.607Z""}]","44.9332","year","","","53.9023","quarter","2026-06-30","2025-06-30"
"300567.SZ","Wuhan Jingce Electronics Group Co., Ltd.","tech-hardware","profitable","2025-09-30","889633485.1299999","CNY","132707827.98204702","USD","Eastmoney RPT_F10_FINANCE_GINCOME","2025-10-29","2026-10-02T07:07:40.607Z","cn-20261002T070740Z","[{""period"":""2025-09-30"",""reportType"":""三季报"",""noticeDate"":""2025-10-29"",""src"":""cn-20261002T070740Z"",""fetchedAt"":""2026-10-02T07:07:40.607Z""},{""period"":""2025-06-30"",""reportType"":""中报"",""noticeDate"":""2025-08-27"",""src"":""cn-20261002T070740Z"",""fetchedAt"":""2026-10-02T07:07:40.607Z""}]","30.5085","year","","","55.0433","quarter","2026-06-30","2025-06-30"
"300573.SZ","Shenyang Xingqi Pharmaceutical Co.,Ltd.","health-care","profitable","2025-09-30","740985926.6000001","CNY","110533871.00192294","USD","Eastmoney RPT_F10_FINANCE_GINCOME","2025-10-29","2026-10-02T07:07:40.607Z","cn-20261002T070740Z","[{""period"":""2025-09-30"",""reportType"":""三季报"",""noticeDate"":""2025-10-29"",""src"":""cn-20261002T070740Z"",""fetchedAt"":""2026-10-02T07:07:40.607Z""},{""period"":""2025-06-30"",""reportType"":""中报"",""noticeDate"":""2025-08-28"",""src"":""cn-20261002T070740Z"",""fetchedAt"":""2026-10-02T07:07:40.607Z""}]","27.2444","year","","","14.5123","quarter","2026-06-30","2025-06-30"
"300573.SZ","Shenyang Xingqi Pharmaceutical Co.,Ltd.","quality/health-care","profitable","2025-09-30","740985926.6000001","CNY","110533871.00192294","USD","Eastmoney RPT_F10_FINANCE_GINCOME","2025-10-29","2026-10-02T07:07:40.607Z","cn-20261002T070740Z","[{""period"":""2025-09-30"",""reportType"":""三季报"",""noticeDate"":""2025-10-29"",""src"":""cn-20261002T070740Z"",""fetchedAt"":""2026-10-02T07:07:40.607Z""},{""period"":""2025-06-30"",""reportType"":""中报"",""noticeDate"":""2025-08-28"",""src"":""cn-20261002T070740Z"",""fetchedAt"":""2026-10-02T07:07:40.607Z""}]","27.2444","year","","","14.5123","quarter","2026-06-30","2025-06-30"
"300573.SZ","Shenyang Xingqi Pharmaceutical Co.,Ltd.","quality/overview","","2025-09-30","740985926.6000001","CNY","110533871.00192294","USD","Eastmoney RPT_F10_FINANCE_GINCOME","2025-10-29","2026-10-02T07:07:40.607Z","cn-20261002T070740Z","[{""period"":""2025-09-30"",""reportType"":""三季报"",""noticeDate"":""2025-10-29"",""src"":""cn-20261002T070740Z"",""fetchedAt"":""2026-10-02T07:07:40.607Z""},{""period"":""2025-06-30"",""reportType"":""中报"",""noticeDate"":""2025-08-28"",""src"":""cn-20261002T070740Z"",""fetchedAt"":""2026-10-02T07:07:40.607Z""}]","27.2444","year","","","14.5123","quarter","2026-06-30","2025-06-30"
"300593.SZ","Beijing Relpow Technology Co., Ltd","industrials","unprofitable","2025-09-30","376780219.70000005","CNY","56204814.025945604","USD","Eastmoney RPT_F10_FINANCE_GINCOME","2025-10-30","2026-10-02T07:07:40.607Z","cn-20261002T070740Z","[{""period"":""2025-09-30"",""reportType"":""三季报"",""noticeDate"":""2025-10-30"",""src"":""cn-20261002T070740Z"",""fetchedAt"":""2026-10-02T07:07:40.607Z""},{""period"":""2025-06-30"",""reportType"":""中报"",""noticeDate"":""2025-08-19"",""src"":""cn-20261002T070740Z"",""fetchedAt"":""2026-10-02T07:07:40.607Z""}]","28.9092","year","","","25.6955","quarter","2026-06-30","2025-06-30"
"300762.SZ","Jushri Technologies, Inc.","tech-hardware","unprofitable","2025-09-30","131106843.50000003","CNY","19557384.839133732","USD","Eastmoney RPT_F10_FINANCE_GINCOME","2025-10-30","2026-10-02T07:07:40.607Z","cn-20261002T070740Z","[{""period"":""2025-09-30"",""reportType"":""三季报"",""noticeDate"":""2025-10-30"",""src"":""cn-20261002T070740Z"",""fetchedAt"":""2026-10-02T07:07:40.607Z""},{""period"":""2025-06-30"",""reportType"":""中报"",""noticeDate"":""2025-08-27"",""src"":""cn-20261002T070740Z"",""fetchedAt"":""2026-10-02T07:07:40.607Z""}]","42.2329","year","","","128.5478","quarter","2026-06-30","2025-06-30"
"300866.SZ","Anker Innovations Technology Co., Ltd.","quality/tech-hardware","profitable","2025-09-30","8152470535.869999","CNY","1216115035.6709511","USD","Eastmoney RPT_F10_FINANCE_GINCOME","2025-10-30","2026-10-02T07:07:40.607Z","cn-20261002T070740Z","[{""period"":""2025-09-30"",""reportType"":""三季报"",""noticeDate"":""2025-10-30"",""src"":""cn-20261002T070740Z"",""fetchedAt"":""2026-10-02T07:07:40.607Z""},{""period"":""2025-06-30"",""reportType"":""中报"",""noticeDate"":""2025-08-29"",""src"":""cn-20261002T070740Z"",""fetchedAt"":""2026-10-02T07:07:40.607Z""}]","23.4897","year","","","30.9016","quarter","2026-06-30","2025-06-30"
"300866.SZ","Anker Innovations Technology Co., Ltd.","tech-hardware","profitable","2025-09-30","8152470535.869999","CNY","1216115035.6709511","USD","Eastmoney RPT_F10_FINANCE_GINCOME","2025-10-30","2026-10-02T07:07:40.607Z","cn-20261002T070740Z","[{""period"":""2025-09-30"",""reportType"":""三季报"",""noticeDate"":""2025-10-30"",""src"":""cn-20261002T070740Z"",""fetchedAt"":""2026-10-02T07:07:40.607Z""},{""period"":""2025-06-30"",""reportType"":""中报"",""noticeDate"":""2025-08-29"",""src"":""cn-20261002T070740Z"",""fetchedAt"":""2026-10-02T07:07:40.607Z""}]","23.4897","year","","","30.9016","quarter","2026-06-30","2025-06-30"
"300972.SZ","Fujian Wanchen Food Group Co., Ltd.","consumer-staples","profitable","2025-09-30","13979747692.499996","CNY","2085377835.9496095","USD","Eastmoney RPT_F10_FINANCE_GINCOME","2025-10-22","2026-10-02T07:07:40.607Z","cn-20261002T070740Z","[{""period"":""2025-09-30"",""reportType"":""三季报"",""noticeDate"":""2025-10-22"",""src"":""cn-20261002T070740Z"",""fetchedAt"":""2026-10-02T07:07:40.607Z""},{""period"":""2025-06-30"",""reportType"":""中报"",""noticeDate"":""2025-08-29"",""src"":""cn-20261002T070740Z"",""fetchedAt"":""2026-10-02T07:07:40.607Z""}]","59.1742","year","","","54.7551","quarter","2026-06-30","2025-06-30"
"300972.SZ","Fujian Wanchen Food Group Co., Ltd.","overview","","2025-09-30","13979747692.499996","CNY","2085377835.9496095","USD","Eastmoney RPT_F10_FINANCE_GINCOME","2025-10-22","2026-10-02T07:07:40.607Z","cn-20261002T070740Z","[{""period"":""2025-09-30"",""reportType"":""三季报"",""noticeDate"":""2025-10-22"",""src"":""cn-20261002T070740Z"",""fetchedAt"":""2026-10-02T07:07:40.607Z""},{""period"":""2025-06-30"",""reportType"":""中报"",""noticeDate"":""2025-08-29"",""src"":""cn-20261002T070740Z"",""fetchedAt"":""2026-10-02T07:07:40.607Z""}]","59.1742","year","","","54.7551","quarter","2026-06-30","2025-06-30"
"300972.SZ","Fujian Wanchen Food Group Co., Ltd.","quality/consumer-staples","profitable","2025-09-30","13979747692.499996","CNY","2085377835.9496095","USD","Eastmoney RPT_F10_FINANCE_GINCOME","2025-10-22","2026-10-02T07:07:40.607Z","cn-20261002T070740Z","[{""period"":""2025-09-30"",""reportType"":""三季报"",""noticeDate"":""2025-10-22"",""src"":""cn-20261002T070740Z"",""fetchedAt"":""2026-10-02T07:07:40.607Z""},{""period"":""2025-06-30"",""reportType"":""中报"",""noticeDate"":""2025-08-29"",""src"":""cn-20261002T070740Z"",""fetchedAt"":""2026-10-02T07:07:40.607Z""}]","59.1742","year","","","54.7551","quarter","2026-06-30","2025-06-30"
"301171.SZ","Easy Click Worldwide Network Technology Co., Ltd.","software-comm-services","profitable","2025-09-30","980466790.0300002","CNY","146257554.69894168","USD","Eastmoney RPT_F10_FINANCE_GINCOME","2025-10-28","2026-10-02T07:07:40.607Z","cn-20261002T070740Z","[{""period"":""2025-09-30"",""reportType"":""三季报"",""noticeDate"":""2025-10-28"",""src"":""cn-20261002T070740Z"",""fetchedAt"":""2026-10-02T07:07:40.607Z""},{""period"":""2025-06-30"",""reportType"":""中报"",""noticeDate"":""2025-08-19"",""src"":""cn-20261002T070740Z"",""fetchedAt"":""2026-10-02T07:07:40.607Z""}]","50.3868","year","","","47.4071","quarter","2026-06-30","2025-06-30"
"301205.SZ","Linktel Technologies Co., Ltd.","tech-hardware","profitable","2025-09-30","342460122.6399999","CNY","51085238.81537435","USD","Eastmoney RPT_F10_FINANCE_GINCOME","2025-10-29","2026-10-02T07:07:40.607Z","cn-20261002T070740Z","[{""period"":""2025-09-30"",""reportType"":""三季报"",""noticeDate"":""2025-10-29"",""src"":""cn-20261002T070740Z"",""fetchedAt"":""2026-10-02T07:07:40.607Z""},{""period"":""2025-06-30"",""reportType"":""中报"",""noticeDate"":""2025-08-27"",""src"":""cn-20261002T070740Z"",""fetchedAt"":""2026-10-02T07:07:40.607Z""}]","41.128","year","","","80.0256","quarter","2026-06-30","2025-06-30"
"301236.SZ","iSoftStone Information Technology (Group) Co., Ltd.","it-services","profitable","2025-09-30","9601969593.739998","CNY","1432338766.9571471","USD","Eastmoney RPT_F10_FINANCE_GINCOME","2025-10-30","2026-10-02T07:07:40.607Z","cn-20261002T070740Z","[{""period"":""2025-09-30"",""reportType"":""三季报"",""noticeDate"":""2025-10-30"",""src"":""cn-20261002T070740Z"",""fetchedAt"":""2026-10-02T07:07:40.607Z""},{""period"":""2025-06-30"",""reportType"":""中报"",""noticeDate"":""2025-08-28"",""src"":""cn-20261002T070740Z"",""fetchedAt"":""2026-10-02T07:07:40.607Z""}]","12.0496","year","","","19.6078","quarter","2026-06-30","2025-06-30"
"301316.SZ","Hydsoft Technology Co.,Ltd.","it-services","profitable","2025-09-30","594762503.79","CNY","88721525.61973442","USD","Eastmoney RPT_F10_FINANCE_GINCOME","2025-10-28","2026-10-02T07:07:40.607Z","cn-20261002T070740Z","[{""period"":""2025-09-30"",""reportType"":""三季报"",""noticeDate"":""2025-10-28"",""src"":""cn-20261002T070740Z"",""fetchedAt"":""2026-10-02T07:07:40.607Z""},{""period"":""2025-06-30"",""reportType"":""中报"",""noticeDate"":""2025-08-28"",""src"":""cn-20261002T070740Z"",""fetchedAt"":""2026-10-02T07:07:40.607Z""}]","28.8049","year","","","25.9651","quarter","2026-06-30","2025-06-30"
"301316.SZ","Hydsoft Technology Co.,Ltd.","quality/it-services","profitable","2025-09-30","594762503.79","CNY","88721525.61973442","USD","Eastmoney RPT_F10_FINANCE_GINCOME","2025-10-28","2026-10-02T07:07:40.607Z","cn-20261002T070740Z","[{""period"":""2025-09-30"",""reportType"":""三季报"",""noticeDate"":""2025-10-28"",""src"":""cn-20261002T070740Z"",""fetchedAt"":""2026-10-02T07:07:40.607Z""},{""period"":""2025-06-30"",""reportType"":""中报"",""noticeDate"":""2025-08-28"",""src"":""cn-20261002T070740Z"",""fetchedAt"":""2026-10-02T07:07:40.607Z""}]","28.8049","year","","","25.9651","quarter","2026-06-30","2025-06-30"
"301345.SZ","Zhejiang Taotao Vehicles Co., Ltd.","quality/consumer-discretionary","profitable","2025-09-30","1059517353.1900003","CNY","158049633.92377916","USD","Eastmoney RPT_F10_FINANCE_GINCOME","2025-10-23","2026-10-02T07:07:40.607Z","cn-20261002T070740Z","[{""period"":""2025-09-30"",""reportType"":""三季报"",""noticeDate"":""2025-10-23"",""src"":""cn-20261002T070740Z"",""fetchedAt"":""2026-10-02T07:07:40.607Z""},{""period"":""2025-06-30"",""reportType"":""中报"",""noticeDate"":""2025-08-26"",""src"":""cn-20261002T070740Z"",""fetchedAt"":""2026-10-02T07:07:40.607Z""}]","32.4126","year","","","57.5289","quarter","2026-06-30","2025-06-30"
"301377.SZ","Guangdong Dtech Technology Co., Ltd.","quality/tech-hardware","profitable","2025-09-30","553053190.27","CNY","82499691.01438276","USD","Eastmoney RPT_F10_FINANCE_GINCOME","2025-10-24","2026-10-02T07:07:40.607Z","cn-20261002T070740Z","[{""period"":""2025-09-30"",""reportType"":""三季报"",""noticeDate"":""2025-10-24"",""src"":""cn-20261002T070740Z"",""fetchedAt"":""2026-10-02T07:07:40.607Z""},{""period"":""2025-06-30"",""reportType"":""中报"",""noticeDate"":""2025-08-21"",""src"":""cn-20261002T070740Z"",""fetchedAt"":""2026-10-02T07:07:40.607Z""}]","35.6987","year","","","134.6723","quarter","2026-06-30","2025-06-30"
"301377.SZ","Guangdong Dtech Technology Co., Ltd.","tech-hardware","profitable","2025-09-30","553053190.27","CNY","82499691.01438276","USD","Eastmoney RPT_F10_FINANCE_GINCOME","2025-10-24","2026-10-02T07:07:40.607Z","cn-20261002T070740Z","[{""period"":""2025-09-30"",""reportType"":""三季报"",""noticeDate"":""2025-10-24"",""src"":""cn-20261002T070740Z"",""fetchedAt"":""2026-10-02T07:07:40.607Z""},{""period"":""2025-06-30"",""reportType"":""中报"",""noticeDate"":""2025-08-21"",""src"":""cn-20261002T070740Z"",""fetchedAt"":""2026-10-02T07:07:40.607Z""}]","35.6987","year","","","134.6723","quarter","2026-06-30","2025-06-30"
"3081.TWO","LandMark Optoelectronics Corporation","rule40/overview","","2025-09-30","552804000","TWD","17431463.49924","USD","MOPS t164sb04","","2026-10-02T07:21:15.686Z","tw-20261002T071224Z","[{""period"":""2025-09-30"",""season"":""114Q3"",""noticeDate"":null,""src"":""tw-20261002T071224Z"",""fetchedAt"":""2026-10-02T07:21:15.686Z""}]","82.2891","year","","","120.7903","quarter","2026-06-30","2025-06-30"
"600110.SS","Nuode New Materials Co.,Ltd.","industrials","unprofitable","2025-09-30","1777266511.5600004","CNY","265117244.83919588","USD","Eastmoney RPT_F10_FINANCE_GINCOME","2025-10-23","2026-10-02T07:07:40.607Z","cn-20261002T070740Z","[{""period"":""2025-09-30"",""reportType"":""三季报"",""noticeDate"":""2025-10-23"",""src"":""cn-20261002T070740Z"",""fetchedAt"":""2026-10-02T07:07:40.607Z""},{""period"":""2025-06-30"",""reportType"":""中报"",""noticeDate"":""2025-08-30"",""src"":""cn-20261002T070740Z"",""fetchedAt"":""2026-10-02T07:07:40.607Z""}]","38.8603","year","","","142.203","quarter","2026-06-30","2025-06-30"
"600111.SS","China Northern Rare Earth (Group) High-Tech Co.,Ltd","materials","profitable","2025-09-30","11425447505.21","CNY","1704349428.7063076","USD","Eastmoney RPT_F10_FINANCE_GINCOME","2025-10-28","2026-10-02T07:07:40.607Z","cn-20261002T070740Z","[{""period"":""2025-09-30"",""reportType"":""三季报"",""noticeDate"":""2025-10-28"",""src"":""cn-20261002T070740Z"",""fetchedAt"":""2026-10-02T07:07:40.607Z""},{""period"":""2025-06-30"",""reportType"":""中报"",""noticeDate"":""2025-08-27"",""src"":""cn-20261002T070740Z"",""fetchedAt"":""2026-10-02T07:07:40.607Z""}]","29.1108","year","","","45.5251","quarter","2026-06-30","2025-06-30"
"600115.SS","China Eastern Airlines Corporation Limited","industrials","unprofitable","2025-09-30","39592000000","CNY","5905992089.200001","USD","Eastmoney RPT_F10_FINANCE_GINCOME","2025-10-31","2026-10-02T07:07:40.607Z","cn-20261002T070740Z","[{""period"":""2025-09-30"",""reportType"":""三季报"",""noticeDate"":""2025-10-31"",""src"":""cn-20261002T070740Z"",""fetchedAt"":""2026-10-02T07:07:40.607Z""},{""period"":""2025-06-30"",""reportType"":""中报"",""noticeDate"":""2025-08-30"",""src"":""cn-20261002T070740Z"",""fetchedAt"":""2026-10-02T07:07:40.607Z""}]","5.9196","year","","","11.2461","quarter","2026-06-30","2025-06-30"
"600132.SS","Chongqing Brewery Co., Ltd.","quality/consumer-staples","profitable","2025-09-30","4219528375.460001","CNY","629432744.1306752","USD","Eastmoney RPT_F10_FINANCE_GINCOME","2025-10-31","2026-10-02T07:07:40.607Z","cn-20261002T070740Z","[{""period"":""2025-09-30"",""reportType"":""三季报"",""noticeDate"":""2025-10-31"",""src"":""cn-20261002T070740Z"",""fetchedAt"":""2026-10-02T07:07:40.607Z""},{""period"":""2025-06-30"",""reportType"":""中报"",""noticeDate"":""2025-08-15"",""src"":""cn-20261002T070740Z"",""fetchedAt"":""2026-10-02T07:07:40.607Z""}]","0.5277","year","","","-5.7522","quarter","2026-06-30","2025-06-30"
"600151.SS","Shanghai Aerospace Automobile Electromechanical Co., Ltd.","consumer-discretionary","unprofitable","2025-09-30","833628764.8900003","CNY","124362806.54562718","USD","Eastmoney RPT_F10_FINANCE_GINCOME","2025-10-31","2026-10-02T07:07:40.607Z","cn-20261002T070740Z","[{""period"":""2025-09-30"",""reportType"":""三季报"",""noticeDate"":""2025-10-31"",""src"":""cn-20261002T070740Z"",""fetchedAt"":""2026-10-02T07:07:40.607Z""},{""period"":""2025-06-30"",""reportType"":""中报"",""noticeDate"":""2025-08-26"",""src"":""cn-20261002T070740Z"",""fetchedAt"":""2026-10-02T07:07:40.607Z""}]","-32.5993","year","","","-16.4106","quarter","2026-06-30","2025-06-30"
"600153.SS","Xiamen C&D Inc.","industrials","unprofitable","2025-09-30","183662815640.28003","CNY","27397230153.861687","USD","Eastmoney RPT_F10_FINANCE_GINCOME","2025-10-31","2026-10-02T07:07:40.607Z","cn-20261002T070740Z","[{""period"":""2025-09-30"",""reportType"":""三季报"",""noticeDate"":""2025-10-31"",""src"":""cn-20261002T070740Z"",""fetchedAt"":""2026-10-02T07:07:40.607Z""},{""period"":""2025-06-30"",""reportType"":""中报"",""noticeDate"":""2025-08-30"",""src"":""cn-20261002T070740Z"",""fetchedAt"":""2026-10-02T07:07:40.607Z""}]","-4.2815","year","","","-4.6074","quarter","2026-06-30","2025-06-30"
"600176.SS","China Jushi Co., Ltd.","materials","profitable","2025-09-30","4795092996.639999","CNY","715290495.6843342","USD","Eastmoney RPT_F10_FINANCE_GINCOME","2025-10-22","2026-10-02T07:07:40.607Z","cn-20261002T070740Z","[{""period"":""2025-09-30"",""reportType"":""三季报"",""noticeDate"":""2025-10-22"",""src"":""cn-20261002T070740Z"",""fetchedAt"":""2026-10-02T07:07:40.607Z""},{""period"":""2025-06-30"",""reportType"":""中报"",""noticeDate"":""2025-08-28"",""src"":""cn-20261002T070740Z"",""fetchedAt"":""2026-10-02T07:07:40.607Z""}]","19.0788","year","","","26.9267","quarter","2026-06-30","2025-06-30"
"600183.SS","Shengyi Technology Co.,Ltd.","quality/tech-hardware","profitable","2025-09-30","7933658445.499998","CNY","1183474540.7541363","USD","Eastmoney RPT_F10_FINANCE_GINCOME","2025-10-29","2026-10-02T07:07:40.607Z","cn-20261002T070740Z","[{""period"":""2025-09-30"",""reportType"":""三季报"",""noticeDate"":""2025-10-29"",""src"":""cn-20261002T070740Z"",""fetchedAt"":""2026-10-02T07:07:40.607Z""},{""period"":""2025-06-30"",""reportType"":""中报"",""noticeDate"":""2025-08-16"",""src"":""cn-20261002T070740Z"",""fetchedAt"":""2026-10-02T07:07:40.607Z""}]","39.4481","year","","","53.9806","quarter","2026-06-30","2025-06-30"
"600183.SS","Shengyi Technology Co.,Ltd.","tech-hardware","profitable","2025-09-30","7933658445.499998","CNY","1183474540.7541363","USD","Eastmoney RPT_F10_FINANCE_GINCOME","2025-10-29","2026-10-02T07:07:40.607Z","cn-20261002T070740Z","[{""period"":""2025-09-30"",""reportType"":""三季报"",""noticeDate"":""2025-10-29"",""src"":""cn-20261002T070740Z"",""fetchedAt"":""2026-10-02T07:07:40.607Z""},{""period"":""2025-06-30"",""reportType"":""中报"",""noticeDate"":""2025-08-16"",""src"":""cn-20261002T070740Z"",""fetchedAt"":""2026-10-02T07:07:40.607Z""}]","39.4481","year","","","53.9806","quarter","2026-06-30","2025-06-30"
"600236.SS","Guangxi Guiguan Electric PowerCo.,Ltd.","quality/utilities","profitable","2025-09-30","3180879183.6700006","CNY","474496042.01495194","USD","Eastmoney RPT_F10_FINANCE_GINCOME","2025-10-31","2026-10-02T07:07:40.607Z","cn-20261002T070740Z","[{""period"":""2025-09-30"",""reportType"":""三季报"",""noticeDate"":""2025-10-31"",""src"":""cn-20261002T070740Z"",""fetchedAt"":""2026-10-02T07:07:40.607Z""},{""period"":""2025-06-30"",""reportType"":""中报"",""noticeDate"":""2025-08-21"",""src"":""cn-20261002T070740Z"",""fetchedAt"":""2026-10-02T07:07:40.607Z""}]","8.2781","year","","","38.1442","quarter","2026-06-30","2025-06-30"
"600236.SS","Guangxi Guiguan Electric PowerCo.,Ltd.","utilities","profitable","2025-09-30","3180879183.6700006","CNY","474496042.01495194","USD","Eastmoney RPT_F10_FINANCE_GINCOME","2025-10-31","2026-10-02T07:07:40.607Z","cn-20261002T070740Z","[{""period"":""2025-09-30"",""reportType"":""三季报"",""noticeDate"":""2025-10-31"",""src"":""cn-20261002T070740Z"",""fetchedAt"":""2026-10-02T07:07:40.607Z""},{""period"":""2025-06-30"",""reportType"":""中报"",""noticeDate"":""2025-08-21"",""src"":""cn-20261002T070740Z"",""fetchedAt"":""2026-10-02T07:07:40.607Z""}]","8.2781","year","","","38.1442","quarter","2026-06-30","2025-06-30"
"600301.SS","Guangxi Huaxi Nonferrous Metal Co.,Ltd","materials","profitable","2025-09-30","1350936274.6899996","CNY","201520987.8594781","USD","Eastmoney RPT_F10_FINANCE_GINCOME","2025-10-31","2026-10-02T07:07:40.607Z","cn-20261002T070740Z","[{""period"":""2025-09-30"",""reportType"":""三季报"",""noticeDate"":""2025-10-31"",""src"":""cn-20261002T070740Z"",""fetchedAt"":""2026-10-02T07:07:40.607Z""},{""period"":""2025-06-30"",""reportType"":""中报"",""noticeDate"":""2025-08-15"",""src"":""cn-20261002T070740Z"",""fetchedAt"":""2026-10-02T07:07:40.607Z""}]","25.3076","year","","","21.9665","quarter","2026-06-30","2025-06-30"
"600323.SS","Grandblue Environment Co., Ltd.","utilities","profitable","2025-09-30","3973883586.17","CNY","592789579.2918203","USD","Eastmoney RPT_F10_FINANCE_GINCOME","2025-10-29","2026-10-02T07:07:40.607Z","cn-20261002T070740Z","[{""period"":""2025-09-30"",""reportType"":""三季报"",""noticeDate"":""2025-10-29"",""src"":""cn-20261002T070740Z"",""fetchedAt"":""2026-10-02T07:07:40.607Z""},{""period"":""2025-06-30"",""reportType"":""中报"",""noticeDate"":""2025-08-27"",""src"":""cn-20261002T070740Z"",""fetchedAt"":""2026-10-02T07:07:40.607Z""}]","17.2524","year","","","29.0292","quarter","2026-06-30","2025-06-30"
"600392.SS","Shenghe Resources Holding Co., Ltd","materials","profitable","2025-09-30","4277494202.3900003","CNY","638079584.7876896","USD","Eastmoney RPT_F10_FINANCE_GINCOME","2025-10-31","2026-10-02T07:07:40.607Z","cn-20261002T070740Z","[{""period"":""2025-09-30"",""reportType"":""三季报"",""noticeDate"":""2025-10-31"",""src"":""cn-20261002T070740Z"",""fetchedAt"":""2026-10-02T07:07:40.607Z""},{""period"":""2025-06-30"",""reportType"":""中报"",""noticeDate"":""2025-08-30"",""src"":""cn-20261002T070740Z"",""fetchedAt"":""2026-10-02T07:07:40.607Z""}]","31.8342","year","","","68.7007","quarter","2026-06-30","2025-06-30"
"600410.SS","Beijing Teamsun Technology Co.,Ltd.","software-comm-services","unprofitable","2025-09-30","909491470.3499999","CNY","135670070.44559446","USD","Eastmoney RPT_F10_FINANCE_GINCOME","2025-10-29","2026-10-02T07:07:40.607Z","cn-20261002T070740Z","[{""period"":""2025-09-30"",""reportType"":""三季报"",""noticeDate"":""2025-10-29"",""src"":""cn-20261002T070740Z"",""fetchedAt"":""2026-10-02T07:07:40.607Z""},{""period"":""2025-06-30"",""reportType"":""中报"",""noticeDate"":""2025-08-29"",""src"":""cn-20261002T070740Z"",""fetchedAt"":""2026-10-02T07:07:40.607Z""}]","9.092","year","","","7.6712","quarter","2026-06-30","2025-06-30"
"600428.SS","COSCO SHIPPING Specialized Carriers Co.,Ltd.","industrials","profitable","2025-09-30","5835368317.48","CNY","870469769.6657202","USD","Eastmoney RPT_F10_FINANCE_GINCOME","2025-10-24","2026-10-02T07:07:40.607Z","cn-20261002T070740Z","[{""period"":""2025-09-30"",""reportType"":""三季报"",""noticeDate"":""2025-10-24"",""src"":""cn-20261002T070740Z"",""fetchedAt"":""2026-10-02T07:07:40.607Z""},{""period"":""2025-06-30"",""reportType"":""中报"",""noticeDate"":""2025-08-29"",""src"":""cn-20261002T070740Z"",""fetchedAt"":""2026-10-02T07:07:40.607Z""}]","38.3208","year","","","41.5782","quarter","2026-06-30","2025-06-30"
"600500.SS","Sinochem International Corporation","industrials","unprofitable","2025-09-30","11363052571.279995","CNY","1695041892.1788082","USD","Eastmoney RPT_F10_FINANCE_GINCOME","2025-10-31","2026-10-02T07:07:40.607Z","cn-20261002T070740Z","[{""period"":""2025-09-30"",""reportType"":""三季报"",""noticeDate"":""2025-10-31"",""src"":""cn-20261002T070740Z"",""fetchedAt"":""2026-10-02T07:07:40.607Z""},{""period"":""2025-06-30"",""reportType"":""中报"",""noticeDate"":""2025-08-28"",""src"":""cn-20261002T070740Z"",""fetchedAt"":""2026-10-02T07:07:40.607Z""}]","-10.539","year","","","2.1085","quarter","2026-06-30","2025-06-30"
"600519.SS","Kweichow Moutai Co., Ltd.","quality/consumer-staples","profitable","2025-09-30","39810127080.91","CNY","5938973487.045315","USD","Eastmoney RPT_F10_FINANCE_GINCOME","2025-10-30","2026-10-02T07:07:40.607Z","cn-20261002T070740Z","[{""period"":""2025-09-30"",""reportType"":""三季报"",""noticeDate"":""2025-10-30"",""src"":""cn-20261002T070740Z"",""fetchedAt"":""2026-10-02T07:07:40.607Z""},{""period"":""2025-06-30"",""reportType"":""中报"",""noticeDate"":""2025-08-13"",""src"":""cn-20261002T070740Z"",""fetchedAt"":""2026-10-02T07:07:40.607Z""}]","-1.2001","year","","","-5.2336","quarter","2026-06-30","2025-06-30"
"600588.SS","Yonyou Network Technology Co.,Ltd.","software-comm-services","unprofitable","2025-09-30","2003444242","CNY","298856482.2288667","USD","Eastmoney RPT_F10_FINANCE_GINCOME","2025-10-31","2026-10-02T07:07:40.607Z","cn-20261002T070740Z","[{""period"":""2025-09-30"",""reportType"":""三季报"",""noticeDate"":""2025-10-31"",""src"":""cn-20261002T070740Z"",""fetchedAt"":""2026-10-02T07:07:40.607Z""},{""period"":""2025-06-30"",""reportType"":""中报"",""noticeDate"":""2025-08-27"",""src"":""cn-20261002T070740Z"",""fetchedAt"":""2026-10-02T07:07:40.607Z""}]","0.3165","year","","","2.9418","quarter","2026-06-30","2025-06-30"
"600600.SS","Tsingtao Brewery Company Limited","quality/consumer-staples","profitable","2025-09-30","8875503365","CNY","1323970818.8865929","USD","Eastmoney RPT_F10_FINANCE_GINCOME","2025-10-28","2026-10-02T07:07:40.607Z","cn-20261002T070740Z","[{""period"":""2025-09-30"",""reportType"":""三季报"",""noticeDate"":""2025-10-28"",""src"":""cn-20261002T070740Z"",""fetchedAt"":""2026-10-02T07:07:40.607Z""},{""period"":""2025-06-30"",""reportType"":""中报"",""noticeDate"":""2025-08-27"",""src"":""cn-20261002T070740Z"",""fetchedAt"":""2026-10-02T07:07:40.607Z""}]","1.0444","year","","","-6.7284","quarter","2026-06-30","2025-06-30"
"600660.SS","Fuyao Glass Industry Group Co., Ltd.","quality/consumer-discretionary","profitable","2025-09-30","11854516214","CNY","1768354187.239269","USD","Eastmoney RPT_F10_FINANCE_GINCOME","2025-10-17","2026-10-02T07:07:40.607Z","cn-20261002T070740Z","[{""period"":""2025-09-30"",""reportType"":""三季报"",""noticeDate"":""2025-10-17"",""src"":""cn-20261002T070740Z"",""fetchedAt"":""2026-10-02T07:07:40.607Z""},{""period"":""2025-06-30"",""reportType"":""中报"",""noticeDate"":""2025-08-20"",""src"":""cn-20261002T070740Z"",""fetchedAt"":""2026-10-02T07:07:40.607Z""}]","16.651","year","","","0.1794","quarter","2026-06-30","2025-06-30"
"600674.SS","Sichuan Chuantou Energy Co.Ltd","quality/utilities","profitable","2025-09-30","428502665.9900001","CNY","63920321.16432741","USD","Eastmoney RPT_F10_FINANCE_GINCOME","2025-10-21","2026-10-02T07:07:40.607Z","cn-20261002T070740Z","[{""period"":""2025-09-30"",""reportType"":""三季报"",""noticeDate"":""2025-10-21"",""src"":""cn-20261002T070740Z"",""fetchedAt"":""2026-10-02T07:07:40.607Z""},{""period"":""2025-06-30"",""reportType"":""中报"",""noticeDate"":""2025-08-15"",""src"":""cn-20261002T070740Z"",""fetchedAt"":""2026-10-02T07:07:40.607Z""}]","3.6466","year","","","0.7289","quarter","2026-06-30","2025-06-30"
"600688.SS","Sinopec Shanghai Petrochemical Company Limited","energy","unprofitable","2025-09-30","19362301000","CNY","2888300579.27635","USD","Eastmoney RPT_F10_FINANCE_GINCOME","2025-10-23","2026-10-02T07:07:40.607Z","cn-20261002T070740Z","[{""period"":""2025-09-30"",""reportType"":""三季报"",""noticeDate"":""2025-10-23"",""src"":""cn-20261002T070740Z"",""fetchedAt"":""2026-10-02T07:07:40.607Z""},{""period"":""2025-06-30"",""reportType"":""中报"",""noticeDate"":""2025-08-21"",""src"":""cn-20261002T070740Z"",""fetchedAt"":""2026-10-02T07:07:40.607Z""}]","-13.2782","year","","","6.6379","quarter","2026-06-30","2025-06-30"
"600895.SS","Shanghai Zhangjiang Hi-Tech Park Development Co., Ltd.","real-estate","profitable","2025-09-30","299856475.3799999","CNY","44729995.23867635","USD","Eastmoney RPT_F10_FINANCE_GINCOME","2025-10-31","2026-10-02T07:07:40.607Z","cn-20261002T070740Z","[{""period"":""2025-09-30"",""reportType"":""三季报"",""noticeDate"":""2025-10-31"",""src"":""cn-20261002T070740Z"",""fetchedAt"":""2026-10-02T07:07:40.607Z""},{""period"":""2025-06-30"",""reportType"":""中报"",""noticeDate"":""2025-08-23"",""src"":""cn-20261002T070740Z"",""fetchedAt"":""2026-10-02T07:07:40.607Z""}]","110.847","year","","","109.0263","quarter","2026-06-30","2025-06-30"
"601111.SS","Air China Limited","industrials","unprofitable","2025-09-30","49068750000","CNY","7319651680.3125","USD","Eastmoney RPT_F10_FINANCE_GINCOME","2025-10-31","2026-10-02T07:07:40.607Z","cn-20261002T070740Z","[{""period"":""2025-09-30"",""reportType"":""三季报"",""noticeDate"":""2025-10-31"",""src"":""cn-20261002T070740Z"",""fetchedAt"":""2026-10-02T07:07:40.607Z""},{""period"":""2025-06-30"",""reportType"":""中报"",""noticeDate"":""2025-08-29"",""src"":""cn-20261002T070740Z"",""fetchedAt"":""2026-10-02T07:07:40.607Z""}]","2.8709","year","","","9.8126","quarter","2026-06-30","2025-06-30"
"601168.SS","Western Mining Co.,Ltd.","materials","profitable","2025-09-30","16823188360","CNY","2509537718.965486","USD","Eastmoney RPT_F10_FINANCE_GINCOME","2025-10-25","2026-10-02T07:07:40.607Z","cn-20261002T070740Z","[{""period"":""2025-09-30"",""reportType"":""三季报"",""noticeDate"":""2025-10-25"",""src"":""cn-20261002T070740Z"",""fetchedAt"":""2026-10-02T07:07:40.607Z""},{""period"":""2025-06-30"",""reportType"":""中报"",""noticeDate"":""2025-07-26"",""src"":""cn-20261002T070740Z"",""fetchedAt"":""2026-10-02T07:07:40.607Z""}]","23.3104","year","","","37.4164","quarter","2026-06-30","2025-06-30"
"601519.SS","Shanghai DZH Limited","financials","unprofitable","2025-09-30","184709619.87","CNY","27553383.353994727","USD","Eastmoney RPT_F10_FINANCE_GINCOME","2025-10-29","2026-10-02T07:07:40.607Z","cn-20261002T070740Z","[{""period"":""2025-09-30"",""reportType"":""三季报"",""noticeDate"":""2025-10-29"",""src"":""cn-20261002T070740Z"",""fetchedAt"":""2026-10-02T07:07:40.607Z""},{""period"":""2025-06-30"",""reportType"":""中报"",""noticeDate"":""2025-08-28"",""src"":""cn-20261002T070740Z"",""fetchedAt"":""2026-10-02T07:07:40.607Z""}]","7.2263","year","","","4.3785","quarter","2026-06-30","2025-06-30"
"601777.SS","Chongqing Afari Technology Co., Ltd.","consumer-discretionary","unprofitable","2025-09-30","2762278986.59","CNY","412052885.50626224","USD","Eastmoney RPT_F10_FINANCE_GINCOME","2025-10-31","2026-10-02T07:07:40.607Z","cn-20261002T070740Z","[{""period"":""2025-09-30"",""reportType"":""三季报"",""noticeDate"":""2025-10-31"",""src"":""cn-20261002T070740Z"",""fetchedAt"":""2026-10-02T07:07:40.607Z""},{""period"":""2025-06-30"",""reportType"":""中报"",""noticeDate"":""2025-08-23"",""src"":""cn-20261002T070740Z"",""fetchedAt"":""2026-10-02T07:07:40.607Z""}]","42.13","year","","","16.0305","quarter","2026-06-30","2025-06-30"
"603129.SS","Zhejiang Cfmoto Power Co.,Ltd","consumer-discretionary","profitable","2025-09-30","5040899274.75","CNY","751957750.0284785","USD","Eastmoney RPT_F10_FINANCE_GINCOME","2025-10-17","2026-10-02T07:07:40.607Z","cn-20261002T070740Z","[{""period"":""2025-09-30"",""reportType"":""三季报"",""noticeDate"":""2025-10-17"",""src"":""cn-20261002T070740Z"",""fetchedAt"":""2026-10-02T07:07:40.607Z""},{""period"":""2025-06-30"",""reportType"":""中报"",""noticeDate"":""2025-08-12"",""src"":""cn-20261002T070740Z"",""fetchedAt"":""2026-10-02T07:07:40.607Z""}]","31.304","year","","","43.2185","quarter","2026-06-30","2025-06-30"
"603129.SS","Zhejiang Cfmoto Power Co.,Ltd","overview","","2025-09-30","5040899274.75","CNY","751957750.0284785","USD","Eastmoney RPT_F10_FINANCE_GINCOME","2025-10-17","2026-10-02T07:07:40.607Z","cn-20261002T070740Z","[{""period"":""2025-09-30"",""reportType"":""三季报"",""noticeDate"":""2025-10-17"",""src"":""cn-20261002T070740Z"",""fetchedAt"":""2026-10-02T07:07:40.607Z""},{""period"":""2025-06-30"",""reportType"":""中报"",""noticeDate"":""2025-08-12"",""src"":""cn-20261002T070740Z"",""fetchedAt"":""2026-10-02T07:07:40.607Z""}]","31.304","year","","","43.2185","quarter","2026-06-30","2025-06-30"
"603226.SS","Vohringer Home Technology Co.,Ltd.","consumer-discretionary","unprofitable","2025-09-30","74463133.35","CNY","11107766.127049522","USD","Eastmoney RPT_F10_FINANCE_GINCOME","2025-10-31","2026-10-02T07:07:40.607Z","cn-20261002T070740Z","[{""period"":""2025-09-30"",""reportType"":""三季报"",""noticeDate"":""2025-10-31"",""src"":""cn-20261002T070740Z"",""fetchedAt"":""2026-10-02T07:07:40.607Z""},{""period"":""2025-06-30"",""reportType"":""中报"",""noticeDate"":""2025-08-29"",""src"":""cn-20261002T070740Z"",""fetchedAt"":""2026-10-02T07:07:40.607Z""}]","16.6517","year","","","-33.1738","quarter","2026-06-30","2025-06-30"
"603379.SS","Zhejiang Sanmei Chemical Industry Co.,Ltd.","materials","profitable","2025-09-30","1601447714.2300005","CNY","238890117.4861034","USD","Eastmoney RPT_F10_FINANCE_GINCOME","2025-10-28","2026-10-02T07:07:40.607Z","cn-20261002T070740Z","[{""period"":""2025-09-30"",""reportType"":""三季报"",""noticeDate"":""2025-10-28"",""src"":""cn-20261002T070740Z"",""fetchedAt"":""2026-10-02T07:07:40.607Z""},{""period"":""2025-06-30"",""reportType"":""中报"",""noticeDate"":""2025-08-23"",""src"":""cn-20261002T070740Z"",""fetchedAt"":""2026-10-02T07:07:40.607Z""}]","44.8074","year","","","24.7548","quarter","2026-06-30","2025-06-30"
"603379.SS","Zhejiang Sanmei Chemical Industry Co.,Ltd.","quality/materials","profitable","2025-09-30","1601447714.2300005","CNY","238890117.4861034","USD","Eastmoney RPT_F10_FINANCE_GINCOME","2025-10-28","2026-10-02T07:07:40.607Z","cn-20261002T070740Z","[{""period"":""2025-09-30"",""reportType"":""三季报"",""noticeDate"":""2025-10-28"",""src"":""cn-20261002T070740Z"",""fetchedAt"":""2026-10-02T07:07:40.607Z""},{""period"":""2025-06-30"",""reportType"":""中报"",""noticeDate"":""2025-08-23"",""src"":""cn-20261002T070740Z"",""fetchedAt"":""2026-10-02T07:07:40.607Z""}]","44.8074","year","","","24.7548","quarter","2026-06-30","2025-06-30"
"603379.SS","Zhejiang Sanmei Chemical Industry Co.,Ltd.","quality/overview","","2025-09-30","1601447714.2300005","CNY","238890117.4861034","USD","Eastmoney RPT_F10_FINANCE_GINCOME","2025-10-28","2026-10-02T07:07:40.607Z","cn-20261002T070740Z","[{""period"":""2025-09-30"",""reportType"":""三季报"",""noticeDate"":""2025-10-28"",""src"":""cn-20261002T070740Z"",""fetchedAt"":""2026-10-02T07:07:40.607Z""},{""period"":""2025-06-30"",""reportType"":""中报"",""noticeDate"":""2025-08-23"",""src"":""cn-20261002T070740Z"",""fetchedAt"":""2026-10-02T07:07:40.607Z""}]","44.8074","year","","","24.7548","quarter","2026-06-30","2025-06-30"
"603444.SS","G-bits Network Technology (Xiamen) Co., Ltd.","quality/overview","","2025-09-30","1967877015.9200006","CNY","293550871.098758","USD","Eastmoney RPT_F10_FINANCE_GINCOME","2025-10-29","2026-10-02T07:07:40.607Z","cn-20261002T070740Z","[{""period"":""2025-09-30"",""reportType"":""三季报"",""noticeDate"":""2025-10-29"",""src"":""cn-20261002T070740Z"",""fetchedAt"":""2026-10-02T07:07:40.607Z""},{""period"":""2025-06-30"",""reportType"":""中报"",""noticeDate"":""2025-08-20"",""src"":""cn-20261002T070740Z"",""fetchedAt"":""2026-10-02T07:07:40.607Z""}]","67.8894","year","","","35.9744","quarter","2026-06-30","2025-06-30"
"603444.SS","G-bits Network Technology (Xiamen) Co., Ltd.","quality/software-comm-services","profitable","2025-09-30","1967877015.9200006","CNY","293550871.098758","USD","Eastmoney RPT_F10_FINANCE_GINCOME","2025-10-29","2026-10-02T07:07:40.607Z","cn-20261002T070740Z","[{""period"":""2025-09-30"",""reportType"":""三季报"",""noticeDate"":""2025-10-29"",""src"":""cn-20261002T070740Z"",""fetchedAt"":""2026-10-02T07:07:40.607Z""},{""period"":""2025-06-30"",""reportType"":""中报"",""noticeDate"":""2025-08-20"",""src"":""cn-20261002T070740Z"",""fetchedAt"":""2026-10-02T07:07:40.607Z""}]","67.8894","year","","","35.9744","quarter","2026-06-30","2025-06-30"
"603444.SS","G-bits Network Technology (Xiamen) Co., Ltd.","rule40/overview","","2025-09-30","1967877015.9200006","CNY","293550871.098758","USD","Eastmoney RPT_F10_FINANCE_GINCOME","2025-10-29","2026-10-02T07:07:40.607Z","cn-20261002T070740Z","[{""period"":""2025-09-30"",""reportType"":""三季报"",""noticeDate"":""2025-10-29"",""src"":""cn-20261002T070740Z"",""fetchedAt"":""2026-10-02T07:07:40.607Z""},{""period"":""2025-06-30"",""reportType"":""中报"",""noticeDate"":""2025-08-20"",""src"":""cn-20261002T070740Z"",""fetchedAt"":""2026-10-02T07:07:40.607Z""}]","67.8894","year","","","35.9744","quarter","2026-06-30","2025-06-30"
"603444.SS","G-bits Network Technology (Xiamen) Co., Ltd.","software-comm-services","profitable","2025-09-30","1967877015.9200006","CNY","293550871.098758","USD","Eastmoney RPT_F10_FINANCE_GINCOME","2025-10-29","2026-10-02T07:07:40.607Z","cn-20261002T070740Z","[{""period"":""2025-09-30"",""reportType"":""三季报"",""noticeDate"":""2025-10-29"",""src"":""cn-20261002T070740Z"",""fetchedAt"":""2026-10-02T07:07:40.607Z""},{""period"":""2025-06-30"",""reportType"":""中报"",""noticeDate"":""2025-08-20"",""src"":""cn-20261002T070740Z"",""fetchedAt"":""2026-10-02T07:07:40.607Z""}]","67.8894","year","","","35.9744","quarter","2026-06-30","2025-06-30"
"603529.SS","AIMA Technology Group CO., LTD","consumer-discretionary","profitable","2025-09-30","8062189104.790001","CNY","1202647632.716816","USD","Eastmoney RPT_F10_FINANCE_GINCOME","2025-10-24","2026-10-02T07:07:40.607Z","cn-20261002T070740Z","[{""period"":""2025-09-30"",""reportType"":""三季报"",""noticeDate"":""2025-10-24"",""src"":""cn-20261002T070740Z"",""fetchedAt"":""2026-10-02T07:07:40.607Z""},{""period"":""2025-06-30"",""reportType"":""中报"",""noticeDate"":""2025-08-23"",""src"":""cn-20261002T070740Z"",""fetchedAt"":""2026-10-02T07:07:40.607Z""}]","16.1447","year","","","-6.4856","quarter","2026-06-30","2025-06-30"
"603618.SS","Hangzhou Cable Co., Ltd.","industrials","unprofitable","2025-09-30","2362892569.6899996","CNY","352475874.52562636","USD","Eastmoney RPT_F10_FINANCE_GINCOME","2025-10-30","2026-10-02T07:07:40.607Z","cn-20261002T070740Z","[{""period"":""2025-09-30"",""reportType"":""三季报"",""noticeDate"":""2025-10-30"",""src"":""cn-20261002T070740Z"",""fetchedAt"":""2026-10-02T07:07:40.607Z""},{""period"":""2025-06-30"",""reportType"":""中报"",""noticeDate"":""2025-08-29"",""src"":""cn-20261002T070740Z"",""fetchedAt"":""2026-10-02T07:07:40.607Z""}]","6.7767","year","","","13.8584","quarter","2026-06-30","2025-06-30"
"603662.SS","Keli Sensing Technology (Ningbo) Co.,Ltd.","quality/industrials","profitable","2025-09-30","396423893.13","CNY","59135087.310457826","USD","Eastmoney RPT_F10_FINANCE_GINCOME","2025-10-31","2026-10-02T07:07:40.607Z","cn-20261002T070740Z","[{""period"":""2025-09-30"",""reportType"":""三季报"",""noticeDate"":""2025-10-31"",""src"":""cn-20261002T070740Z"",""fetchedAt"":""2026-10-02T07:07:40.607Z""},{""period"":""2025-06-30"",""reportType"":""中报"",""noticeDate"":""2025-08-29"",""src"":""cn-20261002T070740Z"",""fetchedAt"":""2026-10-02T07:07:40.607Z""}]","20.3311","year","","","29.8894","quarter","2026-06-30","2025-06-30"
"603773.SS","WG TECH (Jiang Xi) Co., Ltd.","tech-hardware","unprofitable","2025-09-30","710097560.69","CNY","105926211.75983424","USD","Eastmoney RPT_F10_FINANCE_GINCOME","2025-10-31","2026-10-02T07:07:40.607Z","cn-20261002T070740Z","[{""period"":""2025-09-30"",""reportType"":""三季报"",""noticeDate"":""2025-10-31"",""src"":""cn-20261002T070740Z"",""fetchedAt"":""2026-10-02T07:07:40.607Z""},{""period"":""2025-06-30"",""reportType"":""中报"",""noticeDate"":""2025-08-28"",""src"":""cn-20261002T070740Z"",""fetchedAt"":""2026-10-02T07:07:40.607Z""}]","14.8796","year","","","-1.3126","quarter","2026-06-30","2025-06-30"
"603979.SS","JCHX Mining Management Co.,Ltd.","quality/materials","profitable","2025-09-30","3617028028.8900003","CNY","539556954.0573604","USD","Eastmoney RPT_F10_FINANCE_GINCOME","2025-10-28","2026-10-02T07:07:40.607Z","cn-20261002T070740Z","[{""period"":""2025-09-30"",""reportType"":""三季报"",""noticeDate"":""2025-10-28"",""src"":""cn-20261002T070740Z"",""fetchedAt"":""2026-10-02T07:07:40.607Z""},{""period"":""2025-06-30"",""reportType"":""中报"",""noticeDate"":""2025-08-26"",""src"":""cn-20261002T070740Z"",""fetchedAt"":""2026-10-02T07:07:40.607Z""}]","39.7445","year","","","20.595","quarter","2026-06-30","2025-06-30"
"605289.SS","Shanghai Luoman Technologies Inc.","industrials","profitable","2025-09-30","299747290.94","CNY","44713708.04836257","USD","Eastmoney RPT_F10_FINANCE_GINCOME","2025-10-29","2026-10-02T07:07:40.607Z","cn-20261002T070740Z","[{""period"":""2025-09-30"",""reportType"":""三季报"",""noticeDate"":""2025-10-29"",""src"":""cn-20261002T070740Z"",""fetchedAt"":""2026-10-02T07:07:40.607Z""},{""period"":""2025-06-30"",""reportType"":""中报"",""noticeDate"":""2025-08-29"",""src"":""cn-20261002T070740Z"",""fetchedAt"":""2026-10-02T07:07:40.607Z""}]","174.1805","year","","","121.4329","quarter","2026-06-30","2025-06-30"
"605358.SS","Hangzhou Lion Electronics Co.,Ltd","semiconductors","unprofitable","2025-09-30","973744056.6300001","CNY","145254715.4819736","USD","Eastmoney RPT_F10_FINANCE_GINCOME","2025-10-30","2026-10-02T07:07:40.607Z","cn-20261002T070740Z","[{""period"":""2025-09-30"",""reportType"":""三季报"",""noticeDate"":""2025-10-30"",""src"":""cn-20261002T070740Z"",""fetchedAt"":""2026-10-02T07:07:40.607Z""},{""period"":""2025-06-30"",""reportType"":""中报"",""noticeDate"":""2025-08-28"",""src"":""cn-20261002T070740Z"",""fetchedAt"":""2026-10-02T07:07:40.607Z""}]","16.1239","year","","","29.5194","quarter","2026-06-30","2025-06-30"
"605499.SS","Eastroc Beverage (Group) Co., Ltd.","consumer-staples","profitable","2025-09-30","6107340036.9","CNY","911040158.2134228","USD","Eastmoney RPT_F10_FINANCE_GINCOME","2025-10-25","2026-10-02T07:07:40.607Z","cn-20261002T070740Z","[{""period"":""2025-09-30"",""reportType"":""三季报"",""noticeDate"":""2025-10-25"",""src"":""cn-20261002T070740Z"",""fetchedAt"":""2026-10-02T07:07:40.607Z""},{""period"":""2025-06-30"",""reportType"":""中报"",""noticeDate"":""2025-07-26"",""src"":""cn-20261002T070740Z"",""fetchedAt"":""2026-10-02T07:07:40.607Z""}]","31.7979","year","","","11.314","quarter","2026-06-30","2025-06-30"
"605499.SS","Eastroc Beverage (Group) Co., Ltd.","overview","","2025-09-30","6107340036.9","CNY","911040158.2134228","USD","Eastmoney RPT_F10_FINANCE_GINCOME","2025-10-25","2026-10-02T07:07:40.607Z","cn-20261002T070740Z","[{""period"":""2025-09-30"",""reportType"":""三季报"",""noticeDate"":""2025-10-25"",""src"":""cn-20261002T070740Z"",""fetchedAt"":""2026-10-02T07:07:40.607Z""},{""period"":""2025-06-30"",""reportType"":""中报"",""noticeDate"":""2025-07-26"",""src"":""cn-20261002T070740Z"",""fetchedAt"":""2026-10-02T07:07:40.607Z""}]","31.7979","year","","","11.314","quarter","2026-06-30","2025-06-30"
"605499.SS","Eastroc Beverage (Group) Co., Ltd.","quality/consumer-staples","profitable","2025-09-30","6107340036.9","CNY","911040158.2134228","USD","Eastmoney RPT_F10_FINANCE_GINCOME","2025-10-25","2026-10-02T07:07:40.607Z","cn-20261002T070740Z","[{""period"":""2025-09-30"",""reportType"":""三季报"",""noticeDate"":""2025-10-25"",""src"":""cn-20261002T070740Z"",""fetchedAt"":""2026-10-02T07:07:40.607Z""},{""period"":""2025-06-30"",""reportType"":""中报"",""noticeDate"":""2025-07-26"",""src"":""cn-20261002T070740Z"",""fetchedAt"":""2026-10-02T07:07:40.607Z""}]","31.7979","year","","","11.314","quarter","2026-06-30","2025-06-30"
"605499.SS","Eastroc Beverage (Group) Co., Ltd.","quality/overview","","2025-09-30","6107340036.9","CNY","911040158.2134228","USD","Eastmoney RPT_F10_FINANCE_GINCOME","2025-10-25","2026-10-02T07:07:40.607Z","cn-20261002T070740Z","[{""period"":""2025-09-30"",""reportType"":""三季报"",""noticeDate"":""2025-10-25"",""src"":""cn-20261002T070740Z"",""fetchedAt"":""2026-10-02T07:07:40.607Z""},{""period"":""2025-06-30"",""reportType"":""中报"",""noticeDate"":""2025-07-26"",""src"":""cn-20261002T070740Z"",""fetchedAt"":""2026-10-02T07:07:40.607Z""}]","31.7979","year","","","11.314","quarter","2026-06-30","2025-06-30"
"6446.TW","PharmaEssentia Corporation","health-care","profitable","2025-09-30","3893772000","TWD","122781572.65932001","USD","MOPS t164sb04","","2026-10-02T07:13:13.376Z","tw-20261002T071224Z","[{""period"":""2025-09-30"",""season"":""114Q3"",""noticeDate"":null,""src"":""tw-20261002T071224Z"",""fetchedAt"":""2026-10-02T07:13:13.376Z""}]","60.6068","year","","","90.2985","quarter","2026-06-30","2025-06-30"
"6446.TW","PharmaEssentia Corporation","overview","","2025-09-30","3893772000","TWD","122781572.65932001","USD","MOPS t164sb04","","2026-10-02T07:13:13.376Z","tw-20261002T071224Z","[{""period"":""2025-09-30"",""season"":""114Q3"",""noticeDate"":null,""src"":""tw-20261002T071224Z"",""fetchedAt"":""2026-10-02T07:13:13.376Z""}]","60.6068","year","","","90.2985","quarter","2026-06-30","2025-06-30"
"6446.TW","PharmaEssentia Corporation","quality/health-care","profitable","2025-09-30","3893772000","TWD","122781572.65932001","USD","MOPS t164sb04","","2026-10-02T07:13:13.376Z","tw-20261002T071224Z","[{""period"":""2025-09-30"",""season"":""114Q3"",""noticeDate"":null,""src"":""tw-20261002T071224Z"",""fetchedAt"":""2026-10-02T07:13:13.376Z""}]","60.6068","year","","","90.2985","quarter","2026-06-30","2025-06-30"
"6446.TW","PharmaEssentia Corporation","quality/overview","","2025-09-30","3893772000","TWD","122781572.65932001","USD","MOPS t164sb04","","2026-10-02T07:13:13.376Z","tw-20261002T071224Z","[{""period"":""2025-09-30"",""season"":""114Q3"",""noticeDate"":null,""src"":""tw-20261002T071224Z"",""fetchedAt"":""2026-10-02T07:13:13.376Z""}]","60.6068","year","","","90.2985","quarter","2026-06-30","2025-06-30"
"6446.TW","PharmaEssentia Corporation","rule40/overview","","2025-09-30","3893772000","TWD","122781572.65932001","USD","MOPS t164sb04","","2026-10-02T07:13:13.376Z","tw-20261002T071224Z","[{""period"":""2025-09-30"",""season"":""114Q3"",""noticeDate"":null,""src"":""tw-20261002T071224Z"",""fetchedAt"":""2026-10-02T07:13:13.376Z""}]","60.6068","year","","","90.2985","quarter","2026-06-30","2025-06-30"
"688002.SS","Raytron Technology Co.,Ltd.","quality/tech-hardware","profitable","2025-09-30","1542182460.3999996","CNY","230049439.5641895","USD","Eastmoney RPT_F10_FINANCE_GINCOME","2025-10-28","2026-10-02T07:07:40.607Z","cn-20261002T070740Z","[{""period"":""2025-09-30"",""reportType"":""三季报"",""noticeDate"":""2025-10-28"",""src"":""cn-20261002T070740Z"",""fetchedAt"":""2026-10-02T07:07:40.607Z""},{""period"":""2025-06-30"",""reportType"":""中报"",""noticeDate"":""2025-08-29"",""src"":""cn-20261002T070740Z"",""fetchedAt"":""2026-10-02T07:07:40.607Z""}]","46.0748","year","","","74.2207","quarter","2026-06-30","2025-06-30"
"688002.SS","Raytron Technology Co.,Ltd.","rule40/overview","","2025-09-30","1542182460.3999996","CNY","230049439.5641895","USD","Eastmoney RPT_F10_FINANCE_GINCOME","2025-10-28","2026-10-02T07:07:40.607Z","cn-20261002T070740Z","[{""period"":""2025-09-30"",""reportType"":""三季报"",""noticeDate"":""2025-10-28"",""src"":""cn-20261002T070740Z"",""fetchedAt"":""2026-10-02T07:07:40.607Z""},{""period"":""2025-06-30"",""reportType"":""中报"",""noticeDate"":""2025-08-29"",""src"":""cn-20261002T070740Z"",""fetchedAt"":""2026-10-02T07:07:40.607Z""}]","46.0748","year","","","74.2207","quarter","2026-06-30","2025-06-30"
"688002.SS","Raytron Technology Co.,Ltd.","tech-hardware","profitable","2025-09-30","1542182460.3999996","CNY","230049439.5641895","USD","Eastmoney RPT_F10_FINANCE_GINCOME","2025-10-28","2026-10-02T07:07:40.607Z","cn-20261002T070740Z","[{""period"":""2025-09-30"",""reportType"":""三季报"",""noticeDate"":""2025-10-28"",""src"":""cn-20261002T070740Z"",""fetchedAt"":""2026-10-02T07:07:40.607Z""},{""period"":""2025-06-30"",""reportType"":""中报"",""noticeDate"":""2025-08-29"",""src"":""cn-20261002T070740Z"",""fetchedAt"":""2026-10-02T07:07:40.607Z""}]","46.0748","year","","","74.2207","quarter","2026-06-30","2025-06-30"
"688019.SS","Anji Microelectronics Technology (Shanghai) Co., Ltd.","quality/semiconductors","profitable","2025-09-30","670672519.03","CNY","100045125.07160579","USD","Eastmoney RPT_F10_FINANCE_GINCOME","2025-10-29","2026-10-02T07:07:40.607Z","cn-20261002T070740Z","[{""period"":""2025-09-30"",""reportType"":""三季报"",""noticeDate"":""2025-10-29"",""src"":""cn-20261002T070740Z"",""fetchedAt"":""2026-10-02T07:07:40.607Z""},{""period"":""2025-06-30"",""reportType"":""中报"",""noticeDate"":""2025-08-26"",""src"":""cn-20261002T070740Z"",""fetchedAt"":""2026-10-02T07:07:40.607Z""}]","36.4685","year","","","34.5978","quarter","2026-06-30","2025-06-30"
"688019.SS","Anji Microelectronics Technology (Shanghai) Co., Ltd.","semiconductors","profitable","2025-09-30","670672519.03","CNY","100045125.07160579","USD","Eastmoney RPT_F10_FINANCE_GINCOME","2025-10-29","2026-10-02T07:07:40.607Z","cn-20261002T070740Z","[{""period"":""2025-09-30"",""reportType"":""三季报"",""noticeDate"":""2025-10-29"",""src"":""cn-20261002T070740Z"",""fetchedAt"":""2026-10-02T07:07:40.607Z""},{""period"":""2025-06-30"",""reportType"":""中报"",""noticeDate"":""2025-08-26"",""src"":""cn-20261002T070740Z"",""fetchedAt"":""2026-10-02T07:07:40.607Z""}]","36.4685","year","","","34.5978","quarter","2026-06-30","2025-06-30"
"688025.SS","Shenzhen JPT Opto-Electronics Co., Ltd.","quality/tech-hardware","profitable","2025-09-30","628269871.8399999","CNY","93719864.94669978","USD","Eastmoney RPT_F10_FINANCE_GINCOME","2025-10-31","2026-10-02T07:07:40.607Z","cn-20261002T070740Z","[{""period"":""2025-09-30"",""reportType"":""三季报"",""noticeDate"":""2025-10-31"",""src"":""cn-20261002T070740Z"",""fetchedAt"":""2026-10-02T07:07:40.607Z""},{""period"":""2025-06-30"",""reportType"":""中报"",""noticeDate"":""2025-08-27"",""src"":""cn-20261002T070740Z"",""fetchedAt"":""2026-10-02T07:07:40.607Z""}]","42.6577","year","","","53.6335","quarter","2026-06-30","2025-06-30"
"688052.SS","Suzhou Novosense Microelectronics Co., Ltd.","semiconductors","unprofitable","2025-09-30","841887284.1300001","CNY","125585462.7215057","USD","Eastmoney RPT_F10_FINANCE_GINCOME","2025-10-31","2026-10-02T07:07:40.607Z","cn-20261002T070740Z","[{""period"":""2025-09-30"",""reportType"":""三季报"",""noticeDate"":""2025-10-31"",""src"":""cn-20261002T070740Z"",""fetchedAt"":""2026-10-02T07:07:40.607Z""},{""period"":""2025-06-30"",""reportType"":""中报"",""noticeDate"":""2025-08-19"",""src"":""cn-20261002T070740Z"",""fetchedAt"":""2026-10-02T07:07:40.607Z""}]","71.8037","year","","","73.451","quarter","2026-06-30","2025-06-30"
"688072.SS","Piotech Inc.","quality/semiconductors","profitable","2025-09-30","2265963233.5899997","CNY","338016794.6049856","USD","Eastmoney RPT_F10_FINANCE_GINCOME","2025-10-31","2026-10-02T07:07:40.607Z","cn-20261002T070740Z","[{""period"":""2025-09-30"",""reportType"":""三季报"",""noticeDate"":""2025-10-31"",""src"":""cn-20261002T070740Z"",""fetchedAt"":""2026-10-02T07:07:40.607Z""},{""period"":""2025-06-30"",""reportType"":""中报"",""noticeDate"":""2025-08-26"",""src"":""cn-20261002T070740Z"",""fetchedAt"":""2026-10-02T07:07:40.607Z""}]","58.8685","year","","","44.5616","quarter","2026-06-30","2025-06-30"
"688072.SS","Piotech Inc.","rule40/overview","","2025-09-30","2265963233.5899997","CNY","338016794.6049856","USD","Eastmoney RPT_F10_FINANCE_GINCOME","2025-10-31","2026-10-02T07:07:40.607Z","cn-20261002T070740Z","[{""period"":""2025-09-30"",""reportType"":""三季报"",""noticeDate"":""2025-10-31"",""src"":""cn-20261002T070740Z"",""fetchedAt"":""2026-10-02T07:07:40.607Z""},{""period"":""2025-06-30"",""reportType"":""中报"",""noticeDate"":""2025-08-26"",""src"":""cn-20261002T070740Z"",""fetchedAt"":""2026-10-02T07:07:40.607Z""}]","58.8685","year","","","44.5616","quarter","2026-06-30","2025-06-30"
"688072.SS","Piotech Inc.","semiconductors","profitable","2025-09-30","2265963233.5899997","CNY","338016794.6049856","USD","Eastmoney RPT_F10_FINANCE_GINCOME","2025-10-31","2026-10-02T07:07:40.607Z","cn-20261002T070740Z","[{""period"":""2025-09-30"",""reportType"":""三季报"",""noticeDate"":""2025-10-31"",""src"":""cn-20261002T070740Z"",""fetchedAt"":""2026-10-02T07:07:40.607Z""},{""period"":""2025-06-30"",""reportType"":""中报"",""noticeDate"":""2025-08-26"",""src"":""cn-20261002T070740Z"",""fetchedAt"":""2026-10-02T07:07:40.607Z""}]","58.8685","year","","","44.5616","quarter","2026-06-30","2025-06-30"
"688111.SS","Beijing Kingsoft Office Software, Inc.","quality/software-comm-services","profitable","2025-09-30","1521263503.94","CNY","226928930.58846015","USD","Eastmoney RPT_F10_FINANCE_GINCOME","2025-10-28","2026-10-02T07:07:40.607Z","cn-20261002T070740Z","[{""period"":""2025-09-30"",""reportType"":""三季报"",""noticeDate"":""2025-10-28"",""src"":""cn-20261002T070740Z"",""fetchedAt"":""2026-10-02T07:07:40.607Z""},{""period"":""2025-06-30"",""reportType"":""中报"",""noticeDate"":""2025-08-21"",""src"":""cn-20261002T070740Z"",""fetchedAt"":""2026-10-02T07:07:40.607Z""}]","15.7768","year","","","25.4038","quarter","2026-06-30","2025-06-30"
"688111.SS","Beijing Kingsoft Office Software, Inc.","software-comm-services","profitable","2025-09-30","1521263503.94","CNY","226928930.58846015","USD","Eastmoney RPT_F10_FINANCE_GINCOME","2025-10-28","2026-10-02T07:07:40.607Z","cn-20261002T070740Z","[{""period"":""2025-09-30"",""reportType"":""三季报"",""noticeDate"":""2025-10-28"",""src"":""cn-20261002T070740Z"",""fetchedAt"":""2026-10-02T07:07:40.607Z""},{""period"":""2025-06-30"",""reportType"":""中报"",""noticeDate"":""2025-08-21"",""src"":""cn-20261002T070740Z"",""fetchedAt"":""2026-10-02T07:07:40.607Z""}]","15.7768","year","","","25.4038","quarter","2026-06-30","2025-06-30"
"688120.SS","Hwatsing Technology Co., Ltd.","quality/semiconductors","profitable","2025-09-30","1244203445.7099998","CNY","185599507.67121238","USD","Eastmoney RPT_F10_FINANCE_GINCOME","2025-10-31","2026-10-02T07:07:40.607Z","cn-20261002T070740Z","[{""period"":""2025-09-30"",""reportType"":""三季报"",""noticeDate"":""2025-10-31"",""src"":""cn-20261002T070740Z"",""fetchedAt"":""2026-10-02T07:07:40.607Z""},{""period"":""2025-06-30"",""reportType"":""中报"",""noticeDate"":""2025-08-29"",""src"":""cn-20261002T070740Z"",""fetchedAt"":""2026-10-02T07:07:40.607Z""}]","36.4626","year","","","39.0215","quarter","2026-06-30","2025-06-30"
"688120.SS","Hwatsing Technology Co., Ltd.","semiconductors","profitable","2025-09-30","1244203445.7099998","CNY","185599507.67121238","USD","Eastmoney RPT_F10_FINANCE_GINCOME","2025-10-31","2026-10-02T07:07:40.607Z","cn-20261002T070740Z","[{""period"":""2025-09-30"",""reportType"":""三季报"",""noticeDate"":""2025-10-31"",""src"":""cn-20261002T070740Z"",""fetchedAt"":""2026-10-02T07:07:40.607Z""},{""period"":""2025-06-30"",""reportType"":""中报"",""noticeDate"":""2025-08-29"",""src"":""cn-20261002T070740Z"",""fetchedAt"":""2026-10-02T07:07:40.607Z""}]","36.4626","year","","","39.0215","quarter","2026-06-30","2025-06-30"
"688126.SS","National Silicon Industry Group Co., Ltd.","semiconductors","unprofitable","2025-09-30","943644276.24","CNY","140764690.60649374","USD","Eastmoney RPT_F10_FINANCE_GINCOME","2025-10-31","2026-10-02T07:07:40.607Z","cn-20261002T070740Z","[{""period"":""2025-09-30"",""reportType"":""三季报"",""noticeDate"":""2025-10-31"",""src"":""cn-20261002T070740Z"",""fetchedAt"":""2026-10-02T07:07:40.607Z""},{""period"":""2025-06-30"",""reportType"":""中报"",""noticeDate"":""2025-08-29"",""src"":""cn-20261002T070740Z"",""fetchedAt"":""2026-10-02T07:07:40.607Z""}]","9.6947","year","","","37.6761","quarter","2026-06-30","2025-06-30"
"688158.SS","UCloud Technology Co., Ltd.","software-comm-services","unprofitable","2025-09-30","436084688.92999995","CNY","65051341.76201815","USD","Eastmoney RPT_F10_FINANCE_GINCOME","2025-10-31","2026-10-02T07:07:40.607Z","cn-20261002T070740Z","[{""period"":""2025-09-30"",""reportType"":""三季报"",""noticeDate"":""2025-10-31"",""src"":""cn-20261002T070740Z"",""fetchedAt"":""2026-10-02T07:07:40.607Z""},{""period"":""2025-06-30"",""reportType"":""中报"",""noticeDate"":""2025-08-16"",""src"":""cn-20261002T070740Z"",""fetchedAt"":""2026-10-02T07:07:40.607Z""}]","13.0664","year","","","30.715","quarter","2026-06-30","2025-06-30"
"688169.SS","Beijing Roborock Technology Co., Ltd.","industrials","profitable","2025-09-30","4163410136","CNY","621061510.5908036","USD","Eastmoney RPT_F10_FINANCE_GINCOME","2025-10-31","2026-10-02T07:07:40.607Z","cn-20261002T070740Z","[{""period"":""2025-09-30"",""reportType"":""三季报"",""noticeDate"":""2025-10-31"",""src"":""cn-20261002T070740Z"",""fetchedAt"":""2026-10-02T07:07:40.607Z""},{""period"":""2025-06-30"",""reportType"":""中报"",""noticeDate"":""2025-08-16"",""src"":""cn-20261002T070740Z"",""fetchedAt"":""2026-10-02T07:07:40.607Z""}]","56.511","year","","","30.8867","quarter","2026-06-30","2025-06-30"
"688169.SS","Beijing Roborock Technology Co., Ltd.","overview","","2025-09-30","4163410136","CNY","621061510.5908036","USD","Eastmoney RPT_F10_FINANCE_GINCOME","2025-10-31","2026-10-02T07:07:40.607Z","cn-20261002T070740Z","[{""period"":""2025-09-30"",""reportType"":""三季报"",""noticeDate"":""2025-10-31"",""src"":""cn-20261002T070740Z"",""fetchedAt"":""2026-10-02T07:07:40.607Z""},{""period"":""2025-06-30"",""reportType"":""中报"",""noticeDate"":""2025-08-16"",""src"":""cn-20261002T070740Z"",""fetchedAt"":""2026-10-02T07:07:40.607Z""}]","56.511","year","","","30.8867","quarter","2026-06-30","2025-06-30"
"688169.SS","Beijing Roborock Technology Co., Ltd.","quality/industrials","profitable","2025-09-30","4163410136","CNY","621061510.5908036","USD","Eastmoney RPT_F10_FINANCE_GINCOME","2025-10-31","2026-10-02T07:07:40.607Z","cn-20261002T070740Z","[{""period"":""2025-09-30"",""reportType"":""三季报"",""noticeDate"":""2025-10-31"",""src"":""cn-20261002T070740Z"",""fetchedAt"":""2026-10-02T07:07:40.607Z""},{""period"":""2025-06-30"",""reportType"":""中报"",""noticeDate"":""2025-08-16"",""src"":""cn-20261002T070740Z"",""fetchedAt"":""2026-10-02T07:07:40.607Z""}]","56.511","year","","","30.8867","quarter","2026-06-30","2025-06-30"
"688169.SS","Beijing Roborock Technology Co., Ltd.","quality/overview","","2025-09-30","4163410136","CNY","621061510.5908036","USD","Eastmoney RPT_F10_FINANCE_GINCOME","2025-10-31","2026-10-02T07:07:40.607Z","cn-20261002T070740Z","[{""period"":""2025-09-30"",""reportType"":""三季报"",""noticeDate"":""2025-10-31"",""src"":""cn-20261002T070740Z"",""fetchedAt"":""2026-10-02T07:07:40.607Z""},{""period"":""2025-06-30"",""reportType"":""中报"",""noticeDate"":""2025-08-16"",""src"":""cn-20261002T070740Z"",""fetchedAt"":""2026-10-02T07:07:40.607Z""}]","56.511","year","","","30.8867","quarter","2026-06-30","2025-06-30"
"688213.SS","Smartsens Technology (Shanghai) Co., Ltd.","semiconductors","profitable","2025-09-30","2530752240.3499994","CNY","377515728.2085339","USD","Eastmoney RPT_F10_FINANCE_GINCOME","2025-10-30","2026-10-02T07:07:40.607Z","cn-20261002T070740Z","[{""period"":""2025-09-30"",""reportType"":""三季报"",""noticeDate"":""2025-10-30"",""src"":""cn-20261002T070740Z"",""fetchedAt"":""2026-10-02T07:07:40.607Z""},{""period"":""2025-06-30"",""reportType"":""中报"",""noticeDate"":""2025-08-23"",""src"":""cn-20261002T070740Z"",""fetchedAt"":""2026-10-02T07:07:40.607Z""}]","51.324","year","","","22.1641","quarter","2026-06-30","2025-06-30"
"688256.SS","Cambricon Technologies Corporation Limited","quality/overview","","2025-09-30","1726780892.5699997","CNY","257586236.89887184","USD","Eastmoney RPT_F10_FINANCE_GINCOME","2025-10-18","2026-10-02T07:07:40.607Z","cn-20261002T070740Z","[{""period"":""2025-09-30"",""reportType"":""三季报"",""noticeDate"":""2025-10-18"",""src"":""cn-20261002T070740Z"",""fetchedAt"":""2026-10-02T07:07:40.607Z""},{""period"":""2025-06-30"",""reportType"":""中报"",""noticeDate"":""2025-08-27"",""src"":""cn-20261002T070740Z"",""fetchedAt"":""2026-10-02T07:07:40.607Z""}]","453.205","year","","","75.8308","quarter","2026-06-30","2025-06-30"
"688256.SS","Cambricon Technologies Corporation Limited","quality/semiconductors","profitable","2025-09-30","1726780892.5699997","CNY","257586236.89887184","USD","Eastmoney RPT_F10_FINANCE_GINCOME","2025-10-18","2026-10-02T07:07:40.607Z","cn-20261002T070740Z","[{""period"":""2025-09-30"",""reportType"":""三季报"",""noticeDate"":""2025-10-18"",""src"":""cn-20261002T070740Z"",""fetchedAt"":""2026-10-02T07:07:40.607Z""},{""period"":""2025-06-30"",""reportType"":""中报"",""noticeDate"":""2025-08-27"",""src"":""cn-20261002T070740Z"",""fetchedAt"":""2026-10-02T07:07:40.607Z""}]","453.205","year","","","75.8308","quarter","2026-06-30","2025-06-30"
"688256.SS","Cambricon Technologies Corporation Limited","semiconductors","profitable","2025-09-30","1726780892.5699997","CNY","257586236.89887184","USD","Eastmoney RPT_F10_FINANCE_GINCOME","2025-10-18","2026-10-02T07:07:40.607Z","cn-20261002T070740Z","[{""period"":""2025-09-30"",""reportType"":""三季报"",""noticeDate"":""2025-10-18"",""src"":""cn-20261002T070740Z"",""fetchedAt"":""2026-10-02T07:07:40.607Z""},{""period"":""2025-06-30"",""reportType"":""中报"",""noticeDate"":""2025-08-27"",""src"":""cn-20261002T070740Z"",""fetchedAt"":""2026-10-02T07:07:40.607Z""}]","453.205","year","","","75.8308","quarter","2026-06-30","2025-06-30"
"688270.SS","Great Microwave Technology Co., Ltd.","quality/semiconductors","profitable","2025-09-30","97510392.76999998","CNY","14545756.928531138","USD","Eastmoney RPT_F10_FINANCE_GINCOME","2025-10-24","2026-10-02T07:07:40.607Z","cn-20261002T070740Z","[{""period"":""2025-09-30"",""reportType"":""三季报"",""noticeDate"":""2025-10-24"",""src"":""cn-20261002T070740Z"",""fetchedAt"":""2026-10-02T07:07:40.607Z""},{""period"":""2025-06-30"",""reportType"":""中报"",""noticeDate"":""2025-08-13"",""src"":""cn-20261002T070740Z"",""fetchedAt"":""2026-10-02T07:07:40.607Z""}]","42.2986","year","","","-25.7101","quarter","2026-06-30","2025-06-30"
"688271.SS","Shanghai United Imaging Healthcare Co., Ltd.","health-care","profitable","2025-09-30","2843014990.5699997","CNY","424096384.21356416","USD","Eastmoney RPT_F10_FINANCE_GINCOME","2025-10-30","2026-10-02T07:07:40.607Z","cn-20261002T070740Z","[{""period"":""2025-09-30"",""reportType"":""三季报"",""noticeDate"":""2025-10-30"",""src"":""cn-20261002T070740Z"",""fetchedAt"":""2026-10-02T07:07:40.607Z""},{""period"":""2025-06-30"",""reportType"":""中报"",""noticeDate"":""2025-08-30"",""src"":""cn-20261002T070740Z"",""fetchedAt"":""2026-10-02T07:07:40.607Z""}]","33.9817","year","","","17.1303","quarter","2026-06-30","2025-06-30"
"688278.SS","Xiamen Amoytop Biotech Co., Ltd.","health-care","profitable","2025-09-30","968932829.69","CNY","144537018.2641774","USD","Eastmoney RPT_F10_FINANCE_GINCOME","2025-10-23","2026-10-02T07:07:40.607Z","cn-20261002T070740Z","[{""period"":""2025-09-30"",""reportType"":""三季报"",""noticeDate"":""2025-10-23"",""src"":""cn-20261002T070740Z"",""fetchedAt"":""2026-10-02T07:07:40.607Z""},{""period"":""2025-06-30"",""reportType"":""中报"",""noticeDate"":""2025-08-21"",""src"":""cn-20261002T070740Z"",""fetchedAt"":""2026-10-02T07:07:40.607Z""}]","31.1807","year","","","24.0666","quarter","2026-06-30","2025-06-30"
"688278.SS","Xiamen Amoytop Biotech Co., Ltd.","overview","","2025-09-30","968932829.69","CNY","144537018.2641774","USD","Eastmoney RPT_F10_FINANCE_GINCOME","2025-10-23","2026-10-02T07:07:40.607Z","cn-20261002T070740Z","[{""period"":""2025-09-30"",""reportType"":""三季报"",""noticeDate"":""2025-10-23"",""src"":""cn-20261002T070740Z"",""fetchedAt"":""2026-10-02T07:07:40.607Z""},{""period"":""2025-06-30"",""reportType"":""中报"",""noticeDate"":""2025-08-21"",""src"":""cn-20261002T070740Z"",""fetchedAt"":""2026-10-02T07:07:40.607Z""}]","31.1807","year","","","24.0666","quarter","2026-06-30","2025-06-30"
"688278.SS","Xiamen Amoytop Biotech Co., Ltd.","quality/health-care","profitable","2025-09-30","968932829.69","CNY","144537018.2641774","USD","Eastmoney RPT_F10_FINANCE_GINCOME","2025-10-23","2026-10-02T07:07:40.607Z","cn-20261002T070740Z","[{""period"":""2025-09-30"",""reportType"":""三季报"",""noticeDate"":""2025-10-23"",""src"":""cn-20261002T070740Z"",""fetchedAt"":""2026-10-02T07:07:40.607Z""},{""period"":""2025-06-30"",""reportType"":""中报"",""noticeDate"":""2025-08-21"",""src"":""cn-20261002T070740Z"",""fetchedAt"":""2026-10-02T07:07:40.607Z""}]","31.1807","year","","","24.0666","quarter","2026-06-30","2025-06-30"
"688278.SS","Xiamen Amoytop Biotech Co., Ltd.","quality/overview","","2025-09-30","968932829.69","CNY","144537018.2641774","USD","Eastmoney RPT_F10_FINANCE_GINCOME","2025-10-23","2026-10-02T07:07:40.607Z","cn-20261002T070740Z","[{""period"":""2025-09-30"",""reportType"":""三季报"",""noticeDate"":""2025-10-23"",""src"":""cn-20261002T070740Z"",""fetchedAt"":""2026-10-02T07:07:40.607Z""},{""period"":""2025-06-30"",""reportType"":""中报"",""noticeDate"":""2025-08-21"",""src"":""cn-20261002T070740Z"",""fetchedAt"":""2026-10-02T07:07:40.607Z""}]","31.1807","year","","","24.0666","quarter","2026-06-30","2025-06-30"
"688301.SS","iRay Group","health-care","unprofitable","2025-09-30","482434143.61","CNY","71965352.48839758","USD","Eastmoney RPT_F10_FINANCE_GINCOME","2025-10-29","2026-10-02T07:07:40.607Z","cn-20261002T070740Z","[{""period"":""2025-09-30"",""reportType"":""三季报"",""noticeDate"":""2025-10-29"",""src"":""cn-20261002T070740Z"",""fetchedAt"":""2026-10-02T07:07:40.607Z""},{""period"":""2025-06-30"",""reportType"":""中报"",""noticeDate"":""2025-08-16"",""src"":""cn-20261002T070740Z"",""fetchedAt"":""2026-10-02T07:07:40.607Z""}]","22.8975","year","","","68.3061","quarter","2026-06-30","2025-06-30"
"688313.SS","Henan Shijia Photons Technology Co., Ltd.","rule40/overview","","2025-09-30","567812177.7","CNY","84701309.0939489","USD","Eastmoney RPT_F10_FINANCE_GINCOME","2025-10-17","2026-10-02T07:07:40.607Z","cn-20261002T070740Z","[{""period"":""2025-09-30"",""reportType"":""三季报"",""noticeDate"":""2025-10-17"",""src"":""cn-20261002T070740Z"",""fetchedAt"":""2026-10-02T07:07:40.607Z""},{""period"":""2025-06-30"",""reportType"":""中报"",""noticeDate"":""2025-07-30"",""src"":""cn-20261002T070740Z"",""fetchedAt"":""2026-10-02T07:07:40.607Z""}]","98.1452","year","","","65.1452","quarter","2026-06-30","2025-06-30"
"688313.SS","Henan Shijia Photons Technology Co., Ltd.","semiconductors","profitable","2025-09-30","567812177.7","CNY","84701309.0939489","USD","Eastmoney RPT_F10_FINANCE_GINCOME","2025-10-17","2026-10-02T07:07:40.607Z","cn-20261002T070740Z","[{""period"":""2025-09-30"",""reportType"":""三季报"",""noticeDate"":""2025-10-17"",""src"":""cn-20261002T070740Z"",""fetchedAt"":""2026-10-02T07:07:40.607Z""},{""period"":""2025-06-30"",""reportType"":""中报"",""noticeDate"":""2025-07-30"",""src"":""cn-20261002T070740Z"",""fetchedAt"":""2026-10-02T07:07:40.607Z""}]","98.1452","year","","","65.1452","quarter","2026-06-30","2025-06-30"
"688336.SS","Sunshine Guojian Pharmaceutical (Shanghai) Co., Ltd","health-care","profitable","2025-09-30","473982700","CNY","70704639.23564501","USD","Eastmoney RPT_F10_FINANCE_GINCOME","2025-10-24","2026-10-02T07:07:40.607Z","cn-20261002T070740Z","[{""period"":""2025-09-30"",""reportType"":""三季报"",""noticeDate"":""2025-10-24"",""src"":""cn-20261002T070740Z"",""fetchedAt"":""2026-10-02T07:07:40.607Z""},{""period"":""2025-06-30"",""reportType"":""中报"",""noticeDate"":""2025-08-30"",""src"":""cn-20261002T070740Z"",""fetchedAt"":""2026-10-02T07:07:40.607Z""}]","251.8121","year","","","31.3015","quarter","2026-06-30","2025-06-30"
"688336.SS","Sunshine Guojian Pharmaceutical (Shanghai) Co., Ltd","quality/health-care","profitable","2025-09-30","473982700","CNY","70704639.23564501","USD","Eastmoney RPT_F10_FINANCE_GINCOME","2025-10-24","2026-10-02T07:07:40.607Z","cn-20261002T070740Z","[{""period"":""2025-09-30"",""reportType"":""三季报"",""noticeDate"":""2025-10-24"",""src"":""cn-20261002T070740Z"",""fetchedAt"":""2026-10-02T07:07:40.607Z""},{""period"":""2025-06-30"",""reportType"":""中报"",""noticeDate"":""2025-08-30"",""src"":""cn-20261002T070740Z"",""fetchedAt"":""2026-10-02T07:07:40.607Z""}]","251.8121","year","","","31.3015","quarter","2026-06-30","2025-06-30"
"688336.SS","Sunshine Guojian Pharmaceutical (Shanghai) Co., Ltd","quality/overview","","2025-09-30","473982700","CNY","70704639.23564501","USD","Eastmoney RPT_F10_FINANCE_GINCOME","2025-10-24","2026-10-02T07:07:40.607Z","cn-20261002T070740Z","[{""period"":""2025-09-30"",""reportType"":""三季报"",""noticeDate"":""2025-10-24"",""src"":""cn-20261002T070740Z"",""fetchedAt"":""2026-10-02T07:07:40.607Z""},{""period"":""2025-06-30"",""reportType"":""中报"",""noticeDate"":""2025-08-30"",""src"":""cn-20261002T070740Z"",""fetchedAt"":""2026-10-02T07:07:40.607Z""}]","251.8121","year","","","31.3015","quarter","2026-06-30","2025-06-30"
"688336.SS","Sunshine Guojian Pharmaceutical (Shanghai) Co., Ltd","rule40/overview","","2025-09-30","473982700","CNY","70704639.23564501","USD","Eastmoney RPT_F10_FINANCE_GINCOME","2025-10-24","2026-10-02T07:07:40.607Z","cn-20261002T070740Z","[{""period"":""2025-09-30"",""reportType"":""三季报"",""noticeDate"":""2025-10-24"",""src"":""cn-20261002T070740Z"",""fetchedAt"":""2026-10-02T07:07:40.607Z""},{""period"":""2025-06-30"",""reportType"":""中报"",""noticeDate"":""2025-08-30"",""src"":""cn-20261002T070740Z"",""fetchedAt"":""2026-10-02T07:07:40.607Z""}]","251.8121","year","","","31.3015","quarter","2026-06-30","2025-06-30"
"688387.SS","CICT Mobile Communication Technology Co., Ltd.","tech-hardware","unprofitable","2025-09-30","1225389742.96","CNY","182793042.23349622","USD","Eastmoney RPT_F10_FINANCE_GINCOME","2025-10-25","2026-10-02T07:07:40.607Z","cn-20261002T070740Z","[{""period"":""2025-09-30"",""reportType"":""三季报"",""noticeDate"":""2025-10-25"",""src"":""cn-20261002T070740Z"",""fetchedAt"":""2026-10-02T07:07:40.607Z""},{""period"":""2025-06-30"",""reportType"":""中报"",""noticeDate"":""2025-08-23"",""src"":""cn-20261002T070740Z"",""fetchedAt"":""2026-10-02T07:07:40.607Z""}]","-5.3323","year","","","3.2375","quarter","2026-06-30","2025-06-30"
"688390.SS","GoodWe Technologies Co., Ltd.","industrials","profitable","2025-09-30","2108436999.2500005","CNY","314518393.5680716","USD","Eastmoney RPT_F10_FINANCE_GINCOME","2025-10-30","2026-10-02T07:07:40.607Z","cn-20261002T070740Z","[{""period"":""2025-09-30"",""reportType"":""三季报"",""noticeDate"":""2025-10-30"",""src"":""cn-20261002T070740Z"",""fetchedAt"":""2026-10-02T07:07:40.607Z""},{""period"":""2025-06-30"",""reportType"":""中报"",""noticeDate"":""2025-08-29"",""src"":""cn-20261002T070740Z"",""fetchedAt"":""2026-10-02T07:07:40.607Z""}]","31.9291","year","","","76.4708","quarter","2026-06-30","2025-06-30"
"688390.SS","GoodWe Technologies Co., Ltd.","overview","","2025-09-30","2108436999.2500005","CNY","314518393.5680716","USD","Eastmoney RPT_F10_FINANCE_GINCOME","2025-10-30","2026-10-02T07:07:40.607Z","cn-20261002T070740Z","[{""period"":""2025-09-30"",""reportType"":""三季报"",""noticeDate"":""2025-10-30"",""src"":""cn-20261002T070740Z"",""fetchedAt"":""2026-10-02T07:07:40.607Z""},{""period"":""2025-06-30"",""reportType"":""中报"",""noticeDate"":""2025-08-29"",""src"":""cn-20261002T070740Z"",""fetchedAt"":""2026-10-02T07:07:40.607Z""}]","31.9291","year","","","76.4708","quarter","2026-06-30","2025-06-30"
"688475.SS","Hangzhou EZVIZ Network Co., Ltd.","quality/tech-hardware","profitable","2025-09-30","1465385300.8400002","CNY","218593503.59645897","USD","Eastmoney RPT_F10_FINANCE_GINCOME","2025-10-18","2026-10-02T07:07:40.607Z","cn-20261002T070740Z","[{""period"":""2025-09-30"",""reportType"":""三季报"",""noticeDate"":""2025-10-18"",""src"":""cn-20261002T070740Z"",""fetchedAt"":""2026-10-02T07:07:40.607Z""},{""period"":""2025-06-30"",""reportType"":""中报"",""noticeDate"":""2025-08-02"",""src"":""cn-20261002T070740Z"",""fetchedAt"":""2026-10-02T07:07:40.607Z""}]","8.4386","year","","","10.1601","quarter","2026-06-30","2025-06-30"
"688498.SS","Yuanjie Semiconductor Technology Co., Ltd.","rule40/overview","","2025-09-30","178298608.24000004","CNY","26597044.09428193","USD","Eastmoney RPT_F10_FINANCE_GINCOME","2025-10-31","2026-10-02T07:07:40.607Z","cn-20261002T070740Z","[{""period"":""2025-09-30"",""reportType"":""三季报"",""noticeDate"":""2025-10-31"",""src"":""cn-20261002T070740Z"",""fetchedAt"":""2026-10-02T07:07:40.607Z""},{""period"":""2025-06-30"",""reportType"":""中报"",""noticeDate"":""2025-08-30"",""src"":""cn-20261002T070740Z"",""fetchedAt"":""2026-10-02T07:07:40.607Z""}]","138.5011","year","","","372.728","quarter","2026-06-30","2025-06-30"
"688525.SS","BIWIN Storage Technology Co., Ltd.","semiconductors","profitable","2025-09-30","2662746910.7099996","CNY","397205551.3789401","USD","Eastmoney RPT_F10_FINANCE_GINCOME","2025-10-31","2026-10-02T07:07:40.607Z","cn-20261002T070740Z","[{""period"":""2025-09-30"",""reportType"":""三季报"",""noticeDate"":""2025-10-31"",""src"":""cn-20261002T070740Z"",""fetchedAt"":""2026-10-02T07:07:40.607Z""},{""period"":""2025-06-30"",""reportType"":""中报"",""noticeDate"":""2025-08-11"",""src"":""cn-20261002T070740Z"",""fetchedAt"":""2026-10-02T07:07:40.607Z""}]","68.815","year","","","269.805","quarter","2026-06-30","2025-06-30"
"688582.SS","Anhui XDLK Microsystem Corporation Limited","quality/tech-hardware","profitable","2025-09-30","147898704.98000002","CNY","22062249.485118326","USD","Eastmoney RPT_F10_FINANCE_GINCOME","2025-10-29","2026-10-02T07:07:40.607Z","cn-20261002T070740Z","[{""period"":""2025-09-30"",""reportType"":""三季报"",""noticeDate"":""2025-10-29"",""src"":""cn-20261002T070740Z"",""fetchedAt"":""2026-10-02T07:07:40.607Z""},{""period"":""2025-06-30"",""reportType"":""中报"",""noticeDate"":""2025-08-19"",""src"":""cn-20261002T070740Z"",""fetchedAt"":""2026-10-02T07:07:40.607Z""}]","29.4777","year","","","-36.1562","quarter","2026-06-30","2025-06-30"
"688582.SS","Anhui XDLK Microsystem Corporation Limited","tech-hardware","profitable","2025-09-30","147898704.98000002","CNY","22062249.485118326","USD","Eastmoney RPT_F10_FINANCE_GINCOME","2025-10-29","2026-10-02T07:07:40.607Z","cn-20261002T070740Z","[{""period"":""2025-09-30"",""reportType"":""三季报"",""noticeDate"":""2025-10-29"",""src"":""cn-20261002T070740Z"",""fetchedAt"":""2026-10-02T07:07:40.607Z""},{""period"":""2025-06-30"",""reportType"":""中报"",""noticeDate"":""2025-08-19"",""src"":""cn-20261002T070740Z"",""fetchedAt"":""2026-10-02T07:07:40.607Z""}]","29.4777","year","","","-36.1562","quarter","2026-06-30","2025-06-30"
"688630.SS","Circuit Fabology Microelectronics Equipment Co., Ltd.","quality/semiconductors","profitable","2025-09-30","279171179.68999994","CNY","41644341.755449876","USD","Eastmoney RPT_F10_FINANCE_GINCOME","2025-10-30","2026-10-02T07:07:40.607Z","cn-20261002T070740Z","[{""period"":""2025-09-30"",""reportType"":""三季报"",""noticeDate"":""2025-10-30"",""src"":""cn-20261002T070740Z"",""fetchedAt"":""2026-10-02T07:07:40.607Z""},{""period"":""2025-06-30"",""reportType"":""中报"",""noticeDate"":""2025-08-28"",""src"":""cn-20261002T070740Z"",""fetchedAt"":""2026-10-02T07:07:40.607Z""}]","47.6107","year","","","43.3621","quarter","2026-06-30","2025-06-30"
"688630.SS","Circuit Fabology Microelectronics Equipment Co., Ltd.","semiconductors","profitable","2025-09-30","279171179.68999994","CNY","41644341.755449876","USD","Eastmoney RPT_F10_FINANCE_GINCOME","2025-10-30","2026-10-02T07:07:40.607Z","cn-20261002T070740Z","[{""period"":""2025-09-30"",""reportType"":""三季报"",""noticeDate"":""2025-10-30"",""src"":""cn-20261002T070740Z"",""fetchedAt"":""2026-10-02T07:07:40.607Z""},{""period"":""2025-06-30"",""reportType"":""中报"",""noticeDate"":""2025-08-28"",""src"":""cn-20261002T070740Z"",""fetchedAt"":""2026-10-02T07:07:40.607Z""}]","47.6107","year","","","43.3621","quarter","2026-06-30","2025-06-30"
"688668.SS","Dongguan Dingtong Precision Metal Co., Ltd.","industrials","profitable","2025-09-30","371622872.73000014","CNY","55435485.61601231","USD","Eastmoney RPT_F10_FINANCE_GINCOME","2025-10-21","2026-10-02T07:07:40.607Z","cn-20261002T070740Z","[{""period"":""2025-09-30"",""reportType"":""三季报"",""noticeDate"":""2025-10-21"",""src"":""cn-20261002T070740Z"",""fetchedAt"":""2026-10-02T07:07:40.607Z""},{""period"":""2025-06-30"",""reportType"":""中报"",""noticeDate"":""2025-07-31"",""src"":""cn-20261002T070740Z"",""fetchedAt"":""2026-10-02T07:07:40.607Z""}]","53.8942","year","","","40.8645","quarter","2026-06-30","2025-06-30"
"688668.SS","Dongguan Dingtong Precision Metal Co., Ltd.","overview","","2025-09-30","371622872.73000014","CNY","55435485.61601231","USD","Eastmoney RPT_F10_FINANCE_GINCOME","2025-10-21","2026-10-02T07:07:40.607Z","cn-20261002T070740Z","[{""period"":""2025-09-30"",""reportType"":""三季报"",""noticeDate"":""2025-10-21"",""src"":""cn-20261002T070740Z"",""fetchedAt"":""2026-10-02T07:07:40.607Z""},{""period"":""2025-06-30"",""reportType"":""中报"",""noticeDate"":""2025-07-31"",""src"":""cn-20261002T070740Z"",""fetchedAt"":""2026-10-02T07:07:40.607Z""}]","53.8942","year","","","40.8645","quarter","2026-06-30","2025-06-30"
"688686.SS","OPT Machine Vision Tech Co., Ltd.","quality/tech-hardware","profitable","2025-09-30","329803523.5500001","CNY","49197236.84271031","USD","Eastmoney RPT_F10_FINANCE_GINCOME","2025-10-28","2026-10-02T07:07:40.607Z","cn-20261002T070740Z","[{""period"":""2025-09-30"",""reportType"":""三季报"",""noticeDate"":""2025-10-28"",""src"":""cn-20261002T070740Z"",""fetchedAt"":""2026-10-02T07:07:40.607Z""},{""period"":""2025-06-30"",""reportType"":""中报"",""noticeDate"":""2025-08-21"",""src"":""cn-20261002T070740Z"",""fetchedAt"":""2026-10-02T07:07:40.607Z""}]","39.2447","year","","","31.7899","quarter","2026-06-30","2025-06-30"
"688686.SS","OPT Machine Vision Tech Co., Ltd.","tech-hardware","profitable","2025-09-30","329803523.5500001","CNY","49197236.84271031","USD","Eastmoney RPT_F10_FINANCE_GINCOME","2025-10-28","2026-10-02T07:07:40.607Z","cn-20261002T070740Z","[{""period"":""2025-09-30"",""reportType"":""三季报"",""noticeDate"":""2025-10-28"",""src"":""cn-20261002T070740Z"",""fetchedAt"":""2026-10-02T07:07:40.607Z""},{""period"":""2025-06-30"",""reportType"":""中报"",""noticeDate"":""2025-08-21"",""src"":""cn-20261002T070740Z"",""fetchedAt"":""2026-10-02T07:07:40.607Z""}]","39.2447","year","","","31.7899","quarter","2026-06-30","2025-06-30"
"688700.SS","Kunshan Dongwei Technology Co., Ltd.","industrials","profitable","2025-09-30","313566117.79","CNY","46775081.10499332","USD","Eastmoney RPT_F10_FINANCE_GINCOME","2025-10-24","2026-10-02T07:07:40.607Z","cn-20261002T070740Z","[{""period"":""2025-09-30"",""reportType"":""三季报"",""noticeDate"":""2025-10-24"",""src"":""cn-20261002T070740Z"",""fetchedAt"":""2026-10-02T07:07:40.607Z""},{""period"":""2025-06-30"",""reportType"":""中报"",""noticeDate"":""2025-08-28"",""src"":""cn-20261002T070740Z"",""fetchedAt"":""2026-10-02T07:07:40.607Z""}]","46.4521","year","","","58.7498","quarter","2026-06-30","2025-06-30"
"688700.SS","Kunshan Dongwei Technology Co., Ltd.","overview","","2025-09-30","313566117.79","CNY","46775081.10499332","USD","Eastmoney RPT_F10_FINANCE_GINCOME","2025-10-24","2026-10-02T07:07:40.607Z","cn-20261002T070740Z","[{""period"":""2025-09-30"",""reportType"":""三季报"",""noticeDate"":""2025-10-24"",""src"":""cn-20261002T070740Z"",""fetchedAt"":""2026-10-02T07:07:40.607Z""},{""period"":""2025-06-30"",""reportType"":""中报"",""noticeDate"":""2025-08-28"",""src"":""cn-20261002T070740Z"",""fetchedAt"":""2026-10-02T07:07:40.607Z""}]","46.4521","year","","","58.7498","quarter","2026-06-30","2025-06-30"
"688700.SS","Kunshan Dongwei Technology Co., Ltd.","rule40/overview","","2025-09-30","313566117.79","CNY","46775081.10499332","USD","Eastmoney RPT_F10_FINANCE_GINCOME","2025-10-24","2026-10-02T07:07:40.607Z","cn-20261002T070740Z","[{""period"":""2025-09-30"",""reportType"":""三季报"",""noticeDate"":""2025-10-24"",""src"":""cn-20261002T070740Z"",""fetchedAt"":""2026-10-02T07:07:40.607Z""},{""period"":""2025-06-30"",""reportType"":""中报"",""noticeDate"":""2025-08-28"",""src"":""cn-20261002T070740Z"",""fetchedAt"":""2026-10-02T07:07:40.607Z""}]","46.4521","year","","","58.7498","quarter","2026-06-30","2025-06-30"
"688783.SS","Xi'an ESWIN Material Technology Co., Ltd.","semiconductors","unprofitable","2025-09-30","630268008.7700002","CNY","94017929.73003277","USD","Eastmoney RPT_F10_FINANCE_GINCOME","2025-10-24","2026-10-02T07:07:40.607Z","cn-20261002T070740Z","[{""period"":""2025-09-30"",""reportType"":""三季报"",""noticeDate"":""2025-10-24"",""src"":""cn-20261002T070740Z"",""fetchedAt"":""2026-10-02T07:07:40.607Z""},{""period"":""2025-06-30"",""reportType"":""中报"",""noticeDate"":""2025-08-07"",""src"":""cn-20261002T070740Z"",""fetchedAt"":""2026-10-02T07:07:40.607Z""}]","","none","","","33.5281","quarter","2026-06-30","2025-06-30"
"689009.SS","Ninebot Limited","consumer-discretionary","profitable","2025-09-30","6647531252.199999","CNY","991621211.0578643","USD","Eastmoney RPT_F10_FINANCE_GINCOME","2025-10-25","2026-10-02T07:07:40.607Z","cn-20261002T070740Z","[{""period"":""2025-09-30"",""reportType"":""三季报"",""noticeDate"":""2025-10-25"",""src"":""cn-20261002T070740Z"",""fetchedAt"":""2026-10-02T07:07:40.607Z""},{""period"":""2025-06-30"",""reportType"":""中报"",""noticeDate"":""2025-08-02"",""src"":""cn-20261002T070740Z"",""fetchedAt"":""2026-10-02T07:07:40.607Z""}]","49.8884","year","","","28.029","quarter","2026-06-30","2025-06-30"
"689009.SS","Ninebot Limited","overview","","2025-09-30","6647531252.199999","CNY","991621211.0578643","USD","Eastmoney RPT_F10_FINANCE_GINCOME","2025-10-25","2026-10-02T07:07:40.607Z","cn-20261002T070740Z","[{""period"":""2025-09-30"",""reportType"":""三季报"",""noticeDate"":""2025-10-25"",""src"":""cn-20261002T070740Z"",""fetchedAt"":""2026-10-02T07:07:40.607Z""},{""period"":""2025-06-30"",""reportType"":""中报"",""noticeDate"":""2025-08-02"",""src"":""cn-20261002T070740Z"",""fetchedAt"":""2026-10-02T07:07:40.607Z""}]","49.8884","year","","","28.029","quarter","2026-06-30","2025-06-30"
"6949.TW","Pell Bio-Med Technology Co., Ltd.","health-care","unprofitable","2025-09-30","7541000","TWD","238510.91817299998","USD","MOPS t164sb04","","2026-10-02T07:16:59.505Z","tw-20261002T071224Z","[{""period"":""2025-09-30"",""season"":""114Q3"",""noticeDate"":null,""src"":""tw-20261002T071224Z"",""fetchedAt"":""2026-10-02T07:16:59.505Z""}]","60.0734","year","","","52.4702","quarter","2026-06-30","2025-06-30"
