ticker,container,field,period,index,oldValue,newValue
"000333.SZ","timeseries","grossProfitQ","2026-06-30","0","0","MISSING"
"000333.SZ","timeseries","grossProfitQ","2026-03-31","1","0","MISSING"
"000333.SZ","timeseries","grossProfitQ","2025-12-31","2","0","MISSING"
"000333.SZ","timeseries","grossProfitQ","2025-09-30","3","0","MISSING"
"000712.SZ","annual","annualRev","2022-12-31","3","0","MISSING"
"000810.KS","annual","annualRev","2024-12-31","1","0","MISSING"
"000810.KS","annual","annualRev","2023-12-31","2","0","MISSING"
"000815.KS","annual","annualRev","2024-12-31","1","0","MISSING"
"000815.KS","annual","annualRev","2023-12-31","2","0","MISSING"
"0009K0.KQ","annual","annualRev","2024-12-31","1","0","MISSING"
"001450.KS","annual","annualRev","2022-12-31","3","0","MISSING"
"002673.SZ","annual","annualRev","2022-12-31","3","0","MISSING"
"0027.HK","timeseries","grossProfitQ","2026-03-31","0","0","MISSING"
"0027.HK","timeseries","grossProfitQ","2025-12-31","1","0","MISSING"
"0027.HK","timeseries","grossProfitQ","2025-09-30","2","0","MISSING"
"0027.HK","timeseries","grossProfitQ","2025-06-30","3","0","MISSING"
"002807.SZ","annual","annualRev","2025-12-31","0","0","MISSING"
"002939.SZ","annual","annualRev","2022-12-31","2","0","MISSING"
"003690.KS","annual","annualRev","2024-12-31","1","0","MISSING"
"0038.HK","timeseries","revenueQ","2025-09-30","3","0","MISSING"
"0038.HK","timeseries","grossProfitQ","2026-06-30","0","0","MISSING"
"0038.HK","timeseries","grossProfitQ","2026-03-31","1","0","MISSING"
"0038.HK","timeseries","grossProfitQ","2025-12-31","2","0","MISSING"
"005830.KS","annual","annualRev","2022-12-31","3","0","MISSING"
"0081.HK","timeseries","grossProfitQ","2013-03-31","0","0","MISSING"
"0126Z0.KS","timeseries","revenueQ","2026-03-31","1","0","MISSING"
"0126Z0.KS","timeseries","grossProfitQ","2026-06-30","0","0","MISSING"
"0126Z0.KS","timeseries","grossProfitQ","2025-12-31","2","0","MISSING"
"0126Z0.KS","annual","annualGP","2025-12-31","0","0","MISSING"
"0144.HK","timeseries","grossProfitQ","2023-03-31","0","0","MISSING"
"0175.HK","timeseries","revenueQ","2025-09-30","3","0","MISSING"
"0175.HK","timeseries","grossProfitQ","2026-06-30","0","0","MISSING"
"0175.HK","timeseries","grossProfitQ","2026-03-31","1","0","MISSING"
"0175.HK","timeseries","grossProfitQ","2025-12-31","2","0","MISSING"
"0179.HK","timeseries","grossProfitQ","2019-09-30","0","0","MISSING"
"0179.HK","timeseries","grossProfitQ","2019-03-31","1","0","MISSING"
"0200.HK","timeseries","grossProfitQ","2017-09-30","0","0","MISSING"
"0268.HK","timeseries","grossProfitQ","2012-12-31","0","0","MISSING"
"0268.HK","timeseries","grossProfitQ","2004-12-31","1","0","MISSING"
"0268.HK","timeseries","grossProfitQ","2004-09-30","2","0","MISSING"
"0268.HK","timeseries","grossProfitQ","2004-06-30","3","0","MISSING"
"0270.HK","timeseries","revenueQ","2021-09-30","2","0","MISSING"
"0270.HK","timeseries","grossProfitQ","2023-09-30","0","0","MISSING"
"0270.HK","timeseries","grossProfitQ","2022-03-31","1","0","MISSING"
"0285.HK","timeseries","revenueQ","2025-09-30","1","0","MISSING"
"0285.HK","timeseries","grossProfitQ","2025-12-31","0","0","MISSING"
"0285.HK","timeseries","grossProfitQ","2024-12-31","2","0","MISSING"
"0285.HK","timeseries","grossProfitQ","2022-12-31","3","0","MISSING"
"0288.HK","timeseries","grossProfitQ","2026-06-30","0","0","MISSING"
"0288.HK","timeseries","grossProfitQ","2025-12-31","1","0","MISSING"
"0288.HK","timeseries","grossProfitQ","2025-09-30","2","0","MISSING"
"0288.HK","timeseries","grossProfitQ","2025-06-30","3","0","MISSING"
"0291.HK","timeseries","revenueQ","2015-06-30","0","0","MISSING"
"0291.HK","timeseries","grossProfitQ","2014-12-31","1","0","MISSING"
"0291.HK","timeseries","grossProfitQ","2014-09-30","2","0","MISSING"
"0291.HK","timeseries","grossProfitQ","2014-06-30","3","0","MISSING"
"0300.HK","timeseries","grossProfitQ","2026-06-30","0","0","MISSING"
"0300.HK","timeseries","grossProfitQ","2026-03-31","1","0","MISSING"
"0300.HK","timeseries","grossProfitQ","2025-12-31","2","0","MISSING"
"0300.HK","timeseries","grossProfitQ","2025-09-30","3","0","MISSING"
"0316.HK","timeseries","grossProfitQ","2014-06-30","0","0","MISSING"
"0316.HK","timeseries","grossProfitQ","2014-03-31","1","0","MISSING"
"0316.HK","timeseries","grossProfitQ","2013-12-31","2","0","MISSING"
"0316.HK","timeseries","grossProfitQ","2013-09-30","3","0","MISSING"
"0322.HK","timeseries","grossProfitQ","2019-06-30","0","0","MISSING"
"0322.HK","timeseries","grossProfitQ","2019-03-31","1","0","MISSING"
"0322.HK","timeseries","grossProfitQ","2018-03-31","2","0","MISSING"
"0322.HK","timeseries","grossProfitQ","2017-06-30","3","0","MISSING"
"0354.HK","timeseries","grossProfitQ","2021-06-30","0","0","MISSING"
"0386.HK","timeseries","grossProfitQ","2026-06-30","0","0","MISSING"
"0386.HK","timeseries","grossProfitQ","2026-03-31","1","0","MISSING"
"0386.HK","timeseries","grossProfitQ","2025-12-31","2","0","MISSING"
"0386.HK","timeseries","grossProfitQ","2025-09-30","3","0","MISSING"
"0400.HK","timeseries","grossProfitQ","2015-09-30","0","0","MISSING"
"0400.HK","timeseries","grossProfitQ","2015-06-30","1","0","MISSING"
"0400.HK","timeseries","grossProfitQ","2015-03-31","2","0","MISSING"
"0400.HK","timeseries","grossProfitQ","2014-12-31","3","0","MISSING"
"0460.HK","timeseries","grossProfitQ","2008-12-31","0","0","MISSING"
"0460.HK","timeseries","grossProfitQ","2008-09-30","1","0","MISSING"
"0460.HK","timeseries","grossProfitQ","2008-06-30","2","0","MISSING"
"0486.HK","timeseries","grossProfitQ","2019-12-31","0","0","MISSING"
"0486.HK","timeseries","grossProfitQ","2019-09-30","1","0","MISSING"
"0486.HK","timeseries","grossProfitQ","2019-06-30","2","0","MISSING"
"0486.HK","timeseries","grossProfitQ","2019-03-31","3","0","MISSING"
"0522.HK","timeseries","grossProfitQ","2026-06-30","0","0","MISSING"
"0522.HK","timeseries","grossProfitQ","2026-03-31","1","0","MISSING"
"0522.HK","timeseries","grossProfitQ","2025-12-31","2","0","MISSING"
"0522.HK","timeseries","grossProfitQ","2025-09-30","3","0","MISSING"
"0546.HK","timeseries","grossProfitQ","2010-12-31","0","0","MISSING"
"0551.HK","timeseries","grossProfitQ","2026-03-31","0","0","MISSING"
"0551.HK","timeseries","grossProfitQ","2025-12-31","1","0","MISSING"
"0551.HK","timeseries","grossProfitQ","2025-09-30","2","0","MISSING"
"0551.HK","timeseries","grossProfitQ","2025-06-30","3","0","MISSING"
"0565.HK","annual","annualRev","2019-06-30","2","0","MISSING"
"0598.HK","timeseries","grossProfitQ","2025-12-31","0","0","MISSING"
"0598.HK","timeseries","grossProfitQ","2025-09-30","1","0","MISSING"
"0598.HK","timeseries","grossProfitQ","2025-06-30","2","0","MISSING"
"0598.HK","timeseries","grossProfitQ","2025-03-31","3","0","MISSING"
"0631.HK","timeseries","revenueQ","2026-06-30","0","0","MISSING"
"0631.HK","timeseries","grossProfitQ","2026-03-31","1","0","MISSING"
"0694.HK","timeseries","revenueQ","2021-06-30","1","0","MISSING"
"0694.HK","timeseries","grossProfitQ","2021-03-31","2","0","MISSING"
"0700.HK","timeseries","grossProfitQ","2026-03-31","0","0","MISSING"
"0700.HK","timeseries","grossProfitQ","2025-12-31","1","0","MISSING"
"0700.HK","timeseries","grossProfitQ","2025-09-30","2","0","MISSING"
"0700.HK","timeseries","grossProfitQ","2025-06-30","3","0","MISSING"
"0728.HK","timeseries","grossProfitQ","2026-06-30","0","0","MISSING"
"0728.HK","timeseries","grossProfitQ","2026-03-31","1","0","MISSING"
"0728.HK","timeseries","grossProfitQ","2025-12-31","2","0","MISSING"
"0728.HK","timeseries","grossProfitQ","2025-09-30","3","0","MISSING"
"0751.HK","timeseries","revenueQ","2021-09-30","1","0","MISSING"
"0751.HK","timeseries","grossProfitQ","2021-12-31","0","0","MISSING"
"0762.HK","timeseries","grossProfitQ","2026-06-30","0","0","MISSING"
"0762.HK","timeseries","grossProfitQ","2026-03-31","1","0","MISSING"
"0762.HK","timeseries","grossProfitQ","2025-06-30","2","0","MISSING"
"0762.HK","timeseries","grossProfitQ","2025-03-31","3","0","MISSING"
"0788.HK","timeseries","revenueQ","2024-09-30","3","0","MISSING"
"0788.HK","timeseries","grossProfitQ","2025-12-31","0","0","MISSING"
"0788.HK","timeseries","grossProfitQ","2025-09-30","1","0","MISSING"
"0788.HK","timeseries","grossProfitQ","2024-12-31","2","0","MISSING"
"0853.HK","timeseries","grossProfitQ","2012-09-30","0","0","MISSING"
"0880.HK","timeseries","grossProfitQ","2026-06-30","0","0","MISSING"
"0880.HK","timeseries","grossProfitQ","2026-03-31","1","0","MISSING"
"0880.HK","timeseries","grossProfitQ","2025-12-31","2","0","MISSING"
"0880.HK","timeseries","grossProfitQ","2025-09-30","3","0","MISSING"
"0883.HK","timeseries","grossProfitQ","2026-06-30","0","0","MISSING"
"0883.HK","timeseries","grossProfitQ","2026-03-31","1","0","MISSING"
"0883.HK","timeseries","grossProfitQ","2025-12-31","2","0","MISSING"
"0883.HK","timeseries","grossProfitQ","2025-09-30","3","0","MISSING"
"0941.HK","timeseries","grossProfitQ","2026-06-30","0","0","MISSING"
"0941.HK","timeseries","grossProfitQ","2026-03-31","1","0","MISSING"
"0941.HK","timeseries","grossProfitQ","2025-12-31","2","0","MISSING"
"0941.HK","timeseries","grossProfitQ","2025-09-30","3","0","MISSING"
"0981.HK","timeseries","grossProfitQ","2026-06-30","0","0","MISSING"
"0981.HK","timeseries","grossProfitQ","2026-03-31","1","0","MISSING"
"0981.HK","timeseries","grossProfitQ","2025-12-31","2","0","MISSING"
"0981.HK","timeseries","grossProfitQ","2025-09-30","3","0","MISSING"
"0992.HK","timeseries","grossProfitQ","2026-06-30","0","0","MISSING"
"0992.HK","timeseries","grossProfitQ","2026-03-31","1","0","MISSING"
"0992.HK","timeseries","grossProfitQ","2025-12-31","2","0","MISSING"
"0992.HK","timeseries","grossProfitQ","2025-09-30","3","0","MISSING"
"0B2.DE","timeseries","grossProfitQ","2026-06-30","0","0","MISSING"
"0B2.DE","timeseries","grossProfitQ","2026-03-31","1","0","MISSING"
"0B2.DE","timeseries","grossProfitQ","2025-12-31","2","0","MISSING"
"0B2.DE","timeseries","grossProfitQ","2025-09-30","3","0","MISSING"
"1024.HK","timeseries","grossProfitQ","2026-06-30","0","0","MISSING"
"1024.HK","timeseries","grossProfitQ","2026-03-31","1","0","MISSING"
"1024.HK","timeseries","grossProfitQ","2025-12-31","2","0","MISSING"
"1024.HK","timeseries","grossProfitQ","2025-09-30","3","0","MISSING"
"1066.HK","timeseries","grossProfitQ","2015-12-31","0","0","MISSING"
"1066.HK","timeseries","grossProfitQ","2015-09-30","1","0","MISSING"
"1066.HK","timeseries","grossProfitQ","2015-06-30","2","0","MISSING"
"1066.HK","timeseries","grossProfitQ","2014-12-31","3","0","MISSING"
"1070.HK","timeseries","grossProfitQ","2019-06-30","0","0","MISSING"
"1070.HK","timeseries","grossProfitQ","2019-03-31","1","0","MISSING"
"1070.HK","timeseries","grossProfitQ","2018-12-31","2","0","MISSING"
"1070.HK","timeseries","grossProfitQ","2018-09-30","3","0","MISSING"
"1083.HK","timeseries","grossProfitQ","2004-06-30","0","0","MISSING"
"1093.HK","timeseries","grossProfitQ","2026-06-30","0","0","MISSING"
"1093.HK","timeseries","grossProfitQ","2026-03-31","1","0","MISSING"
"1093.HK","timeseries","grossProfitQ","2025-12-31","2","0","MISSING"
"1093.HK","timeseries","grossProfitQ","2025-09-30","3","0","MISSING"
"1099.HK","timeseries","grossProfitQ","2026-03-31","0","0","MISSING"
"1099.HK","timeseries","grossProfitQ","2025-06-30","1","0","MISSING"
"1099.HK","timeseries","grossProfitQ","2025-03-31","2","0","MISSING"
"1099.HK","timeseries","grossProfitQ","2024-12-31","3","0","MISSING"
"1112.HK","timeseries","grossProfitQ","2023-12-31","0","0","MISSING"
"1112.HK","timeseries","grossProfitQ","2023-09-30","1","0","MISSING"
"1112.HK","timeseries","grossProfitQ","2023-06-30","2","0","MISSING"
"1112.HK","timeseries","grossProfitQ","2021-06-30","3","0","MISSING"
"1128.HK","timeseries","grossProfitQ","2026-06-30","0","0","MISSING"
"1128.HK","timeseries","grossProfitQ","2026-03-31","1","0","MISSING"
"1128.HK","timeseries","grossProfitQ","2025-09-30","2","0","MISSING"
"1128.HK","timeseries","grossProfitQ","2025-06-30","3","0","MISSING"
"1138.HK","timeseries","grossProfitQ","2026-06-30","0","0","MISSING"
"1138.HK","timeseries","grossProfitQ","2026-03-31","1","0","MISSING"
"1138.HK","timeseries","grossProfitQ","2025-12-31","2","0","MISSING"
"1138.HK","timeseries","grossProfitQ","2025-09-30","3","0","MISSING"
"1177.HK","timeseries","grossProfitQ","2021-12-31","0","0","MISSING"
"1177.HK","timeseries","grossProfitQ","2021-09-30","1","0","MISSING"
"1177.HK","timeseries","grossProfitQ","2021-06-30","2","0","MISSING"
"1177.HK","timeseries","grossProfitQ","2021-03-31","3","0","MISSING"
"1199.HK","timeseries","revenueQ","2023-06-30","1","0","MISSING"
"1199.HK","timeseries","revenueQ","2022-06-30","3","0","MISSING"
"1199.HK","timeseries","grossProfitQ","2023-09-30","0","0","MISSING"
"1199.HK","timeseries","grossProfitQ","2023-03-31","2","0","MISSING"
"1308.HK","timeseries","revenueQ","2014-12-31","1","0","MISSING"
"1308.HK","timeseries","grossProfitQ","2011-12-31","2","0","MISSING"
"1308.HK","timeseries","grossProfitQ","2011-09-30","3","0","MISSING"
"1313.HK","timeseries","revenueQ","2024-06-30","2","0","MISSING"
"1313.HK","timeseries","grossProfitQ","2025-09-30","0","0","MISSING"
"1313.HK","timeseries","grossProfitQ","2024-12-31","1","0","MISSING"
"1313.HK","timeseries","grossProfitQ","2024-03-31","3","0","MISSING"
"1332.T","timeseries","grossProfitQ","2026-06-30","0","0","MISSING"
"1332.T","timeseries","grossProfitQ","2026-03-31","1","0","MISSING"
"1332.T","timeseries","grossProfitQ","2025-12-31","2","0","MISSING"
"1332.T","timeseries","grossProfitQ","2025-09-30","3","0","MISSING"
"1333.T","timeseries","grossProfitQ","2026-06-30","0","0","MISSING"
"1333.T","timeseries","grossProfitQ","2025-12-31","1","0","MISSING"
"1333.T","timeseries","grossProfitQ","2025-06-30","2","0","MISSING"
"1333.T","timeseries","grossProfitQ","2024-12-31","3","0","MISSING"
"1347.HK","timeseries","grossProfitQ","2026-06-30","0","0","MISSING"
"1347.HK","timeseries","grossProfitQ","2026-03-31","1","0","MISSING"
"1347.HK","timeseries","grossProfitQ","2025-12-31","2","0","MISSING"
"1347.HK","timeseries","grossProfitQ","2025-09-30","3","0","MISSING"
"1359.HK","annual","annualGP","2025-12-31","0","0","MISSING"
"1359.HK","annual","annualGP","2024-12-31","1","0","MISSING"
"1359.HK","annual","annualGP","2023-12-31","2","0","MISSING"
"1359.HK","annual","annualGP","2022-12-31","3","0","MISSING"
"1375.HK","annual","annualRev","2022-12-31","3","0","MISSING"
"1377.T","timeseries","grossProfitQ","2026-05-31","0","0","MISSING"
"1377.T","timeseries","grossProfitQ","2026-02-28","1","0","MISSING"
"1377.T","timeseries","grossProfitQ","2025-11-30","2","0","MISSING"
"1377.T","timeseries","grossProfitQ","2025-08-31","3","0","MISSING"
"1414.T","timeseries","grossProfitQ","2026-06-30","0","0","MISSING"
"1414.T","timeseries","grossProfitQ","2026-03-31","1","0","MISSING"
"1414.T","timeseries","grossProfitQ","2025-12-31","2","0","MISSING"
"1414.T","timeseries","grossProfitQ","2025-09-30","3","0","MISSING"
"1417.T","timeseries","grossProfitQ","2026-06-30","0","0","MISSING"
"1417.T","timeseries","grossProfitQ","2026-03-31","1","0","MISSING"
"1417.T","timeseries","grossProfitQ","2025-12-31","2","0","MISSING"
"1417.T","timeseries","grossProfitQ","2025-09-30","3","0","MISSING"
"141A.T","timeseries","grossProfitQ","2026-03-31","0","0","MISSING"
"141A.T","timeseries","grossProfitQ","2025-12-31","1","0","MISSING"
"141A.T","timeseries","grossProfitQ","2025-09-30","2","0","MISSING"
"141A.T","timeseries","grossProfitQ","2025-06-30","3","0","MISSING"
"1475.HK","timeseries","grossProfitQ","2025-03-31","0","0","MISSING"
"1475.HK","timeseries","grossProfitQ","2024-12-31","1","0","MISSING"
"1475.HK","timeseries","grossProfitQ","2024-09-30","2","0","MISSING"
"1475.HK","timeseries","grossProfitQ","2024-06-30","3","0","MISSING"
"1515.T","timeseries","grossProfitQ","2026-06-30","0","0","MISSING"
"1515.T","timeseries","grossProfitQ","2025-12-31","1","0","MISSING"
"1515.T","timeseries","grossProfitQ","2025-06-30","2","0","MISSING"
"1515.T","timeseries","grossProfitQ","2024-12-31","3","0","MISSING"
"1530.HK","timeseries","grossProfitQ","2012-12-31","0","0","MISSING"
"1530.HK","timeseries","grossProfitQ","2012-09-30","1","0","MISSING"
"1530.HK","timeseries","grossProfitQ","2012-06-30","2","0","MISSING"
"1530.HK","timeseries","grossProfitQ","2012-03-31","3","0","MISSING"
"1605.T","timeseries","grossProfitQ","2026-06-30","0","0","MISSING"
"1605.T","timeseries","grossProfitQ","2026-03-31","1","0","MISSING"
"1605.T","timeseries","grossProfitQ","2025-12-31","2","0","MISSING"
"1605.T","timeseries","grossProfitQ","2025-09-30","3","0","MISSING"
"1658.HK","timeseries","grossProfitQ","2026-06-30","0","0","MISSING"
"1658.HK","timeseries","grossProfitQ","2026-03-31","1","0","MISSING"
"1658.HK","timeseries","grossProfitQ","2025-12-31","2","0","MISSING"
"1658.HK","timeseries","grossProfitQ","2025-09-30","3","0","MISSING"
"1662.T","timeseries","grossProfitQ","2026-06-30","0","0","MISSING"
"1662.T","timeseries","grossProfitQ","2026-03-31","1","0","MISSING"
"1662.T","timeseries","grossProfitQ","2025-12-31","2","0","MISSING"
"1662.T","timeseries","grossProfitQ","2025-09-30","3","0","MISSING"
"167A.T","timeseries","grossProfitQ","2026-06-30","0","0","MISSING"
"167A.T","timeseries","grossProfitQ","2025-12-31","1","0","MISSING"
"167A.T","timeseries","grossProfitQ","2025-06-30","2","0","MISSING"
"167A.T","timeseries","grossProfitQ","2024-12-31","3","0","MISSING"
"1686.HK","timeseries","grossProfitQ","2005-03-31","0","0","MISSING"
"1686.HK","timeseries","grossProfitQ","2004-12-31","1","0","MISSING"
"1686.HK","timeseries","grossProfitQ","2004-09-30","2","0","MISSING"
"1719.T","timeseries","grossProfitQ","2026-06-30","0","0","MISSING"
"1719.T","timeseries","grossProfitQ","2026-03-31","1","0","MISSING"
"1719.T","timeseries","grossProfitQ","2025-12-31","2","0","MISSING"
"1719.T","timeseries","grossProfitQ","2025-09-30","3","0","MISSING"
"1721.T","timeseries","grossProfitQ","2026-06-30","0","0","MISSING"
"1721.T","timeseries","grossProfitQ","2026-03-31","1","0","MISSING"
"1721.T","timeseries","grossProfitQ","2025-12-31","2","0","MISSING"
"1721.T","timeseries","grossProfitQ","2025-09-30","3","0","MISSING"
"1723.T","timeseries","grossProfitQ","2026-06-30","0","0","MISSING"
"1723.T","timeseries","grossProfitQ","2026-03-31","1","0","MISSING"
"1723.T","timeseries","grossProfitQ","2025-12-31","2","0","MISSING"
"1723.T","timeseries","grossProfitQ","2025-09-30","3","0","MISSING"
"1762.T","timeseries","grossProfitQ","2026-06-30","0","0","MISSING"
"1762.T","timeseries","grossProfitQ","2026-03-31","1","0","MISSING"
"1762.T","timeseries","grossProfitQ","2025-12-31","2","0","MISSING"
"1762.T","timeseries","grossProfitQ","2025-09-30","3","0","MISSING"
"1766.T","timeseries","grossProfitQ","2026-07-31","0","0","MISSING"
"1766.T","timeseries","grossProfitQ","2026-04-30","1","0","MISSING"
"1766.T","timeseries","grossProfitQ","2026-01-31","2","0","MISSING"
"1766.T","timeseries","grossProfitQ","2025-10-31","3","0","MISSING"
"1800.HK","timeseries","revenueQ","2025-06-30","1","0","MISSING"
"1800.HK","timeseries","grossProfitQ","2025-09-30","0","0","MISSING"
"1800.HK","timeseries","grossProfitQ","2023-09-30","2","0","MISSING"
"1800.HK","timeseries","grossProfitQ","2023-06-30","3","0","MISSING"
"1801.T","timeseries","grossProfitQ","2026-06-30","0","0","MISSING"
"1801.T","timeseries","grossProfitQ","2026-03-31","1","0","MISSING"
"1801.T","timeseries","grossProfitQ","2025-12-31","2","0","MISSING"
"1801.T","timeseries","grossProfitQ","2025-09-30","3","0","MISSING"
"1802.T","timeseries","grossProfitQ","2026-06-30","0","0","MISSING"
"1802.T","timeseries","grossProfitQ","2026-03-31","1","0","MISSING"
"1802.T","timeseries","grossProfitQ","2025-12-31","2","0","MISSING"
"1802.T","timeseries","grossProfitQ","2025-09-30","3","0","MISSING"
"1803.T","timeseries","grossProfitQ","2026-06-30","0","0","MISSING"
"1803.T","timeseries","grossProfitQ","2026-03-31","1","0","MISSING"
"1803.T","timeseries","grossProfitQ","2025-12-31","2","0","MISSING"
"1803.T","timeseries","grossProfitQ","2025-09-30","3","0","MISSING"
"1808.T","timeseries","grossProfitQ","2026-06-30","0","0","MISSING"
"1808.T","timeseries","grossProfitQ","2026-03-31","1","0","MISSING"
"1808.T","timeseries","grossProfitQ","2025-12-31","2","0","MISSING"
"1808.T","timeseries","grossProfitQ","2025-09-30","3","0","MISSING"
"1810.HK","timeseries","grossProfitQ","2026-06-30","0","0","MISSING"
"1810.HK","timeseries","grossProfitQ","2026-03-31","1","0","MISSING"
"1810.HK","timeseries","grossProfitQ","2025-12-31","2","0","MISSING"
"1810.HK","timeseries","grossProfitQ","2025-09-30","3","0","MISSING"
"1812.T","timeseries","grossProfitQ","2026-06-30","0","0","MISSING"
"1812.T","timeseries","grossProfitQ","2026-03-31","1","0","MISSING"
"1812.T","timeseries","grossProfitQ","2025-12-31","2","0","MISSING"
"1812.T","timeseries","grossProfitQ","2025-09-30","3","0","MISSING"
"1820.T","timeseries","grossProfitQ","2026-06-30","0","0","MISSING"
"1820.T","timeseries","grossProfitQ","2026-03-31","1","0","MISSING"
"1820.T","timeseries","grossProfitQ","2025-12-31","2","0","MISSING"
"1820.T","timeseries","grossProfitQ","2025-09-30","3","0","MISSING"
"1833.T","timeseries","grossProfitQ","2026-06-30","0","0","MISSING"
"1833.T","timeseries","grossProfitQ","2025-12-31","1","0","MISSING"
"1833.T","timeseries","grossProfitQ","2025-06-30","2","0","MISSING"
"1833.T","timeseries","grossProfitQ","2024-12-31","3","0","MISSING"
"1835.T","timeseries","grossProfitQ","2026-06-30","0","0","MISSING"
"1835.T","timeseries","grossProfitQ","2026-03-31","1","0","MISSING"
"1835.T","timeseries","grossProfitQ","2025-12-31","2","0","MISSING"
"1835.T","timeseries","grossProfitQ","2025-09-30","3","0","MISSING"
"1836.HK","timeseries","grossProfitQ","2011-12-31","0","0","MISSING"
"1860.HK","timeseries","revenueQ","2023-03-31","1","0","MISSING"
"1860.HK","timeseries","grossProfitQ","2023-06-30","0","0","MISSING"
"1860.T","timeseries","grossProfitQ","2026-06-30","0","0","MISSING"
"1860.T","timeseries","grossProfitQ","2026-03-31","1","0","MISSING"
"1860.T","timeseries","grossProfitQ","2025-12-31","2","0","MISSING"
"1860.T","timeseries","grossProfitQ","2025-09-30","3","0","MISSING"
"1861.T","timeseries","grossProfitQ","2026-06-30","0","0","MISSING"
"1861.T","timeseries","grossProfitQ","2026-03-31","1","0","MISSING"
"1861.T","timeseries","grossProfitQ","2025-12-31","2","0","MISSING"
"1861.T","timeseries","grossProfitQ","2025-09-30","3","0","MISSING"
"1866.HK","timeseries","revenueQ","2011-09-30","0","0","MISSING"
"1866.HK","timeseries","grossProfitQ","2011-03-31","1","0","MISSING"
"1866.HK","timeseries","grossProfitQ","2010-12-31","2","0","MISSING"
"186A.T","timeseries","grossProfitQ","2026-07-31","0","0","MISSING"
"186A.T","timeseries","grossProfitQ","2026-04-30","1","0","MISSING"
"186A.T","timeseries","grossProfitQ","2026-01-31","2","0","MISSING"
"186A.T","timeseries","grossProfitQ","2025-10-31","3","0","MISSING"
"1876.HK","timeseries","grossProfitQ","2026-06-30","0","0","MISSING"
"1876.HK","timeseries","grossProfitQ","2026-03-31","1","0","MISSING"
"1876.HK","timeseries","grossProfitQ","2025-12-31","2","0","MISSING"
"1876.HK","timeseries","grossProfitQ","2025-09-30","3","0","MISSING"
"1878.T","timeseries","grossProfitQ","2026-06-30","0","0","MISSING"
"1878.T","timeseries","grossProfitQ","2026-03-31","1","0","MISSING"
"1878.T","timeseries","grossProfitQ","2025-12-31","2","0","MISSING"
"1878.T","timeseries","grossProfitQ","2025-09-30","3","0","MISSING"
"1879.T","timeseries","grossProfitQ","2026-06-30","0","0","MISSING"
"1879.T","timeseries","grossProfitQ","2025-12-31","1","0","MISSING"
"1879.T","timeseries","grossProfitQ","2025-06-30","2","0","MISSING"
"1879.T","timeseries","grossProfitQ","2024-12-31","3","0","MISSING"
"1885.T","timeseries","grossProfitQ","2026-06-30","0","0","MISSING"
"1885.T","timeseries","grossProfitQ","2026-03-31","1","0","MISSING"
"1885.T","timeseries","grossProfitQ","2025-12-31","2","0","MISSING"
"1885.T","timeseries","grossProfitQ","2025-09-30","3","0","MISSING"
"1893.T","timeseries","grossProfitQ","2026-06-30","0","0","MISSING"
"1893.T","timeseries","grossProfitQ","2026-03-31","1","0","MISSING"
"1893.T","timeseries","grossProfitQ","2025-12-31","2","0","MISSING"
"1893.T","timeseries","grossProfitQ","2025-09-30","3","0","MISSING"
"1898.HK","timeseries","grossProfitQ","2026-06-30","0","0","MISSING"
"1898.HK","timeseries","grossProfitQ","2026-03-31","1","0","MISSING"
"1898.HK","timeseries","grossProfitQ","2025-12-31","2","0","MISSING"
"1898.HK","timeseries","grossProfitQ","2025-09-30","3","0","MISSING"
"1910.HK","timeseries","grossProfitQ","2026-03-31","0","0","MISSING"
"1910.HK","timeseries","grossProfitQ","2025-12-31","1","0","MISSING"
"1910.HK","timeseries","grossProfitQ","2025-09-30","2","0","MISSING"
"1910.HK","timeseries","grossProfitQ","2025-06-30","3","0","MISSING"
"1911.T","timeseries","grossProfitQ","2026-06-30","0","0","MISSING"
"1911.T","timeseries","grossProfitQ","2026-03-31","1","0","MISSING"
"1911.T","timeseries","grossProfitQ","2025-12-31","2","0","MISSING"
"1911.T","timeseries","grossProfitQ","2025-09-30","3","0","MISSING"
"1913.HK","timeseries","grossProfitQ","2026-06-30","0","0","MISSING"
"1913.HK","timeseries","grossProfitQ","2026-03-31","1","0","MISSING"
"1913.HK","timeseries","grossProfitQ","2025-12-31","2","0","MISSING"
"1913.HK","timeseries","grossProfitQ","2025-09-30","3","0","MISSING"
"1919.HK","timeseries","grossProfitQ","2026-06-30","0","0","MISSING"
"1919.HK","timeseries","grossProfitQ","2026-03-31","1","0","MISSING"
"1919.HK","timeseries","grossProfitQ","2025-12-31","2","0","MISSING"
"1919.HK","timeseries","grossProfitQ","2025-09-30","3","0","MISSING"
"1925.T","timeseries","grossProfitQ","2026-06-30","0","0","MISSING"
"1925.T","timeseries","grossProfitQ","2026-03-31","1","0","MISSING"
"1925.T","timeseries","grossProfitQ","2025-12-31","2","0","MISSING"
"1925.T","timeseries","grossProfitQ","2025-09-30","3","0","MISSING"
"1926.T","timeseries","grossProfitQ","2026-06-30","0","0","MISSING"
"1926.T","timeseries","grossProfitQ","2026-03-31","1","0","MISSING"
"1926.T","timeseries","grossProfitQ","2025-12-31","2","0","MISSING"
"1926.T","timeseries","grossProfitQ","2025-09-30","3","0","MISSING"
"1928.HK","timeseries","grossProfitQ","2026-06-30","0","0","MISSING"
"1928.HK","timeseries","grossProfitQ","2026-03-31","1","0","MISSING"
"1928.HK","timeseries","grossProfitQ","2025-06-30","2","0","MISSING"
"1928.HK","timeseries","grossProfitQ","2025-03-31","3","0","MISSING"
"1929.HK","timeseries","grossProfitQ","2014-03-31","0","0","MISSING"
"1929.HK","timeseries","grossProfitQ","2013-12-31","1","0","MISSING"
"1934.T","timeseries","grossProfitQ","2026-06-30","0","0","MISSING"
"1934.T","timeseries","grossProfitQ","2025-12-31","1","0","MISSING"
"1934.T","timeseries","grossProfitQ","2025-09-30","2","0","MISSING"
"1934.T","timeseries","grossProfitQ","2025-06-30","3","0","MISSING"
"1941.T","timeseries","grossProfitQ","2026-06-30","0","0","MISSING"
"1941.T","timeseries","grossProfitQ","2025-12-31","1","0","MISSING"
"1941.T","timeseries","grossProfitQ","2025-06-30","2","0","MISSING"
"1941.T","timeseries","grossProfitQ","2024-12-31","3","0","MISSING"
"1942.T","timeseries","grossProfitQ","2026-06-30","0","0","MISSING"
"1942.T","timeseries","grossProfitQ","2026-03-31","1","0","MISSING"
"1942.T","timeseries","grossProfitQ","2025-12-31","2","0","MISSING"
"1942.T","timeseries","grossProfitQ","2025-09-30","3","0","MISSING"
"1944.T","timeseries","grossProfitQ","2026-06-30","0","0","MISSING"
"1944.T","timeseries","grossProfitQ","2026-03-31","1","0","MISSING"
"1944.T","timeseries","grossProfitQ","2025-12-31","2","0","MISSING"
"1944.T","timeseries","grossProfitQ","2025-09-30","3","0","MISSING"
"1946.T","timeseries","grossProfitQ","2026-06-30","0","0","MISSING"
"1946.T","timeseries","grossProfitQ","2026-03-31","1","0","MISSING"
"1946.T","timeseries","grossProfitQ","2025-12-31","2","0","MISSING"
"1946.T","timeseries","grossProfitQ","2025-06-30","3","0","MISSING"
"1950.T","timeseries","grossProfitQ","2026-06-30","0","0","MISSING"
"1950.T","timeseries","grossProfitQ","2026-03-31","1","0","MISSING"
"1950.T","timeseries","grossProfitQ","2025-12-31","2","0","MISSING"
"1950.T","timeseries","grossProfitQ","2025-09-30","3","0","MISSING"
"1951.T","timeseries","grossProfitQ","2026-06-30","0","0","MISSING"
"1951.T","timeseries","grossProfitQ","2026-03-31","1","0","MISSING"
"1951.T","timeseries","grossProfitQ","2025-12-31","2","0","MISSING"
"1951.T","timeseries","grossProfitQ","2025-09-30","3","0","MISSING"
"1952.T","timeseries","grossProfitQ","2026-06-30","0","0","MISSING"
"1952.T","timeseries","grossProfitQ","2025-12-31","1","0","MISSING"
"1952.T","timeseries","grossProfitQ","2025-06-30","2","0","MISSING"
"1952.T","timeseries","grossProfitQ","2024-12-31","3","0","MISSING"
"1959.T","timeseries","grossProfitQ","2026-06-30","0","0","MISSING"
"1959.T","timeseries","grossProfitQ","2026-03-31","1","0","MISSING"
"1959.T","timeseries","grossProfitQ","2025-12-31","2","0","MISSING"
"1959.T","timeseries","grossProfitQ","2025-09-30","3","0","MISSING"
"1961.T","timeseries","grossProfitQ","2026-06-30","0","0","MISSING"
"1961.T","timeseries","grossProfitQ","2025-12-31","1","0","MISSING"
"1961.T","timeseries","grossProfitQ","2025-06-30","2","0","MISSING"
"1961.T","timeseries","grossProfitQ","2024-12-31","3","0","MISSING"
"1963.HK","annual","annualRev","2024-12-31","1","0","MISSING"
"1963.HK","annual","annualRev","2022-12-31","3","0","MISSING"
"1963.T","timeseries","grossProfitQ","2026-06-30","0","0","MISSING"
"1963.T","timeseries","grossProfitQ","2026-03-31","1","0","MISSING"
"1963.T","timeseries","grossProfitQ","2025-12-31","2","0","MISSING"
"1963.T","timeseries","grossProfitQ","2025-09-30","3","0","MISSING"
"1965.T","timeseries","grossProfitQ","2026-06-30","0","0","MISSING"
"1965.T","timeseries","grossProfitQ","2025-12-31","1","0","MISSING"
"1965.T","timeseries","grossProfitQ","2025-06-30","2","0","MISSING"
"1965.T","timeseries","grossProfitQ","2024-12-31","3","0","MISSING"
"1968.T","timeseries","grossProfitQ","2026-06-30","0","0","MISSING"
"1968.T","timeseries","grossProfitQ","2026-03-31","1","0","MISSING"
"1968.T","timeseries","grossProfitQ","2025-12-31","2","0","MISSING"
"1968.T","timeseries","grossProfitQ","2025-09-30","3","0","MISSING"
"1969.T","timeseries","grossProfitQ","2026-06-30","0","0","MISSING"
"1969.T","timeseries","grossProfitQ","2026-03-31","1","0","MISSING"
"1969.T","timeseries","grossProfitQ","2025-12-31","2","0","MISSING"
"1969.T","timeseries","grossProfitQ","2025-09-30","3","0","MISSING"
"1979.T","timeseries","grossProfitQ","2026-06-30","0","0","MISSING"
"1979.T","timeseries","grossProfitQ","2026-03-31","1","0","MISSING"
"1979.T","timeseries","grossProfitQ","2025-12-31","2","0","MISSING"
"1979.T","timeseries","grossProfitQ","2025-09-30","3","0","MISSING"
"1980.T","timeseries","grossProfitQ","2026-06-30","0","0","MISSING"
"1980.T","timeseries","grossProfitQ","2025-12-31","1","0","MISSING"
"1980.T","timeseries","grossProfitQ","2025-06-30","2","0","MISSING"
"1980.T","timeseries","grossProfitQ","2024-12-31","3","0","MISSING"
"1982.T","timeseries","grossProfitQ","2026-06-30","0","0","MISSING"
"1982.T","timeseries","grossProfitQ","2026-03-31","1","0","MISSING"
"1982.T","timeseries","grossProfitQ","2025-12-31","2","0","MISSING"
"1982.T","timeseries","grossProfitQ","2025-09-30","3","0","MISSING"
"1AGS.MI","timeseries","grossProfitQ","2022-12-31","0","0","MISSING"
"1AGS.MI","timeseries","grossProfitQ","2022-09-30","1","0","MISSING"
"1AGS.MI","timeseries","grossProfitQ","2022-06-30","2","0","MISSING"
"1AGS.MI","timeseries","grossProfitQ","2022-03-31","3","0","MISSING"
"1AGS.MI","annual","annualRev","2023-12-31","2","0","MISSING"
"1AJG.MI","annual","annualGP","2025-12-31","0","0","MISSING"
"1AJG.MI","annual","annualGP","2024-12-31","1","0","MISSING"
"1AJG.MI","annual","annualGP","2023-12-31","2","0","MISSING"
"1AJG.MI","annual","annualGP","2022-12-31","3","0","MISSING"
"1ANA.MI","timeseries","revenueQ","2021-03-31","1","0","MISSING"
"1ANA.MI","timeseries","grossProfitQ","2020-12-31","2","0","MISSING"
"1ANA.MI","timeseries","grossProfitQ","2020-09-30","3","0","MISSING"
"1ANE.MI","timeseries","grossProfitQ","2022-09-30","0","0","MISSING"
"1ANE.MI","timeseries","grossProfitQ","2022-06-30","1","0","MISSING"
"1ANE.MI","timeseries","grossProfitQ","2021-12-31","2","0","MISSING"
"1ANE.MI","timeseries","grossProfitQ","2021-09-30","3","0","MISSING"
"1ASTS.MI","annual","annualRev","2023-12-31","2","0","MISSING"
"1AVOL.MI","timeseries","grossProfitQ","2026-06-30","0","0","MISSING"
"1AVOL.MI","timeseries","grossProfitQ","2025-12-31","1","0","MISSING"
"1AVOL.MI","timeseries","grossProfitQ","2025-09-30","2","0","MISSING"
"1AVOL.MI","timeseries","grossProfitQ","2025-06-30","3","0","MISSING"
"1BARN.MI","timeseries","grossProfitQ","2026-05-31","0","0","MISSING"
"1BARN.MI","timeseries","grossProfitQ","2026-02-28","1","0","MISSING"
"1BARN.MI","timeseries","grossProfitQ","2025-11-30","2","0","MISSING"
"1BARN.MI","timeseries","grossProfitQ","2025-08-31","3","0","MISSING"
"1BBVA.MI","annual","annualGP","2025-12-31","0","0","MISSING"
"1BBVA.MI","annual","annualGP","2024-12-31","1","0","MISSING"
"1BBVA.MI","annual","annualGP","2023-12-31","2","0","MISSING"
"1BBVA.MI","annual","annualGP","2022-12-31","3","0","MISSING"
"1BEI.MI","timeseries","grossProfitQ","2026-06-30","0","0","MISSING"
"1BEI.MI","timeseries","grossProfitQ","2026-03-31","1","0","MISSING"
"1BEI.MI","timeseries","grossProfitQ","2025-12-31","2","0","MISSING"
"1BEI.MI","timeseries","grossProfitQ","2025-09-30","3","0","MISSING"
"1BEN.MI","annual","annualGP","2025-09-30","0","0","MISSING"
"1BEN.MI","annual","annualGP","2024-09-30","1","0","MISSING"
"1BEN.MI","annual","annualGP","2023-09-30","2","0","MISSING"
"1BEN.MI","annual","annualGP","2022-09-30","3","0","MISSING"
"1BGA.MI","timeseries","grossProfitQ","2026-06-30","0","0","MISSING"
"1BGA.MI","timeseries","grossProfitQ","2026-03-31","1","0","MISSING"
"1BGA.MI","timeseries","grossProfitQ","2025-12-31","2","0","MISSING"
"1BGA.MI","timeseries","grossProfitQ","2025-09-30","3","0","MISSING"
"1BR1.DE","timeseries","grossProfitQ","2012-03-31","0","0","MISSING"
"1CBOE.MI","annual","annualGP","2025-12-31","0","0","MISSING"
"1CBOE.MI","annual","annualGP","2024-12-31","1","0","MISSING"
"1CBOE.MI","annual","annualGP","2023-12-31","2","0","MISSING"
"1CBOE.MI","annual","annualGP","2022-12-31","3","0","MISSING"
"1CFR.MI","timeseries","grossProfitQ","2026-06-30","0","0","MISSING"
"1CFR.MI","timeseries","grossProfitQ","2026-03-31","1","0","MISSING"
"1CFR.MI","timeseries","grossProfitQ","2025-12-31","2","0","MISSING"
"1CFR.MI","timeseries","grossProfitQ","2025-09-30","3","0","MISSING"
"1CLN.MI","timeseries","grossProfitQ","2026-06-30","0","0","MISSING"
"1CLN.MI","timeseries","grossProfitQ","2026-03-31","1","0","MISSING"
"1CLN.MI","timeseries","grossProfitQ","2025-12-31","2","0","MISSING"
"1CLN.MI","timeseries","grossProfitQ","2025-09-30","3","0","MISSING"
"1CLNX.MI","annual","annualGP","2025-12-31","0","0","MISSING"
"1CLNX.MI","annual","annualGP","2024-12-31","1","0","MISSING"
"1CLNX.MI","annual","annualGP","2023-12-31","2","0","MISSING"
"1CLNX.MI","annual","annualGP","2022-12-31","3","0","MISSING"
"1COIN.MI","annual","annualGP","2025-12-31","0","0","MISSING"
"1COIN.MI","annual","annualGP","2024-12-31","1","0","MISSING"
"1COIN.MI","annual","annualGP","2023-12-31","2","0","MISSING"
"1COIN.MI","annual","annualGP","2022-12-31","3","0","MISSING"
"1CS.MI","timeseries","grossProfitQ","2026-03-31","0","0","MISSING"
"1CS.MI","timeseries","grossProfitQ","2025-03-31","1","0","MISSING"
"1CS.MI","timeseries","grossProfitQ","2022-03-31","2","0","MISSING"
"1CS.MI","timeseries","grossProfitQ","2021-03-31","3","0","MISSING"
"1CS.MI","annual","annualGP","2025-12-31","0","0","MISSING"
"1CS.MI","annual","annualGP","2024-12-31","1","0","MISSING"
"1CS.MI","annual","annualGP","2023-12-31","2","0","MISSING"
"1CS.MI","annual","annualGP","2022-12-31","3","0","MISSING"
"1DHER.MI","timeseries","grossProfitQ","2026-06-30","0","0","MISSING"
"1DHER.MI","timeseries","grossProfitQ","2026-03-31","1","0","MISSING"
"1DHER.MI","timeseries","grossProfitQ","2025-09-30","2","0","MISSING"
"1DHER.MI","timeseries","grossProfitQ","2025-06-30","3","0","MISSING"
"1EBS.MI","annual","annualGP","2025-12-31","0","0","MISSING"
"1EBS.MI","annual","annualGP","2024-12-31","1","0","MISSING"
"1EBS.MI","annual","annualGP","2023-12-31","2","0","MISSING"
"1EBS.MI","annual","annualGP","2022-12-31","3","0","MISSING"
"1EL.MI","timeseries","grossProfitQ","2026-06-30","0","0","MISSING"
"1EL.MI","timeseries","grossProfitQ","2026-03-31","1","0","MISSING"
"1EL.MI","timeseries","grossProfitQ","2025-12-31","2","0","MISSING"
"1EL.MI","timeseries","grossProfitQ","2025-09-30","3","0","MISSING"
"1EMSN.MI","timeseries","grossProfitQ","2025-06-30","0","0","MISSING"
"1EMSN.MI","timeseries","grossProfitQ","2025-03-31","1","0","MISSING"
"1EMSN.MI","timeseries","grossProfitQ","2024-12-31","2","0","MISSING"
"1EMSN.MI","timeseries","grossProfitQ","2024-09-30","3","0","MISSING"
"1ENGI.MI","timeseries","grossProfitQ","2026-06-30","0","0","MISSING"
"1ENGI.MI","timeseries","grossProfitQ","2025-12-31","1","0","MISSING"
"1ENGI.MI","timeseries","grossProfitQ","2025-09-30","2","0","MISSING"
"1ENGI.MI","timeseries","grossProfitQ","2025-06-30","3","0","MISSING"
"1EQT.MI","timeseries","grossProfitQ","2020-12-31","0","0","MISSING"
"1EQT.MI","timeseries","grossProfitQ","2020-09-30","1","0","MISSING"
"1FRVIA.MI","timeseries","grossProfitQ","2026-03-31","0","0","MISSING"
"1FRVIA.MI","timeseries","grossProfitQ","2025-09-30","1","0","MISSING"
"1FRVIA.MI","timeseries","grossProfitQ","2025-06-30","2","0","MISSING"
"1FRVIA.MI","timeseries","grossProfitQ","2024-09-30","3","0","MISSING"
"1GALD.MI","timeseries","grossProfitQ","2026-06-30","0","0","MISSING"
"1GALD.MI","timeseries","grossProfitQ","2026-03-31","1","0","MISSING"
"1GALD.MI","timeseries","grossProfitQ","2025-12-31","2","0","MISSING"
"1GALD.MI","timeseries","grossProfitQ","2025-09-30","3","0","MISSING"
"1GEBN.MI","timeseries","grossProfitQ","2026-06-30","0","0","MISSING"
"1GEBN.MI","timeseries","grossProfitQ","2026-03-31","1","0","MISSING"
"1GEBN.MI","timeseries","grossProfitQ","2025-12-31","2","0","MISSING"
"1GEBN.MI","timeseries","grossProfitQ","2025-09-30","3","0","MISSING"
"1GIVN.MI","timeseries","grossProfitQ","2026-03-31","0","0","MISSING"
"1GIVN.MI","timeseries","grossProfitQ","2025-12-31","1","0","MISSING"
"1GIVN.MI","timeseries","grossProfitQ","2025-09-30","2","0","MISSING"
"1GIVN.MI","timeseries","grossProfitQ","2025-06-30","3","0","MISSING"
"1GLE.MI","annual","annualGP","2025-12-31","0","0","MISSING"
"1GLE.MI","annual","annualGP","2024-12-31","1","0","MISSING"
"1GLE.MI","annual","annualGP","2023-12-31","2","0","MISSING"
"1GLE.MI","annual","annualGP","2022-12-31","3","0","MISSING"
"1GXI.MI","timeseries","grossProfitQ","2026-02-28","0","0","MISSING"
"1GXI.MI","timeseries","grossProfitQ","2025-11-30","1","0","MISSING"
"1GXI.MI","timeseries","grossProfitQ","2025-08-31","2","0","MISSING"
"1GXI.MI","timeseries","grossProfitQ","2025-05-31","3","0","MISSING"
"1HEI.MI","timeseries","grossProfitQ","2026-06-30","0","0","MISSING"
"1HEI.MI","timeseries","grossProfitQ","2026-03-31","1","0","MISSING"
"1HEI.MI","timeseries","grossProfitQ","2025-12-31","2","0","MISSING"
"1HEI.MI","timeseries","grossProfitQ","2025-09-30","3","0","MISSING"
"1HEN.MI","timeseries","grossProfitQ","2026-06-30","0","0","MISSING"
"1HEN.MI","timeseries","grossProfitQ","2026-03-31","1","0","MISSING"
"1HEN.MI","timeseries","grossProfitQ","2025-12-31","2","0","MISSING"
"1HEN.MI","timeseries","grossProfitQ","2025-09-30","3","0","MISSING"
"1HOLN.MI","timeseries","grossProfitQ","2026-03-31","0","0","MISSING"
"1HOLN.MI","timeseries","grossProfitQ","2025-12-31","1","0","MISSING"
"1HOLN.MI","timeseries","grossProfitQ","2025-09-30","2","0","MISSING"
"1HOLN.MI","timeseries","grossProfitQ","2025-06-30","3","0","MISSING"
"1ICE.MI","annual","annualGP","2025-12-31","0","0","MISSING"
"1ICE.MI","annual","annualGP","2024-12-31","1","0","MISSING"
"1ICE.MI","annual","annualGP","2023-12-31","2","0","MISSING"
"1ICE.MI","annual","annualGP","2022-12-31","3","0","MISSING"
"1INGA.MI","annual","annualGP","2025-12-31","0","0","MISSING"
"1INGA.MI","annual","annualGP","2024-12-31","1","0","MISSING"
"1INGA.MI","annual","annualGP","2023-12-31","2","0","MISSING"
"1INGA.MI","annual","annualGP","2022-12-31","3","0","MISSING"
"1IOVA.MI","annual","annualRev","2022-12-31","3","0","MISSING"
"1JOBY.MI","annual","annualRev","2022-12-31","3","0","MISSING"
"1KER.MI","timeseries","grossProfitQ","2026-06-30","0","0","MISSING"
"1KER.MI","timeseries","grossProfitQ","2026-03-31","1","0","MISSING"
"1KER.MI","timeseries","grossProfitQ","2025-12-31","2","0","MISSING"
"1KER.MI","timeseries","grossProfitQ","2025-09-30","3","0","MISSING"
"1KKR.MI","annual","annualGP","2025-12-31","0","0","MISSING"
"1KKR.MI","annual","annualGP","2024-12-31","1","0","MISSING"
"1KKR.MI","annual","annualGP","2023-12-31","2","0","MISSING"
"1KKR.MI","annual","annualGP","2022-12-31","3","0","MISSING"
"1KRYS.MI","annual","annualRev","2022-12-31","3","0","MISSING"
"1LPLA.MI","annual","annualGP","2025-12-31","0","0","MISSING"
"1LPLA.MI","annual","annualGP","2024-12-31","1","0","MISSING"
"1LPLA.MI","annual","annualGP","2023-12-31","2","0","MISSING"
"1LPLA.MI","annual","annualGP","2022-12-31","3","0","MISSING"
"1MA.MI","annual","annualGP","2025-12-31","0","0","MISSING"
"1MA.MI","annual","annualGP","2024-12-31","1","0","MISSING"
"1MA.MI","annual","annualGP","2023-12-31","2","0","MISSING"
"1MA.MI","annual","annualGP","2022-12-31","3","0","MISSING"
"1MAP.MI","timeseries","revenueQ","2026-06-30","0","0","MISSING"
"1MAP.MI","timeseries","grossProfitQ","2026-03-31","1","0","MISSING"
"1MAP.MI","timeseries","grossProfitQ","2025-12-31","2","0","MISSING"
"1MAP.MI","timeseries","grossProfitQ","2025-09-30","3","0","MISSING"
"1MC.MI","timeseries","grossProfitQ","2026-06-30","0","0","MISSING"
"1MC.MI","timeseries","grossProfitQ","2026-03-31","1","0","MISSING"
"1MC.MI","timeseries","grossProfitQ","2025-12-31","2","0","MISSING"
"1MC.MI","timeseries","grossProfitQ","2025-09-30","3","0","MISSING"
"1MDGL.MI","annual","annualRev","2023-12-31","2","0","MISSING"
"1MDGL.MI","annual","annualGP","2025-12-31","0","0","MISSING"
"1MDGL.MI","annual","annualGP","2024-12-31","1","0","MISSING"
"1MTX.MI","timeseries","grossProfitQ","2026-06-30","0","0","MISSING"
"1MTX.MI","timeseries","grossProfitQ","2026-03-31","1","0","MISSING"
"1MTX.MI","timeseries","grossProfitQ","2025-12-31","2","0","MISSING"
"1MTX.MI","timeseries","grossProfitQ","2025-09-30","3","0","MISSING"
"1N8.DE","timeseries","grossProfitQ","2026-06-30","0","0","MISSING"
"1N8.DE","timeseries","grossProfitQ","2026-03-31","1","0","MISSING"
"1N8.DE","timeseries","grossProfitQ","2025-12-31","2","0","MISSING"
"1N8.DE","timeseries","grossProfitQ","2025-09-30","3","0","MISSING"
"1NESN.MI","timeseries","grossProfitQ","2026-06-30","0","0","MISSING"
"1NESN.MI","timeseries","grossProfitQ","2026-03-31","1","0","MISSING"
"1NESN.MI","timeseries","grossProfitQ","2025-12-31","2","0","MISSING"
"1NESN.MI","timeseries","grossProfitQ","2025-09-30","3","0","MISSING"
"1OWL.MI","annual","annualGP","2025-12-31","0","0","MISSING"
"1OWL.MI","annual","annualGP","2024-12-31","1","0","MISSING"
"1OWL.MI","annual","annualGP","2023-12-31","2","0","MISSING"
"1OWL.MI","annual","annualGP","2022-12-31","3","0","MISSING"
"1PFV.MI","timeseries","grossProfitQ","2023-09-30","0","0","MISSING"
"1PFV.MI","timeseries","grossProfitQ","2023-06-30","1","0","MISSING"
"1PFV.MI","timeseries","grossProfitQ","2023-03-31","2","0","MISSING"
"1PFV.MI","timeseries","grossProfitQ","2022-12-31","3","0","MISSING"
"1PGHN.MI","annual","annualGP","2025-12-31","0","0","MISSING"
"1PGHN.MI","annual","annualGP","2024-12-31","1","0","MISSING"
"1PGHN.MI","annual","annualGP","2023-12-31","2","0","MISSING"
"1PGHN.MI","annual","annualGP","2022-12-31","3","0","MISSING"
"1PUIG.MI","timeseries","grossProfitQ","2026-06-30","0","0","MISSING"
"1PUIG.MI","timeseries","grossProfitQ","2025-12-31","1","0","MISSING"
"1PUIG.MI","timeseries","grossProfitQ","2025-09-30","2","0","MISSING"
"1PUIG.MI","timeseries","grossProfitQ","2025-06-30","3","0","MISSING"
"1QZ.DE","annual","annualGP","2025-12-31","0","0","MISSING"
"1QZ.DE","annual","annualGP","2024-12-31","1","0","MISSING"
"1QZ.DE","annual","annualGP","2023-12-31","2","0","MISSING"
"1QZ.DE","annual","annualGP","2022-12-31","3","0","MISSING"
"1RBI.MI","annual","annualGP","2025-12-31","0","0","MISSING"
"1RBI.MI","annual","annualGP","2024-12-31","1","0","MISSING"
"1RBI.MI","annual","annualGP","2023-12-31","2","0","MISSING"
"1RBI.MI","annual","annualGP","2022-12-31","3","0","MISSING"
"1RNO.MI","timeseries","grossProfitQ","2026-03-31","0","0","MISSING"
"1RNO.MI","timeseries","grossProfitQ","2025-12-31","1","0","MISSING"
"1RNO.MI","timeseries","grossProfitQ","2025-09-30","2","0","MISSING"
"1RNO.MI","timeseries","grossProfitQ","2025-06-30","3","0","MISSING"
"1RO.MI","timeseries","grossProfitQ","2026-06-30","0","0","MISSING"
"1RO.MI","timeseries","grossProfitQ","2026-03-31","1","0","MISSING"
"1RO.MI","timeseries","grossProfitQ","2025-12-31","2","0","MISSING"
"1RO.MI","timeseries","grossProfitQ","2025-09-30","3","0","MISSING"
"1ROG.MI","timeseries","grossProfitQ","2026-06-30","0","0","MISSING"
"1ROG.MI","timeseries","grossProfitQ","2026-03-31","1","0","MISSING"
"1ROG.MI","timeseries","grossProfitQ","2025-12-31","2","0","MISSING"
"1ROG.MI","timeseries","grossProfitQ","2025-09-30","3","0","MISSING"
"1RRTL.MI","timeseries","grossProfitQ","2023-12-31","0","0","MISSING"
"1RRTL.MI","timeseries","grossProfitQ","2023-09-30","1","0","MISSING"
"1RRTL.MI","timeseries","grossProfitQ","2023-06-30","2","0","MISSING"
"1RRTL.MI","timeseries","grossProfitQ","2023-03-31","3","0","MISSING"
"1RVMD.MI","annual","annualRev","2024-12-31","1","0","MISSING"
"1SGSN.MI","timeseries","grossProfitQ","2026-06-30","0","0","MISSING"
"1SGSN.MI","timeseries","grossProfitQ","2025-12-31","1","0","MISSING"
"1SGSN.MI","timeseries","grossProfitQ","2025-09-30","2","0","MISSING"
"1SGSN.MI","timeseries","grossProfitQ","2025-03-31","3","0","MISSING"
"1SIGN.MI","timeseries","grossProfitQ","2026-06-30","0","0","MISSING"
"1SIGN.MI","timeseries","grossProfitQ","2025-12-31","1","0","MISSING"
"1SIGN.MI","timeseries","grossProfitQ","2025-09-30","2","0","MISSING"
"1SIGN.MI","timeseries","grossProfitQ","2025-06-30","3","0","MISSING"
"1SIKA.MI","timeseries","grossProfitQ","2026-06-30","0","0","MISSING"
"1SIKA.MI","timeseries","grossProfitQ","2026-03-31","1","0","MISSING"
"1SIKA.MI","timeseries","grossProfitQ","2025-09-30","2","0","MISSING"
"1SIKA.MI","timeseries","grossProfitQ","2025-06-30","3","0","MISSING"
"1SLHN.MI","timeseries","revenueQ","2013-03-31","3","0","MISSING"
"1SLHN.MI","timeseries","grossProfitQ","2016-03-31","0","0","MISSING"
"1SLHN.MI","timeseries","grossProfitQ","2014-09-30","1","0","MISSING"
"1SLHN.MI","timeseries","grossProfitQ","2014-03-31","2","0","MISSING"
"1SLHN.MI","annual","annualGP","2025-12-31","0","0","MISSING"
"1SLHN.MI","annual","annualGP","2024-12-31","1","0","MISSING"
"1SLHN.MI","annual","annualGP","2023-12-31","2","0","MISSING"
"1SLHN.MI","annual","annualGP","2022-12-31","3","0","MISSING"
"1SREN.MI","timeseries","grossProfitQ","2026-06-30","0","0","MISSING"
"1SREN.MI","timeseries","grossProfitQ","2026-03-31","1","0","MISSING"
"1SREN.MI","timeseries","grossProfitQ","2025-12-31","2","0","MISSING"
"1SREN.MI","timeseries","grossProfitQ","2025-09-30","3","0","MISSING"
"1STMN.MI","timeseries","grossProfitQ","2026-06-30","0","0","MISSING"
"1STMN.MI","timeseries","grossProfitQ","2026-03-31","1","0","MISSING"
"1STMN.MI","timeseries","grossProfitQ","2025-12-31","2","0","MISSING"
"1STMN.MI","timeseries","grossProfitQ","2025-09-30","3","0","MISSING"
"1SYM.MI","timeseries","grossProfitQ","2026-03-31","0","0","MISSING"
"1SYM.MI","timeseries","grossProfitQ","2025-06-30","1","0","MISSING"
"1SYM.MI","timeseries","grossProfitQ","2025-03-31","2","0","MISSING"
"1SYM.MI","timeseries","grossProfitQ","2024-09-30","3","0","MISSING"
"1TECN.MI","timeseries","grossProfitQ","2010-06-30","0","0","MISSING"
"1TECN.MI","timeseries","grossProfitQ","2006-12-31","1","0","MISSING"
"1TECN.MI","timeseries","grossProfitQ","2006-09-30","2","0","MISSING"
"1TECN.MI","timeseries","grossProfitQ","2006-06-30","3","0","MISSING"
"1TLX.MI","annual","annualRev","2023-12-31","2","0","MISSING"
"1TROW.MI","annual","annualGP","2025-12-31","0","0","MISSING"
"1TROW.MI","annual","annualGP","2024-12-31","1","0","MISSING"
"1TROW.MI","annual","annualGP","2023-12-31","2","0","MISSING"
"1TROW.MI","annual","annualGP","2022-12-31","3","0","MISSING"
"1TUB.MI","annual","annualRev","2002-12-31","2","0","MISSING"
"1UNI.MI","annual","annualGP","2025-12-31","0","0","MISSING"
"1UNI.MI","annual","annualGP","2024-12-31","1","0","MISSING"
"1UNI.MI","annual","annualGP","2023-12-31","2","0","MISSING"
"1UNI.MI","annual","annualGP","2022-12-31","3","0","MISSING"
"1UQA.MI","timeseries","revenueQ","2025-09-30","3","0","MISSING"
"1UQA.MI","timeseries","grossProfitQ","2026-06-30","0","0","MISSING"
"1UQA.MI","timeseries","grossProfitQ","2026-03-31","1","0","MISSING"
"1UQA.MI","timeseries","grossProfitQ","2025-12-31","2","0","MISSING"
"1UQA.MI","annual","annualRev","2024-12-31","1","0","MISSING"
"1UQA.MI","annual","annualRev","2023-12-31","2","0","MISSING"
"1VACN.MI","timeseries","grossProfitQ","2026-06-30","0","0","MISSING"
"1VACN.MI","timeseries","grossProfitQ","2026-03-31","1","0","MISSING"
"1VACN.MI","timeseries","grossProfitQ","2025-12-31","2","0","MISSING"
"1VACN.MI","timeseries","grossProfitQ","2025-09-30","3","0","MISSING"
"1VID.MI","timeseries","grossProfitQ","2026-06-30","0","0","MISSING"
"1VID.MI","timeseries","grossProfitQ","2026-03-31","1","0","MISSING"
"1VID.MI","timeseries","grossProfitQ","2025-12-31","2","0","MISSING"
"1VID.MI","timeseries","grossProfitQ","2025-09-30","3","0","MISSING"
"1VIG.MI","timeseries","revenueQ","2022-09-30","1","0","MISSING"
"1VIG.MI","timeseries","revenueQ","2022-06-30","2","0","MISSING"
"1VIG.MI","timeseries","grossProfitQ","2026-03-31","0","0","MISSING"
"1VIG.MI","timeseries","grossProfitQ","2022-03-31","3","0","MISSING"
"1VIV.MI","timeseries","grossProfitQ","2023-09-30","0","0","MISSING"
"1VIV.MI","timeseries","grossProfitQ","2023-06-30","1","0","MISSING"
"1VIV.MI","timeseries","grossProfitQ","2022-09-30","2","0","MISSING"
"1VIV.MI","timeseries","grossProfitQ","2022-06-30","3","0","MISSING"
"1WTW.MI","annual","annualGP","2025-12-31","0","0","MISSING"
"1WTW.MI","annual","annualGP","2024-12-31","1","0","MISSING"
"1WTW.MI","annual","annualGP","2023-12-31","2","0","MISSING"
"1WTW.MI","annual","annualGP","2022-12-31","3","0","MISSING"
"2001.T","timeseries","grossProfitQ","2026-06-30","0","0","MISSING"
"2001.T","timeseries","grossProfitQ","2026-03-31","1","0","MISSING"
"2001.T","timeseries","grossProfitQ","2025-12-31","2","0","MISSING"
"2001.T","timeseries","grossProfitQ","2025-09-30","3","0","MISSING"
"2002.T","timeseries","grossProfitQ","2026-06-30","0","0","MISSING"
"2002.T","timeseries","grossProfitQ","2026-03-31","1","0","MISSING"
"2002.T","timeseries","grossProfitQ","2025-12-31","2","0","MISSING"
"2002.T","timeseries","grossProfitQ","2025-09-30","3","0","MISSING"
"2005.HK","timeseries","grossProfitQ","2011-03-31","0","0","MISSING"
"2009.HK","timeseries","revenueQ","2024-09-30","1","0","MISSING"
"2009.HK","timeseries","revenueQ","2020-09-30","3","0","MISSING"
"2009.HK","timeseries","grossProfitQ","2024-12-31","0","0","MISSING"
"2009.HK","timeseries","grossProfitQ","2020-12-31","2","0","MISSING"
"2018.HK","timeseries","grossProfitQ","2022-12-31","0","0","MISSING"
"2018.HK","timeseries","grossProfitQ","2022-09-30","1","0","MISSING"
"2018.HK","timeseries","grossProfitQ","2022-06-30","2","0","MISSING"
"2018.HK","timeseries","grossProfitQ","2022-03-31","3","0","MISSING"
"2038.HK","timeseries","grossProfitQ","2007-12-31","0","0","MISSING"
"2038.HK","timeseries","grossProfitQ","2005-09-30","1","0","MISSING"
"204320.KS","timeseries","grossProfitQ","2026-06-30","0","0","MISSING"
"204320.KS","timeseries","grossProfitQ","2026-03-31","1","0","MISSING"
"204320.KS","timeseries","grossProfitQ","2025-12-31","2","0","MISSING"
"204320.KS","timeseries","grossProfitQ","2025-09-30","3","0","MISSING"
"2096.HK","timeseries","grossProfitQ","2013-09-30","0","0","MISSING"
"2096.HK","timeseries","grossProfitQ","2013-06-30","1","0","MISSING"
"2096.HK","timeseries","grossProfitQ","2013-03-31","2","0","MISSING"
"2096.HK","timeseries","grossProfitQ","2012-12-31","3","0","MISSING"
"2121.T","timeseries","grossProfitQ","2026-06-30","0","0","MISSING"
"2121.T","timeseries","grossProfitQ","2026-03-31","1","0","MISSING"
"2121.T","timeseries","grossProfitQ","2025-12-31","2","0","MISSING"
"2121.T","timeseries","grossProfitQ","2025-09-30","3","0","MISSING"
"2124.T","timeseries","grossProfitQ","2026-06-30","0","0","MISSING"
"2124.T","timeseries","grossProfitQ","2026-03-31","1","0","MISSING"
"2124.T","timeseries","grossProfitQ","2025-12-31","2","0","MISSING"
"2124.T","timeseries","grossProfitQ","2025-09-30","3","0","MISSING"
"2127.T","timeseries","grossProfitQ","2026-06-30","0","0","MISSING"
"2127.T","timeseries","grossProfitQ","2026-03-31","1","0","MISSING"
"2127.T","timeseries","grossProfitQ","2025-12-31","2","0","MISSING"
"2127.T","timeseries","grossProfitQ","2025-09-30","3","0","MISSING"
"2146.T","timeseries","grossProfitQ","2026-06-30","0","0","MISSING"
"2146.T","timeseries","grossProfitQ","2026-03-31","1","0","MISSING"
"2146.T","timeseries","grossProfitQ","2025-12-31","2","0","MISSING"
"2146.T","timeseries","grossProfitQ","2025-09-30","3","0","MISSING"
"2154.T","timeseries","grossProfitQ","2026-06-30","0","0","MISSING"
"2154.T","timeseries","grossProfitQ","2026-03-31","1","0","MISSING"
"2154.T","timeseries","grossProfitQ","2025-12-31","2","0","MISSING"
"2154.T","timeseries","grossProfitQ","2025-09-30","3","0","MISSING"
"215A.T","timeseries","grossProfitQ","2026-07-31","0","0","MISSING"
"215A.T","timeseries","grossProfitQ","2025-10-31","1","0","MISSING"
"215A.T","timeseries","grossProfitQ","2025-07-31","2","0","MISSING"
"215A.T","timeseries","grossProfitQ","2025-04-30","3","0","MISSING"
"2160.T","timeseries","grossProfitQ","2026-03-31","0","0","MISSING"
"2160.T","timeseries","grossProfitQ","2025-09-30","1","0","MISSING"
"2160.T","timeseries","grossProfitQ","2025-06-30","2","0","MISSING"
"2160.T","timeseries","grossProfitQ","2025-03-31","3","0","MISSING"
"2171.HK","annual","annualRev","2023-12-31","2","0","MISSING"
"2175.T","timeseries","grossProfitQ","2026-06-30","0","0","MISSING"
"2175.T","timeseries","grossProfitQ","2026-03-31","1","0","MISSING"
"2175.T","timeseries","grossProfitQ","2025-12-31","2","0","MISSING"
"2175.T","timeseries","grossProfitQ","2025-09-30","3","0","MISSING"
"2181.T","timeseries","grossProfitQ","2026-06-30","0","0","MISSING"
"2181.T","timeseries","grossProfitQ","2026-03-31","1","0","MISSING"
"2181.T","timeseries","grossProfitQ","2025-12-31","2","0","MISSING"
"2181.T","timeseries","grossProfitQ","2025-09-30","3","0","MISSING"
"2186.HK","timeseries","grossProfitQ","2008-12-31","0","0","MISSING"
"2186.HK","timeseries","grossProfitQ","2005-03-31","1","0","MISSING"
"2201.T","timeseries","grossProfitQ","2026-06-30","0","0","MISSING"
"2201.T","timeseries","grossProfitQ","2026-03-31","1","0","MISSING"
"2201.T","timeseries","grossProfitQ","2025-12-31","2","0","MISSING"
"2201.T","timeseries","grossProfitQ","2025-09-30","3","0","MISSING"
"2206.T","timeseries","grossProfitQ","2026-03-31","0","0","MISSING"
"2206.T","timeseries","grossProfitQ","2025-12-31","1","0","MISSING"
"2206.T","timeseries","grossProfitQ","2025-09-30","2","0","MISSING"
"2206.T","timeseries","grossProfitQ","2025-03-31","3","0","MISSING"
"2212.T","timeseries","grossProfitQ","2026-06-30","0","0","MISSING"
"2212.T","timeseries","grossProfitQ","2026-03-31","1","0","MISSING"
"2212.T","timeseries","grossProfitQ","2025-12-31","2","0","MISSING"
"2212.T","timeseries","grossProfitQ","2025-09-30","3","0","MISSING"
"2218.HK","timeseries","revenueQ","2022-03-31","0","0","MISSING"
"2218.HK","timeseries","grossProfitQ","2006-09-30","1","0","MISSING"
"2222.T","timeseries","grossProfitQ","2026-06-30","0","0","MISSING"
"2222.T","timeseries","grossProfitQ","2026-03-31","1","0","MISSING"
"2222.T","timeseries","grossProfitQ","2025-12-31","2","0","MISSING"
"2222.T","timeseries","grossProfitQ","2025-09-30","3","0","MISSING"
"2229.T","timeseries","grossProfitQ","2026-06-30","0","0","MISSING"
"2229.T","timeseries","grossProfitQ","2026-03-31","1","0","MISSING"
"2229.T","timeseries","grossProfitQ","2025-12-31","2","0","MISSING"
"2229.T","timeseries","grossProfitQ","2025-09-30","3","0","MISSING"
"2250.SR","annual","annualRev","2025-12-31","0","0","MISSING"
"2250.SR","annual","annualRev","2023-12-31","2","0","MISSING"
"2264.T","timeseries","grossProfitQ","2026-06-30","0","0","MISSING"
"2264.T","timeseries","grossProfitQ","2026-03-31","1","0","MISSING"
"2264.T","timeseries","grossProfitQ","2025-12-31","2","0","MISSING"
"2264.T","timeseries","grossProfitQ","2025-09-30","3","0","MISSING"
"2267.T","timeseries","grossProfitQ","2026-06-30","0","0","MISSING"
"2267.T","timeseries","grossProfitQ","2026-03-31","1","0","MISSING"
"2267.T","timeseries","grossProfitQ","2025-12-31","2","0","MISSING"
"2267.T","timeseries","grossProfitQ","2025-09-30","3","0","MISSING"
"2269.T","timeseries","grossProfitQ","2026-06-30","0","0","MISSING"
"2269.T","timeseries","grossProfitQ","2026-03-31","1","0","MISSING"
"2269.T","timeseries","grossProfitQ","2025-12-31","2","0","MISSING"
"2269.T","timeseries","grossProfitQ","2025-09-30","3","0","MISSING"
"2270.T","timeseries","grossProfitQ","2026-06-30","0","0","MISSING"
"2270.T","timeseries","grossProfitQ","2026-03-31","1","0","MISSING"
"2270.T","timeseries","grossProfitQ","2025-12-31","2","0","MISSING"
"2270.T","timeseries","grossProfitQ","2025-09-30","3","0","MISSING"
"2282.HK","timeseries","grossProfitQ","2026-06-30","0","0","MISSING"
"2282.HK","timeseries","grossProfitQ","2026-03-31","1","0","MISSING"
"2282.HK","timeseries","grossProfitQ","2025-12-31","2","0","MISSING"
"2282.HK","timeseries","grossProfitQ","2025-09-30","3","0","MISSING"
"2282.T","timeseries","grossProfitQ","2026-06-30","0","0","MISSING"
"2282.T","timeseries","grossProfitQ","2026-03-31","1","0","MISSING"
"2282.T","timeseries","grossProfitQ","2025-12-31","2","0","MISSING"
"2282.T","timeseries","grossProfitQ","2025-09-30","3","0","MISSING"
"2296.T","timeseries","grossProfitQ","2026-06-30","0","0","MISSING"
"2296.T","timeseries","grossProfitQ","2026-03-31","1","0","MISSING"
"2296.T","timeseries","grossProfitQ","2025-12-31","2","0","MISSING"
"2296.T","timeseries","grossProfitQ","2025-09-30","3","0","MISSING"
"2317.T","timeseries","grossProfitQ","2026-06-30","0","0","MISSING"
"2317.T","timeseries","grossProfitQ","2026-03-31","1","0","MISSING"
"2317.T","timeseries","grossProfitQ","2025-12-31","2","0","MISSING"
"2317.T","timeseries","grossProfitQ","2025-09-30","3","0","MISSING"
"2327.T","timeseries","grossProfitQ","2026-06-30","0","0","MISSING"
"2327.T","timeseries","grossProfitQ","2026-03-31","1","0","MISSING"
"2327.T","timeseries","grossProfitQ","2025-12-31","2","0","MISSING"
"2327.T","timeseries","grossProfitQ","2025-09-30","3","0","MISSING"
"2328.HK","annual","annualRev","2023-12-31","2","0","MISSING"
"2331.T","timeseries","grossProfitQ","2026-06-30","0","0","MISSING"
"2331.T","timeseries","grossProfitQ","2026-03-31","1","0","MISSING"
"2331.T","timeseries","grossProfitQ","2025-12-31","2","0","MISSING"
"2331.T","timeseries","grossProfitQ","2025-09-30","3","0","MISSING"
"2333.HK","timeseries","grossProfitQ","2026-06-30","0","0","MISSING"
"2333.HK","timeseries","grossProfitQ","2026-03-31","1","0","MISSING"
"2333.HK","timeseries","grossProfitQ","2025-12-31","2","0","MISSING"
"2333.HK","timeseries","grossProfitQ","2025-09-30","3","0","MISSING"
"2337.T","timeseries","grossProfitQ","2026-05-31","0","0","MISSING"
"2337.T","timeseries","grossProfitQ","2026-02-28","1","0","MISSING"
"2337.T","timeseries","grossProfitQ","2025-11-30","2","0","MISSING"
"2337.T","timeseries","grossProfitQ","2025-08-31","3","0","MISSING"
"2343.HK","timeseries","revenueQ","2022-06-30","0","0","MISSING"
"2343.HK","timeseries","grossProfitQ","2013-12-31","1","0","MISSING"
"2343.HK","timeseries","grossProfitQ","2013-09-30","2","0","MISSING"
"2343.HK","timeseries","grossProfitQ","2013-06-30","3","0","MISSING"
"2371.T","timeseries","grossProfitQ","2026-06-30","0","0","MISSING"
"2371.T","timeseries","grossProfitQ","2026-03-31","1","0","MISSING"
"2371.T","timeseries","grossProfitQ","2025-12-31","2","0","MISSING"
"2371.T","timeseries","grossProfitQ","2025-09-30","3","0","MISSING"
"2378.HK","timeseries","grossProfitQ","2013-03-31","0","0","MISSING"
"2378.HK","timeseries","grossProfitQ","2011-09-30","1","0","MISSING"
"2378.HK","timeseries","grossProfitQ","2011-03-31","2","0","MISSING"
"2378.HK","timeseries","grossProfitQ","2010-09-30","3","0","MISSING"
"2378.HK","annual","annualRev","2023-12-31","2","0","MISSING"
"2384.T","timeseries","grossProfitQ","2026-06-30","0","0","MISSING"
"2384.T","timeseries","grossProfitQ","2026-03-31","1","0","MISSING"
"2384.T","timeseries","grossProfitQ","2025-12-31","2","0","MISSING"
"2384.T","timeseries","grossProfitQ","2025-09-30","3","0","MISSING"
"2388.HK","timeseries","grossProfitQ","2024-12-31","0","0","MISSING"
"2388.HK","timeseries","grossProfitQ","2024-09-30","1","0","MISSING"
"2388.HK","timeseries","grossProfitQ","2024-03-31","2","0","MISSING"
"2388.HK","timeseries","grossProfitQ","2023-12-31","3","0","MISSING"
"2413.T","timeseries","grossProfitQ","2026-06-30","0","0","MISSING"
"2413.T","timeseries","grossProfitQ","2026-03-31","1","0","MISSING"
"2413.T","timeseries","grossProfitQ","2025-12-31","2","0","MISSING"
"2413.T","timeseries","grossProfitQ","2025-09-30","3","0","MISSING"
"2432.T","timeseries","grossProfitQ","2026-06-30","0","0","MISSING"
"2432.T","timeseries","grossProfitQ","2026-03-31","1","0","MISSING"
"2432.T","timeseries","grossProfitQ","2025-12-31","2","0","MISSING"
"2432.T","timeseries","grossProfitQ","2025-09-30","3","0","MISSING"
"2433.T","timeseries","grossProfitQ","2026-06-30","0","0","MISSING"
"2433.T","timeseries","grossProfitQ","2025-12-31","1","0","MISSING"
"2433.T","timeseries","grossProfitQ","2025-09-30","2","0","MISSING"
"2433.T","timeseries","grossProfitQ","2025-06-30","3","0","MISSING"
"2492.T","timeseries","grossProfitQ","2026-06-30","0","0","MISSING"
"2492.T","timeseries","grossProfitQ","2026-03-31","1","0","MISSING"
"2492.T","timeseries","grossProfitQ","2025-12-31","2","0","MISSING"
"2492.T","timeseries","grossProfitQ","2025-09-30","3","0","MISSING"
"2498.HK","timeseries","revenueQ","2026-06-30","0","0","MISSING"
"2498.HK","timeseries","grossProfitQ","2025-12-31","1","0","MISSING"
"2498.HK","timeseries","grossProfitQ","2025-09-30","2","0","MISSING"
"2498.HK","timeseries","grossProfitQ","2025-06-30","3","0","MISSING"
"2501.T","timeseries","grossProfitQ","2026-06-30","0","0","MISSING"
"2501.T","timeseries","grossProfitQ","2026-03-31","1","0","MISSING"
"2501.T","timeseries","grossProfitQ","2025-12-31","2","0","MISSING"
"2501.T","timeseries","grossProfitQ","2025-09-30","3","0","MISSING"
"2502.T","timeseries","grossProfitQ","2025-12-31","0","0","MISSING"
"2502.T","timeseries","grossProfitQ","2025-09-30","1","0","MISSING"
"2502.T","timeseries","grossProfitQ","2025-06-30","2","0","MISSING"
"2502.T","timeseries","grossProfitQ","2025-03-31","3","0","MISSING"
"2503.T","timeseries","grossProfitQ","2026-06-30","0","0","MISSING"
"2503.T","timeseries","grossProfitQ","2026-03-31","1","0","MISSING"
"2503.T","timeseries","grossProfitQ","2025-12-31","2","0","MISSING"
"2503.T","timeseries","grossProfitQ","2025-09-30","3","0","MISSING"
"2531.T","timeseries","grossProfitQ","2025-12-31","0","0","MISSING"
"2531.T","timeseries","grossProfitQ","2025-06-30","1","0","MISSING"
"2531.T","timeseries","grossProfitQ","2024-12-31","2","0","MISSING"
"2531.T","timeseries","grossProfitQ","2024-06-30","3","0","MISSING"
"2579.T","timeseries","grossProfitQ","2026-06-30","0","0","MISSING"
"2579.T","timeseries","grossProfitQ","2026-03-31","1","0","MISSING"
"2579.T","timeseries","grossProfitQ","2025-12-31","2","0","MISSING"
"2579.T","timeseries","grossProfitQ","2025-09-30","3","0","MISSING"
"2587.T","timeseries","grossProfitQ","2026-06-30","0","0","MISSING"
"2587.T","timeseries","grossProfitQ","2026-03-31","1","0","MISSING"
"2587.T","timeseries","grossProfitQ","2025-12-31","2","0","MISSING"
"2587.T","timeseries","grossProfitQ","2025-09-30","3","0","MISSING"
"2593.T","timeseries","grossProfitQ","2026-04-30","0","0","MISSING"
"2593.T","timeseries","grossProfitQ","2026-01-31","1","0","MISSING"
"2593.T","timeseries","grossProfitQ","2025-10-31","2","0","MISSING"
"2593.T","timeseries","grossProfitQ","2025-07-31","3","0","MISSING"
"25935.T","timeseries","grossProfitQ","2026-04-30","0","0","MISSING"
"25935.T","timeseries","grossProfitQ","2026-01-31","1","0","MISSING"
"25935.T","timeseries","grossProfitQ","2025-10-31","2","0","MISSING"
"25935.T","timeseries","grossProfitQ","2025-07-31","3","0","MISSING"
"2601.HK","annual","annualRev","2023-12-31","2","0","MISSING"
"2602.T","timeseries","revenueQ","2026-03-31","1","0","MISSING"
"2602.T","timeseries","grossProfitQ","2026-06-30","0","0","MISSING"
"2602.T","timeseries","grossProfitQ","2025-12-31","2","0","MISSING"
"2602.T","timeseries","grossProfitQ","2025-09-30","3","0","MISSING"
"2607.T","timeseries","grossProfitQ","2026-06-30","0","0","MISSING"
"2607.T","timeseries","grossProfitQ","2026-03-31","1","0","MISSING"
"2607.T","timeseries","grossProfitQ","2025-12-31","2","0","MISSING"
"2607.T","timeseries","grossProfitQ","2025-09-30","3","0","MISSING"
"2618.HK","timeseries","grossProfitQ","2026-06-30","0","0","MISSING"
"2618.HK","timeseries","grossProfitQ","2026-03-31","1","0","MISSING"
"2618.HK","timeseries","grossProfitQ","2025-12-31","2","0","MISSING"
"2618.HK","timeseries","grossProfitQ","2025-09-30","3","0","MISSING"
"2628.HK","annual","annualRev","2024-12-31","1","0","MISSING"
"2659.T","timeseries","grossProfitQ","2026-05-31","0","0","MISSING"
"2659.T","timeseries","grossProfitQ","2026-02-28","1","0","MISSING"
"2659.T","timeseries","grossProfitQ","2025-11-30","2","0","MISSING"
"2659.T","timeseries","grossProfitQ","2025-08-31","3","0","MISSING"
"2670.HK","annual","annualRev","2024-12-31","1","0","MISSING"
"2670.T","timeseries","grossProfitQ","2026-05-31","0","0","MISSING"
"2670.T","timeseries","grossProfitQ","2026-02-28","1","0","MISSING"
"2670.T","timeseries","grossProfitQ","2025-11-30","2","0","MISSING"
"2670.T","timeseries","grossProfitQ","2025-08-31","3","0","MISSING"
"2685.T","timeseries","grossProfitQ","2026-05-31","0","0","MISSING"
"2685.T","timeseries","grossProfitQ","2026-02-28","1","0","MISSING"
"2685.T","timeseries","grossProfitQ","2025-11-30","2","0","MISSING"
"2685.T","timeseries","grossProfitQ","2025-08-31","3","0","MISSING"
"268A.T","timeseries","grossProfitQ","2026-06-30","0","0","MISSING"
"268A.T","timeseries","grossProfitQ","2026-03-31","1","0","MISSING"
"268A.T","timeseries","grossProfitQ","2025-12-31","2","0","MISSING"
"268A.T","timeseries","grossProfitQ","2025-09-30","3","0","MISSING"
"2695.T","timeseries","grossProfitQ","2026-07-31","0","0","MISSING"
"2695.T","timeseries","grossProfitQ","2026-04-30","1","0","MISSING"
"2695.T","timeseries","grossProfitQ","2026-01-31","2","0","MISSING"
"2695.T","timeseries","grossProfitQ","2025-10-31","3","0","MISSING"
"2698.HK","annual","annualRev","2024-12-31","1","0","MISSING"
"2702.T","timeseries","grossProfitQ","2026-06-30","0","0","MISSING"
"2702.T","timeseries","grossProfitQ","2026-03-31","1","0","MISSING"
"2702.T","timeseries","grossProfitQ","2025-12-31","2","0","MISSING"
"2702.T","timeseries","grossProfitQ","2025-09-30","3","0","MISSING"
"2726.T","timeseries","grossProfitQ","2026-05-31","0","0","MISSING"
"2726.T","timeseries","grossProfitQ","2026-02-28","1","0","MISSING"
"2726.T","timeseries","grossProfitQ","2025-11-30","2","0","MISSING"
"2726.T","timeseries","grossProfitQ","2025-08-31","3","0","MISSING"
"2730.T","timeseries","grossProfitQ","2026-06-30","0","0","MISSING"
"2730.T","timeseries","grossProfitQ","2025-12-31","1","0","MISSING"
"2730.T","timeseries","grossProfitQ","2025-06-30","2","0","MISSING"
"2730.T","timeseries","grossProfitQ","2024-12-31","3","0","MISSING"
"2737.T","timeseries","grossProfitQ","2026-06-30","0","0","MISSING"
"2737.T","timeseries","grossProfitQ","2025-12-31","1","0","MISSING"
"2737.T","timeseries","grossProfitQ","2025-06-30","2","0","MISSING"
"2737.T","timeseries","grossProfitQ","2024-12-31","3","0","MISSING"
"2760.T","timeseries","grossProfitQ","2026-03-31","0","0","MISSING"
"2760.T","timeseries","grossProfitQ","2025-12-31","1","0","MISSING"
"2760.T","timeseries","grossProfitQ","2025-09-30","2","0","MISSING"
"2760.T","timeseries","grossProfitQ","2025-06-30","3","0","MISSING"
"2767.T","timeseries","grossProfitQ","2026-06-30","0","0","MISSING"
"2767.T","timeseries","grossProfitQ","2026-03-31","1","0","MISSING"
"2767.T","timeseries","grossProfitQ","2025-12-31","2","0","MISSING"
"2767.T","timeseries","grossProfitQ","2025-09-30","3","0","MISSING"
"2768.T","timeseries","revenueQ","2025-09-30","3","0","MISSING"
"2768.T","timeseries","grossProfitQ","2026-06-30","0","0","MISSING"
"2768.T","timeseries","grossProfitQ","2026-03-31","1","0","MISSING"
"2768.T","timeseries","grossProfitQ","2025-12-31","2","0","MISSING"
"2782.T","timeseries","grossProfitQ","2026-06-30","0","0","MISSING"
"2782.T","timeseries","grossProfitQ","2026-03-31","1","0","MISSING"
"2782.T","timeseries","grossProfitQ","2025-12-31","2","0","MISSING"
"2782.T","timeseries","grossProfitQ","2025-09-30","3","0","MISSING"
"2784.T","timeseries","grossProfitQ","2026-06-30","0","0","MISSING"
"2784.T","timeseries","grossProfitQ","2026-03-31","1","0","MISSING"
"2784.T","timeseries","grossProfitQ","2025-12-31","2","0","MISSING"
"2784.T","timeseries","grossProfitQ","2025-09-30","3","0","MISSING"
"278A.T","timeseries","grossProfitQ","2026-07-31","0","0","MISSING"
"278A.T","timeseries","grossProfitQ","2026-04-30","1","0","MISSING"
"278A.T","timeseries","grossProfitQ","2026-01-31","2","0","MISSING"
"278A.T","timeseries","grossProfitQ","2025-10-31","3","0","MISSING"
"2799.HK","annual","annualGP","2025-12-31","0","0","MISSING"
"2799.HK","annual","annualGP","2024-12-31","1","0","MISSING"
"2799.HK","annual","annualGP","2023-12-31","2","0","MISSING"
"2799.HK","annual","annualGP","2022-12-31","3","0","MISSING"
"2801.T","timeseries","grossProfitQ","2026-06-30","0","0","MISSING"
"2801.T","timeseries","grossProfitQ","2026-03-31","1","0","MISSING"
"2801.T","timeseries","grossProfitQ","2025-12-31","2","0","MISSING"
"2801.T","timeseries","grossProfitQ","2025-09-30","3","0","MISSING"
"2802.T","timeseries","grossProfitQ","2026-06-30","0","0","MISSING"
"2802.T","timeseries","grossProfitQ","2026-03-31","1","0","MISSING"
"2802.T","timeseries","grossProfitQ","2025-12-31","2","0","MISSING"
"2802.T","timeseries","grossProfitQ","2025-09-30","3","0","MISSING"
"2805.T","timeseries","grossProfitQ","2026-06-30","0","0","MISSING"
"2805.T","timeseries","grossProfitQ","2026-03-31","1","0","MISSING"
"2805.T","timeseries","grossProfitQ","2025-12-31","2","0","MISSING"
"2805.T","timeseries","grossProfitQ","2025-06-30","3","0","MISSING"
"2809.T","timeseries","grossProfitQ","2026-05-31","0","0","MISSING"
"2809.T","timeseries","grossProfitQ","2026-02-28","1","0","MISSING"
"2809.T","timeseries","grossProfitQ","2025-11-30","2","0","MISSING"
"2809.T","timeseries","grossProfitQ","2025-08-31","3","0","MISSING"
"2810.T","timeseries","grossProfitQ","2026-06-30","0","0","MISSING"
"2810.T","timeseries","grossProfitQ","2025-12-31","1","0","MISSING"
"2810.T","timeseries","grossProfitQ","2025-09-30","2","0","MISSING"
"2810.T","timeseries","grossProfitQ","2025-06-30","3","0","MISSING"
"2811.T","timeseries","revenueQ","2025-12-31","2","0","MISSING"
"2811.T","timeseries","grossProfitQ","2026-06-30","0","0","MISSING"
"2811.T","timeseries","grossProfitQ","2026-03-31","1","0","MISSING"
"2811.T","timeseries","grossProfitQ","2025-09-30","3","0","MISSING"
"2812.TW","annual","annualRev","2017-12-31","1","0","MISSING"
"2815.T","timeseries","grossProfitQ","2026-06-30","0","0","MISSING"
"2815.T","timeseries","grossProfitQ","2025-12-31","1","0","MISSING"
"2815.T","timeseries","grossProfitQ","2025-09-30","2","0","MISSING"
"2815.T","timeseries","grossProfitQ","2025-06-30","3","0","MISSING"
"2858.HK","timeseries","grossProfitQ","2018-06-30","0","0","MISSING"
"2858.HK","timeseries","grossProfitQ","2018-03-31","1","0","MISSING"
"285A.T","timeseries","grossProfitQ","2026-06-30","0","0","MISSING"
"285A.T","timeseries","grossProfitQ","2026-03-31","1","0","MISSING"
"285A.T","timeseries","grossProfitQ","2025-12-31","2","0","MISSING"
"285A.T","timeseries","grossProfitQ","2025-09-30","3","0","MISSING"
"2871.T","timeseries","grossProfitQ","2026-06-30","0","0","MISSING"
"2871.T","timeseries","grossProfitQ","2026-03-31","1","0","MISSING"
"2871.T","timeseries","grossProfitQ","2025-03-31","2","0","MISSING"
"2871.T","timeseries","grossProfitQ","2024-12-31","3","0","MISSING"
"2875.T","timeseries","grossProfitQ","2026-06-30","0","0","MISSING"
"2875.T","timeseries","grossProfitQ","2026-03-31","1","0","MISSING"
"2875.T","timeseries","grossProfitQ","2025-12-31","2","0","MISSING"
"2875.T","timeseries","grossProfitQ","2025-09-30","3","0","MISSING"
"2877.HK","timeseries","grossProfitQ","2024-12-31","0","0","MISSING"
"2877.HK","timeseries","grossProfitQ","2011-12-31","1","0","MISSING"
"2877.HK","timeseries","grossProfitQ","2011-09-30","2","0","MISSING"
"2877.HK","timeseries","grossProfitQ","2011-06-30","3","0","MISSING"
"2887.TW","annual","annualGP","2025-12-31","0","0","MISSING"
"2887.TW","annual","annualGP","2024-12-31","1","0","MISSING"
"2887.TW","annual","annualGP","2023-12-31","2","0","MISSING"
"2887.TW","annual","annualGP","2022-12-31","3","0","MISSING"
"2897.T","timeseries","grossProfitQ","2026-06-30","0","0","MISSING"
"2897.T","timeseries","grossProfitQ","2026-03-31","1","0","MISSING"
"2897.T","timeseries","grossProfitQ","2025-12-31","2","0","MISSING"
"2897.T","timeseries","grossProfitQ","2025-09-30","3","0","MISSING"
"290A.T","timeseries","grossProfitQ","2026-03-31","0","0","MISSING"
"290A.T","timeseries","grossProfitQ","2025-12-31","1","0","MISSING"
"290A.T","timeseries","grossProfitQ","2025-09-30","2","0","MISSING"
"290A.T","timeseries","grossProfitQ","2025-03-31","3","0","MISSING"
"2914.T","timeseries","grossProfitQ","2026-06-30","0","0","MISSING"
"2914.T","timeseries","grossProfitQ","2026-03-31","1","0","MISSING"
"2914.T","timeseries","grossProfitQ","2025-12-31","2","0","MISSING"
"2914.T","timeseries","grossProfitQ","2025-09-30","3","0","MISSING"
"2GB.DE","timeseries","grossProfitQ","2021-06-30","0","0","MISSING"
"2GB.DE","timeseries","grossProfitQ","2021-03-31","1","0","MISSING"
"2GB.DE","timeseries","grossProfitQ","2019-12-31","2","0","MISSING"
"2GB.DE","timeseries","grossProfitQ","2019-09-30","3","0","MISSING"
"3003.T","timeseries","grossProfitQ","2026-06-30","0","0","MISSING"
"3003.T","timeseries","grossProfitQ","2026-03-31","1","0","MISSING"
"3003.T","timeseries","grossProfitQ","2025-12-31","2","0","MISSING"
"3003.T","timeseries","grossProfitQ","2025-09-30","3","0","MISSING"
"3038.T","timeseries","grossProfitQ","2026-07-31","0","0","MISSING"
"3038.T","timeseries","grossProfitQ","2026-04-30","1","0","MISSING"
"3038.T","timeseries","grossProfitQ","2026-01-31","2","0","MISSING"
"3038.T","timeseries","grossProfitQ","2025-10-31","3","0","MISSING"
"3046.T","timeseries","grossProfitQ","2026-05-31","0","0","MISSING"
"3046.T","timeseries","grossProfitQ","2026-02-28","1","0","MISSING"
"3046.T","timeseries","grossProfitQ","2025-11-30","2","0","MISSING"
"3046.T","timeseries","grossProfitQ","2025-08-31","3","0","MISSING"
"3048.T","timeseries","grossProfitQ","2026-05-31","0","0","MISSING"
"3048.T","timeseries","grossProfitQ","2026-02-28","1","0","MISSING"
"3048.T","timeseries","grossProfitQ","2025-11-30","2","0","MISSING"
"3048.T","timeseries","grossProfitQ","2025-08-31","3","0","MISSING"
"3050.T","timeseries","grossProfitQ","2026-05-31","0","0","MISSING"
"3050.T","timeseries","grossProfitQ","2026-02-28","1","0","MISSING"
"3050.T","timeseries","grossProfitQ","2025-11-30","2","0","MISSING"
"3050.T","timeseries","grossProfitQ","2025-08-31","3","0","MISSING"
"3064.T","timeseries","grossProfitQ","2026-06-30","0","0","MISSING"
"3064.T","timeseries","grossProfitQ","2026-03-31","1","0","MISSING"
"3064.T","timeseries","grossProfitQ","2025-12-31","2","0","MISSING"
"3064.T","timeseries","grossProfitQ","2025-09-30","3","0","MISSING"
"3076.T","timeseries","grossProfitQ","2026-06-30","0","0","MISSING"
"3076.T","timeseries","grossProfitQ","2026-03-31","1","0","MISSING"
"3076.T","timeseries","grossProfitQ","2025-12-31","2","0","MISSING"
"3076.T","timeseries","grossProfitQ","2025-09-30","3","0","MISSING"
"3086.T","timeseries","grossProfitQ","2026-05-31","0","0","MISSING"
"3086.T","timeseries","grossProfitQ","2026-02-28","1","0","MISSING"
"3086.T","timeseries","grossProfitQ","2025-11-30","2","0","MISSING"
"3086.T","timeseries","grossProfitQ","2025-08-31","3","0","MISSING"
"3087.T","timeseries","grossProfitQ","2026-05-31","0","0","MISSING"
"3087.T","timeseries","grossProfitQ","2025-11-30","1","0","MISSING"
"3087.T","timeseries","grossProfitQ","2025-05-31","2","0","MISSING"
"3087.T","timeseries","grossProfitQ","2025-02-28","3","0","MISSING"
"3088.T","timeseries","grossProfitQ","2026-06-30","0","0","MISSING"
"3088.T","timeseries","grossProfitQ","2026-03-31","1","0","MISSING"
"3088.T","timeseries","grossProfitQ","2025-12-31","2","0","MISSING"
"3088.T","timeseries","grossProfitQ","2025-09-30","3","0","MISSING"
"3092.T","timeseries","grossProfitQ","2026-06-30","0","0","MISSING"
"3092.T","timeseries","grossProfitQ","2026-03-31","1","0","MISSING"
"3092.T","timeseries","grossProfitQ","2025-12-31","2","0","MISSING"
"3092.T","timeseries","grossProfitQ","2025-09-30","3","0","MISSING"
"3097.T","timeseries","grossProfitQ","2026-06-30","0","0","MISSING"
"3097.T","timeseries","grossProfitQ","2026-03-31","1","0","MISSING"
"3097.T","timeseries","grossProfitQ","2025-12-31","2","0","MISSING"
"3097.T","timeseries","grossProfitQ","2025-09-30","3","0","MISSING"
"3099.T","timeseries","grossProfitQ","2026-03-31","0","0","MISSING"
"3099.T","timeseries","grossProfitQ","2025-12-31","1","0","MISSING"
"3099.T","timeseries","grossProfitQ","2025-09-30","2","0","MISSING"
"3099.T","timeseries","grossProfitQ","2025-06-30","3","0","MISSING"
"3101.T","timeseries","grossProfitQ","2026-06-30","0","0","MISSING"
"3101.T","timeseries","grossProfitQ","2026-03-31","1","0","MISSING"
"3101.T","timeseries","grossProfitQ","2025-12-31","2","0","MISSING"
"3101.T","timeseries","grossProfitQ","2025-09-30","3","0","MISSING"
"310210.KQ","annual","annualRev","2024-12-31","1","0","MISSING"
"3105.T","timeseries","grossProfitQ","2026-06-30","0","0","MISSING"
"3105.T","timeseries","grossProfitQ","2026-03-31","1","0","MISSING"
"3105.T","timeseries","grossProfitQ","2025-12-31","2","0","MISSING"
"3105.T","timeseries","grossProfitQ","2025-09-30","3","0","MISSING"
"3106.T","timeseries","grossProfitQ","2026-06-30","0","0","MISSING"
"3106.T","timeseries","grossProfitQ","2025-12-31","1","0","MISSING"
"3106.T","timeseries","grossProfitQ","2025-06-30","2","0","MISSING"
"3106.T","timeseries","grossProfitQ","2024-12-31","3","0","MISSING"
"3107.T","timeseries","grossProfitQ","2026-06-30","0","0","MISSING"
"3107.T","timeseries","grossProfitQ","2026-03-31","1","0","MISSING"
"3107.T","timeseries","grossProfitQ","2025-12-31","2","0","MISSING"
"3107.T","timeseries","grossProfitQ","2025-09-30","3","0","MISSING"
"3110.T","timeseries","grossProfitQ","2026-06-30","0","0","MISSING"
"3110.T","timeseries","grossProfitQ","2026-03-31","1","0","MISSING"
"3110.T","timeseries","grossProfitQ","2025-12-31","2","0","MISSING"
"3110.T","timeseries","grossProfitQ","2025-09-30","3","0","MISSING"
"3116.T","timeseries","grossProfitQ","2026-06-30","0","0","MISSING"
"3116.T","timeseries","grossProfitQ","2026-03-31","1","0","MISSING"
"3116.T","timeseries","grossProfitQ","2025-12-31","2","0","MISSING"
"3116.T","timeseries","grossProfitQ","2025-09-30","3","0","MISSING"
"3132.T","timeseries","grossProfitQ","2026-06-30","0","0","MISSING"
"3132.T","timeseries","grossProfitQ","2025-12-31","1","0","MISSING"
"3132.T","timeseries","grossProfitQ","2025-09-30","2","0","MISSING"
"3132.T","timeseries","grossProfitQ","2025-06-30","3","0","MISSING"
"3148.T","timeseries","grossProfitQ","2026-02-28","0","0","MISSING"
"3148.T","timeseries","grossProfitQ","2025-08-31","1","0","MISSING"
"3148.T","timeseries","grossProfitQ","2025-02-28","2","0","MISSING"
"3148.T","timeseries","grossProfitQ","2024-08-31","3","0","MISSING"
"3156.T","timeseries","grossProfitQ","2026-06-30","0","0","MISSING"
"3156.T","timeseries","grossProfitQ","2025-12-31","1","0","MISSING"
"3156.T","timeseries","grossProfitQ","2025-06-30","2","0","MISSING"
"3156.T","timeseries","grossProfitQ","2024-12-31","3","0","MISSING"
"3167.T","timeseries","grossProfitQ","2026-06-30","0","0","MISSING"
"3167.T","timeseries","grossProfitQ","2026-03-31","1","0","MISSING"
"3167.T","timeseries","grossProfitQ","2025-12-31","2","0","MISSING"
"3167.T","timeseries","grossProfitQ","2025-09-30","3","0","MISSING"
"3186.T","timeseries","grossProfitQ","2026-05-31","0","0","MISSING"
"3186.T","timeseries","grossProfitQ","2026-02-28","1","0","MISSING"
"3186.T","timeseries","grossProfitQ","2025-11-30","2","0","MISSING"
"3186.T","timeseries","grossProfitQ","2025-08-31","3","0","MISSING"
"3191.T","timeseries","grossProfitQ","2026-03-31","0","0","MISSING"
"3191.T","timeseries","grossProfitQ","2025-09-30","1","0","MISSING"
"3191.T","timeseries","grossProfitQ","2025-03-31","2","0","MISSING"
"3191.T","timeseries","grossProfitQ","2024-09-30","3","0","MISSING"
"3197.T","timeseries","grossProfitQ","2026-06-30","0","0","MISSING"
"3197.T","timeseries","grossProfitQ","2025-12-31","1","0","MISSING"
"3197.T","timeseries","grossProfitQ","2025-09-30","2","0","MISSING"
"3197.T","timeseries","grossProfitQ","2025-06-30","3","0","MISSING"
"319A.T","timeseries","grossProfitQ","2026-03-31","0","0","MISSING"
"319A.T","timeseries","grossProfitQ","2025-09-30","1","0","MISSING"
"319A.T","timeseries","grossProfitQ","2025-03-31","2","0","MISSING"
"319A.T","timeseries","grossProfitQ","2024-09-30","3","0","MISSING"
"3201.T","timeseries","grossProfitQ","2026-02-28","0","0","MISSING"
"3201.T","timeseries","grossProfitQ","2025-08-31","1","0","MISSING"
"3201.T","timeseries","grossProfitQ","2025-02-28","2","0","MISSING"
"3201.T","timeseries","grossProfitQ","2024-08-31","3","0","MISSING"
"3222.T","timeseries","grossProfitQ","2026-05-31","0","0","MISSING"
"3222.T","timeseries","grossProfitQ","2026-02-28","1","0","MISSING"
"3222.T","timeseries","grossProfitQ","2025-11-30","2","0","MISSING"
"3222.T","timeseries","grossProfitQ","2025-08-31","3","0","MISSING"
"3231.T","timeseries","grossProfitQ","2026-06-30","0","0","MISSING"
"3231.T","timeseries","grossProfitQ","2026-03-31","1","0","MISSING"
"3231.T","timeseries","grossProfitQ","2025-12-31","2","0","MISSING"
"3231.T","timeseries","grossProfitQ","2025-09-30","3","0","MISSING"
"3288.T","timeseries","grossProfitQ","2026-06-30","0","0","MISSING"
"3288.T","timeseries","grossProfitQ","2026-03-31","1","0","MISSING"
"3288.T","timeseries","grossProfitQ","2025-12-31","2","0","MISSING"
"3288.T","timeseries","grossProfitQ","2025-09-30","3","0","MISSING"
"3289.T","timeseries","grossProfitQ","2026-06-30","0","0","MISSING"
"3289.T","timeseries","grossProfitQ","2026-03-31","1","0","MISSING"
"3289.T","timeseries","grossProfitQ","2025-12-31","2","0","MISSING"
"3289.T","timeseries","grossProfitQ","2025-09-30","3","0","MISSING"
"3291.T","timeseries","grossProfitQ","2026-06-30","0","0","MISSING"
"3291.T","timeseries","grossProfitQ","2026-03-31","1","0","MISSING"
"3291.T","timeseries","grossProfitQ","2025-12-31","2","0","MISSING"
"3291.T","timeseries","grossProfitQ","2025-09-30","3","0","MISSING"
"3296.HK","timeseries","grossProfitQ","2026-06-30","0","0","MISSING"
"3296.HK","timeseries","grossProfitQ","2026-03-31","1","0","MISSING"
"3296.HK","timeseries","grossProfitQ","2025-12-31","2","0","MISSING"
"3296.HK","timeseries","grossProfitQ","2025-09-30","3","0","MISSING"
"3296.HK","annual","annualRev","2022-12-31","3","0","MISSING"
"3311.HK","timeseries","grossProfitQ","2017-12-31","0","0","MISSING"
"3311.HK","timeseries","grossProfitQ","2015-03-31","1","0","MISSING"
"3311.HK","timeseries","grossProfitQ","2010-12-31","2","0","MISSING"
"3323.HK","timeseries","revenueQ","2023-06-30","1","0","MISSING"
"3323.HK","timeseries","grossProfitQ","2025-09-30","0","0","MISSING"
"3349.T","timeseries","grossProfitQ","2026-05-31","0","0","MISSING"
"3349.T","timeseries","grossProfitQ","2026-02-28","1","0","MISSING"
"3349.T","timeseries","grossProfitQ","2025-11-30","2","0","MISSING"
"3349.T","timeseries","grossProfitQ","2025-08-31","3","0","MISSING"
"3360.T","timeseries","grossProfitQ","2026-06-30","0","0","MISSING"
"3360.T","timeseries","grossProfitQ","2026-03-31","1","0","MISSING"
"3360.T","timeseries","grossProfitQ","2025-12-31","2","0","MISSING"
"3360.T","timeseries","grossProfitQ","2025-09-30","3","0","MISSING"
"3382.T","timeseries","grossProfitQ","2026-05-31","0","0","MISSING"
"3382.T","timeseries","grossProfitQ","2026-02-28","1","0","MISSING"
"3382.T","timeseries","grossProfitQ","2025-11-30","2","0","MISSING"
"3382.T","timeseries","grossProfitQ","2025-08-31","3","0","MISSING"
"3387.T","timeseries","grossProfitQ","2026-05-31","0","0","MISSING"
"3387.T","timeseries","grossProfitQ","2026-02-28","1","0","MISSING"
"3387.T","timeseries","grossProfitQ","2025-11-30","2","0","MISSING"
"3387.T","timeseries","grossProfitQ","2025-08-31","3","0","MISSING"
"3391.T","timeseries","grossProfitQ","2026-05-31","0","0","MISSING"
"3391.T","timeseries","grossProfitQ","2026-02-28","1","0","MISSING"
"3391.T","timeseries","grossProfitQ","2025-11-30","2","0","MISSING"
"3391.T","timeseries","grossProfitQ","2025-08-31","3","0","MISSING"
"3397.T","timeseries","grossProfitQ","2026-06-30","0","0","MISSING"
"3397.T","timeseries","grossProfitQ","2026-03-31","1","0","MISSING"
"3397.T","timeseries","grossProfitQ","2025-12-31","2","0","MISSING"
"3397.T","timeseries","grossProfitQ","2025-09-30","3","0","MISSING"
"3401.T","timeseries","grossProfitQ","2026-06-30","0","0","MISSING"
"3401.T","timeseries","grossProfitQ","2026-03-31","1","0","MISSING"
"3401.T","timeseries","grossProfitQ","2025-12-31","2","0","MISSING"
"3401.T","timeseries","grossProfitQ","2025-09-30","3","0","MISSING"
"3402.T","timeseries","grossProfitQ","2026-06-30","0","0","MISSING"
"3402.T","timeseries","grossProfitQ","2026-03-31","1","0","MISSING"
"3402.T","timeseries","grossProfitQ","2025-12-31","2","0","MISSING"
"3402.T","timeseries","grossProfitQ","2025-09-30","3","0","MISSING"
"3405.T","timeseries","grossProfitQ","2026-06-30","0","0","MISSING"
"3405.T","timeseries","grossProfitQ","2026-03-31","1","0","MISSING"
"3405.T","timeseries","grossProfitQ","2025-12-31","2","0","MISSING"
"3405.T","timeseries","grossProfitQ","2025-09-30","3","0","MISSING"
"3407.T","timeseries","grossProfitQ","2026-06-30","0","0","MISSING"
"3407.T","timeseries","grossProfitQ","2026-03-31","1","0","MISSING"
"3407.T","timeseries","grossProfitQ","2025-12-31","2","0","MISSING"
"3407.T","timeseries","grossProfitQ","2025-09-30","3","0","MISSING"
"3433.T","timeseries","grossProfitQ","2026-06-30","0","0","MISSING"
"3433.T","timeseries","grossProfitQ","2026-03-31","1","0","MISSING"
"3433.T","timeseries","grossProfitQ","2025-12-31","2","0","MISSING"
"3433.T","timeseries","grossProfitQ","2025-09-30","3","0","MISSING"
"3436.T","timeseries","grossProfitQ","2026-06-30","0","0","MISSING"
"3436.T","timeseries","grossProfitQ","2026-03-31","1","0","MISSING"
"3436.T","timeseries","grossProfitQ","2025-12-31","2","0","MISSING"
"3436.T","timeseries","grossProfitQ","2025-09-30","3","0","MISSING"
"3445.T","timeseries","grossProfitQ","2026-06-30","0","0","MISSING"
"3445.T","timeseries","grossProfitQ","2026-03-31","1","0","MISSING"
"3445.T","timeseries","grossProfitQ","2025-12-31","2","0","MISSING"
"3445.T","timeseries","grossProfitQ","2025-09-30","3","0","MISSING"
"3471.T","timeseries","grossProfitQ","2024-10-31","0","0","MISSING"
"3480.T","timeseries","grossProfitQ","2026-04-30","0","0","MISSING"
"3480.T","timeseries","grossProfitQ","2026-01-31","1","0","MISSING"
"3480.T","timeseries","grossProfitQ","2025-10-31","2","0","MISSING"
"3480.T","timeseries","grossProfitQ","2025-07-31","3","0","MISSING"
"3543.T","timeseries","grossProfitQ","2026-05-31","0","0","MISSING"
"3543.T","timeseries","grossProfitQ","2026-02-28","1","0","MISSING"
"3543.T","timeseries","grossProfitQ","2025-11-30","2","0","MISSING"
"3543.T","timeseries","grossProfitQ","2025-08-31","3","0","MISSING"
"3549.T","timeseries","grossProfitQ","2026-05-31","0","0","MISSING"
"3549.T","timeseries","grossProfitQ","2026-02-28","1","0","MISSING"
"3549.T","timeseries","grossProfitQ","2025-11-30","2","0","MISSING"
"3549.T","timeseries","grossProfitQ","2025-08-31","3","0","MISSING"
"3563.T","timeseries","grossProfitQ","2026-06-30","0","0","MISSING"
"3563.T","timeseries","grossProfitQ","2026-03-31","1","0","MISSING"
"3563.T","timeseries","grossProfitQ","2025-12-31","2","0","MISSING"
"3563.T","timeseries","grossProfitQ","2025-09-30","3","0","MISSING"
"3569.T","timeseries","grossProfitQ","2026-06-30","0","0","MISSING"
"3569.T","timeseries","grossProfitQ","2026-03-31","1","0","MISSING"
"3569.T","timeseries","grossProfitQ","2025-12-31","2","0","MISSING"
"3569.T","timeseries","grossProfitQ","2025-09-30","3","0","MISSING"
"3591.T","timeseries","grossProfitQ","2026-06-30","0","0","MISSING"
"3591.T","timeseries","grossProfitQ","2025-12-31","1","0","MISSING"
"3591.T","timeseries","grossProfitQ","2025-06-30","2","0","MISSING"
"3591.T","timeseries","grossProfitQ","2024-12-31","3","0","MISSING"
"3618.HK","timeseries","revenueQ","2020-09-30","2","0","MISSING"
"3618.HK","timeseries","grossProfitQ","2025-03-31","0","0","MISSING"
"3618.HK","timeseries","grossProfitQ","2023-06-30","1","0","MISSING"
"3618.HK","timeseries","grossProfitQ","2018-12-31","3","0","MISSING"
"3626.T","timeseries","grossProfitQ","2026-06-30","0","0","MISSING"
"3626.T","timeseries","grossProfitQ","2026-03-31","1","0","MISSING"
"3626.T","timeseries","grossProfitQ","2025-12-31","2","0","MISSING"
"3626.T","timeseries","grossProfitQ","2025-09-30","3","0","MISSING"
"3635.T","timeseries","grossProfitQ","2026-06-30","0","0","MISSING"
"3635.T","timeseries","grossProfitQ","2026-03-31","1","0","MISSING"
"3635.T","timeseries","grossProfitQ","2025-12-31","2","0","MISSING"
"3635.T","timeseries","grossProfitQ","2025-09-30","3","0","MISSING"
"3659.T","timeseries","grossProfitQ","2026-03-31","0","0","MISSING"
"3659.T","timeseries","grossProfitQ","2025-12-31","1","0","MISSING"
"3659.T","timeseries","grossProfitQ","2025-09-30","2","0","MISSING"
"3659.T","timeseries","grossProfitQ","2025-06-30","3","0","MISSING"
"3690.HK","timeseries","grossProfitQ","2026-06-30","0","0","MISSING"
"3690.HK","timeseries","grossProfitQ","2026-03-31","1","0","MISSING"
"3690.HK","timeseries","grossProfitQ","2025-12-31","2","0","MISSING"
"3690.HK","timeseries","grossProfitQ","2025-09-30","3","0","MISSING"
"3697.T","timeseries","grossProfitQ","2026-05-31","0","0","MISSING"
"3697.T","timeseries","grossProfitQ","2026-02-28","1","0","MISSING"
"3697.T","timeseries","grossProfitQ","2025-11-30","2","0","MISSING"
"3697.T","timeseries","grossProfitQ","2025-08-31","3","0","MISSING"
"3765.T","timeseries","grossProfitQ","2026-06-30","0","0","MISSING"
"3765.T","timeseries","grossProfitQ","2026-03-31","1","0","MISSING"
"3765.T","timeseries","grossProfitQ","2025-12-31","2","0","MISSING"
"3765.T","timeseries","grossProfitQ","2025-09-30","3","0","MISSING"
"3769.T","timeseries","grossProfitQ","2026-06-30","0","0","MISSING"
"3769.T","timeseries","grossProfitQ","2026-03-31","1","0","MISSING"
"3769.T","timeseries","grossProfitQ","2025-12-31","2","0","MISSING"
"3769.T","timeseries","grossProfitQ","2025-09-30","3","0","MISSING"
"3778.T","timeseries","grossProfitQ","2026-06-30","0","0","MISSING"
"3778.T","timeseries","grossProfitQ","2026-03-31","1","0","MISSING"
"3778.T","timeseries","grossProfitQ","2025-12-31","2","0","MISSING"
"3778.T","timeseries","grossProfitQ","2025-09-30","3","0","MISSING"
"3800.HK","timeseries","grossProfitQ","2012-12-31","0","0","MISSING"
"3800.HK","timeseries","grossProfitQ","2012-09-30","1","0","MISSING"
"3800.HK","timeseries","grossProfitQ","2012-06-30","2","0","MISSING"
"3800.HK","timeseries","grossProfitQ","2012-03-31","3","0","MISSING"
"3858.HK","annual","annualRev","2024-12-31","1","0","MISSING"
"3861.T","timeseries","grossProfitQ","2026-06-30","0","0","MISSING"
"3861.T","timeseries","grossProfitQ","2026-03-31","1","0","MISSING"
"3861.T","timeseries","grossProfitQ","2025-12-31","2","0","MISSING"
"3861.T","timeseries","grossProfitQ","2025-09-30","3","0","MISSING"
"3863.T","timeseries","grossProfitQ","2026-06-30","0","0","MISSING"
"3863.T","timeseries","grossProfitQ","2026-03-31","1","0","MISSING"
"3863.T","timeseries","grossProfitQ","2025-12-31","2","0","MISSING"
"3863.T","timeseries","grossProfitQ","2025-09-30","3","0","MISSING"
"3865.T","timeseries","grossProfitQ","2026-06-30","0","0","MISSING"
"3865.T","timeseries","grossProfitQ","2026-03-31","1","0","MISSING"
"3865.T","timeseries","grossProfitQ","2025-12-31","2","0","MISSING"
"3865.T","timeseries","grossProfitQ","2025-09-30","3","0","MISSING"
"3880.T","timeseries","grossProfitQ","2026-06-30","0","0","MISSING"
"3880.T","timeseries","grossProfitQ","2026-03-31","1","0","MISSING"
"3880.T","timeseries","grossProfitQ","2025-12-31","2","0","MISSING"
"3880.T","timeseries","grossProfitQ","2025-09-30","3","0","MISSING"
"3888.HK","timeseries","revenueQ","2025-09-30","2","0","MISSING"
"3888.HK","timeseries","grossProfitQ","2026-06-30","0","0","MISSING"
"3888.HK","timeseries","grossProfitQ","2026-03-31","1","0","MISSING"
"3888.HK","timeseries","grossProfitQ","2025-06-30","3","0","MISSING"
"3898.HK","timeseries","grossProfitQ","2026-06-30","0","0","MISSING"
"3898.HK","timeseries","grossProfitQ","2026-03-31","1","0","MISSING"
"3898.HK","timeseries","grossProfitQ","2025-12-31","2","0","MISSING"
"3898.HK","timeseries","grossProfitQ","2025-09-30","3","0","MISSING"
"3899.HK","timeseries","grossProfitQ","2025-12-31","0","0","MISSING"
"3908.HK","timeseries","grossProfitQ","2026-06-30","0","0","MISSING"
"3908.HK","timeseries","grossProfitQ","2026-03-31","1","0","MISSING"
"3908.HK","timeseries","grossProfitQ","2025-12-31","2","0","MISSING"
"3908.HK","timeseries","grossProfitQ","2025-09-30","3","0","MISSING"
"3918.HK","timeseries","grossProfitQ","2021-12-31","0","0","MISSING"
"3918.HK","timeseries","grossProfitQ","2015-09-30","1","0","MISSING"
"3923.T","timeseries","grossProfitQ","2026-06-30","0","0","MISSING"
"3923.T","timeseries","grossProfitQ","2026-03-31","1","0","MISSING"
"3923.T","timeseries","grossProfitQ","2025-12-31","2","0","MISSING"
"3923.T","timeseries","grossProfitQ","2025-09-30","3","0","MISSING"
"3931.HK","timeseries","grossProfitQ","2025-09-30","0","0","MISSING"
"3941.T","timeseries","grossProfitQ","2026-06-30","0","0","MISSING"
"3941.T","timeseries","grossProfitQ","2026-03-31","1","0","MISSING"
"3941.T","timeseries","grossProfitQ","2025-12-31","2","0","MISSING"
"3941.T","timeseries","grossProfitQ","2025-09-30","3","0","MISSING"
"3969.HK","timeseries","grossProfitQ","2023-09-30","0","0","MISSING"
"3969.HK","timeseries","grossProfitQ","2023-06-30","1","0","MISSING"
"3969.HK","timeseries","grossProfitQ","2023-03-31","2","0","MISSING"
"3969.HK","timeseries","grossProfitQ","2022-12-31","3","0","MISSING"
"3993.HK","timeseries","revenueQ","2026-06-30","0","0","MISSING"
"3993.HK","timeseries","grossProfitQ","2025-12-31","1","0","MISSING"
"3993.HK","timeseries","grossProfitQ","2025-09-30","2","0","MISSING"
"3993.HK","timeseries","grossProfitQ","2025-06-30","3","0","MISSING"
"3994.T","timeseries","grossProfitQ","2026-05-31","0","0","MISSING"
"3994.T","timeseries","grossProfitQ","2026-02-28","1","0","MISSING"
"3994.T","timeseries","grossProfitQ","2025-11-30","2","0","MISSING"
"3994.T","timeseries","grossProfitQ","2025-08-31","3","0","MISSING"
"3IN.L","annual","annualGP","2020-03-31","0","0","MISSING"
"3IN.L","annual","annualGP","2019-03-31","1","0","MISSING"
"3IN.L","annual","annualGP","2018-03-31","2","0","MISSING"
"3IN.L","annual","annualGP","2017-03-31","3","0","MISSING"
"3RB0.DE","timeseries","grossProfitQ","2026-06-30","0","0","MISSING"
"3RB0.DE","timeseries","grossProfitQ","2026-03-31","1","0","MISSING"
"3RB0.DE","timeseries","grossProfitQ","2025-09-30","2","0","MISSING"
"3RB0.DE","timeseries","grossProfitQ","2025-06-30","3","0","MISSING"
"4004.T","timeseries","grossProfitQ","2026-06-30","0","0","MISSING"
"4004.T","timeseries","grossProfitQ","2026-03-31","1","0","MISSING"
"4004.T","timeseries","grossProfitQ","2025-12-31","2","0","MISSING"
"4004.T","timeseries","grossProfitQ","2025-09-30","3","0","MISSING"
"4005.T","timeseries","grossProfitQ","2026-06-30","0","0","MISSING"
"4005.T","timeseries","grossProfitQ","2026-03-31","1","0","MISSING"
"4005.T","timeseries","grossProfitQ","2025-12-31","2","0","MISSING"
"4005.T","timeseries","grossProfitQ","2025-09-30","3","0","MISSING"
"4018.SR","annual","annualRev","2023-12-31","2","0","MISSING"
"4021.T","timeseries","grossProfitQ","2026-06-30","0","0","MISSING"
"4021.T","timeseries","grossProfitQ","2026-03-31","1","0","MISSING"
"4021.T","timeseries","grossProfitQ","2025-12-31","2","0","MISSING"
"4021.T","timeseries","grossProfitQ","2025-09-30","3","0","MISSING"
"4023.T","timeseries","grossProfitQ","2026-06-30","0","0","MISSING"
"4023.T","timeseries","grossProfitQ","2026-03-31","1","0","MISSING"
"4023.T","timeseries","grossProfitQ","2025-12-31","2","0","MISSING"
"4023.T","timeseries","grossProfitQ","2025-09-30","3","0","MISSING"
"4041.T","timeseries","grossProfitQ","2026-06-30","0","0","MISSING"
"4041.T","timeseries","grossProfitQ","2026-03-31","1","0","MISSING"
"4041.T","timeseries","grossProfitQ","2025-12-31","2","0","MISSING"
"4041.T","timeseries","grossProfitQ","2025-09-30","3","0","MISSING"
"4042.T","timeseries","grossProfitQ","2026-06-30","0","0","MISSING"
"4042.T","timeseries","grossProfitQ","2026-03-31","1","0","MISSING"
"4042.T","timeseries","grossProfitQ","2025-12-31","2","0","MISSING"
"4042.T","timeseries","grossProfitQ","2025-09-30","3","0","MISSING"
"4043.T","timeseries","grossProfitQ","2026-06-30","0","0","MISSING"
"4043.T","timeseries","grossProfitQ","2026-03-31","1","0","MISSING"
"4043.T","timeseries","grossProfitQ","2025-12-31","2","0","MISSING"
"4043.T","timeseries","grossProfitQ","2025-09-30","3","0","MISSING"
"4045.T","timeseries","grossProfitQ","2026-06-30","0","0","MISSING"
"4045.T","timeseries","grossProfitQ","2026-03-31","1","0","MISSING"
"4045.T","timeseries","grossProfitQ","2025-12-31","2","0","MISSING"
"4045.T","timeseries","grossProfitQ","2025-09-30","3","0","MISSING"
"4046.T","timeseries","grossProfitQ","2026-06-30","0","0","MISSING"
"4046.T","timeseries","grossProfitQ","2026-03-31","1","0","MISSING"
"4046.T","timeseries","grossProfitQ","2025-12-31","2","0","MISSING"
"4046.T","timeseries","grossProfitQ","2025-09-30","3","0","MISSING"
"4047.T","timeseries","grossProfitQ","2026-06-30","0","0","MISSING"
"4047.T","timeseries","grossProfitQ","2026-03-31","1","0","MISSING"
"4047.T","timeseries","grossProfitQ","2025-12-31","2","0","MISSING"
"4047.T","timeseries","grossProfitQ","2025-09-30","3","0","MISSING"
"4061.T","timeseries","grossProfitQ","2026-06-30","0","0","MISSING"
"4061.T","timeseries","grossProfitQ","2025-12-31","1","0","MISSING"
"4061.T","timeseries","grossProfitQ","2025-09-30","2","0","MISSING"
"4061.T","timeseries","grossProfitQ","2025-06-30","3","0","MISSING"
"4062.T","timeseries","grossProfitQ","2026-06-30","0","0","MISSING"
"4062.T","timeseries","grossProfitQ","2026-03-31","1","0","MISSING"
"4062.T","timeseries","grossProfitQ","2025-12-31","2","0","MISSING"
"4062.T","timeseries","grossProfitQ","2025-09-30","3","0","MISSING"
"4063.T","timeseries","grossProfitQ","2026-06-30","0","0","MISSING"
"4063.T","timeseries","grossProfitQ","2026-03-31","1","0","MISSING"
"4063.T","timeseries","grossProfitQ","2025-12-31","2","0","MISSING"
"4063.T","timeseries","grossProfitQ","2025-09-30","3","0","MISSING"
"4072.SR","annual","annualRev","2022-12-31","3","0","MISSING"
"4088.T","timeseries","grossProfitQ","2026-03-31","0","0","MISSING"
"4088.T","timeseries","grossProfitQ","2025-12-31","1","0","MISSING"
"4088.T","timeseries","grossProfitQ","2025-09-30","2","0","MISSING"
"4088.T","timeseries","grossProfitQ","2025-06-30","3","0","MISSING"
"4091.T","timeseries","grossProfitQ","2026-06-30","0","0","MISSING"
"4091.T","timeseries","grossProfitQ","2025-12-31","1","0","MISSING"
"4091.T","timeseries","grossProfitQ","2025-09-30","2","0","MISSING"
"4091.T","timeseries","grossProfitQ","2025-06-30","3","0","MISSING"
"4095.T","timeseries","grossProfitQ","2026-06-30","0","0","MISSING"
"4095.T","timeseries","grossProfitQ","2025-12-31","1","0","MISSING"
"4095.T","timeseries","grossProfitQ","2025-06-30","2","0","MISSING"
"4095.T","timeseries","grossProfitQ","2024-12-31","3","0","MISSING"
"4099.T","timeseries","grossProfitQ","2026-06-30","0","0","MISSING"
"4099.T","timeseries","grossProfitQ","2026-03-31","1","0","MISSING"
"4099.T","timeseries","grossProfitQ","2025-09-30","2","0","MISSING"
"4099.T","timeseries","grossProfitQ","2025-03-31","3","0","MISSING"
"4107.T","timeseries","grossProfitQ","2026-03-31","0","0","MISSING"
"4107.T","timeseries","grossProfitQ","2025-09-30","1","0","MISSING"
"4107.T","timeseries","grossProfitQ","2025-03-31","2","0","MISSING"
"4107.T","timeseries","grossProfitQ","2024-12-31","3","0","MISSING"
"4114.T","timeseries","grossProfitQ","2026-06-30","0","0","MISSING"
"4114.T","timeseries","grossProfitQ","2026-03-31","1","0","MISSING"
"4114.T","timeseries","grossProfitQ","2025-12-31","2","0","MISSING"
"4114.T","timeseries","grossProfitQ","2025-09-30","3","0","MISSING"
"4118.T","timeseries","grossProfitQ","2026-03-31","0","0","MISSING"
"4118.T","timeseries","grossProfitQ","2025-12-31","1","0","MISSING"
"4118.T","timeseries","grossProfitQ","2025-09-30","2","0","MISSING"
"4118.T","timeseries","grossProfitQ","2025-06-30","3","0","MISSING"
"4151.T","timeseries","grossProfitQ","2026-06-30","0","0","MISSING"
"4151.T","timeseries","grossProfitQ","2026-03-31","1","0","MISSING"
"4151.T","timeseries","grossProfitQ","2025-12-31","2","0","MISSING"
"4151.T","timeseries","grossProfitQ","2025-09-30","3","0","MISSING"
"417A.T","timeseries","grossProfitQ","2026-06-30","0","0","MISSING"
"417A.T","timeseries","grossProfitQ","2026-03-31","1","0","MISSING"
"417A.T","timeseries","grossProfitQ","2025-12-31","2","0","MISSING"
"417A.T","timeseries","grossProfitQ","2025-09-30","3","0","MISSING"
"4180.T","timeseries","grossProfitQ","2026-03-31","0","0","MISSING"
"4180.T","timeseries","grossProfitQ","2025-12-31","1","0","MISSING"
"4180.T","timeseries","grossProfitQ","2025-09-30","2","0","MISSING"
"4180.T","timeseries","grossProfitQ","2025-06-30","3","0","MISSING"
"4182.T","timeseries","grossProfitQ","2026-06-30","0","0","MISSING"
"4182.T","timeseries","grossProfitQ","2026-03-31","1","0","MISSING"
"4182.T","timeseries","grossProfitQ","2025-12-31","2","0","MISSING"
"4182.T","timeseries","grossProfitQ","2025-09-30","3","0","MISSING"
"4183.T","timeseries","grossProfitQ","2026-06-30","0","0","MISSING"
"4183.T","timeseries","grossProfitQ","2026-03-31","1","0","MISSING"
"4183.T","timeseries","grossProfitQ","2025-12-31","2","0","MISSING"
"4183.T","timeseries","grossProfitQ","2025-09-30","3","0","MISSING"
"4186.T","timeseries","grossProfitQ","2026-06-30","0","0","MISSING"
"4186.T","timeseries","grossProfitQ","2025-12-31","1","0","MISSING"
"4186.T","timeseries","grossProfitQ","2025-09-30","2","0","MISSING"
"4186.T","timeseries","grossProfitQ","2025-06-30","3","0","MISSING"
"4188.T","timeseries","grossProfitQ","2026-06-30","0","0","MISSING"
"4188.T","timeseries","grossProfitQ","2026-03-31","1","0","MISSING"
"4188.T","timeseries","grossProfitQ","2025-12-31","2","0","MISSING"
"4188.T","timeseries","grossProfitQ","2025-09-30","3","0","MISSING"
"4194.T","timeseries","grossProfitQ","2026-07-31","0","0","MISSING"
"4194.T","timeseries","grossProfitQ","2026-04-30","1","0","MISSING"
"4194.T","timeseries","grossProfitQ","2026-01-31","2","0","MISSING"
"4194.T","timeseries","grossProfitQ","2025-10-31","3","0","MISSING"
"4202.T","timeseries","grossProfitQ","2026-06-30","0","0","MISSING"
"4202.T","timeseries","grossProfitQ","2026-03-31","1","0","MISSING"
"4202.T","timeseries","grossProfitQ","2025-12-31","2","0","MISSING"
"4202.T","timeseries","grossProfitQ","2025-09-30","3","0","MISSING"
"4203.T","timeseries","grossProfitQ","2026-06-30","0","0","MISSING"
"4203.T","timeseries","grossProfitQ","2026-03-31","1","0","MISSING"
"4203.T","timeseries","grossProfitQ","2025-12-31","2","0","MISSING"
"4203.T","timeseries","grossProfitQ","2025-09-30","3","0","MISSING"
"4204.T","timeseries","grossProfitQ","2026-06-30","0","0","MISSING"
"4204.T","timeseries","grossProfitQ","2026-03-31","1","0","MISSING"
"4204.T","timeseries","grossProfitQ","2025-12-31","2","0","MISSING"
"4204.T","timeseries","grossProfitQ","2025-09-30","3","0","MISSING"
"4205.T","timeseries","grossProfitQ","2026-06-30","0","0","MISSING"
"4205.T","timeseries","grossProfitQ","2025-12-31","1","0","MISSING"
"4205.T","timeseries","grossProfitQ","2025-09-30","2","0","MISSING"
"4205.T","timeseries","grossProfitQ","2025-06-30","3","0","MISSING"
"4206.T","timeseries","grossProfitQ","2026-06-30","0","0","MISSING"
"4206.T","timeseries","grossProfitQ","2025-12-31","1","0","MISSING"
"4206.T","timeseries","grossProfitQ","2025-06-30","2","0","MISSING"
"4206.T","timeseries","grossProfitQ","2025-03-31","3","0","MISSING"
"4208.T","timeseries","grossProfitQ","2026-06-30","0","0","MISSING"
"4208.T","timeseries","grossProfitQ","2026-03-31","1","0","MISSING"
"4208.T","timeseries","grossProfitQ","2025-12-31","2","0","MISSING"
"4208.T","timeseries","grossProfitQ","2025-09-30","3","0","MISSING"
"4272.T","timeseries","grossProfitQ","2026-06-30","0","0","MISSING"
"4272.T","timeseries","grossProfitQ","2026-03-31","1","0","MISSING"
"4272.T","timeseries","grossProfitQ","2025-12-31","2","0","MISSING"
"4272.T","timeseries","grossProfitQ","2025-09-30","3","0","MISSING"
"4291.SR","annual","annualRev","2024-07-31","1","0","MISSING"
"429A.T","timeseries","grossProfitQ","2026-06-30","0","0","MISSING"
"429A.T","timeseries","grossProfitQ","2026-03-31","1","0","MISSING"
"429A.T","timeseries","grossProfitQ","2025-12-31","2","0","MISSING"
"4307.T","timeseries","grossProfitQ","2026-06-30","0","0","MISSING"
"4307.T","timeseries","grossProfitQ","2026-03-31","1","0","MISSING"
"4307.T","timeseries","grossProfitQ","2025-12-31","2","0","MISSING"
"4307.T","timeseries","grossProfitQ","2025-09-30","3","0","MISSING"
"4324.T","timeseries","grossProfitQ","2026-06-30","0","0","MISSING"
"4324.T","timeseries","grossProfitQ","2026-03-31","1","0","MISSING"
"4324.T","timeseries","grossProfitQ","2025-12-31","2","0","MISSING"
"4324.T","timeseries","grossProfitQ","2025-09-30","3","0","MISSING"
"4368.T","timeseries","grossProfitQ","2026-06-30","0","0","MISSING"
"4368.T","timeseries","grossProfitQ","2026-03-31","1","0","MISSING"
"4368.T","timeseries","grossProfitQ","2025-12-31","2","0","MISSING"
"4368.T","timeseries","grossProfitQ","2025-09-30","3","0","MISSING"
"4373.T","timeseries","grossProfitQ","2026-06-30","0","0","MISSING"
"4373.T","timeseries","grossProfitQ","2026-03-31","1","0","MISSING"
"4373.T","timeseries","grossProfitQ","2025-12-31","2","0","MISSING"
"4373.T","timeseries","grossProfitQ","2025-09-30","3","0","MISSING"
"4385.T","timeseries","grossProfitQ","2026-06-30","0","0","MISSING"
"4385.T","timeseries","grossProfitQ","2026-03-31","1","0","MISSING"
"4385.T","timeseries","grossProfitQ","2025-12-31","2","0","MISSING"
"4385.T","timeseries","grossProfitQ","2025-09-30","3","0","MISSING"
"4401.T","timeseries","grossProfitQ","2026-06-30","0","0","MISSING"
"4401.T","timeseries","grossProfitQ","2026-03-31","1","0","MISSING"
"4401.T","timeseries","grossProfitQ","2025-12-31","2","0","MISSING"
"4401.T","timeseries","grossProfitQ","2025-09-30","3","0","MISSING"
"4403.T","timeseries","grossProfitQ","2026-06-30","0","0","MISSING"
"4403.T","timeseries","grossProfitQ","2025-12-31","1","0","MISSING"
"4403.T","timeseries","grossProfitQ","2025-09-30","2","0","MISSING"
"4403.T","timeseries","grossProfitQ","2025-06-30","3","0","MISSING"
"4443.T","timeseries","grossProfitQ","2026-05-31","0","0","MISSING"
"4443.T","timeseries","grossProfitQ","2026-02-28","1","0","MISSING"
"4443.T","timeseries","grossProfitQ","2025-11-30","2","0","MISSING"
"4443.T","timeseries","grossProfitQ","2025-08-31","3","0","MISSING"
"4452.T","timeseries","grossProfitQ","2026-06-30","0","0","MISSING"
"4452.T","timeseries","grossProfitQ","2026-03-31","1","0","MISSING"
"4452.T","timeseries","grossProfitQ","2025-12-31","2","0","MISSING"
"4452.T","timeseries","grossProfitQ","2025-09-30","3","0","MISSING"
"4461.T","timeseries","grossProfitQ","2026-06-30","0","0","MISSING"
"4461.T","timeseries","grossProfitQ","2026-03-31","1","0","MISSING"
"4461.T","timeseries","grossProfitQ","2025-12-31","2","0","MISSING"
"4461.T","timeseries","grossProfitQ","2025-09-30","3","0","MISSING"
"446A.T","timeseries","grossProfitQ","2026-07-31","0","0","MISSING"
"446A.T","timeseries","grossProfitQ","2026-04-30","1","0","MISSING"
"446A.T","timeseries","grossProfitQ","2026-01-31","2","0","MISSING"
"446A.T","annual","annualRev","2025-01-31","1","0","MISSING"
"4471.T","timeseries","grossProfitQ","2026-06-30","0","0","MISSING"
"4471.T","timeseries","grossProfitQ","2025-12-31","1","0","MISSING"
"4471.T","timeseries","grossProfitQ","2025-09-30","2","0","MISSING"
"4471.T","timeseries","grossProfitQ","2025-06-30","3","0","MISSING"
"4478.T","timeseries","grossProfitQ","2026-06-30","0","0","MISSING"
"4478.T","timeseries","grossProfitQ","2026-03-31","1","0","MISSING"
"4478.T","timeseries","grossProfitQ","2025-12-31","2","0","MISSING"
"4478.T","timeseries","grossProfitQ","2025-09-30","3","0","MISSING"
"4483.T","timeseries","grossProfitQ","2026-06-30","0","0","MISSING"
"4483.T","timeseries","grossProfitQ","2026-03-31","1","0","MISSING"
"4483.T","timeseries","grossProfitQ","2025-12-31","2","0","MISSING"
"4483.T","timeseries","grossProfitQ","2025-09-30","3","0","MISSING"
"4503.T","timeseries","grossProfitQ","2026-06-30","0","0","MISSING"
"4503.T","timeseries","grossProfitQ","2026-03-31","1","0","MISSING"
"4503.T","timeseries","grossProfitQ","2025-12-31","2","0","MISSING"
"4503.T","timeseries","grossProfitQ","2025-09-30","3","0","MISSING"
"4506.T","timeseries","grossProfitQ","2026-06-30","0","0","MISSING"
"4506.T","timeseries","grossProfitQ","2026-03-31","1","0","MISSING"
"4506.T","timeseries","grossProfitQ","2025-12-31","2","0","MISSING"
"4506.T","timeseries","grossProfitQ","2025-09-30","3","0","MISSING"
"4507.T","timeseries","grossProfitQ","2026-06-30","0","0","MISSING"
"4507.T","timeseries","grossProfitQ","2026-03-31","1","0","MISSING"
"4507.T","timeseries","grossProfitQ","2025-12-31","2","0","MISSING"
"4507.T","timeseries","grossProfitQ","2025-09-30","3","0","MISSING"
"4516.T","timeseries","grossProfitQ","2026-06-30","0","0","MISSING"
"4516.T","timeseries","grossProfitQ","2026-03-31","1","0","MISSING"
"4516.T","timeseries","grossProfitQ","2025-12-31","2","0","MISSING"
"4516.T","timeseries","grossProfitQ","2025-09-30","3","0","MISSING"
"4519.T","timeseries","grossProfitQ","2026-06-30","0","0","MISSING"
"4519.T","timeseries","grossProfitQ","2026-03-31","1","0","MISSING"
"4519.T","timeseries","grossProfitQ","2025-12-31","2","0","MISSING"
"4519.T","timeseries","grossProfitQ","2025-09-30","3","0","MISSING"
"4521.T","timeseries","grossProfitQ","2026-06-30","0","0","MISSING"
"4521.T","timeseries","grossProfitQ","2026-03-31","1","0","MISSING"
"4521.T","timeseries","grossProfitQ","2025-12-31","2","0","MISSING"
"4521.T","timeseries","grossProfitQ","2025-06-30","3","0","MISSING"
"4523.T","timeseries","grossProfitQ","2026-06-30","0","0","MISSING"
"4523.T","timeseries","grossProfitQ","2026-03-31","1","0","MISSING"
"4523.T","timeseries","grossProfitQ","2025-12-31","2","0","MISSING"
"4523.T","timeseries","grossProfitQ","2025-09-30","3","0","MISSING"
"4527.T","timeseries","grossProfitQ","2026-06-30","0","0","MISSING"
"4527.T","timeseries","grossProfitQ","2026-03-31","1","0","MISSING"
"4527.T","timeseries","grossProfitQ","2025-12-31","2","0","MISSING"
"4527.T","timeseries","grossProfitQ","2025-09-30","3","0","MISSING"
"4528.T","timeseries","grossProfitQ","2026-06-30","0","0","MISSING"
"4528.T","timeseries","grossProfitQ","2026-03-31","1","0","MISSING"
"4528.T","timeseries","grossProfitQ","2025-12-31","2","0","MISSING"
"4528.T","timeseries","grossProfitQ","2025-09-30","3","0","MISSING"
"4536.T","timeseries","grossProfitQ","2026-06-30","0","0","MISSING"
"4536.T","timeseries","grossProfitQ","2026-03-31","1","0","MISSING"
"4536.T","timeseries","grossProfitQ","2025-12-31","2","0","MISSING"
"4536.T","timeseries","grossProfitQ","2025-09-30","3","0","MISSING"
"4540.T","timeseries","grossProfitQ","2026-06-30","0","0","MISSING"
"4540.T","timeseries","grossProfitQ","2025-12-31","1","0","MISSING"
"4540.T","timeseries","grossProfitQ","2025-09-30","2","0","MISSING"
"4540.T","timeseries","grossProfitQ","2025-06-30","3","0","MISSING"
"4543.T","timeseries","grossProfitQ","2026-06-30","0","0","MISSING"
"4543.T","timeseries","grossProfitQ","2026-03-31","1","0","MISSING"
"4543.T","timeseries","grossProfitQ","2025-12-31","2","0","MISSING"
"4543.T","timeseries","grossProfitQ","2025-09-30","3","0","MISSING"
"4544.T","timeseries","grossProfitQ","2026-06-30","0","0","MISSING"
"4544.T","timeseries","grossProfitQ","2026-03-31","1","0","MISSING"
"4544.T","timeseries","grossProfitQ","2025-12-31","2","0","MISSING"
"4544.T","timeseries","grossProfitQ","2025-09-30","3","0","MISSING"
"4547.T","timeseries","grossProfitQ","2026-06-30","0","0","MISSING"
"4547.T","timeseries","grossProfitQ","2026-03-31","1","0","MISSING"
"4547.T","timeseries","grossProfitQ","2025-12-31","2","0","MISSING"
"4547.T","timeseries","grossProfitQ","2025-09-30","3","0","MISSING"
"4553.T","timeseries","grossProfitQ","2026-06-30","0","0","MISSING"
"4553.T","timeseries","grossProfitQ","2026-03-31","1","0","MISSING"
"4553.T","timeseries","grossProfitQ","2025-12-31","2","0","MISSING"
"4553.T","timeseries","grossProfitQ","2025-09-30","3","0","MISSING"
"4568.T","timeseries","grossProfitQ","2026-06-30","0","0","MISSING"
"4568.T","timeseries","grossProfitQ","2026-03-31","1","0","MISSING"
"4568.T","timeseries","grossProfitQ","2025-12-31","2","0","MISSING"
"4568.T","timeseries","grossProfitQ","2025-09-30","3","0","MISSING"
"456A.T","timeseries","grossProfitQ","2026-07-31","0","0","MISSING"
"456A.T","timeseries","grossProfitQ","2026-04-30","1","0","MISSING"
"456A.T","timeseries","grossProfitQ","2026-01-31","2","0","MISSING"
"456A.T","annual","annualRev","2025-01-31","1","0","MISSING"
"4578.T","timeseries","grossProfitQ","2026-06-30","0","0","MISSING"
"4578.T","timeseries","grossProfitQ","2026-03-31","1","0","MISSING"
"4578.T","timeseries","grossProfitQ","2025-12-31","2","0","MISSING"
"4578.T","timeseries","grossProfitQ","2025-09-30","3","0","MISSING"
"4587.T","timeseries","grossProfitQ","2026-06-30","0","0","MISSING"
"4587.T","timeseries","grossProfitQ","2026-03-31","1","0","MISSING"
"4587.T","timeseries","grossProfitQ","2025-12-31","2","0","MISSING"
"4587.T","timeseries","grossProfitQ","2025-09-30","3","0","MISSING"
"4588.T","timeseries","revenueQ","2025-09-30","1","0","MISSING"
"4588.T","timeseries","grossProfitQ","2026-03-31","0","0","MISSING"
"4612.T","timeseries","grossProfitQ","2026-06-30","0","0","MISSING"
"4612.T","timeseries","grossProfitQ","2026-03-31","1","0","MISSING"
"4612.T","timeseries","grossProfitQ","2025-12-31","2","0","MISSING"
"4612.T","timeseries","grossProfitQ","2025-09-30","3","0","MISSING"
"4613.T","timeseries","grossProfitQ","2026-06-30","0","0","MISSING"
"4613.T","timeseries","grossProfitQ","2026-03-31","1","0","MISSING"
"4613.T","timeseries","grossProfitQ","2025-12-31","2","0","MISSING"
"4613.T","timeseries","grossProfitQ","2025-09-30","3","0","MISSING"
"4617.T","timeseries","grossProfitQ","2026-06-30","0","0","MISSING"
"4617.T","timeseries","grossProfitQ","2026-03-31","1","0","MISSING"
"4617.T","timeseries","grossProfitQ","2025-12-31","2","0","MISSING"
"4617.T","timeseries","grossProfitQ","2025-09-30","3","0","MISSING"
"4626.T","timeseries","grossProfitQ","2026-06-30","0","0","MISSING"
"4626.T","timeseries","grossProfitQ","2026-03-31","1","0","MISSING"
"4626.T","timeseries","grossProfitQ","2025-12-31","2","0","MISSING"
"4626.T","timeseries","grossProfitQ","2025-09-30","3","0","MISSING"
"4628.T","timeseries","grossProfitQ","2026-06-30","0","0","MISSING"
"4628.T","timeseries","grossProfitQ","2025-12-31","1","0","MISSING"
"4628.T","timeseries","grossProfitQ","2025-06-30","2","0","MISSING"
"4628.T","timeseries","grossProfitQ","2024-12-31","3","0","MISSING"
"4631.T","timeseries","grossProfitQ","2026-06-30","0","0","MISSING"
"4631.T","timeseries","grossProfitQ","2026-03-31","1","0","MISSING"
"4631.T","timeseries","grossProfitQ","2025-12-31","2","0","MISSING"
"4631.T","timeseries","grossProfitQ","2025-09-30","3","0","MISSING"
"4633.T","timeseries","revenueQ","2026-03-31","1","0","MISSING"
"4633.T","timeseries","grossProfitQ","2026-06-30","0","0","MISSING"
"4633.T","timeseries","grossProfitQ","2025-12-31","2","0","MISSING"
"4633.T","timeseries","grossProfitQ","2025-09-30","3","0","MISSING"
"4634.T","timeseries","grossProfitQ","2026-06-30","0","0","MISSING"
"4634.T","timeseries","grossProfitQ","2026-03-31","1","0","MISSING"
"4634.T","timeseries","grossProfitQ","2025-12-31","2","0","MISSING"
"4634.T","timeseries","grossProfitQ","2025-09-30","3","0","MISSING"
"4661.T","timeseries","grossProfitQ","2026-03-31","0","0","MISSING"
"4661.T","timeseries","grossProfitQ","2025-12-31","1","0","MISSING"
"4661.T","timeseries","grossProfitQ","2025-09-30","2","0","MISSING"
"4661.T","timeseries","grossProfitQ","2025-06-30","3","0","MISSING"
"4665.T","timeseries","grossProfitQ","2026-06-30","0","0","MISSING"
"4665.T","timeseries","grossProfitQ","2025-12-31","1","0","MISSING"
"4665.T","timeseries","grossProfitQ","2025-06-30","2","0","MISSING"
"4665.T","timeseries","grossProfitQ","2025-03-31","3","0","MISSING"
"4666.T","timeseries","grossProfitQ","2026-04-30","0","0","MISSING"
"4666.T","timeseries","grossProfitQ","2026-01-31","1","0","MISSING"
"4666.T","timeseries","grossProfitQ","2025-10-31","2","0","MISSING"
"4666.T","timeseries","grossProfitQ","2025-07-31","3","0","MISSING"
"4676.T","timeseries","grossProfitQ","2026-06-30","0","0","MISSING"
"4676.T","timeseries","grossProfitQ","2026-03-31","1","0","MISSING"
"4676.T","timeseries","grossProfitQ","2025-12-31","2","0","MISSING"
"4676.T","timeseries","grossProfitQ","2025-09-30","3","0","MISSING"
"4680.T","timeseries","grossProfitQ","2026-06-30","0","0","MISSING"
"4680.T","timeseries","grossProfitQ","2025-12-31","1","0","MISSING"
"4680.T","timeseries","grossProfitQ","2025-09-30","2","0","MISSING"
"4680.T","timeseries","grossProfitQ","2025-06-30","3","0","MISSING"
"4681.T","timeseries","grossProfitQ","2026-06-30","0","0","MISSING"
"4681.T","timeseries","grossProfitQ","2026-03-31","1","0","MISSING"
"4681.T","timeseries","grossProfitQ","2025-12-31","2","0","MISSING"
"4681.T","timeseries","grossProfitQ","2025-09-30","3","0","MISSING"
"4684.T","timeseries","grossProfitQ","2026-06-30","0","0","MISSING"
"4684.T","timeseries","grossProfitQ","2026-03-31","1","0","MISSING"
"4684.T","timeseries","grossProfitQ","2025-12-31","2","0","MISSING"
"4684.T","timeseries","grossProfitQ","2025-09-30","3","0","MISSING"
"4686.T","timeseries","grossProfitQ","2026-06-30","0","0","MISSING"
"4686.T","timeseries","grossProfitQ","2025-12-31","1","0","MISSING"
"4686.T","timeseries","grossProfitQ","2025-06-30","2","0","MISSING"
"4686.T","timeseries","grossProfitQ","2024-12-31","3","0","MISSING"
"4689.T","timeseries","grossProfitQ","2026-06-30","0","0","MISSING"
"4689.T","timeseries","grossProfitQ","2026-03-31","1","0","MISSING"
"4689.T","timeseries","grossProfitQ","2025-12-31","2","0","MISSING"
"4689.T","timeseries","grossProfitQ","2025-09-30","3","0","MISSING"
"4694.T","timeseries","grossProfitQ","2026-06-30","0","0","MISSING"
"4694.T","timeseries","grossProfitQ","2026-03-31","1","0","MISSING"
"4694.T","timeseries","grossProfitQ","2025-12-31","2","0","MISSING"
"4694.T","timeseries","grossProfitQ","2025-09-30","3","0","MISSING"
"4704.T","timeseries","grossProfitQ","2026-03-31","0","0","MISSING"
"4704.T","timeseries","grossProfitQ","2025-12-31","1","0","MISSING"
"4704.T","timeseries","grossProfitQ","2025-09-30","2","0","MISSING"
"4704.T","timeseries","grossProfitQ","2025-06-30","3","0","MISSING"
"4716.T","timeseries","grossProfitQ","2026-08-31","0","0","MISSING"
"4716.T","timeseries","grossProfitQ","2026-05-31","1","0","MISSING"
"4716.T","timeseries","grossProfitQ","2026-02-28","2","0","MISSING"
"4716.T","timeseries","grossProfitQ","2025-11-30","3","0","MISSING"
"472.DE","annual","annualGP","2025-12-31","0","0","MISSING"
"472.DE","annual","annualGP","2024-12-31","1","0","MISSING"
"472.DE","annual","annualGP","2023-12-31","2","0","MISSING"
"472.DE","annual","annualGP","2022-12-31","3","0","MISSING"
"4722.T","timeseries","grossProfitQ","2026-06-30","0","0","MISSING"
"4722.T","timeseries","grossProfitQ","2026-03-31","1","0","MISSING"
"4722.T","timeseries","grossProfitQ","2025-12-31","2","0","MISSING"
"4722.T","timeseries","grossProfitQ","2025-09-30","3","0","MISSING"
"4732.T","timeseries","grossProfitQ","2026-06-30","0","0","MISSING"
"4732.T","timeseries","grossProfitQ","2026-03-31","1","0","MISSING"
"4732.T","timeseries","grossProfitQ","2025-12-31","2","0","MISSING"
"4732.T","timeseries","grossProfitQ","2025-09-30","3","0","MISSING"
"4733.T","timeseries","grossProfitQ","2026-06-30","0","0","MISSING"
"4733.T","timeseries","grossProfitQ","2026-03-31","1","0","MISSING"
"4733.T","timeseries","grossProfitQ","2025-12-31","2","0","MISSING"
"4733.T","timeseries","grossProfitQ","2025-09-30","3","0","MISSING"
"4746.T","timeseries","grossProfitQ","2026-03-31","0","0","MISSING"
"4746.T","timeseries","grossProfitQ","2025-09-30","1","0","MISSING"
"4746.T","timeseries","grossProfitQ","2025-03-31","2","0","MISSING"
"4746.T","timeseries","grossProfitQ","2024-09-30","3","0","MISSING"
"4751.T","timeseries","grossProfitQ","2026-06-30","0","0","MISSING"
"4751.T","timeseries","grossProfitQ","2026-03-31","1","0","MISSING"
"4751.T","timeseries","grossProfitQ","2025-12-31","2","0","MISSING"
"4751.T","timeseries","grossProfitQ","2025-09-30","3","0","MISSING"
"4755.T","timeseries","grossProfitQ","2026-06-30","0","0","MISSING"
"4755.T","timeseries","grossProfitQ","2026-03-31","1","0","MISSING"
"4755.T","timeseries","grossProfitQ","2025-12-31","2","0","MISSING"
"4755.T","timeseries","grossProfitQ","2025-09-30","3","0","MISSING"
"4768.T","timeseries","grossProfitQ","2026-06-30","0","0","MISSING"
"4768.T","timeseries","grossProfitQ","2026-03-31","1","0","MISSING"
"4768.T","timeseries","grossProfitQ","2025-12-31","2","0","MISSING"
"4768.T","timeseries","grossProfitQ","2025-09-30","3","0","MISSING"
"4776.T","timeseries","grossProfitQ","2026-06-30","0","0","MISSING"
"4776.T","timeseries","grossProfitQ","2026-03-31","1","0","MISSING"
"4776.T","timeseries","grossProfitQ","2025-12-31","2","0","MISSING"
"4776.T","timeseries","grossProfitQ","2025-09-30","3","0","MISSING"
"4784.T","timeseries","grossProfitQ","2026-03-31","0","0","MISSING"
"4784.T","timeseries","grossProfitQ","2025-09-30","1","0","MISSING"
"4784.T","timeseries","grossProfitQ","2025-03-31","2","0","MISSING"
"4784.T","timeseries","grossProfitQ","2024-09-30","3","0","MISSING"
"4812.T","timeseries","grossProfitQ","2026-03-31","0","0","MISSING"
"4812.T","timeseries","grossProfitQ","2025-12-31","1","0","MISSING"
"4812.T","timeseries","grossProfitQ","2025-09-30","2","0","MISSING"
"4812.T","timeseries","grossProfitQ","2025-06-30","3","0","MISSING"
"4816.T","timeseries","grossProfitQ","2026-06-30","0","0","MISSING"
"4816.T","timeseries","grossProfitQ","2026-03-31","1","0","MISSING"
"4816.T","timeseries","grossProfitQ","2025-12-31","2","0","MISSING"
"4816.T","timeseries","grossProfitQ","2025-09-30","3","0","MISSING"
"4887.T","timeseries","grossProfitQ","2026-06-30","0","0","MISSING"
"4887.T","timeseries","grossProfitQ","2026-03-31","1","0","MISSING"
"4887.T","timeseries","grossProfitQ","2025-12-31","2","0","MISSING"
"4887.T","timeseries","grossProfitQ","2025-09-30","3","0","MISSING"
"4901.T","timeseries","grossProfitQ","2026-06-30","0","0","MISSING"
"4901.T","timeseries","grossProfitQ","2026-03-31","1","0","MISSING"
"4901.T","timeseries","grossProfitQ","2025-12-31","2","0","MISSING"
"4901.T","timeseries","grossProfitQ","2025-09-30","3","0","MISSING"
"4902.T","timeseries","grossProfitQ","2026-06-30","0","0","MISSING"
"4902.T","timeseries","grossProfitQ","2026-03-31","1","0","MISSING"
"4902.T","timeseries","grossProfitQ","2025-12-31","2","0","MISSING"
"4902.T","timeseries","grossProfitQ","2025-09-30","3","0","MISSING"
"4911.T","timeseries","grossProfitQ","2026-06-30","0","0","MISSING"
"4911.T","timeseries","grossProfitQ","2026-03-31","1","0","MISSING"
"4911.T","timeseries","grossProfitQ","2025-12-31","2","0","MISSING"
"4911.T","timeseries","grossProfitQ","2025-09-30","3","0","MISSING"
"4912.T","timeseries","grossProfitQ","2026-06-30","0","0","MISSING"
"4912.T","timeseries","grossProfitQ","2026-03-31","1","0","MISSING"
"4912.T","timeseries","grossProfitQ","2025-12-31","2","0","MISSING"
"4912.T","timeseries","grossProfitQ","2025-09-30","3","0","MISSING"
"4922.T","timeseries","grossProfitQ","2026-06-30","0","0","MISSING"
"4922.T","timeseries","grossProfitQ","2026-03-31","1","0","MISSING"
"4922.T","timeseries","grossProfitQ","2025-12-31","2","0","MISSING"
"4922.T","timeseries","grossProfitQ","2025-09-30","3","0","MISSING"
"4927.T","timeseries","grossProfitQ","2026-06-30","0","0","MISSING"
"4927.T","timeseries","grossProfitQ","2026-03-31","1","0","MISSING"
"4927.T","timeseries","grossProfitQ","2025-12-31","2","0","MISSING"
"4927.T","timeseries","grossProfitQ","2025-09-30","3","0","MISSING"
"4928.T","timeseries","grossProfitQ","2026-06-30","0","0","MISSING"
"4928.T","timeseries","grossProfitQ","2025-12-31","1","0","MISSING"
"4928.T","timeseries","grossProfitQ","2025-06-30","2","0","MISSING"
"4928.T","timeseries","grossProfitQ","2024-12-31","3","0","MISSING"
"4958.T","timeseries","grossProfitQ","2026-06-30","0","0","MISSING"
"4958.T","timeseries","grossProfitQ","2026-03-31","1","0","MISSING"
"4958.T","timeseries","grossProfitQ","2025-12-31","2","0","MISSING"
"4958.T","timeseries","grossProfitQ","2025-09-30","3","0","MISSING"
"4966.T","timeseries","grossProfitQ","2026-06-30","0","0","MISSING"
"4966.T","timeseries","grossProfitQ","2026-03-31","1","0","MISSING"
"4966.T","timeseries","grossProfitQ","2025-12-31","2","0","MISSING"
"4966.T","timeseries","grossProfitQ","2025-09-30","3","0","MISSING"
"4967.T","timeseries","grossProfitQ","2026-06-30","0","0","MISSING"
"4967.T","timeseries","grossProfitQ","2026-03-31","1","0","MISSING"
"4967.T","timeseries","grossProfitQ","2025-12-31","2","0","MISSING"
"4967.T","timeseries","grossProfitQ","2025-09-30","3","0","MISSING"
"4975.T","timeseries","grossProfitQ","2026-06-30","0","0","MISSING"
"4975.T","timeseries","grossProfitQ","2025-12-31","1","0","MISSING"
"4975.T","timeseries","grossProfitQ","2025-09-30","2","0","MISSING"
"4975.T","timeseries","grossProfitQ","2025-06-30","3","0","MISSING"
"4980.T","timeseries","grossProfitQ","2026-06-30","0","0","MISSING"
"4980.T","timeseries","grossProfitQ","2026-03-31","1","0","MISSING"
"4980.T","timeseries","grossProfitQ","2025-12-31","2","0","MISSING"
"4980.T","timeseries","grossProfitQ","2025-09-30","3","0","MISSING"
"5016.T","timeseries","grossProfitQ","2026-06-30","0","0","MISSING"
"5016.T","timeseries","grossProfitQ","2026-03-31","1","0","MISSING"
"5016.T","timeseries","grossProfitQ","2025-12-31","2","0","MISSING"
"5016.T","timeseries","grossProfitQ","2025-09-30","3","0","MISSING"
"5019.T","timeseries","grossProfitQ","2026-06-30","0","0","MISSING"
"5019.T","timeseries","grossProfitQ","2026-03-31","1","0","MISSING"
"5019.T","timeseries","grossProfitQ","2025-12-31","2","0","MISSING"
"5019.T","timeseries","grossProfitQ","2025-09-30","3","0","MISSING"
"5020.T","timeseries","grossProfitQ","2026-06-30","0","0","MISSING"
"5020.T","timeseries","grossProfitQ","2026-03-31","1","0","MISSING"
"5020.T","timeseries","grossProfitQ","2025-12-31","2","0","MISSING"
"5020.T","timeseries","grossProfitQ","2025-09-30","3","0","MISSING"
"5021.T","timeseries","grossProfitQ","2026-06-30","0","0","MISSING"
"5021.T","timeseries","grossProfitQ","2026-03-31","1","0","MISSING"
"5021.T","timeseries","grossProfitQ","2025-12-31","2","0","MISSING"
"5021.T","timeseries","grossProfitQ","2025-09-30","3","0","MISSING"
"5032.T","timeseries","grossProfitQ","2026-07-31","0","0","MISSING"
"5032.T","timeseries","grossProfitQ","2026-04-30","1","0","MISSING"
"5032.T","timeseries","grossProfitQ","2026-01-31","2","0","MISSING"
"5032.T","timeseries","grossProfitQ","2025-10-31","3","0","MISSING"
"5076.T","timeseries","grossProfitQ","2026-06-30","0","0","MISSING"
"5076.T","timeseries","grossProfitQ","2025-12-31","1","0","MISSING"
"5076.T","timeseries","grossProfitQ","2025-09-30","2","0","MISSING"
"5076.T","timeseries","grossProfitQ","2025-06-30","3","0","MISSING"
"5101.T","timeseries","grossProfitQ","2026-06-30","0","0","MISSING"
"5101.T","timeseries","grossProfitQ","2026-03-31","1","0","MISSING"
"5101.T","timeseries","grossProfitQ","2025-12-31","2","0","MISSING"
"5101.T","timeseries","grossProfitQ","2025-09-30","3","0","MISSING"
"5105.T","timeseries","grossProfitQ","2026-06-30","0","0","MISSING"
"5105.T","timeseries","grossProfitQ","2026-03-31","1","0","MISSING"
"5105.T","timeseries","grossProfitQ","2025-12-31","2","0","MISSING"
"5105.T","timeseries","grossProfitQ","2025-09-30","3","0","MISSING"
"5108.T","timeseries","grossProfitQ","2026-06-30","0","0","MISSING"
"5108.T","timeseries","grossProfitQ","2026-03-31","1","0","MISSING"
"5108.T","timeseries","grossProfitQ","2025-12-31","2","0","MISSING"
"5108.T","timeseries","grossProfitQ","2025-09-30","3","0","MISSING"
"5110.T","timeseries","grossProfitQ","2026-06-30","0","0","MISSING"
"5110.T","timeseries","grossProfitQ","2026-03-31","1","0","MISSING"
"5110.T","timeseries","grossProfitQ","2025-12-31","2","0","MISSING"
"5110.T","timeseries","grossProfitQ","2025-09-30","3","0","MISSING"
"5186.T","timeseries","grossProfitQ","2026-06-30","0","0","MISSING"
"5186.T","timeseries","grossProfitQ","2026-03-31","1","0","MISSING"
"5186.T","timeseries","grossProfitQ","2025-12-31","2","0","MISSING"
"5186.T","timeseries","grossProfitQ","2025-09-30","3","0","MISSING"
"5201.T","timeseries","grossProfitQ","2026-06-30","0","0","MISSING"
"5201.T","timeseries","grossProfitQ","2026-03-31","1","0","MISSING"
"5201.T","timeseries","grossProfitQ","2025-12-31","2","0","MISSING"
"5201.T","timeseries","grossProfitQ","2025-09-30","3","0","MISSING"
"5202.T","timeseries","grossProfitQ","2026-06-30","0","0","MISSING"
"5202.T","timeseries","grossProfitQ","2025-12-31","1","0","MISSING"
"5202.T","timeseries","grossProfitQ","2025-09-30","2","0","MISSING"
"5202.T","timeseries","grossProfitQ","2025-06-30","3","0","MISSING"
"5214.T","timeseries","grossProfitQ","2026-06-30","0","0","MISSING"
"5214.T","timeseries","grossProfitQ","2026-03-31","1","0","MISSING"
"5214.T","timeseries","grossProfitQ","2025-12-31","2","0","MISSING"
"5214.T","timeseries","grossProfitQ","2025-09-30","3","0","MISSING"
"5232.T","timeseries","grossProfitQ","2026-06-30","0","0","MISSING"
"5232.T","timeseries","grossProfitQ","2026-03-31","1","0","MISSING"
"5232.T","timeseries","grossProfitQ","2025-12-31","2","0","MISSING"
"5232.T","timeseries","grossProfitQ","2025-09-30","3","0","MISSING"
"5233.T","timeseries","grossProfitQ","2026-06-30","0","0","MISSING"
"5233.T","timeseries","grossProfitQ","2026-03-31","1","0","MISSING"
"5233.T","timeseries","grossProfitQ","2025-12-31","2","0","MISSING"
"5233.T","timeseries","grossProfitQ","2025-09-30","3","0","MISSING"
"5273.T","timeseries","grossProfitQ","2025-12-31","0","0","MISSING"
"5273.T","timeseries","grossProfitQ","2025-06-30","1","0","MISSING"
"5273.T","timeseries","grossProfitQ","2024-12-31","2","0","MISSING"
"5273.T","timeseries","grossProfitQ","2024-06-30","3","0","MISSING"
"5301.T","timeseries","grossProfitQ","2026-06-30","0","0","MISSING"
"5301.T","timeseries","grossProfitQ","2026-03-31","1","0","MISSING"
"5301.T","timeseries","grossProfitQ","2025-12-31","2","0","MISSING"
"5301.T","timeseries","grossProfitQ","2025-09-30","3","0","MISSING"
"5310.T","timeseries","grossProfitQ","2026-06-30","0","0","MISSING"
"5310.T","timeseries","grossProfitQ","2026-03-31","1","0","MISSING"
"5310.T","timeseries","grossProfitQ","2025-12-31","2","0","MISSING"
"5310.T","timeseries","grossProfitQ","2025-09-30","3","0","MISSING"
"5331.T","timeseries","grossProfitQ","2026-06-30","0","0","MISSING"
"5331.T","timeseries","grossProfitQ","2026-03-31","1","0","MISSING"
"5331.T","timeseries","grossProfitQ","2025-12-31","2","0","MISSING"
"5331.T","timeseries","grossProfitQ","2025-09-30","3","0","MISSING"
"5332.T","timeseries","grossProfitQ","2026-06-30","0","0","MISSING"
"5332.T","timeseries","grossProfitQ","2026-03-31","1","0","MISSING"
"5332.T","timeseries","grossProfitQ","2025-12-31","2","0","MISSING"
"5332.T","timeseries","grossProfitQ","2025-09-30","3","0","MISSING"
"5333.T","timeseries","grossProfitQ","2026-06-30","0","0","MISSING"
"5333.T","timeseries","grossProfitQ","2026-03-31","1","0","MISSING"
"5333.T","timeseries","grossProfitQ","2025-12-31","2","0","MISSING"
"5333.T","timeseries","grossProfitQ","2025-09-30","3","0","MISSING"
"5334.T","timeseries","grossProfitQ","2026-06-30","0","0","MISSING"
"5334.T","timeseries","grossProfitQ","2026-03-31","1","0","MISSING"
"5334.T","timeseries","grossProfitQ","2025-12-31","2","0","MISSING"
"5334.T","timeseries","grossProfitQ","2025-09-30","3","0","MISSING"
"5384.T","timeseries","grossProfitQ","2026-06-30","0","0","MISSING"
"5384.T","timeseries","grossProfitQ","2026-03-31","1","0","MISSING"
"5384.T","timeseries","grossProfitQ","2025-12-31","2","0","MISSING"
"5384.T","timeseries","grossProfitQ","2025-09-30","3","0","MISSING"
"5393.T","timeseries","grossProfitQ","2026-06-30","0","0","MISSING"
"5393.T","timeseries","grossProfitQ","2026-03-31","1","0","MISSING"
"5393.T","timeseries","grossProfitQ","2025-12-31","2","0","MISSING"
"5393.T","timeseries","grossProfitQ","2025-09-30","3","0","MISSING"
"5401.T","timeseries","grossProfitQ","2026-06-30","0","0","MISSING"
"5401.T","timeseries","grossProfitQ","2026-03-31","1","0","MISSING"
"5401.T","timeseries","grossProfitQ","2025-12-31","2","0","MISSING"
"5401.T","timeseries","grossProfitQ","2025-09-30","3","0","MISSING"
"5406.T","timeseries","grossProfitQ","2026-06-30","0","0","MISSING"
"5406.T","timeseries","grossProfitQ","2025-12-31","1","0","MISSING"
"5406.T","timeseries","grossProfitQ","2025-09-30","2","0","MISSING"
"5406.T","timeseries","grossProfitQ","2025-06-30","3","0","MISSING"
"5411.T","timeseries","grossProfitQ","2026-06-30","0","0","MISSING"
"5411.T","timeseries","grossProfitQ","2026-03-31","1","0","MISSING"
"5411.T","timeseries","grossProfitQ","2025-12-31","2","0","MISSING"
"5411.T","timeseries","grossProfitQ","2025-09-30","3","0","MISSING"
"5423.T","timeseries","grossProfitQ","2026-03-31","0","0","MISSING"
"5423.T","timeseries","grossProfitQ","2025-12-31","1","0","MISSING"
"5423.T","timeseries","grossProfitQ","2025-09-30","2","0","MISSING"
"5423.T","timeseries","grossProfitQ","2025-06-30","3","0","MISSING"
"543A.T","timeseries","grossProfitQ","2026-06-30","0","0","MISSING"
"543A.T","timeseries","grossProfitQ","2026-03-31","1","0","MISSING"
"543A.T","timeseries","grossProfitQ","2025-12-31","2","0","MISSING"
"543A.T","timeseries","grossProfitQ","2025-09-30","3","0","MISSING"
"5444.T","timeseries","grossProfitQ","2026-06-30","0","0","MISSING"
"5444.T","timeseries","grossProfitQ","2026-03-31","1","0","MISSING"
"5444.T","timeseries","grossProfitQ","2025-12-31","2","0","MISSING"
"5444.T","timeseries","grossProfitQ","2025-09-30","3","0","MISSING"
"5451.T","timeseries","grossProfitQ","2026-06-30","0","0","MISSING"
"5451.T","timeseries","grossProfitQ","2025-12-31","1","0","MISSING"
"5451.T","timeseries","grossProfitQ","2025-06-30","2","0","MISSING"
"5451.T","timeseries","grossProfitQ","2024-12-31","3","0","MISSING"
"5463.T","timeseries","grossProfitQ","2026-06-30","0","0","MISSING"
"5463.T","timeseries","grossProfitQ","2026-03-31","1","0","MISSING"
"5463.T","timeseries","grossProfitQ","2025-12-31","2","0","MISSING"
"5463.T","timeseries","grossProfitQ","2025-09-30","3","0","MISSING"
"5471.T","timeseries","grossProfitQ","2026-06-30","0","0","MISSING"
"5471.T","timeseries","grossProfitQ","2026-03-31","1","0","MISSING"
"5471.T","timeseries","grossProfitQ","2025-12-31","2","0","MISSING"
"5471.T","timeseries","grossProfitQ","2025-09-30","3","0","MISSING"
"547A.T","timeseries","grossProfitQ","2026-06-30","0","0","MISSING"
"547A.T","timeseries","grossProfitQ","2026-03-31","1","0","MISSING"
"547A.T","timeseries","grossProfitQ","2025-12-31","2","0","MISSING"
"547A.T","timeseries","grossProfitQ","2025-09-30","3","0","MISSING"
"5482.T","timeseries","grossProfitQ","2026-06-30","0","0","MISSING"
"5482.T","timeseries","grossProfitQ","2025-12-31","1","0","MISSING"
"5482.T","timeseries","grossProfitQ","2025-06-30","2","0","MISSING"
"5482.T","timeseries","grossProfitQ","2024-12-31","3","0","MISSING"
"5631.T","timeseries","grossProfitQ","2026-06-30","0","0","MISSING"
"5631.T","timeseries","grossProfitQ","2026-03-31","1","0","MISSING"
"5631.T","timeseries","grossProfitQ","2025-12-31","2","0","MISSING"
"5631.T","timeseries","grossProfitQ","2025-09-30","3","0","MISSING"
"5703.T","timeseries","grossProfitQ","2026-06-30","0","0","MISSING"
"5703.T","timeseries","grossProfitQ","2026-03-31","1","0","MISSING"
"5703.T","timeseries","grossProfitQ","2025-12-31","2","0","MISSING"
"5703.T","timeseries","grossProfitQ","2025-09-30","3","0","MISSING"
"5706.T","timeseries","grossProfitQ","2026-06-30","0","0","MISSING"
"5706.T","timeseries","grossProfitQ","2026-03-31","1","0","MISSING"
"5706.T","timeseries","grossProfitQ","2025-12-31","2","0","MISSING"
"5706.T","timeseries","grossProfitQ","2025-09-30","3","0","MISSING"
"5711.T","timeseries","grossProfitQ","2026-06-30","0","0","MISSING"
"5711.T","timeseries","grossProfitQ","2026-03-31","1","0","MISSING"
"5711.T","timeseries","grossProfitQ","2025-12-31","2","0","MISSING"
"5711.T","timeseries","grossProfitQ","2025-09-30","3","0","MISSING"
"5713.T","timeseries","grossProfitQ","2026-06-30","0","0","MISSING"
"5713.T","timeseries","grossProfitQ","2026-03-31","1","0","MISSING"
"5713.T","timeseries","grossProfitQ","2025-12-31","2","0","MISSING"
"5713.T","timeseries","grossProfitQ","2025-09-30","3","0","MISSING"
"5714.T","timeseries","grossProfitQ","2026-06-30","0","0","MISSING"
"5714.T","timeseries","grossProfitQ","2026-03-31","1","0","MISSING"
"5714.T","timeseries","grossProfitQ","2025-12-31","2","0","MISSING"
"5714.T","timeseries","grossProfitQ","2025-09-30","3","0","MISSING"
"5715.T","timeseries","grossProfitQ","2026-06-30","0","0","MISSING"
"5715.T","timeseries","grossProfitQ","2025-12-31","1","0","MISSING"
"5715.T","timeseries","grossProfitQ","2025-06-30","2","0","MISSING"
"5715.T","timeseries","grossProfitQ","2024-12-31","3","0","MISSING"
"5741.T","timeseries","grossProfitQ","2026-06-30","0","0","MISSING"
"5741.T","timeseries","grossProfitQ","2026-03-31","1","0","MISSING"
"5741.T","timeseries","grossProfitQ","2025-12-31","2","0","MISSING"
"5741.T","timeseries","grossProfitQ","2025-09-30","3","0","MISSING"
"5801.T","timeseries","grossProfitQ","2026-06-30","0","0","MISSING"
"5801.T","timeseries","grossProfitQ","2025-12-31","1","0","MISSING"
"5801.T","timeseries","grossProfitQ","2025-09-30","2","0","MISSING"
"5801.T","timeseries","grossProfitQ","2025-06-30","3","0","MISSING"
"5802.T","timeseries","grossProfitQ","2026-06-30","0","0","MISSING"
"5802.T","timeseries","grossProfitQ","2026-03-31","1","0","MISSING"
"5802.T","timeseries","grossProfitQ","2025-12-31","2","0","MISSING"
"5802.T","timeseries","grossProfitQ","2025-09-30","3","0","MISSING"
"5803.T","timeseries","grossProfitQ","2026-06-30","0","0","MISSING"
"5803.T","timeseries","grossProfitQ","2026-03-31","1","0","MISSING"
"5803.T","timeseries","grossProfitQ","2025-12-31","2","0","MISSING"
"5803.T","timeseries","grossProfitQ","2025-09-30","3","0","MISSING"
"5805.T","timeseries","grossProfitQ","2026-06-30","0","0","MISSING"
"5805.T","timeseries","grossProfitQ","2026-03-31","1","0","MISSING"
"5805.T","timeseries","grossProfitQ","2025-12-31","2","0","MISSING"
"5805.T","timeseries","grossProfitQ","2025-09-30","3","0","MISSING"
"5830.T","timeseries","grossProfitQ","2026-06-30","0","0","MISSING"
"5830.T","timeseries","grossProfitQ","2025-12-31","1","0","MISSING"
"5830.T","timeseries","grossProfitQ","2025-06-30","2","0","MISSING"
"5830.T","timeseries","grossProfitQ","2024-12-31","3","0","MISSING"
"5831.T","timeseries","revenueQ","2025-09-30","3","0","MISSING"
"5831.T","timeseries","grossProfitQ","2026-06-30","0","0","MISSING"
"5831.T","timeseries","grossProfitQ","2026-03-31","1","0","MISSING"
"5831.T","timeseries","grossProfitQ","2025-12-31","2","0","MISSING"
"5832.T","timeseries","grossProfitQ","2026-06-30","0","0","MISSING"
"5832.T","timeseries","grossProfitQ","2025-12-31","1","0","MISSING"
"5832.T","timeseries","grossProfitQ","2025-06-30","2","0","MISSING"
"5832.T","timeseries","grossProfitQ","2024-12-31","3","0","MISSING"
"5838.T","timeseries","grossProfitQ","2026-06-30","0","0","MISSING"
"5838.T","timeseries","grossProfitQ","2026-03-31","1","0","MISSING"
"5838.T","timeseries","grossProfitQ","2025-12-31","2","0","MISSING"
"5838.T","timeseries","grossProfitQ","2025-09-30","3","0","MISSING"
"5844.T","timeseries","revenueQ","2026-03-31","1","0","MISSING"
"5844.T","timeseries","revenueQ","2025-09-30","3","0","MISSING"
"5844.T","timeseries","grossProfitQ","2026-06-30","0","0","MISSING"
"5844.T","timeseries","grossProfitQ","2025-12-31","2","0","MISSING"
"5844.T","annual","annualGP","2026-03-31","0","0","MISSING"
"5844.T","annual","annualGP","2025-03-31","1","0","MISSING"
"5844.T","annual","annualGP","2024-03-31","2","0","MISSING"
"5844.T","annual","annualGP","2023-03-31","3","0","MISSING"
"5857.T","timeseries","grossProfitQ","2026-06-30","0","0","MISSING"
"5857.T","timeseries","grossProfitQ","2026-03-31","1","0","MISSING"
"5857.T","timeseries","grossProfitQ","2025-12-31","2","0","MISSING"
"5857.T","timeseries","grossProfitQ","2025-09-30","3","0","MISSING"
"5901.T","timeseries","grossProfitQ","2026-06-30","0","0","MISSING"
"5901.T","timeseries","grossProfitQ","2025-12-31","1","0","MISSING"
"5901.T","timeseries","grossProfitQ","2025-06-30","2","0","MISSING"
"5901.T","timeseries","grossProfitQ","2025-03-31","3","0","MISSING"
"5929.T","timeseries","grossProfitQ","2026-06-30","0","0","MISSING"
"5929.T","timeseries","grossProfitQ","2026-03-31","1","0","MISSING"
"5929.T","timeseries","grossProfitQ","2025-12-31","2","0","MISSING"
"5929.T","timeseries","grossProfitQ","2025-09-30","3","0","MISSING"
"5938.T","timeseries","grossProfitQ","2026-06-30","0","0","MISSING"
"5938.T","timeseries","grossProfitQ","2026-03-31","1","0","MISSING"
"5938.T","timeseries","grossProfitQ","2025-12-31","2","0","MISSING"
"5938.T","timeseries","grossProfitQ","2025-09-30","3","0","MISSING"
"5947.T","timeseries","grossProfitQ","2026-06-30","0","0","MISSING"
"5947.T","timeseries","grossProfitQ","2026-03-31","1","0","MISSING"
"5947.T","timeseries","grossProfitQ","2025-12-31","2","0","MISSING"
"5947.T","timeseries","grossProfitQ","2025-09-30","3","0","MISSING"
"5975.T","timeseries","grossProfitQ","2026-06-30","0","0","MISSING"
"5975.T","timeseries","grossProfitQ","2026-03-31","1","0","MISSING"
"5975.T","timeseries","grossProfitQ","2025-12-31","2","0","MISSING"
"5975.T","timeseries","grossProfitQ","2025-09-30","3","0","MISSING"
"5991.T","timeseries","grossProfitQ","2026-06-30","0","0","MISSING"
"5991.T","timeseries","grossProfitQ","2026-03-31","1","0","MISSING"
"5991.T","timeseries","grossProfitQ","2025-12-31","2","0","MISSING"
"5991.T","timeseries","grossProfitQ","2025-09-30","3","0","MISSING"
"5E2.SI","timeseries","grossProfitQ","2021-06-30","0","0","MISSING"
"5E2.SI","timeseries","grossProfitQ","2021-03-31","1","0","MISSING"
"5E2.SI","timeseries","grossProfitQ","2020-12-31","2","0","MISSING"
"5E2.SI","timeseries","grossProfitQ","2020-09-30","3","0","MISSING"
"600026.SS","timeseries","grossProfitQ","2026-06-30","0","0","MISSING"
"600026.SS","timeseries","grossProfitQ","2026-03-31","1","0","MISSING"
"600026.SS","timeseries","grossProfitQ","2025-12-31","2","0","MISSING"
"600026.SS","timeseries","grossProfitQ","2025-09-30","3","0","MISSING"
"600028.SS","timeseries","grossProfitQ","2026-06-30","0","0","MISSING"
"600028.SS","timeseries","grossProfitQ","2026-03-31","1","0","MISSING"
"600028.SS","timeseries","grossProfitQ","2025-12-31","2","0","MISSING"
"600028.SS","timeseries","grossProfitQ","2025-09-30","3","0","MISSING"
"600155.SS","annual","annualRev","2022-12-31","3","0","MISSING"
"600259.SS","annual","annualRev","2021-12-31","2","0","MISSING"
"600360.SS","timeseries","grossProfitQ","2014-06-30","0","0","MISSING"
"600360.SS","timeseries","grossProfitQ","2014-03-31","1","0","MISSING"
"600360.SS","timeseries","grossProfitQ","2013-12-31","2","0","MISSING"
"600360.SS","timeseries","grossProfitQ","2013-09-30","3","0","MISSING"
"6005.T","timeseries","grossProfitQ","2026-06-30","0","0","MISSING"
"6005.T","timeseries","grossProfitQ","2026-03-31","1","0","MISSING"
"6005.T","timeseries","grossProfitQ","2025-12-31","2","0","MISSING"
"6005.T","timeseries","grossProfitQ","2025-09-30","3","0","MISSING"
"600525.SS","annual","annualRev","2021-12-31","0","0","MISSING"
"600582.SS","annual","annualRev","2025-12-31","0","0","MISSING"
"600938.SS","timeseries","grossProfitQ","2026-06-30","0","0","MISSING"
"600938.SS","timeseries","grossProfitQ","2026-03-31","1","0","MISSING"
"600938.SS","timeseries","grossProfitQ","2025-12-31","2","0","MISSING"
"600938.SS","timeseries","grossProfitQ","2025-09-30","3","0","MISSING"
"600941.SS","timeseries","grossProfitQ","2026-06-30","0","0","MISSING"
"600941.SS","timeseries","grossProfitQ","2026-03-31","1","0","MISSING"
"600941.SS","timeseries","grossProfitQ","2025-12-31","2","0","MISSING"
"600941.SS","timeseries","grossProfitQ","2025-09-30","3","0","MISSING"
"601038.SS","timeseries","revenueQ","2025-09-30","3","0","MISSING"
"601038.SS","timeseries","grossProfitQ","2026-06-30","0","0","MISSING"
"601038.SS","timeseries","grossProfitQ","2026-03-31","1","0","MISSING"
"601038.SS","timeseries","grossProfitQ","2025-12-31","2","0","MISSING"
"601077.SS","timeseries","revenueQ","2020-09-30","2","0","MISSING"
"601077.SS","timeseries","grossProfitQ","2025-03-31","0","0","MISSING"
"601077.SS","timeseries","grossProfitQ","2023-06-30","1","0","MISSING"
"601077.SS","timeseries","grossProfitQ","2018-12-31","3","0","MISSING"
"601108.SS","annual","annualRev","2022-12-31","3","0","MISSING"
"601198.SS","annual","annualRev","2023-12-31","2","0","MISSING"
"601298.SS","timeseries","grossProfitQ","2023-03-31","0","0","MISSING"
"6013.T","timeseries","grossProfitQ","2026-06-30","0","0","MISSING"
"6013.T","timeseries","grossProfitQ","2026-03-31","1","0","MISSING"
"6013.T","timeseries","grossProfitQ","2025-12-31","2","0","MISSING"
"6013.T","timeseries","grossProfitQ","2025-09-30","3","0","MISSING"
"601318.SS","annual","annualGP","2025-12-31","0","0","MISSING"
"601318.SS","annual","annualGP","2024-12-31","1","0","MISSING"
"601318.SS","annual","annualGP","2023-12-31","2","0","MISSING"
"601318.SS","annual","annualGP","2022-12-31","3","0","MISSING"
"601375.SS","annual","annualRev","2022-12-31","3","0","MISSING"
"601598.SS","timeseries","grossProfitQ","2025-12-31","0","0","MISSING"
"601598.SS","timeseries","grossProfitQ","2025-09-30","1","0","MISSING"
"601598.SS","timeseries","grossProfitQ","2025-06-30","2","0","MISSING"
"601598.SS","timeseries","grossProfitQ","2025-03-31","3","0","MISSING"
"601601.SS","annual","annualRev","2023-12-31","2","0","MISSING"
"601628.SS","annual","annualRev","2024-12-31","1","0","MISSING"
"601633.SS","timeseries","grossProfitQ","2026-06-30","0","0","MISSING"
"601633.SS","timeseries","grossProfitQ","2026-03-31","1","0","MISSING"
"601633.SS","timeseries","grossProfitQ","2025-12-31","2","0","MISSING"
"601633.SS","timeseries","grossProfitQ","2025-09-30","3","0","MISSING"
"601658.SS","timeseries","grossProfitQ","2026-06-30","0","0","MISSING"
"601658.SS","timeseries","grossProfitQ","2026-03-31","1","0","MISSING"
"601658.SS","timeseries","grossProfitQ","2025-12-31","2","0","MISSING"
"601658.SS","timeseries","grossProfitQ","2025-09-30","3","0","MISSING"
"601696.SS","annual","annualRev","2022-12-31","3","0","MISSING"
"601728.SS","timeseries","grossProfitQ","2026-06-30","0","0","MISSING"
"601728.SS","timeseries","grossProfitQ","2026-03-31","1","0","MISSING"
"601728.SS","timeseries","grossProfitQ","2025-12-31","2","0","MISSING"
"601728.SS","timeseries","grossProfitQ","2025-09-30","3","0","MISSING"
"601800.SS","timeseries","revenueQ","2025-06-30","1","0","MISSING"
"601800.SS","timeseries","grossProfitQ","2025-09-30","0","0","MISSING"
"601800.SS","timeseries","grossProfitQ","2023-09-30","2","0","MISSING"
"601800.SS","timeseries","grossProfitQ","2023-06-30","3","0","MISSING"
"601828.SS","timeseries","grossProfitQ","2021-03-31","0","0","MISSING"
"601828.SS","timeseries","grossProfitQ","2020-12-31","1","0","MISSING"
"601828.SS","timeseries","grossProfitQ","2020-09-30","2","0","MISSING"
"601828.SS","timeseries","grossProfitQ","2020-03-31","3","0","MISSING"
"601865.SS","timeseries","grossProfitQ","2026-03-31","0","0","MISSING"
"601865.SS","timeseries","grossProfitQ","2025-12-31","1","0","MISSING"
"601865.SS","timeseries","grossProfitQ","2025-09-30","2","0","MISSING"
"601865.SS","timeseries","grossProfitQ","2025-06-30","3","0","MISSING"
"601869.SS","timeseries","revenueQ","2025-12-31","1","0","MISSING"
"601869.SS","timeseries","grossProfitQ","2026-03-31","0","0","MISSING"
"601869.SS","timeseries","grossProfitQ","2025-09-30","2","0","MISSING"
"601869.SS","timeseries","grossProfitQ","2025-06-30","3","0","MISSING"
"601878.SS","annual","annualRev","2022-12-31","3","0","MISSING"
"601881.SS","timeseries","revenueQ","2025-09-30","1","0","MISSING"
"601881.SS","timeseries","grossProfitQ","2026-03-31","0","0","MISSING"
"601881.SS","timeseries","grossProfitQ","2025-06-30","2","0","MISSING"
"601881.SS","timeseries","grossProfitQ","2025-03-31","3","0","MISSING"
"601898.SS","timeseries","grossProfitQ","2026-06-30","0","0","MISSING"
"601898.SS","timeseries","grossProfitQ","2026-03-31","1","0","MISSING"
"601898.SS","timeseries","grossProfitQ","2025-12-31","2","0","MISSING"
"601898.SS","timeseries","grossProfitQ","2025-09-30","3","0","MISSING"
"601919.SS","timeseries","grossProfitQ","2026-06-30","0","0","MISSING"
"601919.SS","timeseries","grossProfitQ","2026-03-31","1","0","MISSING"
"601919.SS","timeseries","grossProfitQ","2025-12-31","2","0","MISSING"
"601919.SS","timeseries","grossProfitQ","2025-09-30","3","0","MISSING"
"601963.SS","annual","annualRev","2024-12-31","1","0","MISSING"
"601963.SS","annual","annualRev","2022-12-31","3","0","MISSING"
"601992.SS","timeseries","revenueQ","2024-09-30","1","0","MISSING"
"601992.SS","timeseries","revenueQ","2020-09-30","3","0","MISSING"
"601992.SS","timeseries","grossProfitQ","2024-12-31","0","0","MISSING"
"601992.SS","timeseries","grossProfitQ","2020-12-31","2","0","MISSING"
"601995.SS","timeseries","grossProfitQ","2026-06-30","0","0","MISSING"
"601995.SS","timeseries","grossProfitQ","2026-03-31","1","0","MISSING"
"601995.SS","timeseries","grossProfitQ","2025-12-31","2","0","MISSING"
"601995.SS","timeseries","grossProfitQ","2025-09-30","3","0","MISSING"
"603092.SS","annual","annualRev","2024-12-31","1","0","MISSING"
"603093.SS","annual","annualGP","2025-12-31","0","0","MISSING"
"603093.SS","annual","annualGP","2024-12-31","1","0","MISSING"
"603093.SS","annual","annualGP","2023-12-31","2","0","MISSING"
"603093.SS","annual","annualGP","2022-12-31","3","0","MISSING"
"603993.SS","timeseries","revenueQ","2026-06-30","0","0","MISSING"
"603993.SS","timeseries","grossProfitQ","2025-12-31","1","0","MISSING"
"603993.SS","timeseries","grossProfitQ","2025-09-30","2","0","MISSING"
"603993.SS","timeseries","grossProfitQ","2025-06-30","3","0","MISSING"
"605198.SS","timeseries","revenueQ","2022-03-31","0","0","MISSING"
"605198.SS","timeseries","grossProfitQ","2006-09-30","1","0","MISSING"
"6055.T","timeseries","grossProfitQ","2026-06-30","0","0","MISSING"
"6055.T","timeseries","grossProfitQ","2026-03-31","1","0","MISSING"
"6055.T","timeseries","grossProfitQ","2025-12-31","2","0","MISSING"
"6055.T","timeseries","grossProfitQ","2025-09-30","3","0","MISSING"
"6066.HK","timeseries","grossProfitQ","2026-06-30","0","0","MISSING"
"6066.HK","timeseries","grossProfitQ","2026-03-31","1","0","MISSING"
"6066.HK","timeseries","grossProfitQ","2025-12-31","2","0","MISSING"
"6066.HK","timeseries","grossProfitQ","2025-09-30","3","0","MISSING"
"6080.T","timeseries","grossProfitQ","2026-06-30","0","0","MISSING"
"6080.T","timeseries","grossProfitQ","2026-03-31","1","0","MISSING"
"6080.T","timeseries","grossProfitQ","2025-12-31","2","0","MISSING"
"6080.T","timeseries","grossProfitQ","2025-09-30","3","0","MISSING"
"6088.HK","timeseries","grossProfitQ","2025-12-31","0","0","MISSING"
"6088.HK","timeseries","grossProfitQ","2024-03-31","1","0","MISSING"
"6088.HK","timeseries","grossProfitQ","2020-06-30","2","0","MISSING"
"6088.HK","timeseries","grossProfitQ","2020-03-31","3","0","MISSING"
"6098.T","timeseries","grossProfitQ","2026-06-30","0","0","MISSING"
"6098.T","timeseries","grossProfitQ","2026-03-31","1","0","MISSING"
"6098.T","timeseries","grossProfitQ","2025-12-31","2","0","MISSING"
"6098.T","timeseries","grossProfitQ","2025-09-30","3","0","MISSING"
"6101.T","timeseries","grossProfitQ","2026-06-30","0","0","MISSING"
"6101.T","timeseries","grossProfitQ","2025-12-31","1","0","MISSING"
"6101.T","timeseries","grossProfitQ","2025-06-30","2","0","MISSING"
"6101.T","timeseries","grossProfitQ","2024-12-31","3","0","MISSING"
"6103.T","timeseries","grossProfitQ","2026-06-30","0","0","MISSING"
"6103.T","timeseries","grossProfitQ","2026-03-31","1","0","MISSING"
"6103.T","timeseries","grossProfitQ","2025-12-31","2","0","MISSING"
"6103.T","timeseries","grossProfitQ","2025-09-30","3","0","MISSING"
"6113.T","timeseries","grossProfitQ","2026-06-30","0","0","MISSING"
"6113.T","timeseries","grossProfitQ","2026-03-31","1","0","MISSING"
"6113.T","timeseries","grossProfitQ","2025-12-31","2","0","MISSING"
"6113.T","timeseries","grossProfitQ","2025-09-30","3","0","MISSING"
"6134.T","timeseries","grossProfitQ","2026-06-30","0","0","MISSING"
"6134.T","timeseries","grossProfitQ","2026-03-31","1","0","MISSING"
"6134.T","timeseries","grossProfitQ","2025-12-31","2","0","MISSING"
"6134.T","timeseries","grossProfitQ","2025-09-30","3","0","MISSING"
"6135.T","timeseries","grossProfitQ","2026-06-30","0","0","MISSING"
"6135.T","timeseries","grossProfitQ","2026-03-31","1","0","MISSING"
"6135.T","timeseries","grossProfitQ","2025-12-31","2","0","MISSING"
"6135.T","timeseries","grossProfitQ","2025-09-30","3","0","MISSING"
"6136.T","timeseries","grossProfitQ","2026-05-31","0","0","MISSING"
"6136.T","timeseries","grossProfitQ","2026-02-28","1","0","MISSING"
"6136.T","timeseries","grossProfitQ","2025-11-30","2","0","MISSING"
"6136.T","timeseries","grossProfitQ","2025-08-31","3","0","MISSING"
"6141.T","timeseries","grossProfitQ","2026-06-30","0","0","MISSING"
"6141.T","timeseries","grossProfitQ","2026-03-31","1","0","MISSING"
"6141.T","timeseries","grossProfitQ","2025-12-31","2","0","MISSING"
"6141.T","timeseries","grossProfitQ","2025-09-30","3","0","MISSING"
"6146.T","timeseries","grossProfitQ","2026-06-30","0","0","MISSING"
"6146.T","timeseries","grossProfitQ","2026-03-31","1","0","MISSING"
"6146.T","timeseries","grossProfitQ","2025-12-31","2","0","MISSING"
"6146.T","timeseries","grossProfitQ","2025-09-30","3","0","MISSING"
"6178.T","timeseries","grossProfitQ","2026-06-30","0","0","MISSING"
"6178.T","timeseries","grossProfitQ","2026-03-31","1","0","MISSING"
"6178.T","timeseries","grossProfitQ","2025-12-31","2","0","MISSING"
"6178.T","timeseries","grossProfitQ","2025-09-30","3","0","MISSING"
"6185.HK","timeseries","revenueQ","2025-03-31","3","0","MISSING"
"6185.HK","timeseries","grossProfitQ","2026-06-30","0","0","MISSING"
"6185.HK","timeseries","grossProfitQ","2025-09-30","1","0","MISSING"
"6185.HK","timeseries","grossProfitQ","2025-06-30","2","0","MISSING"
"6198.HK","timeseries","grossProfitQ","2023-03-31","0","0","MISSING"
"6227.T","timeseries","grossProfitQ","2026-06-30","0","0","MISSING"
"6227.T","timeseries","grossProfitQ","2026-03-31","1","0","MISSING"
"6227.T","timeseries","grossProfitQ","2025-12-31","2","0","MISSING"
"6227.T","timeseries","grossProfitQ","2025-09-30","3","0","MISSING"
"6250.T","timeseries","grossProfitQ","2026-06-30","0","0","MISSING"
"6250.T","timeseries","grossProfitQ","2026-03-31","1","0","MISSING"
"6250.T","timeseries","grossProfitQ","2025-12-31","2","0","MISSING"
"6250.T","timeseries","grossProfitQ","2025-09-30","3","0","MISSING"
"6254.T","timeseries","grossProfitQ","2026-06-30","0","0","MISSING"
"6254.T","timeseries","grossProfitQ","2026-03-31","1","0","MISSING"
"6254.T","timeseries","grossProfitQ","2025-12-31","2","0","MISSING"
"6254.T","timeseries","grossProfitQ","2025-09-30","3","0","MISSING"
"6268.T","timeseries","grossProfitQ","2026-06-30","0","0","MISSING"
"6268.T","timeseries","grossProfitQ","2026-03-31","1","0","MISSING"
"6268.T","timeseries","grossProfitQ","2025-12-31","2","0","MISSING"
"6268.T","timeseries","grossProfitQ","2025-09-30","3","0","MISSING"
"6269.T","timeseries","grossProfitQ","2026-06-30","0","0","MISSING"
"6269.T","timeseries","grossProfitQ","2026-03-31","1","0","MISSING"
"6269.T","timeseries","grossProfitQ","2025-12-31","2","0","MISSING"
"6269.T","timeseries","grossProfitQ","2025-09-30","3","0","MISSING"
"6273.T","timeseries","grossProfitQ","2026-06-30","0","0","MISSING"
"6273.T","timeseries","grossProfitQ","2026-03-31","1","0","MISSING"
"6273.T","timeseries","grossProfitQ","2025-12-31","2","0","MISSING"
"6273.T","timeseries","grossProfitQ","2025-09-30","3","0","MISSING"
"6278.T","timeseries","grossProfitQ","2026-06-30","0","0","MISSING"
"6278.T","timeseries","grossProfitQ","2026-03-31","1","0","MISSING"
"6278.T","timeseries","grossProfitQ","2025-12-31","2","0","MISSING"
"6278.T","timeseries","grossProfitQ","2025-09-30","3","0","MISSING"
"6284.T","timeseries","grossProfitQ","2026-06-30","0","0","MISSING"
"6284.T","timeseries","grossProfitQ","2026-03-31","1","0","MISSING"
"6284.T","timeseries","grossProfitQ","2025-12-31","2","0","MISSING"
"6284.T","timeseries","grossProfitQ","2025-09-30","3","0","MISSING"
"6288.HK","timeseries","grossProfitQ","2026-05-31","0","0","MISSING"
"6288.HK","timeseries","grossProfitQ","2026-02-28","1","0","MISSING"
"6288.HK","timeseries","grossProfitQ","2025-11-30","2","0","MISSING"
"6288.HK","timeseries","grossProfitQ","2025-08-31","3","0","MISSING"
"6301.T","timeseries","grossProfitQ","2026-06-30","0","0","MISSING"
"6301.T","timeseries","grossProfitQ","2026-03-31","1","0","MISSING"
"6301.T","timeseries","grossProfitQ","2025-12-31","2","0","MISSING"
"6301.T","timeseries","grossProfitQ","2025-09-30","3","0","MISSING"
"6302.T","timeseries","grossProfitQ","2026-06-30","0","0","MISSING"
"6302.T","timeseries","grossProfitQ","2026-03-31","1","0","MISSING"
"6302.T","timeseries","grossProfitQ","2025-12-31","2","0","MISSING"
"6302.T","timeseries","grossProfitQ","2025-09-30","3","0","MISSING"
"6305.T","timeseries","grossProfitQ","2026-06-30","0","0","MISSING"
"6305.T","timeseries","grossProfitQ","2026-03-31","1","0","MISSING"
"6305.T","timeseries","grossProfitQ","2025-12-31","2","0","MISSING"
"6305.T","timeseries","grossProfitQ","2025-09-30","3","0","MISSING"
"6315.T","timeseries","grossProfitQ","2026-06-30","0","0","MISSING"
"6315.T","timeseries","grossProfitQ","2026-03-31","1","0","MISSING"
"6315.T","timeseries","grossProfitQ","2025-12-31","2","0","MISSING"
"6315.T","timeseries","grossProfitQ","2025-09-30","3","0","MISSING"
"6323.T","timeseries","grossProfitQ","2026-05-31","0","0","MISSING"
"6323.T","timeseries","grossProfitQ","2026-02-28","1","0","MISSING"
"6323.T","timeseries","grossProfitQ","2025-11-30","2","0","MISSING"
"6323.T","timeseries","grossProfitQ","2025-08-31","3","0","MISSING"
"6324.T","timeseries","grossProfitQ","2026-06-30","0","0","MISSING"
"6324.T","timeseries","grossProfitQ","2026-03-31","1","0","MISSING"
"6324.T","timeseries","grossProfitQ","2025-12-31","2","0","MISSING"
"6324.T","timeseries","grossProfitQ","2025-09-30","3","0","MISSING"
"6326.T","timeseries","grossProfitQ","2026-06-30","0","0","MISSING"
"6326.T","timeseries","grossProfitQ","2026-03-31","1","0","MISSING"
"6326.T","timeseries","grossProfitQ","2025-12-31","2","0","MISSING"
"6326.T","timeseries","grossProfitQ","2025-09-30","3","0","MISSING"
"6330.T","timeseries","grossProfitQ","2026-06-30","0","0","MISSING"
"6330.T","timeseries","grossProfitQ","2025-12-31","1","0","MISSING"
"6330.T","timeseries","grossProfitQ","2025-09-30","2","0","MISSING"
"6330.T","timeseries","grossProfitQ","2025-06-30","3","0","MISSING"
"6340.T","timeseries","grossProfitQ","2026-06-30","0","0","MISSING"
"6340.T","timeseries","grossProfitQ","2026-03-31","1","0","MISSING"
"6340.T","timeseries","grossProfitQ","2025-12-31","2","0","MISSING"
"6340.T","timeseries","grossProfitQ","2025-09-30","3","0","MISSING"
"6361.T","timeseries","grossProfitQ","2026-06-30","0","0","MISSING"
"6361.T","timeseries","grossProfitQ","2026-03-31","1","0","MISSING"
"6361.T","timeseries","grossProfitQ","2025-12-31","2","0","MISSING"
"6361.T","timeseries","grossProfitQ","2025-09-30","3","0","MISSING"
"6366.T","timeseries","grossProfitQ","2026-06-30","0","0","MISSING"
"6366.T","timeseries","grossProfitQ","2025-12-31","1","0","MISSING"
"6366.T","timeseries","grossProfitQ","2025-09-30","2","0","MISSING"
"6366.T","timeseries","grossProfitQ","2025-06-30","3","0","MISSING"
"6367.T","timeseries","grossProfitQ","2026-06-30","0","0","MISSING"
"6367.T","timeseries","grossProfitQ","2026-03-31","1","0","MISSING"
"6367.T","timeseries","grossProfitQ","2025-12-31","2","0","MISSING"
"6367.T","timeseries","grossProfitQ","2025-09-30","3","0","MISSING"
"6368.T","timeseries","grossProfitQ","2026-06-30","0","0","MISSING"
"6368.T","timeseries","grossProfitQ","2026-03-31","1","0","MISSING"
"6368.T","timeseries","grossProfitQ","2025-12-31","2","0","MISSING"
"6368.T","timeseries","grossProfitQ","2025-09-30","3","0","MISSING"
"6370.T","timeseries","grossProfitQ","2026-06-30","0","0","MISSING"
"6370.T","timeseries","grossProfitQ","2026-03-31","1","0","MISSING"
"6370.T","timeseries","grossProfitQ","2025-12-31","2","0","MISSING"
"6370.T","timeseries","grossProfitQ","2025-09-30","3","0","MISSING"
"6371.T","timeseries","grossProfitQ","2026-06-30","0","0","MISSING"
"6371.T","timeseries","grossProfitQ","2025-12-31","1","0","MISSING"
"6371.T","timeseries","grossProfitQ","2025-06-30","2","0","MISSING"
"6371.T","timeseries","grossProfitQ","2025-03-31","3","0","MISSING"
"6376.T","timeseries","grossProfitQ","2026-03-31","0","0","MISSING"
"6376.T","timeseries","grossProfitQ","2025-09-30","1","0","MISSING"
"6376.T","timeseries","grossProfitQ","2025-03-31","2","0","MISSING"
"6376.T","timeseries","grossProfitQ","2024-09-30","3","0","MISSING"
"6379.T","timeseries","grossProfitQ","2026-06-30","0","0","MISSING"
"6379.T","timeseries","grossProfitQ","2025-12-31","1","0","MISSING"
"6379.T","timeseries","grossProfitQ","2025-06-30","2","0","MISSING"
"6379.T","timeseries","grossProfitQ","2024-12-31","3","0","MISSING"
"6383.T","timeseries","grossProfitQ","2026-06-30","0","0","MISSING"
"6383.T","timeseries","grossProfitQ","2026-03-31","1","0","MISSING"
"6383.T","timeseries","grossProfitQ","2025-12-31","2","0","MISSING"
"6383.T","timeseries","grossProfitQ","2025-09-30","3","0","MISSING"
"6395.T","timeseries","grossProfitQ","2026-03-31","0","0","MISSING"
"6395.T","timeseries","grossProfitQ","2025-09-30","1","0","MISSING"
"6395.T","timeseries","grossProfitQ","2025-03-31","2","0","MISSING"
"6395.T","timeseries","grossProfitQ","2024-09-30","3","0","MISSING"
"6407.T","timeseries","grossProfitQ","2026-06-30","0","0","MISSING"
"6407.T","timeseries","grossProfitQ","2026-03-31","1","0","MISSING"
"6407.T","timeseries","grossProfitQ","2025-12-31","2","0","MISSING"
"6407.T","timeseries","grossProfitQ","2025-09-30","3","0","MISSING"
"6412.T","timeseries","grossProfitQ","2026-06-30","0","0","MISSING"
"6412.T","timeseries","grossProfitQ","2026-03-31","1","0","MISSING"
"6412.T","timeseries","grossProfitQ","2025-12-31","2","0","MISSING"
"6412.T","timeseries","grossProfitQ","2025-09-30","3","0","MISSING"
"6417.T","timeseries","grossProfitQ","2026-06-30","0","0","MISSING"
"6417.T","timeseries","grossProfitQ","2025-12-31","1","0","MISSING"
"6417.T","timeseries","grossProfitQ","2025-09-30","2","0","MISSING"
"6417.T","timeseries","grossProfitQ","2025-06-30","3","0","MISSING"
"6420.T","timeseries","grossProfitQ","2026-06-30","0","0","MISSING"
"6420.T","timeseries","grossProfitQ","2026-03-31","1","0","MISSING"
"6420.T","timeseries","grossProfitQ","2025-12-31","2","0","MISSING"
"6420.T","timeseries","grossProfitQ","2025-09-30","3","0","MISSING"
"6432.T","timeseries","grossProfitQ","2026-05-31","0","0","MISSING"
"6432.T","timeseries","grossProfitQ","2026-02-28","1","0","MISSING"
"6432.T","timeseries","grossProfitQ","2025-11-30","2","0","MISSING"
"6432.T","timeseries","grossProfitQ","2025-08-31","3","0","MISSING"
"6436.T","timeseries","grossProfitQ","2026-06-30","0","0","MISSING"
"6436.T","timeseries","grossProfitQ","2026-03-31","1","0","MISSING"
"6436.T","timeseries","grossProfitQ","2025-12-31","2","0","MISSING"
"6436.T","timeseries","grossProfitQ","2025-09-30","3","0","MISSING"
"6448.T","timeseries","grossProfitQ","2026-06-30","0","0","MISSING"
"6448.T","timeseries","grossProfitQ","2026-03-31","1","0","MISSING"
"6448.T","timeseries","grossProfitQ","2025-12-31","2","0","MISSING"
"6448.T","timeseries","grossProfitQ","2025-09-30","3","0","MISSING"
"6454.T","timeseries","grossProfitQ","2026-06-30","0","0","MISSING"
"6454.T","timeseries","grossProfitQ","2026-03-31","1","0","MISSING"
"6454.T","timeseries","grossProfitQ","2025-12-31","2","0","MISSING"
"6454.T","timeseries","grossProfitQ","2025-09-30","3","0","MISSING"
"6457.T","timeseries","grossProfitQ","2026-06-30","0","0","MISSING"
"6457.T","timeseries","grossProfitQ","2026-03-31","1","0","MISSING"
"6457.T","timeseries","grossProfitQ","2025-12-31","2","0","MISSING"
"6457.T","timeseries","grossProfitQ","2025-09-30","3","0","MISSING"
"6460.T","timeseries","grossProfitQ","2026-06-30","0","0","MISSING"
"6460.T","timeseries","grossProfitQ","2026-03-31","1","0","MISSING"
"6460.T","timeseries","grossProfitQ","2025-12-31","2","0","MISSING"
"6460.T","timeseries","grossProfitQ","2025-09-30","3","0","MISSING"
"6465.T","timeseries","grossProfitQ","2026-06-30","0","0","MISSING"
"6465.T","timeseries","grossProfitQ","2026-03-31","1","0","MISSING"
"6465.T","timeseries","grossProfitQ","2025-12-31","2","0","MISSING"
"6465.T","timeseries","grossProfitQ","2025-09-30","3","0","MISSING"
"6471.T","timeseries","grossProfitQ","2026-06-30","0","0","MISSING"
"6471.T","timeseries","grossProfitQ","2026-03-31","1","0","MISSING"
"6471.T","timeseries","grossProfitQ","2025-12-31","2","0","MISSING"
"6471.T","timeseries","grossProfitQ","2025-09-30","3","0","MISSING"
"6472.T","timeseries","grossProfitQ","2026-06-30","0","0","MISSING"
"6472.T","timeseries","grossProfitQ","2026-03-31","1","0","MISSING"
"6472.T","timeseries","grossProfitQ","2025-12-31","2","0","MISSING"
"6472.T","timeseries","grossProfitQ","2025-09-30","3","0","MISSING"
"6473.T","timeseries","grossProfitQ","2026-06-30","0","0","MISSING"
"6473.T","timeseries","grossProfitQ","2026-03-31","1","0","MISSING"
"6473.T","timeseries","grossProfitQ","2025-12-31","2","0","MISSING"
"6473.T","timeseries","grossProfitQ","2025-09-30","3","0","MISSING"
"6479.T","timeseries","grossProfitQ","2026-06-30","0","0","MISSING"
"6479.T","timeseries","grossProfitQ","2026-03-31","1","0","MISSING"
"6479.T","timeseries","grossProfitQ","2025-12-31","2","0","MISSING"
"6479.T","timeseries","grossProfitQ","2025-09-30","3","0","MISSING"
"6480.T","timeseries","grossProfitQ","2026-06-30","0","0","MISSING"
"6480.T","timeseries","grossProfitQ","2025-12-31","1","0","MISSING"
"6480.T","timeseries","grossProfitQ","2025-06-30","2","0","MISSING"
"6480.T","timeseries","grossProfitQ","2025-03-31","3","0","MISSING"
"6481.T","timeseries","grossProfitQ","2026-06-30","0","0","MISSING"
"6481.T","timeseries","grossProfitQ","2026-03-31","1","0","MISSING"
"6481.T","timeseries","grossProfitQ","2025-12-31","2","0","MISSING"
"6481.T","timeseries","grossProfitQ","2025-09-30","3","0","MISSING"
"6486.T","timeseries","grossProfitQ","2026-06-30","0","0","MISSING"
"6486.T","timeseries","grossProfitQ","2025-12-31","1","0","MISSING"
"6486.T","timeseries","grossProfitQ","2025-06-30","2","0","MISSING"
"6486.T","timeseries","grossProfitQ","2024-12-31","3","0","MISSING"
"6490.T","timeseries","grossProfitQ","2026-06-30","0","0","MISSING"
"6490.T","timeseries","grossProfitQ","2026-03-31","1","0","MISSING"
"6490.T","timeseries","grossProfitQ","2025-12-31","2","0","MISSING"
"6490.T","timeseries","grossProfitQ","2025-09-30","3","0","MISSING"
"6498.T","timeseries","grossProfitQ","2026-03-31","0","0","MISSING"
"6498.T","timeseries","grossProfitQ","2025-12-31","1","0","MISSING"
"6498.T","timeseries","grossProfitQ","2025-09-30","2","0","MISSING"
"6498.T","timeseries","grossProfitQ","2025-06-30","3","0","MISSING"
"6501.T","timeseries","grossProfitQ","2026-06-30","0","0","MISSING"
"6501.T","timeseries","grossProfitQ","2026-03-31","1","0","MISSING"
"6501.T","timeseries","grossProfitQ","2025-12-31","2","0","MISSING"
"6501.T","timeseries","grossProfitQ","2025-09-30","3","0","MISSING"
"6503.T","timeseries","grossProfitQ","2026-06-30","0","0","MISSING"
"6503.T","timeseries","grossProfitQ","2026-03-31","1","0","MISSING"
"6503.T","timeseries","grossProfitQ","2025-12-31","2","0","MISSING"
"6503.T","timeseries","grossProfitQ","2025-09-30","3","0","MISSING"
"6504.T","timeseries","grossProfitQ","2026-06-30","0","0","MISSING"
"6504.T","timeseries","grossProfitQ","2026-03-31","1","0","MISSING"
"6504.T","timeseries","grossProfitQ","2025-12-31","2","0","MISSING"
"6504.T","timeseries","grossProfitQ","2025-09-30","3","0","MISSING"
"6506.T","timeseries","grossProfitQ","2026-05-31","0","0","MISSING"
"6506.T","timeseries","grossProfitQ","2026-02-28","1","0","MISSING"
"6506.T","timeseries","grossProfitQ","2025-11-30","2","0","MISSING"
"6506.T","timeseries","grossProfitQ","2025-08-31","3","0","MISSING"
"6507.T","timeseries","grossProfitQ","2026-06-30","0","0","MISSING"
"6507.T","timeseries","grossProfitQ","2026-03-31","1","0","MISSING"
"6507.T","timeseries","grossProfitQ","2025-12-31","2","0","MISSING"
"6507.T","timeseries","grossProfitQ","2025-09-30","3","0","MISSING"
"6508.T","timeseries","grossProfitQ","2026-06-30","0","0","MISSING"
"6508.T","timeseries","grossProfitQ","2026-03-31","1","0","MISSING"
"6508.T","timeseries","grossProfitQ","2025-12-31","2","0","MISSING"
"6508.T","timeseries","grossProfitQ","2025-09-30","3","0","MISSING"
"6516.T","timeseries","grossProfitQ","2026-06-30","0","0","MISSING"
"6516.T","timeseries","grossProfitQ","2025-12-31","1","0","MISSING"
"6516.T","timeseries","grossProfitQ","2025-06-30","2","0","MISSING"
"6516.T","timeseries","grossProfitQ","2024-12-31","3","0","MISSING"
"6523.T","timeseries","grossProfitQ","2026-06-30","0","0","MISSING"
"6523.T","timeseries","grossProfitQ","2026-03-31","1","0","MISSING"
"6523.T","timeseries","grossProfitQ","2025-12-31","2","0","MISSING"
"6523.T","timeseries","grossProfitQ","2025-09-30","3","0","MISSING"
"6524.T","timeseries","grossProfitQ","2026-06-30","0","0","MISSING"
"6524.T","timeseries","grossProfitQ","2026-03-31","1","0","MISSING"
"6524.T","timeseries","grossProfitQ","2025-12-31","2","0","MISSING"
"6524.T","timeseries","grossProfitQ","2025-09-30","3","0","MISSING"
"6525.T","timeseries","grossProfitQ","2026-06-30","0","0","MISSING"
"6525.T","timeseries","grossProfitQ","2026-03-31","1","0","MISSING"
"6525.T","timeseries","grossProfitQ","2025-12-31","2","0","MISSING"
"6525.T","timeseries","grossProfitQ","2025-09-30","3","0","MISSING"
"6526.T","timeseries","grossProfitQ","2026-06-30","0","0","MISSING"
"6526.T","timeseries","grossProfitQ","2026-03-31","1","0","MISSING"
"6526.T","timeseries","grossProfitQ","2025-12-31","2","0","MISSING"
"6526.T","timeseries","grossProfitQ","2025-09-30","3","0","MISSING"
"6532.T","timeseries","grossProfitQ","2026-05-31","0","0","MISSING"
"6532.T","timeseries","grossProfitQ","2025-11-30","1","0","MISSING"
"6532.T","timeseries","grossProfitQ","2025-05-31","2","0","MISSING"
"6532.T","timeseries","grossProfitQ","2025-02-28","3","0","MISSING"
"6544.T","timeseries","grossProfitQ","2026-06-30","0","0","MISSING"
"6544.T","timeseries","grossProfitQ","2026-03-31","1","0","MISSING"
"6544.T","timeseries","grossProfitQ","2025-12-31","2","0","MISSING"
"6544.T","timeseries","grossProfitQ","2025-09-30","3","0","MISSING"
"6586.T","timeseries","grossProfitQ","2026-03-31","0","0","MISSING"
"6586.T","timeseries","grossProfitQ","2025-12-31","1","0","MISSING"
"6586.T","timeseries","grossProfitQ","2025-09-30","2","0","MISSING"
"6586.T","timeseries","grossProfitQ","2025-06-30","3","0","MISSING"
"6588.T","timeseries","grossProfitQ","2026-06-30","0","0","MISSING"
"6588.T","timeseries","grossProfitQ","2026-03-31","1","0","MISSING"
"6588.T","timeseries","grossProfitQ","2025-12-31","2","0","MISSING"
"6588.T","timeseries","grossProfitQ","2025-09-30","3","0","MISSING"
"6590.T","timeseries","grossProfitQ","2026-06-30","0","0","MISSING"
"6590.T","timeseries","grossProfitQ","2026-03-31","1","0","MISSING"
"6590.T","timeseries","grossProfitQ","2025-12-31","2","0","MISSING"
"6590.T","timeseries","grossProfitQ","2025-09-30","3","0","MISSING"
"6592.T","timeseries","grossProfitQ","2026-06-30","0","0","MISSING"
"6592.T","timeseries","grossProfitQ","2026-03-31","1","0","MISSING"
"6592.T","timeseries","grossProfitQ","2025-12-31","2","0","MISSING"
"6592.T","timeseries","grossProfitQ","2025-09-30","3","0","MISSING"
"6594.T","timeseries","grossProfitQ","2025-09-30","0","0","MISSING"
"6594.T","timeseries","grossProfitQ","2025-06-30","1","0","MISSING"
"6594.T","timeseries","grossProfitQ","2025-03-31","2","0","MISSING"
"6594.T","timeseries","grossProfitQ","2024-12-31","3","0","MISSING"
"6618.HK","timeseries","grossProfitQ","2025-12-31","0","0","MISSING"
"6618.HK","timeseries","grossProfitQ","2025-09-30","1","0","MISSING"
"6618.HK","timeseries","grossProfitQ","2025-06-30","2","0","MISSING"
"6618.HK","timeseries","grossProfitQ","2024-12-31","3","0","MISSING"
"6622.T","timeseries","grossProfitQ","2026-06-30","0","0","MISSING"
"6622.T","timeseries","grossProfitQ","2026-03-31","1","0","MISSING"
"6622.T","timeseries","grossProfitQ","2025-12-31","2","0","MISSING"
"6622.T","timeseries","grossProfitQ","2025-09-30","3","0","MISSING"
"6623.HK","timeseries","grossProfitQ","2024-06-30","0","0","MISSING"
"6623.HK","timeseries","grossProfitQ","2024-03-31","1","0","MISSING"
"6623.HK","timeseries","grossProfitQ","2023-12-31","2","0","MISSING"
"6623.HK","timeseries","grossProfitQ","2023-09-30","3","0","MISSING"
"6632.T","timeseries","grossProfitQ","2026-06-30","0","0","MISSING"
"6632.T","timeseries","grossProfitQ","2026-03-31","1","0","MISSING"
"6632.T","timeseries","grossProfitQ","2025-12-31","2","0","MISSING"
"6632.T","timeseries","grossProfitQ","2025-09-30","3","0","MISSING"
"6645.T","timeseries","grossProfitQ","2026-06-30","0","0","MISSING"
"6645.T","timeseries","grossProfitQ","2026-03-31","1","0","MISSING"
"6645.T","timeseries","grossProfitQ","2025-12-31","2","0","MISSING"
"6645.T","timeseries","grossProfitQ","2025-09-30","3","0","MISSING"
"6651.T","timeseries","grossProfitQ","2026-06-30","0","0","MISSING"
"6651.T","timeseries","grossProfitQ","2026-03-31","1","0","MISSING"
"6651.T","timeseries","grossProfitQ","2025-12-31","2","0","MISSING"
"6651.T","timeseries","grossProfitQ","2025-09-30","3","0","MISSING"
"6674.T","timeseries","grossProfitQ","2026-06-30","0","0","MISSING"
"6674.T","timeseries","grossProfitQ","2026-03-31","1","0","MISSING"
"6674.T","timeseries","grossProfitQ","2025-12-31","2","0","MISSING"
"6674.T","timeseries","grossProfitQ","2025-09-30","3","0","MISSING"
"6701.T","timeseries","grossProfitQ","2026-06-30","0","0","MISSING"
"6701.T","timeseries","grossProfitQ","2026-03-31","1","0","MISSING"
"6701.T","timeseries","grossProfitQ","2025-12-31","2","0","MISSING"
"6701.T","timeseries","grossProfitQ","2025-09-30","3","0","MISSING"
"6702.T","timeseries","grossProfitQ","2026-06-30","0","0","MISSING"
"6702.T","timeseries","grossProfitQ","2026-03-31","1","0","MISSING"
"6702.T","timeseries","grossProfitQ","2025-12-31","2","0","MISSING"
"6702.T","timeseries","grossProfitQ","2025-09-30","3","0","MISSING"
"6703.T","timeseries","grossProfitQ","2026-06-30","0","0","MISSING"
"6703.T","timeseries","grossProfitQ","2026-03-31","1","0","MISSING"
"6703.T","timeseries","grossProfitQ","2025-12-31","2","0","MISSING"
"6703.T","timeseries","grossProfitQ","2025-06-30","3","0","MISSING"
"6707.T","timeseries","grossProfitQ","2025-12-31","0","0","MISSING"
"6707.T","timeseries","grossProfitQ","2025-09-30","1","0","MISSING"
"6707.T","timeseries","grossProfitQ","2025-06-30","2","0","MISSING"
"6707.T","timeseries","grossProfitQ","2025-03-31","3","0","MISSING"
"6723.T","timeseries","grossProfitQ","2026-06-30","0","0","MISSING"
"6723.T","timeseries","grossProfitQ","2026-03-31","1","0","MISSING"
"6723.T","timeseries","grossProfitQ","2025-12-31","2","0","MISSING"
"6723.T","timeseries","grossProfitQ","2025-09-30","3","0","MISSING"
"6724.T","timeseries","grossProfitQ","2026-06-30","0","0","MISSING"
"6724.T","timeseries","grossProfitQ","2026-03-31","1","0","MISSING"
"6724.T","timeseries","grossProfitQ","2025-12-31","2","0","MISSING"
"6724.T","timeseries","grossProfitQ","2025-09-30","3","0","MISSING"
"6728.T","timeseries","grossProfitQ","2026-06-30","0","0","MISSING"
"6728.T","timeseries","grossProfitQ","2026-03-31","1","0","MISSING"
"6728.T","timeseries","grossProfitQ","2025-12-31","2","0","MISSING"
"6728.T","timeseries","grossProfitQ","2025-09-30","3","0","MISSING"
"6736.T","timeseries","grossProfitQ","2026-06-30","0","0","MISSING"
"6736.T","timeseries","grossProfitQ","2025-12-31","1","0","MISSING"
"6736.T","timeseries","grossProfitQ","2025-06-30","2","0","MISSING"
"6736.T","timeseries","grossProfitQ","2024-12-31","3","0","MISSING"
"6740.T","timeseries","grossProfitQ","2026-06-30","0","0","MISSING"
"6740.T","timeseries","grossProfitQ","2025-12-31","1","0","MISSING"
"6740.T","timeseries","grossProfitQ","2025-06-30","2","0","MISSING"
"6740.T","timeseries","grossProfitQ","2024-12-31","3","0","MISSING"
"6744.T","timeseries","grossProfitQ","2026-06-30","0","0","MISSING"
"6744.T","timeseries","grossProfitQ","2026-03-31","1","0","MISSING"
"6744.T","timeseries","grossProfitQ","2025-12-31","2","0","MISSING"
"6744.T","timeseries","grossProfitQ","2025-09-30","3","0","MISSING"
"6745.T","timeseries","grossProfitQ","2026-06-30","0","0","MISSING"
"6745.T","timeseries","grossProfitQ","2026-03-31","1","0","MISSING"
"6745.T","timeseries","grossProfitQ","2025-12-31","2","0","MISSING"
"6745.T","timeseries","grossProfitQ","2025-09-30","3","0","MISSING"
"6750.T","timeseries","grossProfitQ","2026-03-31","0","0","MISSING"
"6750.T","timeseries","grossProfitQ","2025-12-31","1","0","MISSING"
"6750.T","timeseries","grossProfitQ","2025-09-30","2","0","MISSING"
"6750.T","timeseries","grossProfitQ","2025-06-30","3","0","MISSING"
"6752.T","timeseries","grossProfitQ","2026-03-31","0","0","MISSING"
"6752.T","timeseries","grossProfitQ","2025-12-31","1","0","MISSING"
"6752.T","timeseries","grossProfitQ","2025-09-30","2","0","MISSING"
"6752.T","timeseries","grossProfitQ","2025-06-30","3","0","MISSING"
"6753.T","timeseries","grossProfitQ","2026-06-30","0","0","MISSING"
"6753.T","timeseries","grossProfitQ","2026-03-31","1","0","MISSING"
"6753.T","timeseries","grossProfitQ","2025-12-31","2","0","MISSING"
"6753.T","timeseries","grossProfitQ","2025-09-30","3","0","MISSING"
"6754.T","timeseries","grossProfitQ","2026-06-30","0","0","MISSING"
"6754.T","timeseries","grossProfitQ","2026-03-31","1","0","MISSING"
"6754.T","timeseries","grossProfitQ","2025-12-31","2","0","MISSING"
"6754.T","timeseries","grossProfitQ","2025-09-30","3","0","MISSING"
"6762.T","timeseries","grossProfitQ","2026-06-30","0","0","MISSING"
"6762.T","timeseries","grossProfitQ","2026-03-31","1","0","MISSING"
"6762.T","timeseries","grossProfitQ","2025-12-31","2","0","MISSING"
"6762.T","timeseries","grossProfitQ","2025-09-30","3","0","MISSING"
"6770.T","timeseries","grossProfitQ","2026-06-30","0","0","MISSING"
"6770.T","timeseries","grossProfitQ","2026-03-31","1","0","MISSING"
"6770.T","timeseries","grossProfitQ","2025-12-31","2","0","MISSING"
"6770.T","timeseries","grossProfitQ","2025-09-30","3","0","MISSING"
"6777.T","timeseries","grossProfitQ","2026-06-30","0","0","MISSING"
"6777.T","timeseries","grossProfitQ","2025-12-31","1","0","MISSING"
"6777.T","timeseries","grossProfitQ","2025-09-30","2","0","MISSING"
"6777.T","timeseries","grossProfitQ","2025-06-30","3","0","MISSING"
"6787.T","timeseries","grossProfitQ","2026-06-30","0","0","MISSING"
"6787.T","timeseries","grossProfitQ","2026-03-31","1","0","MISSING"
"6787.T","timeseries","grossProfitQ","2025-12-31","2","0","MISSING"
"6787.T","timeseries","grossProfitQ","2025-09-30","3","0","MISSING"
"6806.T","timeseries","grossProfitQ","2026-06-30","0","0","MISSING"
"6806.T","timeseries","grossProfitQ","2026-03-31","1","0","MISSING"
"6806.T","timeseries","grossProfitQ","2025-12-31","2","0","MISSING"
"6806.T","timeseries","grossProfitQ","2025-09-30","3","0","MISSING"
"6807.T","timeseries","grossProfitQ","2026-03-31","0","0","MISSING"
"6807.T","timeseries","grossProfitQ","2025-12-31","1","0","MISSING"
"6807.T","timeseries","grossProfitQ","2025-09-30","2","0","MISSING"
"6807.T","timeseries","grossProfitQ","2025-06-30","3","0","MISSING"
"6808.HK","timeseries","grossProfitQ","2017-12-31","0","0","MISSING"
"6808.HK","timeseries","grossProfitQ","2017-09-30","1","0","MISSING"
"6808.HK","timeseries","grossProfitQ","2016-12-31","2","0","MISSING"
"6808.HK","timeseries","grossProfitQ","2014-09-30","3","0","MISSING"
"6814.T","timeseries","grossProfitQ","2026-05-31","0","0","MISSING"
"6814.T","timeseries","grossProfitQ","2026-02-28","1","0","MISSING"
"6814.T","timeseries","grossProfitQ","2025-11-30","2","0","MISSING"
"6814.T","timeseries","grossProfitQ","2025-05-31","3","0","MISSING"
"6834.T","timeseries","grossProfitQ","2026-06-30","0","0","MISSING"
"6834.T","timeseries","grossProfitQ","2026-03-31","1","0","MISSING"
"6834.T","timeseries","grossProfitQ","2025-12-31","2","0","MISSING"
"6834.T","timeseries","grossProfitQ","2025-09-30","3","0","MISSING"
"6841.T","timeseries","grossProfitQ","2026-06-30","0","0","MISSING"
"6841.T","timeseries","grossProfitQ","2026-03-31","1","0","MISSING"
"6841.T","timeseries","grossProfitQ","2025-12-31","2","0","MISSING"
"6841.T","timeseries","grossProfitQ","2025-09-30","3","0","MISSING"
"6845.T","timeseries","grossProfitQ","2026-06-30","0","0","MISSING"
"6845.T","timeseries","grossProfitQ","2026-03-31","1","0","MISSING"
"6845.T","timeseries","grossProfitQ","2025-12-31","2","0","MISSING"
"6845.T","timeseries","grossProfitQ","2025-09-30","3","0","MISSING"
"6849.T","timeseries","grossProfitQ","2026-06-30","0","0","MISSING"
"6849.T","timeseries","grossProfitQ","2026-03-31","1","0","MISSING"
"6849.T","timeseries","grossProfitQ","2025-12-31","2","0","MISSING"
"6849.T","timeseries","grossProfitQ","2025-09-30","3","0","MISSING"
"6856.T","timeseries","grossProfitQ","2026-06-30","0","0","MISSING"
"6856.T","timeseries","grossProfitQ","2026-03-31","1","0","MISSING"
"6856.T","timeseries","grossProfitQ","2025-12-31","2","0","MISSING"
"6856.T","timeseries","grossProfitQ","2025-09-30","3","0","MISSING"
"6857.T","timeseries","grossProfitQ","2026-06-30","0","0","MISSING"
"6857.T","timeseries","grossProfitQ","2026-03-31","1","0","MISSING"
"6857.T","timeseries","grossProfitQ","2025-12-31","2","0","MISSING"
"6857.T","timeseries","grossProfitQ","2025-09-30","3","0","MISSING"
"6861.T","timeseries","grossProfitQ","2026-06-30","0","0","MISSING"
"6861.T","timeseries","grossProfitQ","2026-03-31","1","0","MISSING"
"6861.T","timeseries","grossProfitQ","2025-12-31","2","0","MISSING"
"6861.T","timeseries","grossProfitQ","2025-09-30","3","0","MISSING"
"6865.HK","timeseries","grossProfitQ","2026-06-30","0","0","MISSING"
"6865.HK","timeseries","grossProfitQ","2026-03-31","1","0","MISSING"
"6865.HK","timeseries","grossProfitQ","2025-12-31","2","0","MISSING"
"6865.HK","timeseries","grossProfitQ","2025-09-30","3","0","MISSING"
"6866.T","timeseries","grossProfitQ","2026-06-30","0","0","MISSING"
"6866.T","timeseries","grossProfitQ","2026-03-31","1","0","MISSING"
"6866.T","timeseries","grossProfitQ","2025-12-31","2","0","MISSING"
"6866.T","timeseries","grossProfitQ","2025-09-30","3","0","MISSING"
"6869.HK","timeseries","revenueQ","2025-12-31","2","0","MISSING"
"6869.HK","timeseries","grossProfitQ","2026-06-30","0","0","MISSING"
"6869.HK","timeseries","grossProfitQ","2026-03-31","1","0","MISSING"
"6869.HK","timeseries","grossProfitQ","2025-09-30","3","0","MISSING"
"6869.T","timeseries","grossProfitQ","2026-06-30","0","0","MISSING"
"6869.T","timeseries","grossProfitQ","2026-03-31","1","0","MISSING"
"6869.T","timeseries","grossProfitQ","2025-12-31","2","0","MISSING"
"6869.T","timeseries","grossProfitQ","2025-09-30","3","0","MISSING"
"6871.T","timeseries","grossProfitQ","2026-06-30","0","0","MISSING"
"6871.T","timeseries","grossProfitQ","2026-03-31","1","0","MISSING"
"6871.T","timeseries","grossProfitQ","2025-12-31","2","0","MISSING"
"6871.T","timeseries","grossProfitQ","2025-09-30","3","0","MISSING"
"6875.T","timeseries","grossProfitQ","2026-06-30","0","0","MISSING"
"6875.T","timeseries","grossProfitQ","2026-03-31","1","0","MISSING"
"6875.T","timeseries","grossProfitQ","2025-12-31","2","0","MISSING"
"6875.T","timeseries","grossProfitQ","2025-09-30","3","0","MISSING"
"688009.SS","timeseries","grossProfitQ","2023-09-30","0","0","MISSING"
"688009.SS","timeseries","grossProfitQ","2023-06-30","1","0","MISSING"
"688009.SS","timeseries","grossProfitQ","2023-03-31","2","0","MISSING"
"688009.SS","timeseries","grossProfitQ","2022-12-31","3","0","MISSING"
"6881.HK","timeseries","revenueQ","2025-09-30","1","0","MISSING"
"6881.HK","timeseries","grossProfitQ","2026-03-31","0","0","MISSING"
"6881.HK","timeseries","grossProfitQ","2025-06-30","2","0","MISSING"
"6881.HK","timeseries","grossProfitQ","2025-03-31","3","0","MISSING"
"688185.SS","timeseries","revenueQ","2025-03-31","3","0","MISSING"
"688185.SS","timeseries","grossProfitQ","2026-06-30","0","0","MISSING"
"688185.SS","timeseries","grossProfitQ","2025-09-30","1","0","MISSING"
"688185.SS","timeseries","grossProfitQ","2025-06-30","2","0","MISSING"
"688187.SS","timeseries","grossProfitQ","2026-06-30","0","0","MISSING"
"688187.SS","timeseries","grossProfitQ","2026-03-31","1","0","MISSING"
"688187.SS","timeseries","grossProfitQ","2025-12-31","2","0","MISSING"
"688187.SS","timeseries","grossProfitQ","2025-09-30","3","0","MISSING"
"688192.SS","annual","annualRev","2022-12-31","3","0","MISSING"
"688331.SS","timeseries","revenueQ","2026-03-31","1","0","MISSING"
"688331.SS","timeseries","grossProfitQ","2026-06-30","0","0","MISSING"
"688331.SS","timeseries","grossProfitQ","2025-09-30","2","0","MISSING"
"688331.SS","timeseries","grossProfitQ","2024-12-31","3","0","MISSING"
"688347.SS","timeseries","grossProfitQ","2026-06-30","0","0","MISSING"
"688347.SS","timeseries","grossProfitQ","2026-03-31","1","0","MISSING"
"688347.SS","timeseries","grossProfitQ","2025-12-31","2","0","MISSING"
"688347.SS","timeseries","grossProfitQ","2025-09-30","3","0","MISSING"
"688366.SS","timeseries","revenueQ","2023-03-31","1","0","MISSING"
"688366.SS","timeseries","grossProfitQ","2023-06-30","0","0","MISSING"
"688382.SS","annual","annualRev","2022-12-31","3","0","MISSING"
"688428.SS","timeseries","grossProfitQ","2026-06-30","0","0","MISSING"
"688428.SS","timeseries","grossProfitQ","2026-03-31","1","0","MISSING"
"688428.SS","timeseries","grossProfitQ","2025-12-31","2","0","MISSING"
"688428.SS","timeseries","grossProfitQ","2025-09-30","3","0","MISSING"
"688981.SS","timeseries","grossProfitQ","2026-06-30","0","0","MISSING"
"688981.SS","timeseries","grossProfitQ","2026-03-31","1","0","MISSING"
"688981.SS","timeseries","grossProfitQ","2025-12-31","2","0","MISSING"
"688981.SS","timeseries","grossProfitQ","2025-09-30","3","0","MISSING"
"6890.T","timeseries","revenueQ","2026-06-30","0","0","MISSING"
"6890.T","timeseries","grossProfitQ","2026-03-31","1","0","MISSING"
"6890.T","timeseries","grossProfitQ","2025-12-31","2","0","MISSING"
"6890.T","timeseries","grossProfitQ","2025-09-30","3","0","MISSING"
"6902.T","timeseries","grossProfitQ","2026-06-30","0","0","MISSING"
"6902.T","timeseries","grossProfitQ","2026-03-31","1","0","MISSING"
"6902.T","timeseries","grossProfitQ","2025-12-31","2","0","MISSING"
"6902.T","timeseries","grossProfitQ","2025-09-30","3","0","MISSING"
"6920.T","timeseries","grossProfitQ","2026-06-30","0","0","MISSING"
"6920.T","timeseries","grossProfitQ","2026-03-31","1","0","MISSING"
"6920.T","timeseries","grossProfitQ","2025-12-31","2","0","MISSING"
"6920.T","timeseries","grossProfitQ","2025-09-30","3","0","MISSING"
"6923.T","timeseries","grossProfitQ","2026-06-30","0","0","MISSING"
"6923.T","timeseries","grossProfitQ","2026-03-31","1","0","MISSING"
"6923.T","timeseries","grossProfitQ","2025-12-31","2","0","MISSING"
"6923.T","timeseries","grossProfitQ","2025-09-30","3","0","MISSING"
"6925.T","timeseries","grossProfitQ","2026-06-30","0","0","MISSING"
"6925.T","timeseries","grossProfitQ","2026-03-31","1","0","MISSING"
"6925.T","timeseries","grossProfitQ","2025-12-31","2","0","MISSING"
"6925.T","timeseries","grossProfitQ","2025-09-30","3","0","MISSING"
"6941.T","timeseries","grossProfitQ","2026-06-30","0","0","MISSING"
"6941.T","timeseries","grossProfitQ","2026-03-31","1","0","MISSING"
"6941.T","timeseries","grossProfitQ","2025-12-31","2","0","MISSING"
"6941.T","timeseries","grossProfitQ","2025-09-30","3","0","MISSING"
"6951.T","timeseries","grossProfitQ","2026-06-30","0","0","MISSING"
"6951.T","timeseries","grossProfitQ","2026-03-31","1","0","MISSING"
"6951.T","timeseries","grossProfitQ","2025-12-31","2","0","MISSING"
"6951.T","timeseries","grossProfitQ","2025-09-30","3","0","MISSING"
"6952.T","timeseries","grossProfitQ","2026-06-30","0","0","MISSING"
"6952.T","timeseries","grossProfitQ","2026-03-31","1","0","MISSING"
"6952.T","timeseries","grossProfitQ","2025-12-31","2","0","MISSING"
"6952.T","timeseries","grossProfitQ","2025-09-30","3","0","MISSING"
"6954.T","timeseries","grossProfitQ","2026-06-30","0","0","MISSING"
"6954.T","timeseries","grossProfitQ","2026-03-31","1","0","MISSING"
"6954.T","timeseries","grossProfitQ","2025-12-31","2","0","MISSING"
"6954.T","timeseries","grossProfitQ","2025-09-30","3","0","MISSING"
"6960.T","timeseries","grossProfitQ","2026-06-30","0","0","MISSING"
"6960.T","timeseries","grossProfitQ","2026-03-31","1","0","MISSING"
"6960.T","timeseries","grossProfitQ","2025-12-31","2","0","MISSING"
"6960.T","timeseries","grossProfitQ","2025-09-30","3","0","MISSING"
"6963.T","timeseries","grossProfitQ","2026-06-30","0","0","MISSING"
"6963.T","timeseries","grossProfitQ","2025-12-31","1","0","MISSING"
"6963.T","timeseries","grossProfitQ","2025-09-30","2","0","MISSING"
"6963.T","timeseries","grossProfitQ","2025-06-30","3","0","MISSING"
"6965.T","timeseries","grossProfitQ","2026-06-30","0","0","MISSING"
"6965.T","timeseries","grossProfitQ","2026-03-31","1","0","MISSING"
"6965.T","timeseries","grossProfitQ","2025-12-31","2","0","MISSING"
"6965.T","timeseries","grossProfitQ","2025-09-30","3","0","MISSING"
"6966.T","timeseries","grossProfitQ","2026-07-31","0","0","MISSING"
"6966.T","timeseries","grossProfitQ","2026-04-30","1","0","MISSING"
"6966.T","timeseries","grossProfitQ","2026-01-31","2","0","MISSING"
"6966.T","timeseries","grossProfitQ","2025-10-31","3","0","MISSING"
"6969.HK","timeseries","revenueQ","2026-06-30","0","0","MISSING"
"6969.HK","timeseries","grossProfitQ","2021-06-30","1","0","MISSING"
"6971.T","timeseries","grossProfitQ","2026-03-31","0","0","MISSING"
"6971.T","timeseries","grossProfitQ","2025-12-31","1","0","MISSING"
"6971.T","timeseries","grossProfitQ","2025-09-30","2","0","MISSING"
"6971.T","timeseries","grossProfitQ","2025-06-30","3","0","MISSING"
"6976.T","timeseries","grossProfitQ","2026-06-30","0","0","MISSING"
"6976.T","timeseries","grossProfitQ","2026-03-31","1","0","MISSING"
"6976.T","timeseries","grossProfitQ","2025-12-31","2","0","MISSING"
"6976.T","timeseries","grossProfitQ","2025-09-30","3","0","MISSING"
"6988.T","timeseries","grossProfitQ","2026-06-30","0","0","MISSING"
"6988.T","timeseries","grossProfitQ","2026-03-31","1","0","MISSING"
"6988.T","timeseries","grossProfitQ","2025-12-31","2","0","MISSING"
"6988.T","timeseries","grossProfitQ","2025-09-30","3","0","MISSING"
"6995.T","timeseries","grossProfitQ","2026-06-30","0","0","MISSING"
"6995.T","timeseries","grossProfitQ","2026-03-31","1","0","MISSING"
"6995.T","timeseries","grossProfitQ","2025-12-31","2","0","MISSING"
"6995.T","timeseries","grossProfitQ","2025-09-30","3","0","MISSING"
"6996.T","timeseries","grossProfitQ","2026-06-30","0","0","MISSING"
"6996.T","timeseries","grossProfitQ","2026-03-31","1","0","MISSING"
"6996.T","timeseries","grossProfitQ","2025-12-31","2","0","MISSING"
"6996.T","timeseries","grossProfitQ","2025-09-30","3","0","MISSING"
"6IV.DE","timeseries","revenueQ","2026-03-31","1","0","MISSING"
"6IV.DE","timeseries","revenueQ","2024-03-31","3","0","MISSING"
"6IV.DE","timeseries","grossProfitQ","2026-06-30","0","0","MISSING"
"6IV.DE","timeseries","grossProfitQ","2025-09-30","2","0","MISSING"
"7003.T","timeseries","grossProfitQ","2026-06-30","0","0","MISSING"
"7003.T","timeseries","grossProfitQ","2026-03-31","1","0","MISSING"
"7003.T","timeseries","grossProfitQ","2025-12-31","2","0","MISSING"
"7003.T","timeseries","grossProfitQ","2025-09-30","3","0","MISSING"
"7004.T","timeseries","grossProfitQ","2026-06-30","0","0","MISSING"
"7004.T","timeseries","grossProfitQ","2026-03-31","1","0","MISSING"
"7004.T","timeseries","grossProfitQ","2025-12-31","2","0","MISSING"
"7004.T","timeseries","grossProfitQ","2025-09-30","3","0","MISSING"
"7011.T","timeseries","grossProfitQ","2026-06-30","0","0","MISSING"
"7011.T","timeseries","grossProfitQ","2026-03-31","1","0","MISSING"
"7011.T","timeseries","grossProfitQ","2025-12-31","2","0","MISSING"
"7011.T","timeseries","grossProfitQ","2025-09-30","3","0","MISSING"
"7012.T","timeseries","grossProfitQ","2026-06-30","0","0","MISSING"
"7012.T","timeseries","grossProfitQ","2026-03-31","1","0","MISSING"
"7012.T","timeseries","grossProfitQ","2025-12-31","2","0","MISSING"
"7012.T","timeseries","grossProfitQ","2025-09-30","3","0","MISSING"
"7013.T","timeseries","grossProfitQ","2026-06-30","0","0","MISSING"
"7013.T","timeseries","grossProfitQ","2026-03-31","1","0","MISSING"
"7013.T","timeseries","grossProfitQ","2025-12-31","2","0","MISSING"
"7013.T","timeseries","grossProfitQ","2025-09-30","3","0","MISSING"
"7014.T","timeseries","grossProfitQ","2026-06-30","0","0","MISSING"
"7014.T","timeseries","grossProfitQ","2026-03-31","1","0","MISSING"
"7014.T","timeseries","grossProfitQ","2025-12-31","2","0","MISSING"
"7014.T","timeseries","grossProfitQ","2025-09-30","3","0","MISSING"
"7148.T","timeseries","grossProfitQ","2026-06-30","0","0","MISSING"
"7148.T","timeseries","grossProfitQ","2025-12-31","1","0","MISSING"
"7148.T","timeseries","grossProfitQ","2025-09-30","2","0","MISSING"
"7148.T","timeseries","grossProfitQ","2025-06-30","3","0","MISSING"
"7164.T","timeseries","grossProfitQ","2026-06-30","0","0","MISSING"
"7164.T","timeseries","grossProfitQ","2026-03-31","1","0","MISSING"
"7164.T","timeseries","grossProfitQ","2025-12-31","2","0","MISSING"
"7164.T","timeseries","grossProfitQ","2025-09-30","3","0","MISSING"
"7167.T","timeseries","revenueQ","2026-03-31","1","0","MISSING"
"7167.T","timeseries","grossProfitQ","2026-06-30","0","0","MISSING"
"7167.T","timeseries","grossProfitQ","2025-12-31","2","0","MISSING"
"7167.T","timeseries","grossProfitQ","2025-06-30","3","0","MISSING"
"7172.T","timeseries","grossProfitQ","2026-06-30","0","0","MISSING"
"7172.T","timeseries","grossProfitQ","2026-03-31","1","0","MISSING"
"7172.T","timeseries","grossProfitQ","2025-12-31","2","0","MISSING"
"7172.T","timeseries","grossProfitQ","2025-09-30","3","0","MISSING"
"7173.T","timeseries","grossProfitQ","2025-12-31","0","0","MISSING"
"7173.T","timeseries","grossProfitQ","2025-06-30","1","0","MISSING"
"7173.T","timeseries","grossProfitQ","2024-12-31","2","0","MISSING"
"7173.T","timeseries","grossProfitQ","2024-06-30","3","0","MISSING"
"7177.T","timeseries","grossProfitQ","2026-03-31","0","0","MISSING"
"7177.T","timeseries","grossProfitQ","2025-09-30","1","0","MISSING"
"7177.T","timeseries","grossProfitQ","2025-03-31","2","0","MISSING"
"7177.T","timeseries","grossProfitQ","2024-09-30","3","0","MISSING"
"7180.T","timeseries","grossProfitQ","2026-06-30","0","0","MISSING"
"7180.T","timeseries","grossProfitQ","2025-12-31","1","0","MISSING"
"7180.T","timeseries","grossProfitQ","2025-06-30","2","0","MISSING"
"7180.T","timeseries","grossProfitQ","2024-12-31","3","0","MISSING"
"7181.T","timeseries","grossProfitQ","2026-06-30","0","0","MISSING"
"7181.T","timeseries","grossProfitQ","2026-03-31","1","0","MISSING"
"7181.T","timeseries","grossProfitQ","2025-12-31","2","0","MISSING"
"7181.T","timeseries","grossProfitQ","2025-09-30","3","0","MISSING"
"7182.T","timeseries","grossProfitQ","2026-06-30","0","0","MISSING"
"7182.T","timeseries","grossProfitQ","2026-03-31","1","0","MISSING"
"7182.T","timeseries","grossProfitQ","2025-12-31","2","0","MISSING"
"7182.T","timeseries","grossProfitQ","2025-09-30","3","0","MISSING"
"7184.T","timeseries","grossProfitQ","2026-06-30","0","0","MISSING"
"7184.T","timeseries","grossProfitQ","2025-12-31","1","0","MISSING"
"7184.T","timeseries","grossProfitQ","2025-06-30","2","0","MISSING"
"7184.T","timeseries","grossProfitQ","2024-12-31","3","0","MISSING"
"7186.T","timeseries","grossProfitQ","2026-06-30","0","0","MISSING"
"7186.T","timeseries","grossProfitQ","2026-03-31","1","0","MISSING"
"7186.T","timeseries","grossProfitQ","2025-12-31","2","0","MISSING"
"7186.T","timeseries","grossProfitQ","2025-09-30","3","0","MISSING"
"7189.T","timeseries","grossProfitQ","2026-06-30","0","0","MISSING"
"7189.T","timeseries","grossProfitQ","2025-12-31","1","0","MISSING"
"7189.T","timeseries","grossProfitQ","2025-06-30","2","0","MISSING"
"7189.T","timeseries","grossProfitQ","2024-12-31","3","0","MISSING"
"7201.T","timeseries","grossProfitQ","2026-06-30","0","0","MISSING"
"7201.T","timeseries","grossProfitQ","2026-03-31","1","0","MISSING"
"7201.T","timeseries","grossProfitQ","2025-12-31","2","0","MISSING"
"7201.T","timeseries","grossProfitQ","2025-09-30","3","0","MISSING"
"7202.T","timeseries","grossProfitQ","2026-06-30","0","0","MISSING"
"7202.T","timeseries","grossProfitQ","2026-03-31","1","0","MISSING"
"7202.T","timeseries","grossProfitQ","2025-12-31","2","0","MISSING"
"7202.T","timeseries","grossProfitQ","2025-09-30","3","0","MISSING"
"7220.T","timeseries","grossProfitQ","2026-06-30","0","0","MISSING"
"7220.T","timeseries","grossProfitQ","2025-12-31","1","0","MISSING"
"7220.T","timeseries","grossProfitQ","2025-09-30","2","0","MISSING"
"7220.T","timeseries","grossProfitQ","2025-06-30","3","0","MISSING"
"7224.T","timeseries","grossProfitQ","2026-06-30","0","0","MISSING"
"7224.T","timeseries","grossProfitQ","2025-12-31","1","0","MISSING"
"7224.T","timeseries","grossProfitQ","2025-06-30","2","0","MISSING"
"7224.T","timeseries","grossProfitQ","2024-12-31","3","0","MISSING"
"7240.T","timeseries","grossProfitQ","2026-06-30","0","0","MISSING"
"7240.T","timeseries","grossProfitQ","2026-03-31","1","0","MISSING"
"7240.T","timeseries","grossProfitQ","2025-12-31","2","0","MISSING"
"7240.T","timeseries","grossProfitQ","2025-09-30","3","0","MISSING"
"7242.T","timeseries","grossProfitQ","2026-06-30","0","0","MISSING"
"7242.T","timeseries","grossProfitQ","2026-03-31","1","0","MISSING"
"7242.T","timeseries","grossProfitQ","2025-12-31","2","0","MISSING"
"7242.T","timeseries","grossProfitQ","2025-06-30","3","0","MISSING"
"7259.T","timeseries","grossProfitQ","2026-06-30","0","0","MISSING"
"7259.T","timeseries","grossProfitQ","2026-03-31","1","0","MISSING"
"7259.T","timeseries","grossProfitQ","2025-12-31","2","0","MISSING"
"7259.T","timeseries","grossProfitQ","2025-09-30","3","0","MISSING"
"7261.T","timeseries","grossProfitQ","2026-06-30","0","0","MISSING"
"7261.T","timeseries","grossProfitQ","2026-03-31","1","0","MISSING"
"7261.T","timeseries","grossProfitQ","2025-12-31","2","0","MISSING"
"7261.T","timeseries","grossProfitQ","2025-09-30","3","0","MISSING"
"7269.T","timeseries","grossProfitQ","2026-06-30","0","0","MISSING"
"7269.T","timeseries","grossProfitQ","2026-03-31","1","0","MISSING"
"7269.T","timeseries","grossProfitQ","2025-12-31","2","0","MISSING"
"7269.T","timeseries","grossProfitQ","2025-09-30","3","0","MISSING"
"7270.T","timeseries","grossProfitQ","2026-06-30","0","0","MISSING"
"7270.T","timeseries","grossProfitQ","2026-03-31","1","0","MISSING"
"7270.T","timeseries","grossProfitQ","2025-12-31","2","0","MISSING"
"7270.T","timeseries","grossProfitQ","2025-09-30","3","0","MISSING"
"7272.T","timeseries","grossProfitQ","2026-06-30","0","0","MISSING"
"7272.T","timeseries","grossProfitQ","2026-03-31","1","0","MISSING"
"7272.T","timeseries","grossProfitQ","2025-12-31","2","0","MISSING"
"7272.T","timeseries","grossProfitQ","2025-09-30","3","0","MISSING"
"7276.T","timeseries","grossProfitQ","2026-06-30","0","0","MISSING"
"7276.T","timeseries","grossProfitQ","2026-03-31","1","0","MISSING"
"7276.T","timeseries","grossProfitQ","2025-12-31","2","0","MISSING"
"7276.T","timeseries","grossProfitQ","2025-09-30","3","0","MISSING"
"7278.T","timeseries","grossProfitQ","2026-06-30","0","0","MISSING"
"7278.T","timeseries","grossProfitQ","2025-12-31","1","0","MISSING"
"7278.T","timeseries","grossProfitQ","2025-06-30","2","0","MISSING"
"7278.T","timeseries","grossProfitQ","2024-12-31","3","0","MISSING"
"7282.T","timeseries","grossProfitQ","2026-06-30","0","0","MISSING"
"7282.T","timeseries","grossProfitQ","2026-03-31","1","0","MISSING"
"7282.T","timeseries","grossProfitQ","2025-12-31","2","0","MISSING"
"7282.T","timeseries","grossProfitQ","2025-09-30","3","0","MISSING"
"7283.T","timeseries","grossProfitQ","2026-03-31","0","0","MISSING"
"7283.T","timeseries","grossProfitQ","2025-12-31","1","0","MISSING"
"7283.T","timeseries","grossProfitQ","2025-06-30","2","0","MISSING"
"7283.T","timeseries","grossProfitQ","2024-12-31","3","0","MISSING"
"7287.T","timeseries","grossProfitQ","2026-06-30","0","0","MISSING"
"7287.T","timeseries","grossProfitQ","2026-03-31","1","0","MISSING"
"7287.T","timeseries","grossProfitQ","2025-12-31","2","0","MISSING"
"7287.T","timeseries","grossProfitQ","2025-09-30","3","0","MISSING"
"7296.T","timeseries","grossProfitQ","2026-06-30","0","0","MISSING"
"7296.T","timeseries","grossProfitQ","2026-03-31","1","0","MISSING"
"7296.T","timeseries","grossProfitQ","2025-12-31","2","0","MISSING"
"7296.T","timeseries","grossProfitQ","2025-09-30","3","0","MISSING"
"7309.T","timeseries","grossProfitQ","2026-06-30","0","0","MISSING"
"7309.T","timeseries","grossProfitQ","2026-03-31","1","0","MISSING"
"7309.T","timeseries","grossProfitQ","2025-12-31","2","0","MISSING"
"7309.T","timeseries","grossProfitQ","2025-09-30","3","0","MISSING"
"7313.T","timeseries","grossProfitQ","2026-06-30","0","0","MISSING"
"7313.T","timeseries","grossProfitQ","2026-03-31","1","0","MISSING"
"7313.T","timeseries","grossProfitQ","2025-12-31","2","0","MISSING"
"7313.T","timeseries","grossProfitQ","2025-09-30","3","0","MISSING"
"7322.T","timeseries","grossProfitQ","2026-06-30","0","0","MISSING"
"7322.T","timeseries","grossProfitQ","2025-12-31","1","0","MISSING"
"7322.T","timeseries","grossProfitQ","2025-06-30","2","0","MISSING"
"7322.T","timeseries","grossProfitQ","2024-12-31","3","0","MISSING"
"7327.T","timeseries","revenueQ","2026-03-31","1","0","MISSING"
"7327.T","timeseries","grossProfitQ","2026-06-30","0","0","MISSING"
"7327.T","timeseries","grossProfitQ","2025-12-31","2","0","MISSING"
"7327.T","timeseries","grossProfitQ","2025-06-30","3","0","MISSING"
"7327.T","annual","annualGP","2026-03-31","0","0","MISSING"
"7327.T","annual","annualGP","2025-03-31","1","0","MISSING"
"7327.T","annual","annualGP","2024-03-31","2","0","MISSING"
"7327.T","annual","annualGP","2023-03-31","3","0","MISSING"
"7337.T","timeseries","grossProfitQ","2026-06-30","0","0","MISSING"
"7337.T","timeseries","grossProfitQ","2025-12-31","1","0","MISSING"
"7337.T","timeseries","grossProfitQ","2025-06-30","2","0","MISSING"
"7337.T","timeseries","grossProfitQ","2024-12-31","3","0","MISSING"
"7350.T","timeseries","grossProfitQ","2025-12-31","0","0","MISSING"
"7350.T","timeseries","grossProfitQ","2025-06-30","1","0","MISSING"
"7350.T","timeseries","grossProfitQ","2024-12-31","2","0","MISSING"
"7350.T","timeseries","grossProfitQ","2024-06-30","3","0","MISSING"
"7380.T","timeseries","grossProfitQ","2026-06-30","0","0","MISSING"
"7380.T","timeseries","grossProfitQ","2025-12-31","1","0","MISSING"
"7380.T","timeseries","grossProfitQ","2025-06-30","2","0","MISSING"
"7380.T","timeseries","grossProfitQ","2024-12-31","3","0","MISSING"
"7381.T","timeseries","grossProfitQ","2026-06-30","0","0","MISSING"
"7381.T","timeseries","grossProfitQ","2025-12-31","1","0","MISSING"
"7381.T","timeseries","grossProfitQ","2025-06-30","2","0","MISSING"
"7381.T","timeseries","grossProfitQ","2024-12-31","3","0","MISSING"
"7384.T","timeseries","grossProfitQ","2026-06-30","0","0","MISSING"
"7384.T","timeseries","grossProfitQ","2025-12-31","1","0","MISSING"
"7384.T","timeseries","grossProfitQ","2025-06-30","2","0","MISSING"
"7384.T","timeseries","grossProfitQ","2024-12-31","3","0","MISSING"
"7389.T","timeseries","grossProfitQ","2025-12-31","0","0","MISSING"
"7389.T","timeseries","grossProfitQ","2025-06-30","1","0","MISSING"
"7389.T","timeseries","grossProfitQ","2024-12-31","2","0","MISSING"
"7389.T","timeseries","grossProfitQ","2024-06-30","3","0","MISSING"
"7419.T","timeseries","grossProfitQ","2026-06-30","0","0","MISSING"
"7419.T","timeseries","grossProfitQ","2025-12-31","1","0","MISSING"
"7419.T","timeseries","grossProfitQ","2025-06-30","2","0","MISSING"
"7419.T","timeseries","grossProfitQ","2024-12-31","3","0","MISSING"
"7453.T","timeseries","grossProfitQ","2026-05-31","0","0","MISSING"
"7453.T","timeseries","grossProfitQ","2026-02-28","1","0","MISSING"
"7453.T","timeseries","grossProfitQ","2025-11-30","2","0","MISSING"
"7453.T","timeseries","grossProfitQ","2025-08-31","3","0","MISSING"
"7456.T","timeseries","grossProfitQ","2026-06-30","0","0","MISSING"
"7456.T","timeseries","grossProfitQ","2026-03-31","1","0","MISSING"
"7456.T","timeseries","grossProfitQ","2025-12-31","2","0","MISSING"
"7456.T","timeseries","grossProfitQ","2025-09-30","3","0","MISSING"
"7458.T","timeseries","grossProfitQ","2026-06-30","0","0","MISSING"
"7458.T","timeseries","grossProfitQ","2026-03-31","1","0","MISSING"
"7458.T","timeseries","grossProfitQ","2025-12-31","2","0","MISSING"
"7458.T","timeseries","grossProfitQ","2025-09-30","3","0","MISSING"
"7459.T","timeseries","grossProfitQ","2026-06-30","0","0","MISSING"
"7459.T","timeseries","grossProfitQ","2026-03-31","1","0","MISSING"
"7459.T","timeseries","grossProfitQ","2025-12-31","2","0","MISSING"
"7459.T","timeseries","grossProfitQ","2025-09-30","3","0","MISSING"
"7476.T","timeseries","grossProfitQ","2026-06-30","0","0","MISSING"
"7476.T","timeseries","grossProfitQ","2026-03-31","1","0","MISSING"
"7476.T","timeseries","grossProfitQ","2025-12-31","2","0","MISSING"
"7476.T","timeseries","grossProfitQ","2025-09-30","3","0","MISSING"
"74SW.PA","timeseries","grossProfitQ","2026-06-30","0","0","MISSING"
"74SW.PA","timeseries","grossProfitQ","2026-03-31","1","0","MISSING"
"74SW.PA","timeseries","grossProfitQ","2014-12-31","2","0","MISSING"
"74SW.PA","timeseries","grossProfitQ","2011-09-30","3","0","MISSING"
"7516.T","timeseries","grossProfitQ","2026-05-31","0","0","MISSING"
"7516.T","timeseries","grossProfitQ","2025-11-30","1","0","MISSING"
"7516.T","timeseries","grossProfitQ","2025-05-31","2","0","MISSING"
"7516.T","timeseries","grossProfitQ","2024-11-30","3","0","MISSING"
"7532.T","timeseries","grossProfitQ","2026-06-30","0","0","MISSING"
"7532.T","timeseries","grossProfitQ","2026-03-31","1","0","MISSING"
"7532.T","timeseries","grossProfitQ","2025-12-31","2","0","MISSING"
"7532.T","timeseries","grossProfitQ","2025-09-30","3","0","MISSING"
"7550.T","timeseries","grossProfitQ","2026-06-30","0","0","MISSING"
"7550.T","timeseries","grossProfitQ","2026-03-31","1","0","MISSING"
"7550.T","timeseries","grossProfitQ","2025-12-31","2","0","MISSING"
"7550.T","timeseries","grossProfitQ","2025-09-30","3","0","MISSING"
"7552.T","timeseries","grossProfitQ","2026-06-30","0","0","MISSING"
"7552.T","timeseries","grossProfitQ","2025-12-31","1","0","MISSING"
"7552.T","timeseries","grossProfitQ","2025-06-30","2","0","MISSING"
"7552.T","timeseries","grossProfitQ","2024-12-31","3","0","MISSING"
"7564.T","timeseries","grossProfitQ","2026-06-30","0","0","MISSING"
"7564.T","timeseries","grossProfitQ","2026-03-31","1","0","MISSING"
"7564.T","timeseries","grossProfitQ","2025-12-31","2","0","MISSING"
"7564.T","timeseries","grossProfitQ","2025-09-30","3","0","MISSING"
"7581.T","timeseries","grossProfitQ","2026-05-31","0","0","MISSING"
"7581.T","timeseries","grossProfitQ","2026-02-28","1","0","MISSING"
"7581.T","timeseries","grossProfitQ","2025-11-30","2","0","MISSING"
"7581.T","timeseries","grossProfitQ","2025-08-31","3","0","MISSING"
"7616.T","timeseries","grossProfitQ","2026-06-30","0","0","MISSING"
"7616.T","timeseries","grossProfitQ","2025-12-31","1","0","MISSING"
"7616.T","timeseries","grossProfitQ","2025-06-30","2","0","MISSING"
"7616.T","timeseries","grossProfitQ","2024-12-31","3","0","MISSING"
"7630.T","timeseries","grossProfitQ","2026-05-31","0","0","MISSING"
"7630.T","timeseries","grossProfitQ","2026-02-28","1","0","MISSING"
"7630.T","timeseries","grossProfitQ","2025-11-30","2","0","MISSING"
"7630.T","timeseries","grossProfitQ","2025-08-31","3","0","MISSING"
"7649.T","timeseries","grossProfitQ","2026-05-31","0","0","MISSING"
"7649.T","timeseries","grossProfitQ","2026-02-28","1","0","MISSING"
"7649.T","timeseries","grossProfitQ","2025-11-30","2","0","MISSING"
"7649.T","timeseries","grossProfitQ","2025-08-31","3","0","MISSING"
"7685.T","timeseries","grossProfitQ","2026-06-30","0","0","MISSING"
"7685.T","timeseries","grossProfitQ","2026-03-31","1","0","MISSING"
"7685.T","timeseries","grossProfitQ","2025-12-31","2","0","MISSING"
"7685.T","timeseries","grossProfitQ","2025-09-30","3","0","MISSING"
"7701.T","timeseries","grossProfitQ","2026-06-30","0","0","MISSING"
"7701.T","timeseries","grossProfitQ","2026-03-31","1","0","MISSING"
"7701.T","timeseries","grossProfitQ","2025-12-31","2","0","MISSING"
"7701.T","timeseries","grossProfitQ","2025-09-30","3","0","MISSING"
"7716.T","timeseries","grossProfitQ","2026-06-30","0","0","MISSING"
"7716.T","timeseries","grossProfitQ","2026-03-31","1","0","MISSING"
"7716.T","timeseries","grossProfitQ","2025-12-31","2","0","MISSING"
"7716.T","timeseries","grossProfitQ","2025-09-30","3","0","MISSING"
"7729.T","timeseries","grossProfitQ","2026-06-30","0","0","MISSING"
"7729.T","timeseries","grossProfitQ","2026-03-31","1","0","MISSING"
"7729.T","timeseries","grossProfitQ","2025-12-31","2","0","MISSING"
"7729.T","timeseries","grossProfitQ","2025-09-30","3","0","MISSING"
"7730.T","timeseries","grossProfitQ","2026-05-31","0","0","MISSING"
"7730.T","timeseries","grossProfitQ","2026-02-28","1","0","MISSING"
"7730.T","timeseries","grossProfitQ","2025-11-30","2","0","MISSING"
"7730.T","timeseries","grossProfitQ","2025-08-31","3","0","MISSING"
"7731.T","timeseries","grossProfitQ","2026-06-30","0","0","MISSING"
"7731.T","timeseries","grossProfitQ","2026-03-31","1","0","MISSING"
"7731.T","timeseries","grossProfitQ","2025-12-31","2","0","MISSING"
"7731.T","timeseries","grossProfitQ","2025-09-30","3","0","MISSING"
"7733.T","timeseries","grossProfitQ","2026-06-30","0","0","MISSING"
"7733.T","timeseries","grossProfitQ","2026-03-31","1","0","MISSING"
"7733.T","timeseries","grossProfitQ","2025-12-31","2","0","MISSING"
"7733.T","timeseries","grossProfitQ","2025-09-30","3","0","MISSING"
"7734.T","timeseries","grossProfitQ","2026-06-30","0","0","MISSING"
"7734.T","timeseries","grossProfitQ","2025-12-31","1","0","MISSING"
"7734.T","timeseries","grossProfitQ","2025-09-30","2","0","MISSING"
"7734.T","timeseries","grossProfitQ","2025-06-30","3","0","MISSING"
"7735.T","timeseries","grossProfitQ","2026-06-30","0","0","MISSING"
"7735.T","timeseries","grossProfitQ","2026-03-31","1","0","MISSING"
"7735.T","timeseries","grossProfitQ","2025-12-31","2","0","MISSING"
"7735.T","timeseries","grossProfitQ","2025-09-30","3","0","MISSING"
"7740.T","timeseries","grossProfitQ","2026-06-30","0","0","MISSING"
"7740.T","timeseries","grossProfitQ","2026-03-31","1","0","MISSING"
"7740.T","timeseries","grossProfitQ","2025-12-31","2","0","MISSING"
"7740.T","timeseries","grossProfitQ","2025-09-30","3","0","MISSING"
"7741.T","timeseries","grossProfitQ","2026-06-30","0","0","MISSING"
"7741.T","timeseries","grossProfitQ","2026-03-31","1","0","MISSING"
"7741.T","timeseries","grossProfitQ","2025-12-31","2","0","MISSING"
"7741.T","timeseries","grossProfitQ","2025-09-30","3","0","MISSING"
"7744.T","timeseries","grossProfitQ","2026-06-30","0","0","MISSING"
"7744.T","timeseries","grossProfitQ","2026-03-31","1","0","MISSING"
"7744.T","timeseries","grossProfitQ","2025-12-31","2","0","MISSING"
"7744.T","timeseries","grossProfitQ","2025-09-30","3","0","MISSING"
"7747.T","timeseries","grossProfitQ","2026-06-30","0","0","MISSING"
"7747.T","timeseries","grossProfitQ","2026-03-31","1","0","MISSING"
"7747.T","timeseries","grossProfitQ","2025-12-31","2","0","MISSING"
"7747.T","timeseries","grossProfitQ","2025-09-30","3","0","MISSING"
"7751.T","timeseries","grossProfitQ","2026-06-30","0","0","MISSING"
"7751.T","timeseries","grossProfitQ","2026-03-31","1","0","MISSING"
"7751.T","timeseries","grossProfitQ","2025-12-31","2","0","MISSING"
"7751.T","timeseries","grossProfitQ","2025-09-30","3","0","MISSING"
"7752.T","timeseries","grossProfitQ","2026-06-30","0","0","MISSING"
"7752.T","timeseries","grossProfitQ","2026-03-31","1","0","MISSING"
"7752.T","timeseries","grossProfitQ","2025-12-31","2","0","MISSING"
"7752.T","timeseries","grossProfitQ","2025-09-30","3","0","MISSING"
"7762.T","timeseries","grossProfitQ","2026-03-31","0","0","MISSING"
"7762.T","timeseries","grossProfitQ","2025-12-31","1","0","MISSING"
"7762.T","timeseries","grossProfitQ","2025-09-30","2","0","MISSING"
"7762.T","timeseries","grossProfitQ","2025-06-30","3","0","MISSING"
"7780.T","timeseries","grossProfitQ","2026-06-30","0","0","MISSING"
"7780.T","timeseries","grossProfitQ","2026-03-31","1","0","MISSING"
"7780.T","timeseries","grossProfitQ","2025-12-31","2","0","MISSING"
"7780.T","timeseries","grossProfitQ","2025-09-30","3","0","MISSING"
"7806.T","timeseries","grossProfitQ","2026-06-30","0","0","MISSING"
"7806.T","timeseries","grossProfitQ","2025-12-31","1","0","MISSING"
"7806.T","timeseries","grossProfitQ","2025-09-30","2","0","MISSING"
"7806.T","timeseries","grossProfitQ","2025-06-30","3","0","MISSING"
"7821.T","timeseries","grossProfitQ","2026-06-30","0","0","MISSING"
"7821.T","timeseries","grossProfitQ","2026-03-31","1","0","MISSING"
"7821.T","timeseries","grossProfitQ","2025-12-31","2","0","MISSING"
"7821.T","timeseries","grossProfitQ","2025-09-30","3","0","MISSING"
"7826.T","timeseries","grossProfitQ","2026-06-30","0","0","MISSING"
"7826.T","timeseries","grossProfitQ","2026-03-31","1","0","MISSING"
"7826.T","timeseries","grossProfitQ","2025-12-31","2","0","MISSING"
"7826.T","timeseries","grossProfitQ","2025-09-30","3","0","MISSING"
"7832.T","timeseries","grossProfitQ","2026-06-30","0","0","MISSING"
"7832.T","timeseries","grossProfitQ","2025-12-31","1","0","MISSING"
"7832.T","timeseries","grossProfitQ","2025-09-30","2","0","MISSING"
"7832.T","timeseries","grossProfitQ","2025-06-30","3","0","MISSING"
"7846.T","timeseries","grossProfitQ","2026-06-30","0","0","MISSING"
"7846.T","timeseries","grossProfitQ","2026-03-31","1","0","MISSING"
"7846.T","timeseries","grossProfitQ","2025-12-31","2","0","MISSING"
"7846.T","timeseries","grossProfitQ","2025-09-30","3","0","MISSING"
"7864.T","timeseries","grossProfitQ","2026-06-30","0","0","MISSING"
"7864.T","timeseries","grossProfitQ","2026-03-31","1","0","MISSING"
"7864.T","timeseries","grossProfitQ","2025-12-31","2","0","MISSING"
"7864.T","timeseries","grossProfitQ","2025-09-30","3","0","MISSING"
"7867.T","timeseries","grossProfitQ","2026-06-30","0","0","MISSING"
"7867.T","timeseries","grossProfitQ","2026-03-31","1","0","MISSING"
"7867.T","timeseries","grossProfitQ","2025-12-31","2","0","MISSING"
"7867.T","timeseries","grossProfitQ","2025-09-30","3","0","MISSING"
"7906.T","timeseries","grossProfitQ","2026-06-30","0","0","MISSING"
"7906.T","timeseries","grossProfitQ","2026-03-31","1","0","MISSING"
"7906.T","timeseries","grossProfitQ","2025-12-31","2","0","MISSING"
"7906.T","timeseries","grossProfitQ","2025-09-30","3","0","MISSING"
"7911.T","timeseries","grossProfitQ","2026-06-30","0","0","MISSING"
"7911.T","timeseries","grossProfitQ","2026-03-31","1","0","MISSING"
"7911.T","timeseries","grossProfitQ","2025-12-31","2","0","MISSING"
"7911.T","timeseries","grossProfitQ","2025-09-30","3","0","MISSING"
"7936.T","timeseries","grossProfitQ","2026-06-30","0","0","MISSING"
"7936.T","timeseries","grossProfitQ","2026-03-31","1","0","MISSING"
"7936.T","timeseries","grossProfitQ","2025-12-31","2","0","MISSING"
"7936.T","timeseries","grossProfitQ","2025-09-30","3","0","MISSING"
"7947.T","timeseries","grossProfitQ","2026-06-30","0","0","MISSING"
"7947.T","timeseries","grossProfitQ","2026-03-31","1","0","MISSING"
"7947.T","timeseries","grossProfitQ","2025-12-31","2","0","MISSING"
"7947.T","timeseries","grossProfitQ","2025-09-30","3","0","MISSING"
"7951.T","timeseries","grossProfitQ","2026-06-30","0","0","MISSING"
"7951.T","timeseries","grossProfitQ","2026-03-31","1","0","MISSING"
"7951.T","timeseries","grossProfitQ","2025-12-31","2","0","MISSING"
"7951.T","timeseries","grossProfitQ","2025-09-30","3","0","MISSING"
"7956.T","timeseries","grossProfitQ","2026-06-30","0","0","MISSING"
"7956.T","timeseries","grossProfitQ","2026-03-31","1","0","MISSING"
"7956.T","timeseries","grossProfitQ","2025-12-31","2","0","MISSING"
"7956.T","timeseries","grossProfitQ","2025-09-30","3","0","MISSING"
"7966.T","timeseries","grossProfitQ","2026-06-30","0","0","MISSING"
"7966.T","timeseries","grossProfitQ","2026-03-31","1","0","MISSING"
"7966.T","timeseries","grossProfitQ","2025-12-31","2","0","MISSING"
"7966.T","timeseries","grossProfitQ","2025-09-30","3","0","MISSING"
"7970.T","timeseries","grossProfitQ","2026-06-30","0","0","MISSING"
"7970.T","timeseries","grossProfitQ","2026-03-31","1","0","MISSING"
"7970.T","timeseries","grossProfitQ","2025-12-31","2","0","MISSING"
"7970.T","timeseries","grossProfitQ","2025-09-30","3","0","MISSING"
"7974.T","timeseries","grossProfitQ","2026-06-30","0","0","MISSING"
"7974.T","timeseries","grossProfitQ","2026-03-31","1","0","MISSING"
"7974.T","timeseries","grossProfitQ","2025-12-31","2","0","MISSING"
"7974.T","timeseries","grossProfitQ","2025-09-30","3","0","MISSING"
"7976.T","timeseries","grossProfitQ","2026-06-30","0","0","MISSING"
"7976.T","timeseries","grossProfitQ","2026-03-31","1","0","MISSING"
"7976.T","timeseries","grossProfitQ","2025-12-31","2","0","MISSING"
"7976.T","timeseries","grossProfitQ","2025-09-30","3","0","MISSING"
"7981.T","timeseries","grossProfitQ","2026-06-30","0","0","MISSING"
"7981.T","timeseries","grossProfitQ","2025-12-31","1","0","MISSING"
"7981.T","timeseries","grossProfitQ","2025-06-30","2","0","MISSING"
"7981.T","timeseries","grossProfitQ","2024-12-31","3","0","MISSING"
"7984.T","timeseries","grossProfitQ","2026-06-30","0","0","MISSING"
"7984.T","timeseries","grossProfitQ","2026-03-31","1","0","MISSING"
"7984.T","timeseries","grossProfitQ","2025-12-31","2","0","MISSING"
"7984.T","timeseries","grossProfitQ","2025-09-30","3","0","MISSING"
"7988.T","timeseries","grossProfitQ","2026-06-30","0","0","MISSING"
"7988.T","timeseries","grossProfitQ","2026-03-31","1","0","MISSING"
"7988.T","timeseries","grossProfitQ","2025-12-31","2","0","MISSING"
"7988.T","timeseries","grossProfitQ","2025-09-30","3","0","MISSING"
"7994.T","timeseries","grossProfitQ","2026-06-30","0","0","MISSING"
"7994.T","timeseries","grossProfitQ","2026-03-31","1","0","MISSING"
"7994.T","timeseries","grossProfitQ","2025-12-31","2","0","MISSING"
"7994.T","timeseries","grossProfitQ","2025-09-30","3","0","MISSING"
"8001.T","timeseries","grossProfitQ","2026-06-30","0","0","MISSING"
"8001.T","timeseries","grossProfitQ","2026-03-31","1","0","MISSING"
"8001.T","timeseries","grossProfitQ","2025-12-31","2","0","MISSING"
"8001.T","timeseries","grossProfitQ","2025-09-30","3","0","MISSING"
"8002.T","timeseries","grossProfitQ","2026-06-30","0","0","MISSING"
"8002.T","timeseries","grossProfitQ","2026-03-31","1","0","MISSING"
"8002.T","timeseries","grossProfitQ","2025-12-31","2","0","MISSING"
"8002.T","timeseries","grossProfitQ","2025-09-30","3","0","MISSING"
"8012.T","timeseries","grossProfitQ","2026-06-30","0","0","MISSING"
"8012.T","timeseries","grossProfitQ","2026-03-31","1","0","MISSING"
"8012.T","timeseries","grossProfitQ","2025-12-31","2","0","MISSING"
"8012.T","timeseries","grossProfitQ","2025-09-30","3","0","MISSING"
"8015.T","timeseries","revenueQ","2026-03-31","1","0","MISSING"
"8015.T","timeseries","revenueQ","2025-09-30","3","0","MISSING"
"8015.T","timeseries","grossProfitQ","2026-06-30","0","0","MISSING"
"8015.T","timeseries","grossProfitQ","2025-12-31","2","0","MISSING"
"8020.T","timeseries","revenueQ","2026-06-30","0","0","MISSING"
"8020.T","timeseries","revenueQ","2025-09-30","3","0","MISSING"
"8020.T","timeseries","grossProfitQ","2026-03-31","1","0","MISSING"
"8020.T","timeseries","grossProfitQ","2025-12-31","2","0","MISSING"
"8022.T","timeseries","grossProfitQ","2026-06-30","0","0","MISSING"
"8022.T","timeseries","grossProfitQ","2026-03-31","1","0","MISSING"
"8022.T","timeseries","grossProfitQ","2025-12-31","2","0","MISSING"
"8022.T","timeseries","grossProfitQ","2025-09-30","3","0","MISSING"
"8031.T","timeseries","grossProfitQ","2026-06-30","0","0","MISSING"
"8031.T","timeseries","grossProfitQ","2026-03-31","1","0","MISSING"
"8031.T","timeseries","grossProfitQ","2025-12-31","2","0","MISSING"
"8031.T","timeseries","grossProfitQ","2025-09-30","3","0","MISSING"
"8032.T","timeseries","grossProfitQ","2026-06-30","0","0","MISSING"
"8032.T","timeseries","grossProfitQ","2025-12-31","1","0","MISSING"
"8032.T","timeseries","grossProfitQ","2025-06-30","2","0","MISSING"
"8032.T","timeseries","grossProfitQ","2024-12-31","3","0","MISSING"
"8035.T","timeseries","grossProfitQ","2026-06-30","0","0","MISSING"
"8035.T","timeseries","grossProfitQ","2026-03-31","1","0","MISSING"
"8035.T","timeseries","grossProfitQ","2025-12-31","2","0","MISSING"
"8035.T","timeseries","grossProfitQ","2025-09-30","3","0","MISSING"
"8037.T","timeseries","grossProfitQ","2026-06-30","0","0","MISSING"
"8037.T","timeseries","grossProfitQ","2025-12-31","1","0","MISSING"
"8037.T","timeseries","grossProfitQ","2025-06-30","2","0","MISSING"
"8037.T","timeseries","grossProfitQ","2024-12-31","3","0","MISSING"
"8050.T","timeseries","grossProfitQ","2026-06-30","0","0","MISSING"
"8050.T","timeseries","grossProfitQ","2026-03-31","1","0","MISSING"
"8050.T","timeseries","grossProfitQ","2025-12-31","2","0","MISSING"
"8050.T","timeseries","grossProfitQ","2025-09-30","3","0","MISSING"
"8051.T","timeseries","grossProfitQ","2026-06-30","0","0","MISSING"
"8051.T","timeseries","grossProfitQ","2025-12-31","1","0","MISSING"
"8051.T","timeseries","grossProfitQ","2025-06-30","2","0","MISSING"
"8051.T","timeseries","grossProfitQ","2024-12-31","3","0","MISSING"
"8053.T","timeseries","grossProfitQ","2026-06-30","0","0","MISSING"
"8053.T","timeseries","grossProfitQ","2026-03-31","1","0","MISSING"
"8053.T","timeseries","grossProfitQ","2025-12-31","2","0","MISSING"
"8053.T","timeseries","grossProfitQ","2025-09-30","3","0","MISSING"
"8056.T","timeseries","grossProfitQ","2026-06-30","0","0","MISSING"
"8056.T","timeseries","grossProfitQ","2026-03-31","1","0","MISSING"
"8056.T","timeseries","grossProfitQ","2025-12-31","2","0","MISSING"
"8056.T","timeseries","grossProfitQ","2025-09-30","3","0","MISSING"
"8058.T","timeseries","grossProfitQ","2026-06-30","0","0","MISSING"
"8058.T","timeseries","grossProfitQ","2026-03-31","1","0","MISSING"
"8058.T","timeseries","grossProfitQ","2025-12-31","2","0","MISSING"
"8058.T","timeseries","grossProfitQ","2025-09-30","3","0","MISSING"
"8060.T","timeseries","grossProfitQ","2026-06-30","0","0","MISSING"
"8060.T","timeseries","grossProfitQ","2026-03-31","1","0","MISSING"
"8060.T","timeseries","grossProfitQ","2025-12-31","2","0","MISSING"
"8060.T","timeseries","grossProfitQ","2025-09-30","3","0","MISSING"
"8066.T","timeseries","grossProfitQ","2025-12-31","0","0","MISSING"
"8066.T","timeseries","grossProfitQ","2025-06-30","1","0","MISSING"
"8066.T","timeseries","grossProfitQ","2024-12-31","2","0","MISSING"
"8066.T","timeseries","grossProfitQ","2024-06-30","3","0","MISSING"
"8074.T","timeseries","grossProfitQ","2026-06-30","0","0","MISSING"
"8074.T","timeseries","grossProfitQ","2025-12-31","1","0","MISSING"
"8074.T","timeseries","grossProfitQ","2025-06-30","2","0","MISSING"
"8074.T","timeseries","grossProfitQ","2024-12-31","3","0","MISSING"
"8078.T","timeseries","grossProfitQ","2026-06-30","0","0","MISSING"
"8078.T","timeseries","grossProfitQ","2026-03-31","1","0","MISSING"
"8078.T","timeseries","grossProfitQ","2025-12-31","2","0","MISSING"
"8078.T","timeseries","grossProfitQ","2025-09-30","3","0","MISSING"
"8086.T","timeseries","grossProfitQ","2026-06-30","0","0","MISSING"
"8086.T","timeseries","grossProfitQ","2026-03-31","1","0","MISSING"
"8086.T","timeseries","grossProfitQ","2025-12-31","2","0","MISSING"
"8086.T","timeseries","grossProfitQ","2025-09-30","3","0","MISSING"
"8088.T","timeseries","grossProfitQ","2026-06-30","0","0","MISSING"
"8088.T","timeseries","grossProfitQ","2026-03-31","1","0","MISSING"
"8088.T","timeseries","grossProfitQ","2025-12-31","2","0","MISSING"
"8088.T","timeseries","grossProfitQ","2025-06-30","3","0","MISSING"
"8097.T","timeseries","grossProfitQ","2026-06-30","0","0","MISSING"
"8097.T","timeseries","grossProfitQ","2025-12-31","1","0","MISSING"
"8097.T","timeseries","grossProfitQ","2025-06-30","2","0","MISSING"
"8097.T","timeseries","grossProfitQ","2024-12-31","3","0","MISSING"
"8098.T","timeseries","grossProfitQ","2026-06-30","0","0","MISSING"
"8098.T","timeseries","grossProfitQ","2025-12-31","1","0","MISSING"
"8098.T","timeseries","grossProfitQ","2025-06-30","2","0","MISSING"
"8098.T","timeseries","grossProfitQ","2024-12-31","3","0","MISSING"
"8111.T","timeseries","grossProfitQ","2026-06-30","0","0","MISSING"
"8111.T","timeseries","grossProfitQ","2025-12-31","1","0","MISSING"
"8111.T","timeseries","grossProfitQ","2025-09-30","2","0","MISSING"
"8111.T","timeseries","grossProfitQ","2025-06-30","3","0","MISSING"
"8129.T","timeseries","grossProfitQ","2026-06-30","0","0","MISSING"
"8129.T","timeseries","grossProfitQ","2026-03-31","1","0","MISSING"
"8129.T","timeseries","grossProfitQ","2025-12-31","2","0","MISSING"
"8129.T","timeseries","grossProfitQ","2025-09-30","3","0","MISSING"
"8130.T","timeseries","grossProfitQ","2026-06-30","0","0","MISSING"
"8130.T","timeseries","grossProfitQ","2026-03-31","1","0","MISSING"
"8130.T","timeseries","grossProfitQ","2025-12-31","2","0","MISSING"
"8130.T","timeseries","grossProfitQ","2025-09-30","3","0","MISSING"
"8131.T","timeseries","grossProfitQ","2026-06-30","0","0","MISSING"
"8131.T","timeseries","grossProfitQ","2025-12-31","1","0","MISSING"
"8131.T","timeseries","grossProfitQ","2025-06-30","2","0","MISSING"
"8131.T","timeseries","grossProfitQ","2024-12-31","3","0","MISSING"
"8133.T","timeseries","grossProfitQ","2026-06-30","0","0","MISSING"
"8133.T","timeseries","grossProfitQ","2025-12-31","1","0","MISSING"
"8133.T","timeseries","grossProfitQ","2025-06-30","2","0","MISSING"
"8133.T","timeseries","grossProfitQ","2024-12-31","3","0","MISSING"
"8136.T","timeseries","grossProfitQ","2026-06-30","0","0","MISSING"
"8136.T","timeseries","grossProfitQ","2026-03-31","1","0","MISSING"
"8136.T","timeseries","grossProfitQ","2025-12-31","2","0","MISSING"
"8136.T","timeseries","grossProfitQ","2025-09-30","3","0","MISSING"
"8154.T","timeseries","grossProfitQ","2026-03-31","0","0","MISSING"
"8154.T","timeseries","grossProfitQ","2025-12-31","1","0","MISSING"
"8154.T","timeseries","grossProfitQ","2025-09-30","2","0","MISSING"
"8154.T","timeseries","grossProfitQ","2025-06-30","3","0","MISSING"
"8174.T","timeseries","grossProfitQ","2026-06-30","0","0","MISSING"
"8174.T","timeseries","grossProfitQ","2026-03-31","1","0","MISSING"
"8174.T","timeseries","grossProfitQ","2025-12-31","2","0","MISSING"
"8174.T","timeseries","grossProfitQ","2025-09-30","3","0","MISSING"
"8179.T","timeseries","grossProfitQ","2026-06-30","0","0","MISSING"
"8179.T","timeseries","grossProfitQ","2026-03-31","1","0","MISSING"
"8179.T","timeseries","grossProfitQ","2025-12-31","2","0","MISSING"
"8179.T","timeseries","grossProfitQ","2025-09-30","3","0","MISSING"
"8194.T","timeseries","grossProfitQ","2026-05-31","0","0","MISSING"
"8194.T","timeseries","grossProfitQ","2026-02-28","1","0","MISSING"
"8194.T","timeseries","grossProfitQ","2025-11-30","2","0","MISSING"
"8194.T","timeseries","grossProfitQ","2025-08-31","3","0","MISSING"
"8200.SR","annual","annualRev","2025-12-31","0","0","MISSING"
"8200.SR","annual","annualRev","2022-12-31","3","0","MISSING"
"8214.T","timeseries","grossProfitQ","2026-06-30","0","0","MISSING"
"8214.T","timeseries","grossProfitQ","2025-12-31","1","0","MISSING"
"8214.T","timeseries","grossProfitQ","2025-06-30","2","0","MISSING"
"8214.T","timeseries","grossProfitQ","2024-12-31","3","0","MISSING"
"8218.T","timeseries","grossProfitQ","2026-06-30","0","0","MISSING"
"8218.T","timeseries","grossProfitQ","2026-03-31","1","0","MISSING"
"8218.T","timeseries","grossProfitQ","2025-12-31","2","0","MISSING"
"8218.T","timeseries","grossProfitQ","2025-09-30","3","0","MISSING"
"8227.T","timeseries","grossProfitQ","2026-08-31","0","0","MISSING"
"8227.T","timeseries","grossProfitQ","2026-05-31","1","0","MISSING"
"8227.T","timeseries","grossProfitQ","2026-02-28","2","0","MISSING"
"8227.T","timeseries","grossProfitQ","2025-11-30","3","0","MISSING"
"8233.T","timeseries","grossProfitQ","2026-05-31","0","0","MISSING"
"8233.T","timeseries","grossProfitQ","2026-02-28","1","0","MISSING"
"8233.T","timeseries","grossProfitQ","2025-11-30","2","0","MISSING"
"8233.T","timeseries","grossProfitQ","2025-08-31","3","0","MISSING"
"8242.T","timeseries","grossProfitQ","2026-06-30","0","0","MISSING"
"8242.T","timeseries","grossProfitQ","2026-03-31","1","0","MISSING"
"8242.T","timeseries","grossProfitQ","2025-12-31","2","0","MISSING"
"8242.T","timeseries","grossProfitQ","2025-09-30","3","0","MISSING"
"8252.T","timeseries","grossProfitQ","2026-06-30","0","0","MISSING"
"8252.T","timeseries","grossProfitQ","2026-03-31","1","0","MISSING"
"8252.T","timeseries","grossProfitQ","2025-12-31","2","0","MISSING"
"8252.T","timeseries","grossProfitQ","2025-09-30","3","0","MISSING"
"8253.T","timeseries","grossProfitQ","2026-06-30","0","0","MISSING"
"8253.T","timeseries","grossProfitQ","2026-03-31","1","0","MISSING"
"8253.T","timeseries","grossProfitQ","2025-12-31","2","0","MISSING"
"8253.T","timeseries","grossProfitQ","2025-09-30","3","0","MISSING"
"8267.T","timeseries","grossProfitQ","2026-05-31","0","0","MISSING"
"8267.T","timeseries","grossProfitQ","2026-02-28","1","0","MISSING"
"8267.T","timeseries","grossProfitQ","2025-11-30","2","0","MISSING"
"8267.T","timeseries","grossProfitQ","2025-08-31","3","0","MISSING"
"8273.T","timeseries","grossProfitQ","2026-05-31","0","0","MISSING"
"8273.T","timeseries","grossProfitQ","2026-02-28","1","0","MISSING"
"8273.T","timeseries","grossProfitQ","2025-11-30","2","0","MISSING"
"8273.T","timeseries","grossProfitQ","2025-08-31","3","0","MISSING"
"8276.T","timeseries","grossProfitQ","2026-05-31","0","0","MISSING"
"8276.T","timeseries","grossProfitQ","2025-11-30","1","0","MISSING"
"8276.T","timeseries","grossProfitQ","2025-05-31","2","0","MISSING"
"8276.T","timeseries","grossProfitQ","2024-11-30","3","0","MISSING"
"8278.T","timeseries","grossProfitQ","2026-05-31","0","0","MISSING"
"8278.T","timeseries","grossProfitQ","2025-11-30","1","0","MISSING"
"8278.T","timeseries","grossProfitQ","2025-05-31","2","0","MISSING"
"8278.T","timeseries","grossProfitQ","2024-11-30","3","0","MISSING"
"8282.T","timeseries","grossProfitQ","2026-06-30","0","0","MISSING"
"8282.T","timeseries","grossProfitQ","2026-03-31","1","0","MISSING"
"8282.T","timeseries","grossProfitQ","2025-12-31","2","0","MISSING"
"8282.T","timeseries","grossProfitQ","2025-09-30","3","0","MISSING"
"8283.T","timeseries","grossProfitQ","2026-06-30","0","0","MISSING"
"8283.T","timeseries","grossProfitQ","2026-03-31","1","0","MISSING"
"8283.T","timeseries","grossProfitQ","2025-12-31","2","0","MISSING"
"8283.T","timeseries","grossProfitQ","2025-09-30","3","0","MISSING"
"8303.T","timeseries","grossProfitQ","2026-06-30","0","0","MISSING"
"8303.T","timeseries","grossProfitQ","2026-03-31","1","0","MISSING"
"8303.T","timeseries","grossProfitQ","2025-12-31","2","0","MISSING"
"8303.T","timeseries","grossProfitQ","2023-06-30","3","0","MISSING"
"8303.T","annual","annualRev","2025-03-31","1","0","MISSING"
"8303.T","annual","annualGP","2026-03-31","0","0","MISSING"
"8303.T","annual","annualGP","2023-03-31","2","0","MISSING"
"8303.T","annual","annualGP","2022-03-31","3","0","MISSING"
"8304.T","timeseries","grossProfitQ","2026-06-30","0","0","MISSING"
"8304.T","timeseries","grossProfitQ","2026-03-31","1","0","MISSING"
"8304.T","timeseries","grossProfitQ","2025-12-31","2","0","MISSING"
"8304.T","timeseries","grossProfitQ","2025-09-30","3","0","MISSING"
"8304.T","annual","annualGP","2026-03-31","0","0","MISSING"
"8304.T","annual","annualGP","2025-03-31","1","0","MISSING"
"8304.T","annual","annualGP","2024-03-31","2","0","MISSING"
"8304.T","annual","annualGP","2023-03-31","3","0","MISSING"
"8308.T","timeseries","grossProfitQ","2026-06-30","0","0","MISSING"
"8308.T","timeseries","grossProfitQ","2026-03-31","1","0","MISSING"
"8308.T","timeseries","grossProfitQ","2025-12-31","2","0","MISSING"
"8308.T","timeseries","grossProfitQ","2025-09-30","3","0","MISSING"
"8308.T","annual","annualGP","2026-03-31","0","0","MISSING"
"8308.T","annual","annualGP","2025-03-31","1","0","MISSING"
"8308.T","annual","annualGP","2024-03-31","2","0","MISSING"
"8308.T","annual","annualGP","2023-03-31","3","0","MISSING"
"8309.T","annual","annualGP","2026-03-31","0","0","MISSING"
"8309.T","annual","annualGP","2025-03-31","1","0","MISSING"
"8309.T","annual","annualGP","2024-03-31","2","0","MISSING"
"8309.T","annual","annualGP","2023-03-31","3","0","MISSING"
"8316.T","annual","annualGP","2026-03-31","0","0","MISSING"
"8316.T","annual","annualGP","2025-03-31","1","0","MISSING"
"8316.T","annual","annualGP","2024-03-31","2","0","MISSING"
"8316.T","annual","annualGP","2023-03-31","3","0","MISSING"
"8334.T","timeseries","revenueQ","2026-03-31","1","0","MISSING"
"8334.T","timeseries","grossProfitQ","2026-06-30","0","0","MISSING"
"8334.T","timeseries","grossProfitQ","2025-12-31","2","0","MISSING"
"8334.T","timeseries","grossProfitQ","2025-06-30","3","0","MISSING"
"8336.T","timeseries","grossProfitQ","2026-06-30","0","0","MISSING"
"8336.T","timeseries","grossProfitQ","2025-12-31","1","0","MISSING"
"8336.T","timeseries","grossProfitQ","2025-06-30","2","0","MISSING"
"8336.T","timeseries","grossProfitQ","2024-12-31","3","0","MISSING"
"8337.T","timeseries","grossProfitQ","2026-06-30","0","0","MISSING"
"8337.T","timeseries","grossProfitQ","2025-12-31","1","0","MISSING"
"8337.T","timeseries","grossProfitQ","2025-06-30","2","0","MISSING"
"8337.T","timeseries","grossProfitQ","2024-12-31","3","0","MISSING"
"8341.T","timeseries","revenueQ","2026-03-31","1","0","MISSING"
"8341.T","timeseries","revenueQ","2025-09-30","3","0","MISSING"
"8341.T","timeseries","grossProfitQ","2026-06-30","0","0","MISSING"
"8341.T","timeseries","grossProfitQ","2025-12-31","2","0","MISSING"
"8341.T","annual","annualGP","2026-03-31","0","0","MISSING"
"8341.T","annual","annualGP","2025-03-31","1","0","MISSING"
"8341.T","annual","annualGP","2024-03-31","2","0","MISSING"
"8341.T","annual","annualGP","2023-03-31","3","0","MISSING"
"8343.T","timeseries","grossProfitQ","2026-06-30","0","0","MISSING"
"8343.T","timeseries","grossProfitQ","2025-12-31","1","0","MISSING"
"8343.T","timeseries","grossProfitQ","2025-06-30","2","0","MISSING"
"8343.T","timeseries","grossProfitQ","2024-12-31","3","0","MISSING"
"8344.T","timeseries","grossProfitQ","2026-06-30","0","0","MISSING"
"8344.T","timeseries","grossProfitQ","2025-12-31","1","0","MISSING"
"8344.T","timeseries","grossProfitQ","2025-06-30","2","0","MISSING"
"8344.T","timeseries","grossProfitQ","2024-12-31","3","0","MISSING"
"8345.T","timeseries","grossProfitQ","2026-06-30","0","0","MISSING"
"8345.T","timeseries","grossProfitQ","2025-12-31","1","0","MISSING"
"8345.T","timeseries","grossProfitQ","2025-06-30","2","0","MISSING"
"8345.T","timeseries","grossProfitQ","2024-12-31","3","0","MISSING"
"8346.T","timeseries","grossProfitQ","2026-06-30","0","0","MISSING"
"8346.T","timeseries","grossProfitQ","2025-12-31","1","0","MISSING"
"8346.T","timeseries","grossProfitQ","2025-06-30","2","0","MISSING"
"8346.T","timeseries","grossProfitQ","2024-12-31","3","0","MISSING"
"8354.T","timeseries","grossProfitQ","2026-06-30","0","0","MISSING"
"8354.T","timeseries","grossProfitQ","2026-03-31","1","0","MISSING"
"8354.T","timeseries","grossProfitQ","2025-12-31","2","0","MISSING"
"8354.T","timeseries","grossProfitQ","2025-09-30","3","0","MISSING"
"8358.T","timeseries","revenueQ","2026-03-31","1","0","MISSING"
"8358.T","timeseries","revenueQ","2025-09-30","3","0","MISSING"
"8358.T","timeseries","grossProfitQ","2026-06-30","0","0","MISSING"
"8358.T","timeseries","grossProfitQ","2025-12-31","2","0","MISSING"
"8359.T","timeseries","revenueQ","2026-03-31","1","0","MISSING"
"8359.T","timeseries","revenueQ","2025-09-30","3","0","MISSING"
"8359.T","timeseries","grossProfitQ","2026-06-30","0","0","MISSING"
"8359.T","timeseries","grossProfitQ","2025-12-31","2","0","MISSING"
"8359.T","annual","annualGP","2026-03-31","0","0","MISSING"
"8359.T","annual","annualGP","2025-03-31","1","0","MISSING"
"8359.T","annual","annualGP","2024-03-31","2","0","MISSING"
"8359.T","annual","annualGP","2023-03-31","3","0","MISSING"
"8360.T","timeseries","grossProfitQ","2026-06-30","0","0","MISSING"
"8360.T","timeseries","grossProfitQ","2025-12-31","1","0","MISSING"
"8360.T","timeseries","grossProfitQ","2025-06-30","2","0","MISSING"
"8360.T","timeseries","grossProfitQ","2024-12-31","3","0","MISSING"
"8361.T","timeseries","grossProfitQ","2026-06-30","0","0","MISSING"
"8361.T","timeseries","grossProfitQ","2025-12-31","1","0","MISSING"
"8361.T","timeseries","grossProfitQ","2025-06-30","2","0","MISSING"
"8361.T","timeseries","grossProfitQ","2024-12-31","3","0","MISSING"
"8362.T","timeseries","grossProfitQ","2026-06-30","0","0","MISSING"
"8362.T","timeseries","grossProfitQ","2025-12-31","1","0","MISSING"
"8362.T","timeseries","grossProfitQ","2025-06-30","2","0","MISSING"
"8362.T","timeseries","grossProfitQ","2024-12-31","3","0","MISSING"
"8366.T","timeseries","revenueQ","2026-03-31","1","0","MISSING"
"8366.T","timeseries","grossProfitQ","2026-06-30","0","0","MISSING"
"8366.T","timeseries","grossProfitQ","2025-12-31","2","0","MISSING"
"8366.T","timeseries","grossProfitQ","2025-06-30","3","0","MISSING"
"8367.T","timeseries","grossProfitQ","2026-06-30","0","0","MISSING"
"8367.T","timeseries","grossProfitQ","2025-12-31","1","0","MISSING"
"8367.T","timeseries","grossProfitQ","2025-06-30","2","0","MISSING"
"8367.T","timeseries","grossProfitQ","2024-12-31","3","0","MISSING"
"8368.T","timeseries","grossProfitQ","2026-06-30","0","0","MISSING"
"8368.T","timeseries","grossProfitQ","2025-12-31","1","0","MISSING"
"8368.T","timeseries","grossProfitQ","2025-06-30","2","0","MISSING"
"8368.T","timeseries","grossProfitQ","2024-12-31","3","0","MISSING"
"8368.T","annual","annualGP","2026-03-31","0","0","MISSING"
"8368.T","annual","annualGP","2025-03-31","1","0","MISSING"
"8368.T","annual","annualGP","2024-03-31","2","0","MISSING"
"8368.T","annual","annualGP","2023-03-31","3","0","MISSING"
"8370.T","timeseries","grossProfitQ","2026-06-30","0","0","MISSING"
"8370.T","timeseries","grossProfitQ","2025-12-31","1","0","MISSING"
"8370.T","timeseries","grossProfitQ","2025-06-30","2","0","MISSING"
"8370.T","timeseries","grossProfitQ","2024-12-31","3","0","MISSING"
"8377.T","timeseries","revenueQ","2024-12-31","3","0","MISSING"
"8377.T","timeseries","grossProfitQ","2026-06-30","0","0","MISSING"
"8377.T","timeseries","grossProfitQ","2025-12-31","1","0","MISSING"
"8377.T","timeseries","grossProfitQ","2025-06-30","2","0","MISSING"
"8381.T","timeseries","grossProfitQ","2026-06-30","0","0","MISSING"
"8381.T","timeseries","grossProfitQ","2025-12-31","1","0","MISSING"
"8381.T","timeseries","grossProfitQ","2025-06-30","2","0","MISSING"
"8381.T","timeseries","grossProfitQ","2024-12-31","3","0","MISSING"
"8381.T","annual","annualGP","2026-03-31","0","0","MISSING"
"8381.T","annual","annualGP","2025-03-31","1","0","MISSING"
"8381.T","annual","annualGP","2024-03-31","2","0","MISSING"
"8381.T","annual","annualGP","2023-03-31","3","0","MISSING"
"8386.T","timeseries","grossProfitQ","2026-06-30","0","0","MISSING"
"8386.T","timeseries","grossProfitQ","2025-12-31","1","0","MISSING"
"8386.T","timeseries","grossProfitQ","2025-06-30","2","0","MISSING"
"8386.T","timeseries","grossProfitQ","2024-12-31","3","0","MISSING"
"8387.T","timeseries","grossProfitQ","2026-06-30","0","0","MISSING"
"8387.T","timeseries","grossProfitQ","2025-12-31","1","0","MISSING"
"8387.T","timeseries","grossProfitQ","2025-06-30","2","0","MISSING"
"8387.T","timeseries","grossProfitQ","2024-12-31","3","0","MISSING"
"8388.T","timeseries","grossProfitQ","2026-06-30","0","0","MISSING"
"8388.T","timeseries","grossProfitQ","2025-12-31","1","0","MISSING"
"8388.T","timeseries","grossProfitQ","2025-06-30","2","0","MISSING"
"8388.T","timeseries","grossProfitQ","2024-12-31","3","0","MISSING"
"8392.T","timeseries","grossProfitQ","2026-06-30","0","0","MISSING"
"8392.T","timeseries","grossProfitQ","2025-12-31","1","0","MISSING"
"8392.T","timeseries","grossProfitQ","2025-06-30","2","0","MISSING"
"8392.T","timeseries","grossProfitQ","2024-12-31","3","0","MISSING"
"8393.T","timeseries","grossProfitQ","2026-06-30","0","0","MISSING"
"8393.T","timeseries","grossProfitQ","2025-12-31","1","0","MISSING"
"8393.T","timeseries","grossProfitQ","2025-06-30","2","0","MISSING"
"8393.T","timeseries","grossProfitQ","2024-12-31","3","0","MISSING"
"8399.T","timeseries","grossProfitQ","2026-06-30","0","0","MISSING"
"8399.T","timeseries","grossProfitQ","2025-12-31","1","0","MISSING"
"8399.T","timeseries","grossProfitQ","2025-06-30","2","0","MISSING"
"8399.T","timeseries","grossProfitQ","2024-12-31","3","0","MISSING"
"8410.T","timeseries","revenueQ","2026-03-31","1","0","MISSING"
"8410.T","timeseries","revenueQ","2025-09-30","3","0","MISSING"
"8410.T","timeseries","grossProfitQ","2026-06-30","0","0","MISSING"
"8410.T","timeseries","grossProfitQ","2025-12-31","2","0","MISSING"
"8411.T","annual","annualGP","2026-03-31","0","0","MISSING"
"8411.T","annual","annualGP","2025-03-31","1","0","MISSING"
"8411.T","annual","annualGP","2024-03-31","2","0","MISSING"
"8411.T","annual","annualGP","2023-03-31","3","0","MISSING"
"8418.T","timeseries","grossProfitQ","2026-06-30","0","0","MISSING"
"8418.T","timeseries","grossProfitQ","2025-12-31","1","0","MISSING"
"8418.T","timeseries","grossProfitQ","2025-06-30","2","0","MISSING"
"8418.T","timeseries","grossProfitQ","2024-12-31","3","0","MISSING"
"8421.T","timeseries","grossProfitQ","2026-06-30","0","0","MISSING"
"8421.T","timeseries","grossProfitQ","2025-12-31","1","0","MISSING"
"8421.T","timeseries","grossProfitQ","2025-06-30","2","0","MISSING"
"8421.T","timeseries","grossProfitQ","2024-12-31","3","0","MISSING"
"8424.T","timeseries","grossProfitQ","2026-06-30","0","0","MISSING"
"8424.T","timeseries","grossProfitQ","2026-03-31","1","0","MISSING"
"8424.T","timeseries","grossProfitQ","2025-12-31","2","0","MISSING"
"8424.T","timeseries","grossProfitQ","2025-09-30","3","0","MISSING"
"8425.T","timeseries","grossProfitQ","2026-06-30","0","0","MISSING"
"8425.T","timeseries","grossProfitQ","2025-12-31","1","0","MISSING"
"8425.T","timeseries","grossProfitQ","2025-06-30","2","0","MISSING"
"8425.T","timeseries","grossProfitQ","2024-12-31","3","0","MISSING"
"8425.T","annual","annualGP","2026-03-31","0","0","MISSING"
"8425.T","annual","annualGP","2025-03-31","1","0","MISSING"
"8425.T","annual","annualGP","2024-03-31","2","0","MISSING"
"8425.T","annual","annualGP","2023-03-31","3","0","MISSING"
"8439.T","timeseries","grossProfitQ","2026-06-30","0","0","MISSING"
"8439.T","timeseries","grossProfitQ","2025-12-31","1","0","MISSING"
"8439.T","timeseries","grossProfitQ","2025-09-30","2","0","MISSING"
"8439.T","timeseries","grossProfitQ","2025-06-30","3","0","MISSING"
"8473.T","timeseries","revenueQ","2025-09-30","3","0","MISSING"
"8473.T","timeseries","grossProfitQ","2026-06-30","0","0","MISSING"
"8473.T","timeseries","grossProfitQ","2026-03-31","1","0","MISSING"
"8473.T","timeseries","grossProfitQ","2025-12-31","2","0","MISSING"
"8473.T","annual","annualGP","2026-03-31","0","0","MISSING"
"8473.T","annual","annualGP","2025-03-31","1","0","MISSING"
"8473.T","annual","annualGP","2024-03-31","2","0","MISSING"
"8473.T","annual","annualGP","2023-03-31","3","0","MISSING"
"8511.T","timeseries","grossProfitQ","2026-06-30","0","0","MISSING"
"8511.T","timeseries","grossProfitQ","2025-12-31","1","0","MISSING"
"8511.T","timeseries","grossProfitQ","2025-06-30","2","0","MISSING"
"8511.T","timeseries","grossProfitQ","2024-12-31","3","0","MISSING"
"8522.T","timeseries","grossProfitQ","2026-06-30","0","0","MISSING"
"8522.T","timeseries","grossProfitQ","2025-12-31","1","0","MISSING"
"8522.T","timeseries","grossProfitQ","2025-06-30","2","0","MISSING"
"8522.T","timeseries","grossProfitQ","2024-12-31","3","0","MISSING"
"8524.T","timeseries","grossProfitQ","2026-06-30","0","0","MISSING"
"8524.T","timeseries","grossProfitQ","2025-12-31","1","0","MISSING"
"8524.T","timeseries","grossProfitQ","2025-06-30","2","0","MISSING"
"8524.T","timeseries","grossProfitQ","2024-12-31","3","0","MISSING"
"8541.T","timeseries","grossProfitQ","2026-06-30","0","0","MISSING"
"8541.T","timeseries","grossProfitQ","2025-12-31","1","0","MISSING"
"8541.T","timeseries","grossProfitQ","2025-06-30","2","0","MISSING"
"8541.T","timeseries","grossProfitQ","2024-12-31","3","0","MISSING"
"8544.T","timeseries","grossProfitQ","2026-06-30","0","0","MISSING"
"8544.T","timeseries","grossProfitQ","2025-12-31","1","0","MISSING"
"8544.T","timeseries","grossProfitQ","2025-06-30","2","0","MISSING"
"8544.T","timeseries","grossProfitQ","2024-12-31","3","0","MISSING"
"8544.T","annual","annualGP","2026-03-31","0","0","MISSING"
"8544.T","annual","annualGP","2025-03-31","1","0","MISSING"
"8544.T","annual","annualGP","2024-03-31","2","0","MISSING"
"8544.T","annual","annualGP","2023-03-31","3","0","MISSING"
"8566.T","timeseries","grossProfitQ","2026-06-30","0","0","MISSING"
"8566.T","timeseries","grossProfitQ","2025-12-31","1","0","MISSING"
"8566.T","timeseries","grossProfitQ","2025-06-30","2","0","MISSING"
"8566.T","timeseries","grossProfitQ","2024-12-31","3","0","MISSING"
"8570.T","timeseries","grossProfitQ","2026-05-31","0","0","MISSING"
"8570.T","timeseries","grossProfitQ","2026-02-28","1","0","MISSING"
"8570.T","timeseries","grossProfitQ","2025-11-30","2","0","MISSING"
"8570.T","timeseries","grossProfitQ","2025-08-31","3","0","MISSING"
"8572.T","timeseries","grossProfitQ","2026-06-30","0","0","MISSING"
"8572.T","timeseries","grossProfitQ","2026-03-31","1","0","MISSING"
"8572.T","timeseries","grossProfitQ","2025-12-31","2","0","MISSING"
"8572.T","timeseries","grossProfitQ","2025-09-30","3","0","MISSING"
"8584.T","timeseries","grossProfitQ","2026-06-30","0","0","MISSING"
"8584.T","timeseries","grossProfitQ","2025-12-31","1","0","MISSING"
"8584.T","timeseries","grossProfitQ","2025-09-30","2","0","MISSING"
"8584.T","timeseries","grossProfitQ","2025-06-30","3","0","MISSING"
"8585.T","timeseries","grossProfitQ","2026-06-30","0","0","MISSING"
"8585.T","timeseries","grossProfitQ","2025-12-31","1","0","MISSING"
"8585.T","timeseries","grossProfitQ","2025-06-30","2","0","MISSING"
"8585.T","timeseries","grossProfitQ","2024-12-31","3","0","MISSING"
"8600.T","timeseries","grossProfitQ","2026-06-30","0","0","MISSING"
"8600.T","timeseries","grossProfitQ","2025-12-31","1","0","MISSING"
"8600.T","timeseries","grossProfitQ","2025-06-30","2","0","MISSING"
"8600.T","timeseries","grossProfitQ","2024-12-31","3","0","MISSING"
"8601.T","timeseries","revenueQ","2025-09-30","3","0","MISSING"
"8601.T","timeseries","grossProfitQ","2026-06-30","0","0","MISSING"
"8601.T","timeseries","grossProfitQ","2026-03-31","1","0","MISSING"
"8601.T","timeseries","grossProfitQ","2025-12-31","2","0","MISSING"
"8609.T","timeseries","grossProfitQ","2026-06-30","0","0","MISSING"
"8609.T","timeseries","grossProfitQ","2025-12-31","1","0","MISSING"
"8609.T","timeseries","grossProfitQ","2025-06-30","2","0","MISSING"
"8609.T","timeseries","grossProfitQ","2024-12-31","3","0","MISSING"
"8616.T","timeseries","grossProfitQ","2026-06-30","0","0","MISSING"
"8616.T","timeseries","grossProfitQ","2025-12-31","1","0","MISSING"
"8616.T","timeseries","grossProfitQ","2025-06-30","2","0","MISSING"
"8616.T","timeseries","grossProfitQ","2025-03-31","3","0","MISSING"
"8628.T","timeseries","grossProfitQ","2026-06-30","0","0","MISSING"
"8628.T","timeseries","grossProfitQ","2026-03-31","1","0","MISSING"
"8628.T","timeseries","grossProfitQ","2025-12-31","2","0","MISSING"
"8628.T","timeseries","grossProfitQ","2025-09-30","3","0","MISSING"
"8630.T","timeseries","grossProfitQ","2026-03-31","0","0","MISSING"
"8630.T","timeseries","grossProfitQ","2025-12-31","1","0","MISSING"
"8630.T","timeseries","grossProfitQ","2025-09-30","2","0","MISSING"
"8630.T","timeseries","grossProfitQ","2025-06-30","3","0","MISSING"
"8697.T","timeseries","grossProfitQ","2026-06-30","0","0","MISSING"
"8697.T","timeseries","grossProfitQ","2026-03-31","1","0","MISSING"
"8697.T","timeseries","grossProfitQ","2025-12-31","2","0","MISSING"
"8697.T","timeseries","grossProfitQ","2025-09-30","3","0","MISSING"
"8698.T","timeseries","grossProfitQ","2026-06-30","0","0","MISSING"
"8698.T","timeseries","grossProfitQ","2026-03-31","1","0","MISSING"
"8698.T","timeseries","grossProfitQ","2025-12-31","2","0","MISSING"
"8698.T","timeseries","grossProfitQ","2025-06-30","3","0","MISSING"
"8714.T","timeseries","grossProfitQ","2026-06-30","0","0","MISSING"
"8714.T","timeseries","grossProfitQ","2025-12-31","1","0","MISSING"
"8714.T","timeseries","grossProfitQ","2025-06-30","2","0","MISSING"
"8714.T","timeseries","grossProfitQ","2024-12-31","3","0","MISSING"
"8725.T","timeseries","grossProfitQ","2026-03-31","0","0","MISSING"
"8725.T","timeseries","grossProfitQ","2025-12-31","1","0","MISSING"
"8725.T","timeseries","grossProfitQ","2025-09-30","2","0","MISSING"
"8725.T","timeseries","grossProfitQ","2025-06-30","3","0","MISSING"
"8729.T","timeseries","revenueQ","2026-03-31","1","0","MISSING"
"8729.T","timeseries","grossProfitQ","2025-12-31","2","0","MISSING"
"8729.T","timeseries","grossProfitQ","2025-06-30","3","0","MISSING"
"8729.T","annual","annualRev","2025-03-31","1","0","MISSING"
"8750.T","timeseries","grossProfitQ","2026-06-30","0","0","MISSING"
"8750.T","timeseries","grossProfitQ","2026-03-31","1","0","MISSING"
"8750.T","timeseries","grossProfitQ","2025-12-31","2","0","MISSING"
"8750.T","timeseries","grossProfitQ","2025-09-30","3","0","MISSING"
"8766.T","timeseries","revenueQ","2026-06-30","0","0","MISSING"
"8766.T","timeseries","grossProfitQ","2026-03-31","1","0","MISSING"
"8766.T","timeseries","grossProfitQ","2025-12-31","2","0","MISSING"
"8766.T","timeseries","grossProfitQ","2025-09-30","3","0","MISSING"
"8795.T","timeseries","revenueQ","2026-03-31","1","0","MISSING"
"8795.T","timeseries","grossProfitQ","2026-06-30","0","0","MISSING"
"8795.T","timeseries","grossProfitQ","2025-12-31","2","0","MISSING"
"8795.T","timeseries","grossProfitQ","2025-06-30","3","0","MISSING"
"8801.T","timeseries","grossProfitQ","2026-06-30","0","0","MISSING"
"8801.T","timeseries","grossProfitQ","2026-03-31","1","0","MISSING"
"8801.T","timeseries","grossProfitQ","2025-12-31","2","0","MISSING"
"8801.T","timeseries","grossProfitQ","2025-09-30","3","0","MISSING"
"8802.T","timeseries","grossProfitQ","2026-06-30","0","0","MISSING"
"8802.T","timeseries","grossProfitQ","2026-03-31","1","0","MISSING"
"8802.T","timeseries","grossProfitQ","2025-12-31","2","0","MISSING"
"8802.T","timeseries","grossProfitQ","2025-09-30","3","0","MISSING"
"8803.T","timeseries","grossProfitQ","2026-06-30","0","0","MISSING"
"8803.T","timeseries","grossProfitQ","2026-03-31","1","0","MISSING"
"8803.T","timeseries","grossProfitQ","2025-12-31","2","0","MISSING"
"8803.T","timeseries","grossProfitQ","2025-09-30","3","0","MISSING"
"8804.T","timeseries","grossProfitQ","2026-06-30","0","0","MISSING"
"8804.T","timeseries","grossProfitQ","2026-03-31","1","0","MISSING"
"8804.T","timeseries","grossProfitQ","2025-12-31","2","0","MISSING"
"8804.T","timeseries","grossProfitQ","2025-09-30","3","0","MISSING"
"8830.T","timeseries","grossProfitQ","2026-06-30","0","0","MISSING"
"8830.T","timeseries","grossProfitQ","2026-03-31","1","0","MISSING"
"8830.T","timeseries","grossProfitQ","2025-12-31","2","0","MISSING"
"8830.T","timeseries","grossProfitQ","2025-09-30","3","0","MISSING"
"8848.T","timeseries","grossProfitQ","2026-06-30","0","0","MISSING"
"8848.T","timeseries","grossProfitQ","2026-03-31","1","0","MISSING"
"8848.T","timeseries","grossProfitQ","2025-12-31","2","0","MISSING"
"8848.T","timeseries","grossProfitQ","2025-09-30","3","0","MISSING"
"8850.T","timeseries","grossProfitQ","2026-06-30","0","0","MISSING"
"8850.T","timeseries","grossProfitQ","2025-12-31","1","0","MISSING"
"8850.T","timeseries","grossProfitQ","2025-09-30","2","0","MISSING"
"8850.T","timeseries","grossProfitQ","2025-06-30","3","0","MISSING"
"8876.T","timeseries","grossProfitQ","2026-06-30","0","0","MISSING"
"8876.T","timeseries","grossProfitQ","2026-03-31","1","0","MISSING"
"8876.T","timeseries","grossProfitQ","2025-12-31","2","0","MISSING"
"8876.T","timeseries","grossProfitQ","2025-09-30","3","0","MISSING"
"8919.T","timeseries","grossProfitQ","2026-06-30","0","0","MISSING"
"8919.T","timeseries","grossProfitQ","2026-03-31","1","0","MISSING"
"8919.T","timeseries","grossProfitQ","2025-12-31","2","0","MISSING"
"8919.T","timeseries","grossProfitQ","2025-09-30","3","0","MISSING"
"8934.T","timeseries","grossProfitQ","2026-06-30","0","0","MISSING"
"8934.T","timeseries","grossProfitQ","2025-12-31","1","0","MISSING"
"8934.T","timeseries","grossProfitQ","2025-06-30","2","0","MISSING"
"8934.T","timeseries","grossProfitQ","2024-12-31","3","0","MISSING"
"9001.T","timeseries","grossProfitQ","2026-06-30","0","0","MISSING"
"9001.T","timeseries","grossProfitQ","2026-03-31","1","0","MISSING"
"9001.T","timeseries","grossProfitQ","2025-12-31","2","0","MISSING"
"9001.T","timeseries","grossProfitQ","2025-09-30","3","0","MISSING"
"9003.T","timeseries","grossProfitQ","2026-06-30","0","0","MISSING"
"9003.T","timeseries","grossProfitQ","2025-12-31","1","0","MISSING"
"9003.T","timeseries","grossProfitQ","2025-06-30","2","0","MISSING"
"9003.T","timeseries","grossProfitQ","2025-03-31","3","0","MISSING"
"9005.T","timeseries","grossProfitQ","2026-06-30","0","0","MISSING"
"9005.T","timeseries","grossProfitQ","2026-03-31","1","0","MISSING"
"9005.T","timeseries","grossProfitQ","2025-12-31","2","0","MISSING"
"9005.T","timeseries","grossProfitQ","2025-09-30","3","0","MISSING"
"9006.T","timeseries","grossProfitQ","2026-06-30","0","0","MISSING"
"9006.T","timeseries","grossProfitQ","2026-03-31","1","0","MISSING"
"9006.T","timeseries","grossProfitQ","2025-12-31","2","0","MISSING"
"9006.T","timeseries","grossProfitQ","2025-09-30","3","0","MISSING"
"9007.T","timeseries","grossProfitQ","2026-06-30","0","0","MISSING"
"9007.T","timeseries","grossProfitQ","2026-03-31","1","0","MISSING"
"9007.T","timeseries","grossProfitQ","2025-12-31","2","0","MISSING"
"9007.T","timeseries","grossProfitQ","2025-09-30","3","0","MISSING"
"9008.T","timeseries","grossProfitQ","2026-06-30","0","0","MISSING"
"9008.T","timeseries","grossProfitQ","2026-03-31","1","0","MISSING"
"9008.T","timeseries","grossProfitQ","2025-12-31","2","0","MISSING"
"9008.T","timeseries","grossProfitQ","2025-09-30","3","0","MISSING"
"9009.T","timeseries","grossProfitQ","2026-06-30","0","0","MISSING"
"9009.T","timeseries","grossProfitQ","2026-03-31","1","0","MISSING"
"9009.T","timeseries","grossProfitQ","2025-12-31","2","0","MISSING"
"9009.T","timeseries","grossProfitQ","2025-09-30","3","0","MISSING"
"9010.T","timeseries","grossProfitQ","2026-06-30","0","0","MISSING"
"9010.T","timeseries","grossProfitQ","2026-03-31","1","0","MISSING"
"9010.T","timeseries","grossProfitQ","2025-12-31","2","0","MISSING"
"9010.T","timeseries","grossProfitQ","2025-09-30","3","0","MISSING"
"9020.T","timeseries","grossProfitQ","2026-06-30","0","0","MISSING"
"9020.T","timeseries","grossProfitQ","2026-03-31","1","0","MISSING"
"9020.T","timeseries","grossProfitQ","2025-12-31","2","0","MISSING"
"9020.T","timeseries","grossProfitQ","2025-09-30","3","0","MISSING"
"9021.T","timeseries","grossProfitQ","2026-06-30","0","0","MISSING"
"9021.T","timeseries","grossProfitQ","2026-03-31","1","0","MISSING"
"9021.T","timeseries","grossProfitQ","2025-12-31","2","0","MISSING"
"9021.T","timeseries","grossProfitQ","2025-09-30","3","0","MISSING"
"9022.T","timeseries","grossProfitQ","2026-06-30","0","0","MISSING"
"9022.T","timeseries","grossProfitQ","2026-03-31","1","0","MISSING"
"9022.T","timeseries","grossProfitQ","2025-12-31","2","0","MISSING"
"9022.T","timeseries","grossProfitQ","2025-09-30","3","0","MISSING"
"9023.T","timeseries","grossProfitQ","2026-06-30","0","0","MISSING"
"9023.T","timeseries","grossProfitQ","2026-03-31","1","0","MISSING"
"9023.T","timeseries","grossProfitQ","2025-12-31","2","0","MISSING"
"9023.T","timeseries","grossProfitQ","2025-09-30","3","0","MISSING"
"9024.T","timeseries","grossProfitQ","2026-06-30","0","0","MISSING"
"9024.T","timeseries","grossProfitQ","2026-03-31","1","0","MISSING"
"9024.T","timeseries","grossProfitQ","2025-12-31","2","0","MISSING"
"9024.T","timeseries","grossProfitQ","2025-09-30","3","0","MISSING"
"9025.T","timeseries","grossProfitQ","2026-06-30","0","0","MISSING"
"9025.T","timeseries","grossProfitQ","2026-03-31","1","0","MISSING"
"9025.T","timeseries","grossProfitQ","2025-12-31","2","0","MISSING"
"9025.T","timeseries","grossProfitQ","2025-09-30","3","0","MISSING"
"9031.T","timeseries","grossProfitQ","2026-06-30","0","0","MISSING"
"9031.T","timeseries","grossProfitQ","2026-03-31","1","0","MISSING"
"9031.T","timeseries","grossProfitQ","2025-12-31","2","0","MISSING"
"9031.T","timeseries","grossProfitQ","2025-09-30","3","0","MISSING"
"9037.T","timeseries","grossProfitQ","2026-06-30","0","0","MISSING"
"9037.T","timeseries","grossProfitQ","2026-03-31","1","0","MISSING"
"9037.T","timeseries","grossProfitQ","2025-12-31","2","0","MISSING"
"9037.T","timeseries","grossProfitQ","2025-09-30","3","0","MISSING"
"9041.T","timeseries","grossProfitQ","2026-06-30","0","0","MISSING"
"9041.T","timeseries","grossProfitQ","2026-03-31","1","0","MISSING"
"9041.T","timeseries","grossProfitQ","2025-12-31","2","0","MISSING"
"9041.T","timeseries","grossProfitQ","2025-09-30","3","0","MISSING"
"9042.T","timeseries","grossProfitQ","2026-06-30","0","0","MISSING"
"9042.T","timeseries","grossProfitQ","2025-12-31","1","0","MISSING"
"9042.T","timeseries","grossProfitQ","2025-06-30","2","0","MISSING"
"9042.T","timeseries","grossProfitQ","2025-03-31","3","0","MISSING"
"9044.T","timeseries","grossProfitQ","2026-06-30","0","0","MISSING"
"9044.T","timeseries","grossProfitQ","2025-12-31","1","0","MISSING"
"9044.T","timeseries","grossProfitQ","2025-06-30","2","0","MISSING"
"9044.T","timeseries","grossProfitQ","2025-03-31","3","0","MISSING"
"9045.T","timeseries","grossProfitQ","2026-06-30","0","0","MISSING"
"9045.T","timeseries","grossProfitQ","2025-12-31","1","0","MISSING"
"9045.T","timeseries","grossProfitQ","2025-06-30","2","0","MISSING"
"9045.T","timeseries","grossProfitQ","2025-03-31","3","0","MISSING"
"9048.T","timeseries","grossProfitQ","2026-06-30","0","0","MISSING"
"9048.T","timeseries","grossProfitQ","2026-03-31","1","0","MISSING"
"9048.T","timeseries","grossProfitQ","2025-12-31","2","0","MISSING"
"9048.T","timeseries","grossProfitQ","2025-06-30","3","0","MISSING"
"9065.T","timeseries","grossProfitQ","2026-06-30","0","0","MISSING"
"9065.T","timeseries","grossProfitQ","2026-03-31","1","0","MISSING"
"9065.T","timeseries","grossProfitQ","2025-12-31","2","0","MISSING"
"9065.T","timeseries","grossProfitQ","2025-09-30","3","0","MISSING"
"9068.T","timeseries","grossProfitQ","2026-06-30","0","0","MISSING"
"9068.T","timeseries","grossProfitQ","2026-03-31","1","0","MISSING"
"9068.T","timeseries","grossProfitQ","2025-12-31","2","0","MISSING"
"9068.T","timeseries","grossProfitQ","2025-09-30","3","0","MISSING"
"9069.T","timeseries","grossProfitQ","2026-06-30","0","0","MISSING"
"9069.T","timeseries","grossProfitQ","2026-03-31","1","0","MISSING"
"9069.T","timeseries","grossProfitQ","2025-12-31","2","0","MISSING"
"9069.T","timeseries","grossProfitQ","2025-09-30","3","0","MISSING"
"9072.T","timeseries","grossProfitQ","2026-06-30","0","0","MISSING"
"9072.T","timeseries","grossProfitQ","2026-03-31","1","0","MISSING"
"9072.T","timeseries","grossProfitQ","2025-12-31","2","0","MISSING"
"9072.T","timeseries","grossProfitQ","2025-09-30","3","0","MISSING"
"9075.T","timeseries","grossProfitQ","2026-06-30","0","0","MISSING"
"9075.T","timeseries","grossProfitQ","2025-12-31","1","0","MISSING"
"9075.T","timeseries","grossProfitQ","2025-06-30","2","0","MISSING"
"9075.T","timeseries","grossProfitQ","2025-03-31","3","0","MISSING"
"9076.T","timeseries","grossProfitQ","2026-06-30","0","0","MISSING"
"9076.T","timeseries","grossProfitQ","2026-03-31","1","0","MISSING"
"9076.T","timeseries","grossProfitQ","2025-12-31","2","0","MISSING"
"9076.T","timeseries","grossProfitQ","2025-09-30","3","0","MISSING"
"9101.T","timeseries","grossProfitQ","2026-06-30","0","0","MISSING"
"9101.T","timeseries","grossProfitQ","2025-12-31","1","0","MISSING"
"9101.T","timeseries","grossProfitQ","2025-09-30","2","0","MISSING"
"9101.T","timeseries","grossProfitQ","2025-06-30","3","0","MISSING"
"9104.T","timeseries","grossProfitQ","2026-06-30","0","0","MISSING"
"9104.T","timeseries","grossProfitQ","2026-03-31","1","0","MISSING"
"9104.T","timeseries","grossProfitQ","2025-12-31","2","0","MISSING"
"9104.T","timeseries","grossProfitQ","2025-09-30","3","0","MISSING"
"9107.T","timeseries","grossProfitQ","2026-06-30","0","0","MISSING"
"9107.T","timeseries","grossProfitQ","2026-03-31","1","0","MISSING"
"9107.T","timeseries","grossProfitQ","2025-12-31","2","0","MISSING"
"9107.T","timeseries","grossProfitQ","2025-09-30","3","0","MISSING"
"9110.T","timeseries","grossProfitQ","2026-06-30","0","0","MISSING"
"9110.T","timeseries","grossProfitQ","2025-12-31","1","0","MISSING"
"9110.T","timeseries","grossProfitQ","2025-06-30","2","0","MISSING"
"9110.T","timeseries","grossProfitQ","2024-12-31","3","0","MISSING"
"9119.T","timeseries","grossProfitQ","2025-12-31","0","0","MISSING"
"9119.T","timeseries","grossProfitQ","2025-06-30","1","0","MISSING"
"9119.T","timeseries","grossProfitQ","2024-12-31","2","0","MISSING"
"9119.T","timeseries","grossProfitQ","2024-06-30","3","0","MISSING"
"9142.T","timeseries","grossProfitQ","2026-06-30","0","0","MISSING"
"9142.T","timeseries","grossProfitQ","2026-03-31","1","0","MISSING"
"9142.T","timeseries","grossProfitQ","2025-12-31","2","0","MISSING"
"9142.T","timeseries","grossProfitQ","2025-09-30","3","0","MISSING"
"9143.T","timeseries","grossProfitQ","2026-06-30","0","0","MISSING"
"9143.T","timeseries","grossProfitQ","2026-03-31","1","0","MISSING"
"9143.T","timeseries","grossProfitQ","2025-12-31","2","0","MISSING"
"9143.T","timeseries","grossProfitQ","2025-09-30","3","0","MISSING"
"9147.T","timeseries","grossProfitQ","2026-06-30","0","0","MISSING"
"9147.T","timeseries","grossProfitQ","2026-03-31","1","0","MISSING"
"9147.T","timeseries","grossProfitQ","2025-12-31","2","0","MISSING"
"9147.T","timeseries","grossProfitQ","2025-09-30","3","0","MISSING"
"9201.T","timeseries","grossProfitQ","2026-06-30","0","0","MISSING"
"9201.T","timeseries","grossProfitQ","2026-03-31","1","0","MISSING"
"9201.T","timeseries","grossProfitQ","2025-12-31","2","0","MISSING"
"9201.T","timeseries","grossProfitQ","2025-09-30","3","0","MISSING"
"9202.T","timeseries","grossProfitQ","2026-06-30","0","0","MISSING"
"9202.T","timeseries","grossProfitQ","2026-03-31","1","0","MISSING"
"9202.T","timeseries","grossProfitQ","2025-12-31","2","0","MISSING"
"9202.T","timeseries","grossProfitQ","2025-09-30","3","0","MISSING"
"9279.T","timeseries","grossProfitQ","2026-07-31","0","0","MISSING"
"9279.T","timeseries","grossProfitQ","2026-04-30","1","0","MISSING"
"9279.T","timeseries","grossProfitQ","2026-01-31","2","0","MISSING"
"9279.T","timeseries","grossProfitQ","2025-10-31","3","0","MISSING"
"9301.T","timeseries","grossProfitQ","2026-06-30","0","0","MISSING"
"9301.T","timeseries","grossProfitQ","2026-03-31","1","0","MISSING"
"9301.T","timeseries","grossProfitQ","2025-12-31","2","0","MISSING"
"9301.T","timeseries","grossProfitQ","2025-09-30","3","0","MISSING"
"9302.T","timeseries","grossProfitQ","2026-06-30","0","0","MISSING"
"9302.T","timeseries","grossProfitQ","2026-03-31","1","0","MISSING"
"9302.T","timeseries","grossProfitQ","2025-12-31","2","0","MISSING"
"9302.T","timeseries","grossProfitQ","2025-09-30","3","0","MISSING"
"9303.T","timeseries","grossProfitQ","2026-06-30","0","0","MISSING"
"9303.T","timeseries","grossProfitQ","2026-03-31","1","0","MISSING"
"9303.T","timeseries","grossProfitQ","2025-12-31","2","0","MISSING"
"9303.T","timeseries","grossProfitQ","2025-09-30","3","0","MISSING"
"9336.T","timeseries","grossProfitQ","2026-06-30","0","0","MISSING"
"9336.T","timeseries","grossProfitQ","2026-03-31","1","0","MISSING"
"9336.T","timeseries","grossProfitQ","2025-12-31","2","0","MISSING"
"9336.T","timeseries","grossProfitQ","2025-09-30","3","0","MISSING"
"9364.T","timeseries","grossProfitQ","2026-03-31","0","0","MISSING"
"9364.T","timeseries","grossProfitQ","2025-12-31","1","0","MISSING"
"9364.T","timeseries","grossProfitQ","2025-09-30","2","0","MISSING"
"9364.T","timeseries","grossProfitQ","2025-06-30","3","0","MISSING"
"9401.T","timeseries","grossProfitQ","2026-06-30","0","0","MISSING"
"9401.T","timeseries","grossProfitQ","2026-03-31","1","0","MISSING"
"9401.T","timeseries","grossProfitQ","2025-12-31","2","0","MISSING"
"9401.T","timeseries","grossProfitQ","2025-09-30","3","0","MISSING"
"9404.T","timeseries","grossProfitQ","2026-06-30","0","0","MISSING"
"9404.T","timeseries","grossProfitQ","2026-03-31","1","0","MISSING"
"9404.T","timeseries","grossProfitQ","2025-12-31","2","0","MISSING"
"9404.T","timeseries","grossProfitQ","2025-09-30","3","0","MISSING"
"9409.T","timeseries","grossProfitQ","2026-06-30","0","0","MISSING"
"9409.T","timeseries","grossProfitQ","2026-03-31","1","0","MISSING"
"9409.T","timeseries","grossProfitQ","2025-12-31","2","0","MISSING"
"9409.T","timeseries","grossProfitQ","2025-09-30","3","0","MISSING"
"9412.T","timeseries","grossProfitQ","2026-06-30","0","0","MISSING"
"9412.T","timeseries","grossProfitQ","2026-03-31","1","0","MISSING"
"9412.T","timeseries","grossProfitQ","2025-12-31","2","0","MISSING"
"9412.T","timeseries","grossProfitQ","2025-09-30","3","0","MISSING"
"9418.T","timeseries","grossProfitQ","2026-05-31","0","0","MISSING"
"9418.T","timeseries","grossProfitQ","2026-02-28","1","0","MISSING"
"9418.T","timeseries","grossProfitQ","2025-11-30","2","0","MISSING"
"9418.T","timeseries","grossProfitQ","2025-08-31","3","0","MISSING"
"9432.T","timeseries","grossProfitQ","2026-06-30","0","0","MISSING"
"9432.T","timeseries","grossProfitQ","2026-03-31","1","0","MISSING"
"9432.T","timeseries","grossProfitQ","2025-12-31","2","0","MISSING"
"9432.T","timeseries","grossProfitQ","2025-09-30","3","0","MISSING"
"9433.T","timeseries","grossProfitQ","2026-06-30","0","0","MISSING"
"9433.T","timeseries","grossProfitQ","2026-03-31","1","0","MISSING"
"9433.T","timeseries","grossProfitQ","2025-12-31","2","0","MISSING"
"9433.T","timeseries","grossProfitQ","2025-09-30","3","0","MISSING"
"9434.T","timeseries","grossProfitQ","2026-06-30","0","0","MISSING"
"9434.T","timeseries","grossProfitQ","2026-03-31","1","0","MISSING"
"9434.T","timeseries","grossProfitQ","2025-12-31","2","0","MISSING"
"9434.T","timeseries","grossProfitQ","2025-09-30","3","0","MISSING"
"9435.T","timeseries","grossProfitQ","2026-06-30","0","0","MISSING"
"9435.T","timeseries","grossProfitQ","2026-03-31","1","0","MISSING"
"9435.T","timeseries","grossProfitQ","2025-12-31","2","0","MISSING"
"9435.T","timeseries","grossProfitQ","2025-09-30","3","0","MISSING"
"9436.T","timeseries","grossProfitQ","2026-06-30","0","0","MISSING"
"9436.T","timeseries","grossProfitQ","2026-03-31","1","0","MISSING"
"9436.T","timeseries","grossProfitQ","2025-12-31","2","0","MISSING"
"9436.T","timeseries","grossProfitQ","2025-09-30","3","0","MISSING"
"9449.T","timeseries","grossProfitQ","2026-06-30","0","0","MISSING"
"9449.T","timeseries","grossProfitQ","2026-03-31","1","0","MISSING"
"9449.T","timeseries","grossProfitQ","2025-12-31","2","0","MISSING"
"9449.T","timeseries","grossProfitQ","2025-09-30","3","0","MISSING"
"9468.T","timeseries","grossProfitQ","2026-06-30","0","0","MISSING"
"9468.T","timeseries","grossProfitQ","2026-03-31","1","0","MISSING"
"9468.T","timeseries","grossProfitQ","2025-12-31","2","0","MISSING"
"9468.T","timeseries","grossProfitQ","2025-09-30","3","0","MISSING"
"9501.T","timeseries","grossProfitQ","2026-06-30","0","0","MISSING"
"9501.T","timeseries","grossProfitQ","2026-03-31","1","0","MISSING"
"9501.T","timeseries","grossProfitQ","2025-12-31","2","0","MISSING"
"9501.T","timeseries","grossProfitQ","2025-09-30","3","0","MISSING"
"9502.T","timeseries","grossProfitQ","2026-03-31","0","0","MISSING"
"9502.T","timeseries","grossProfitQ","2025-12-31","1","0","MISSING"
"9502.T","timeseries","grossProfitQ","2025-09-30","2","0","MISSING"
"9502.T","timeseries","grossProfitQ","2025-06-30","3","0","MISSING"
"9503.T","timeseries","grossProfitQ","2026-06-30","0","0","MISSING"
"9503.T","timeseries","grossProfitQ","2026-03-31","1","0","MISSING"
"9503.T","timeseries","grossProfitQ","2025-12-31","2","0","MISSING"
"9503.T","timeseries","grossProfitQ","2025-09-30","3","0","MISSING"
"9504.T","timeseries","grossProfitQ","2026-06-30","0","0","MISSING"
"9504.T","timeseries","grossProfitQ","2026-03-31","1","0","MISSING"
"9504.T","timeseries","grossProfitQ","2025-12-31","2","0","MISSING"
"9504.T","timeseries","grossProfitQ","2025-09-30","3","0","MISSING"
"9505.T","timeseries","grossProfitQ","2026-06-30","0","0","MISSING"
"9505.T","timeseries","grossProfitQ","2026-03-31","1","0","MISSING"
"9505.T","timeseries","grossProfitQ","2025-12-31","2","0","MISSING"
"9505.T","timeseries","grossProfitQ","2025-09-30","3","0","MISSING"
"9506.T","timeseries","grossProfitQ","2026-06-30","0","0","MISSING"
"9506.T","timeseries","grossProfitQ","2026-03-31","1","0","MISSING"
"9506.T","timeseries","grossProfitQ","2025-12-31","2","0","MISSING"
"9506.T","timeseries","grossProfitQ","2025-09-30","3","0","MISSING"
"9507.T","timeseries","grossProfitQ","2026-06-30","0","0","MISSING"
"9507.T","timeseries","grossProfitQ","2026-03-31","1","0","MISSING"
"9507.T","timeseries","grossProfitQ","2025-12-31","2","0","MISSING"
"9507.T","timeseries","grossProfitQ","2025-09-30","3","0","MISSING"
"9508.T","timeseries","grossProfitQ","2026-06-30","0","0","MISSING"
"9508.T","timeseries","grossProfitQ","2026-03-31","1","0","MISSING"
"9508.T","timeseries","grossProfitQ","2025-12-31","2","0","MISSING"
"9508.T","timeseries","grossProfitQ","2025-09-30","3","0","MISSING"
"9509.T","timeseries","grossProfitQ","2026-06-30","0","0","MISSING"
"9509.T","timeseries","grossProfitQ","2026-03-31","1","0","MISSING"
"9509.T","timeseries","grossProfitQ","2025-12-31","2","0","MISSING"
"9509.T","timeseries","grossProfitQ","2025-09-30","3","0","MISSING"
"9513.T","timeseries","grossProfitQ","2026-06-30","0","0","MISSING"
"9513.T","timeseries","grossProfitQ","2026-03-31","1","0","MISSING"
"9513.T","timeseries","grossProfitQ","2025-12-31","2","0","MISSING"
"9513.T","timeseries","grossProfitQ","2025-09-30","3","0","MISSING"
"9531.T","timeseries","grossProfitQ","2026-06-30","0","0","MISSING"
"9531.T","timeseries","grossProfitQ","2026-03-31","1","0","MISSING"
"9531.T","timeseries","grossProfitQ","2025-12-31","2","0","MISSING"
"9531.T","timeseries","grossProfitQ","2025-09-30","3","0","MISSING"
"9532.T","timeseries","grossProfitQ","2026-06-30","0","0","MISSING"
"9532.T","timeseries","grossProfitQ","2026-03-31","1","0","MISSING"
"9532.T","timeseries","grossProfitQ","2025-12-31","2","0","MISSING"
"9532.T","timeseries","grossProfitQ","2025-09-30","3","0","MISSING"
"9533.T","timeseries","grossProfitQ","2026-06-30","0","0","MISSING"
"9533.T","timeseries","grossProfitQ","2026-03-31","1","0","MISSING"
"9533.T","timeseries","grossProfitQ","2025-12-31","2","0","MISSING"
"9533.T","timeseries","grossProfitQ","2025-09-30","3","0","MISSING"
"9551.T","timeseries","grossProfitQ","2026-03-31","0","0","MISSING"
"9551.T","timeseries","grossProfitQ","2025-12-31","1","0","MISSING"
"9551.T","timeseries","grossProfitQ","2025-09-30","2","0","MISSING"
"9551.T","timeseries","grossProfitQ","2025-06-30","3","0","MISSING"
"9601.T","timeseries","grossProfitQ","2026-05-31","0","0","MISSING"
"9601.T","timeseries","grossProfitQ","2026-02-28","1","0","MISSING"
"9601.T","timeseries","grossProfitQ","2025-11-30","2","0","MISSING"
"9601.T","timeseries","grossProfitQ","2025-05-31","3","0","MISSING"
"9602.T","timeseries","grossProfitQ","2026-05-31","0","0","MISSING"
"9602.T","timeseries","grossProfitQ","2026-02-28","1","0","MISSING"
"9602.T","timeseries","grossProfitQ","2025-11-30","2","0","MISSING"
"9602.T","timeseries","grossProfitQ","2025-08-31","3","0","MISSING"
"9605.T","timeseries","grossProfitQ","2026-06-30","0","0","MISSING"
"9605.T","timeseries","grossProfitQ","2026-03-31","1","0","MISSING"
"9605.T","timeseries","grossProfitQ","2025-12-31","2","0","MISSING"
"9605.T","timeseries","grossProfitQ","2025-09-30","3","0","MISSING"
"9616.T","timeseries","grossProfitQ","2026-06-30","0","0","MISSING"
"9616.T","timeseries","grossProfitQ","2026-03-31","1","0","MISSING"
"9616.T","timeseries","grossProfitQ","2025-12-31","2","0","MISSING"
"9616.T","timeseries","grossProfitQ","2025-09-30","3","0","MISSING"
"9627.T","timeseries","grossProfitQ","2026-07-31","0","0","MISSING"
"9627.T","timeseries","grossProfitQ","2026-04-30","1","0","MISSING"
"9627.T","timeseries","grossProfitQ","2026-01-31","2","0","MISSING"
"9627.T","timeseries","grossProfitQ","2025-10-31","3","0","MISSING"
"9638.HK","timeseries","grossProfitQ","2026-06-30","0","0","MISSING"
"9638.HK","timeseries","grossProfitQ","2026-03-31","1","0","MISSING"
"9638.HK","timeseries","grossProfitQ","2025-12-31","2","0","MISSING"
"9638.HK","timeseries","grossProfitQ","2025-09-30","3","0","MISSING"
"9668.HK","annual","annualRev","2022-12-31","2","0","MISSING"
"9678.T","timeseries","grossProfitQ","2026-07-31","0","0","MISSING"
"9678.T","timeseries","grossProfitQ","2026-04-30","1","0","MISSING"
"9678.T","timeseries","grossProfitQ","2026-01-31","2","0","MISSING"
"9678.T","timeseries","grossProfitQ","2025-10-31","3","0","MISSING"
"9682.T","timeseries","grossProfitQ","2026-06-30","0","0","MISSING"
"9682.T","timeseries","grossProfitQ","2026-03-31","1","0","MISSING"
"9682.T","timeseries","grossProfitQ","2025-12-31","2","0","MISSING"
"9682.T","timeseries","grossProfitQ","2025-09-30","3","0","MISSING"
"9684.T","timeseries","grossProfitQ","2026-06-30","0","0","MISSING"
"9684.T","timeseries","grossProfitQ","2026-03-31","1","0","MISSING"
"9684.T","timeseries","grossProfitQ","2025-12-31","2","0","MISSING"
"9684.T","timeseries","grossProfitQ","2025-09-30","3","0","MISSING"
"9697.T","timeseries","grossProfitQ","2026-06-30","0","0","MISSING"
"9697.T","timeseries","grossProfitQ","2026-03-31","1","0","MISSING"
"9697.T","timeseries","grossProfitQ","2025-12-31","2","0","MISSING"
"9697.T","timeseries","grossProfitQ","2025-09-30","3","0","MISSING"
"9706.T","timeseries","grossProfitQ","2026-06-30","0","0","MISSING"
"9706.T","timeseries","grossProfitQ","2026-03-31","1","0","MISSING"
"9706.T","timeseries","grossProfitQ","2025-12-31","2","0","MISSING"
"9706.T","timeseries","grossProfitQ","2025-09-30","3","0","MISSING"
"9715.T","timeseries","grossProfitQ","2026-06-30","0","0","MISSING"
"9715.T","timeseries","grossProfitQ","2026-03-31","1","0","MISSING"
"9715.T","timeseries","grossProfitQ","2025-12-31","2","0","MISSING"
"9715.T","timeseries","grossProfitQ","2025-09-30","3","0","MISSING"
"9716.T","timeseries","grossProfitQ","2026-05-31","0","0","MISSING"
"9716.T","timeseries","grossProfitQ","2026-02-28","1","0","MISSING"
"9716.T","timeseries","grossProfitQ","2025-11-30","2","0","MISSING"
"9716.T","timeseries","grossProfitQ","2025-05-31","3","0","MISSING"
"9722.T","timeseries","grossProfitQ","2026-06-30","0","0","MISSING"
"9722.T","timeseries","grossProfitQ","2026-03-31","1","0","MISSING"
"9722.T","timeseries","grossProfitQ","2025-12-31","2","0","MISSING"
"9722.T","timeseries","grossProfitQ","2025-09-30","3","0","MISSING"
"9735.T","timeseries","grossProfitQ","2026-06-30","0","0","MISSING"
"9735.T","timeseries","grossProfitQ","2026-03-31","1","0","MISSING"
"9735.T","timeseries","grossProfitQ","2025-12-31","2","0","MISSING"
"9735.T","timeseries","grossProfitQ","2025-09-30","3","0","MISSING"
"9744.T","timeseries","grossProfitQ","2026-06-30","0","0","MISSING"
"9744.T","timeseries","grossProfitQ","2026-03-31","1","0","MISSING"
"9744.T","timeseries","grossProfitQ","2025-12-31","2","0","MISSING"
"9744.T","timeseries","grossProfitQ","2025-09-30","3","0","MISSING"
"9746.T","timeseries","grossProfitQ","2026-06-30","0","0","MISSING"
"9746.T","timeseries","grossProfitQ","2025-12-31","1","0","MISSING"
"9746.T","timeseries","grossProfitQ","2025-09-30","2","0","MISSING"
"9746.T","timeseries","grossProfitQ","2025-06-30","3","0","MISSING"
"9759.T","timeseries","grossProfitQ","2026-06-30","0","0","MISSING"
"9759.T","timeseries","grossProfitQ","2026-03-31","1","0","MISSING"
"9759.T","timeseries","grossProfitQ","2025-12-31","2","0","MISSING"
"9759.T","timeseries","grossProfitQ","2025-09-30","3","0","MISSING"
"9793.T","timeseries","grossProfitQ","2026-05-31","0","0","MISSING"
"9793.T","timeseries","grossProfitQ","2026-02-28","1","0","MISSING"
"9793.T","timeseries","grossProfitQ","2025-11-30","2","0","MISSING"
"9793.T","timeseries","grossProfitQ","2025-08-31","3","0","MISSING"
"9824.T","timeseries","grossProfitQ","2026-07-31","0","0","MISSING"
"9824.T","timeseries","grossProfitQ","2026-04-30","1","0","MISSING"
"9824.T","timeseries","grossProfitQ","2026-01-31","2","0","MISSING"
"9824.T","timeseries","grossProfitQ","2025-10-31","3","0","MISSING"
"9830.T","timeseries","grossProfitQ","2026-06-30","0","0","MISSING"
"9830.T","timeseries","grossProfitQ","2026-03-31","1","0","MISSING"
"9830.T","timeseries","grossProfitQ","2025-12-31","2","0","MISSING"
"9830.T","timeseries","grossProfitQ","2025-09-30","3","0","MISSING"
"9831.T","timeseries","grossProfitQ","2026-06-30","0","0","MISSING"
"9831.T","timeseries","grossProfitQ","2026-03-31","1","0","MISSING"
"9831.T","timeseries","grossProfitQ","2025-12-31","2","0","MISSING"
"9831.T","timeseries","grossProfitQ","2025-09-30","3","0","MISSING"
"9843.T","timeseries","grossProfitQ","2026-06-30","0","0","MISSING"
"9843.T","timeseries","grossProfitQ","2026-03-31","1","0","MISSING"
"9843.T","timeseries","grossProfitQ","2025-12-31","2","0","MISSING"
"9843.T","timeseries","grossProfitQ","2025-09-30","3","0","MISSING"
"9861.T","timeseries","grossProfitQ","2026-05-31","0","0","MISSING"
"9861.T","timeseries","grossProfitQ","2026-02-28","1","0","MISSING"
"9861.T","timeseries","grossProfitQ","2025-11-30","2","0","MISSING"
"9861.T","timeseries","grossProfitQ","2025-08-31","3","0","MISSING"
"9863.HK","timeseries","grossProfitQ","2026-06-30","0","0","MISSING"
"9863.HK","timeseries","grossProfitQ","2025-12-31","1","0","MISSING"
"9863.HK","timeseries","grossProfitQ","2025-09-30","2","0","MISSING"
"9863.HK","timeseries","grossProfitQ","2025-06-30","3","0","MISSING"
"9869.T","timeseries","grossProfitQ","2026-06-30","0","0","MISSING"
"9869.T","timeseries","grossProfitQ","2025-12-31","1","0","MISSING"
"9869.T","timeseries","grossProfitQ","2025-06-30","2","0","MISSING"
"9869.T","timeseries","grossProfitQ","2024-12-31","3","0","MISSING"
"9882.T","timeseries","grossProfitQ","2026-06-30","0","0","MISSING"
"9882.T","timeseries","grossProfitQ","2025-12-31","1","0","MISSING"
"9882.T","timeseries","grossProfitQ","2025-06-30","2","0","MISSING"
"9882.T","timeseries","grossProfitQ","2024-12-31","3","0","MISSING"
"9899.HK","timeseries","grossProfitQ","2026-06-30","0","0","MISSING"
"9899.HK","timeseries","grossProfitQ","2026-03-31","1","0","MISSING"
"9899.HK","timeseries","grossProfitQ","2025-12-31","2","0","MISSING"
"9899.HK","timeseries","grossProfitQ","2025-06-30","3","0","MISSING"
"9934.T","timeseries","grossProfitQ","2026-06-30","0","0","MISSING"
"9934.T","timeseries","grossProfitQ","2025-12-31","1","0","MISSING"
"9934.T","timeseries","grossProfitQ","2025-06-30","2","0","MISSING"
"9934.T","timeseries","grossProfitQ","2024-12-31","3","0","MISSING"
"9936.T","timeseries","grossProfitQ","2026-06-30","0","0","MISSING"
"9936.T","timeseries","grossProfitQ","2026-03-31","1","0","MISSING"
"9936.T","timeseries","grossProfitQ","2025-12-31","2","0","MISSING"
"9936.T","timeseries","grossProfitQ","2025-09-30","3","0","MISSING"
"9948.T","timeseries","grossProfitQ","2026-05-31","0","0","MISSING"
"9948.T","timeseries","grossProfitQ","2026-02-28","1","0","MISSING"
"9948.T","timeseries","grossProfitQ","2025-11-30","2","0","MISSING"
"9948.T","timeseries","grossProfitQ","2025-08-31","3","0","MISSING"
"9956.T","timeseries","grossProfitQ","2026-06-30","0","0","MISSING"
"9956.T","timeseries","grossProfitQ","2025-12-31","1","0","MISSING"
"9956.T","timeseries","grossProfitQ","2025-06-30","2","0","MISSING"
"9956.T","timeseries","grossProfitQ","2024-12-31","3","0","MISSING"
"9960.T","timeseries","grossProfitQ","2026-06-30","0","0","MISSING"
"9960.T","timeseries","grossProfitQ","2026-03-31","1","0","MISSING"
"9960.T","timeseries","grossProfitQ","2025-12-31","2","0","MISSING"
"9960.T","timeseries","grossProfitQ","2025-09-30","3","0","MISSING"
"9962.T","timeseries","grossProfitQ","2026-06-30","0","0","MISSING"
"9962.T","timeseries","grossProfitQ","2026-03-31","1","0","MISSING"
"9962.T","timeseries","grossProfitQ","2025-12-31","2","0","MISSING"
"9962.T","timeseries","grossProfitQ","2025-09-30","3","0","MISSING"
"9969.HK","timeseries","grossProfitQ","2026-06-30","0","0","MISSING"
"9969.HK","timeseries","grossProfitQ","2026-03-31","1","0","MISSING"
"9969.HK","timeseries","grossProfitQ","2025-12-31","2","0","MISSING"
"9969.HK","timeseries","grossProfitQ","2025-09-30","3","0","MISSING"
"9974.T","timeseries","grossProfitQ","2026-05-31","0","0","MISSING"
"9974.T","timeseries","grossProfitQ","2026-02-28","1","0","MISSING"
"9974.T","timeseries","grossProfitQ","2025-11-30","2","0","MISSING"
"9974.T","timeseries","grossProfitQ","2025-08-31","3","0","MISSING"
"9983.T","timeseries","grossProfitQ","2026-05-31","0","0","MISSING"
"9983.T","timeseries","grossProfitQ","2026-02-28","1","0","MISSING"
"9983.T","timeseries","grossProfitQ","2025-11-30","2","0","MISSING"
"9983.T","timeseries","grossProfitQ","2025-08-31","3","0","MISSING"
"9984.T","timeseries","grossProfitQ","2026-06-30","0","0","MISSING"
"9984.T","timeseries","grossProfitQ","2026-03-31","1","0","MISSING"
"9984.T","timeseries","grossProfitQ","2025-12-31","2","0","MISSING"
"9984.T","timeseries","grossProfitQ","2025-09-30","3","0","MISSING"
"9987.T","timeseries","grossProfitQ","2026-06-30","0","0","MISSING"
"9987.T","timeseries","grossProfitQ","2026-03-31","1","0","MISSING"
"9987.T","timeseries","grossProfitQ","2025-12-31","2","0","MISSING"
"9987.T","timeseries","grossProfitQ","2025-09-30","3","0","MISSING"
"9989.T","timeseries","grossProfitQ","2026-06-30","0","0","MISSING"
"9989.T","timeseries","grossProfitQ","2026-03-31","1","0","MISSING"
"9989.T","timeseries","grossProfitQ","2025-12-31","2","0","MISSING"
"9989.T","timeseries","grossProfitQ","2025-09-30","3","0","MISSING"
"9995.HK","timeseries","revenueQ","2026-03-31","1","0","MISSING"
"9995.HK","timeseries","grossProfitQ","2026-06-30","0","0","MISSING"
"9995.HK","timeseries","grossProfitQ","2025-09-30","2","0","MISSING"
"9995.HK","timeseries","grossProfitQ","2024-12-31","3","0","MISSING"
"9A4U.SI","timeseries","grossProfitQ","2019-12-31","0","0","MISSING"
"9A4U.SI","timeseries","grossProfitQ","2019-09-30","1","0","MISSING"
"9A4U.SI","timeseries","grossProfitQ","2019-06-30","2","0","MISSING"
"9A4U.SI","timeseries","grossProfitQ","2019-03-31","3","0","MISSING"
"A17U.SI","timeseries","grossProfitQ","2020-06-30","0","0","MISSING"
"A17U.SI","timeseries","grossProfitQ","2019-12-31","1","0","MISSING"
"A17U.SI","timeseries","grossProfitQ","2019-09-30","2","0","MISSING"
"A17U.SI","timeseries","grossProfitQ","2018-09-30","3","0","MISSING"
"A2A.MI","timeseries","revenueQ","2026-03-31","1","0","MISSING"
"A2A.MI","timeseries","revenueQ","2025-12-31","2","0","MISSING"
"A2A.MI","timeseries","grossProfitQ","2026-06-30","0","0","MISSING"
"A2A.MI","timeseries","grossProfitQ","2025-09-30","3","0","MISSING"
"A2A.VI","timeseries","revenueQ","2026-03-31","1","0","MISSING"
"A2A.VI","timeseries","revenueQ","2025-12-31","2","0","MISSING"
"A2A.VI","timeseries","grossProfitQ","2026-06-30","0","0","MISSING"
"A2A.VI","timeseries","grossProfitQ","2025-09-30","3","0","MISSING"
"A3M.MC","timeseries","grossProfitQ","2026-06-30","0","0","MISSING"
"A3M.MC","timeseries","grossProfitQ","2026-03-31","1","0","MISSING"
"A3M.MC","timeseries","grossProfitQ","2025-06-30","2","0","MISSING"
"A3M.MC","timeseries","grossProfitQ","2025-03-31","3","0","MISSING"
"A5G.IR","annual","annualGP","2025-12-31","0","0","MISSING"
"A5G.IR","annual","annualGP","2024-12-31","1","0","MISSING"
"A5G.IR","annual","annualGP","2023-12-31","2","0","MISSING"
"A5G.IR","annual","annualGP","2022-12-31","3","0","MISSING"
"AALB.AS","timeseries","grossProfitQ","2026-06-30","0","0","MISSING"
"AALB.AS","timeseries","grossProfitQ","2026-03-31","1","0","MISSING"
"AALB.AS","timeseries","grossProfitQ","2025-12-31","2","0","MISSING"
"AALB.AS","timeseries","grossProfitQ","2025-09-30","3","0","MISSING"
"AALB.VI","timeseries","grossProfitQ","2026-06-30","0","0","MISSING"
"AALB.VI","timeseries","grossProfitQ","2026-03-31","1","0","MISSING"
"AALB.VI","timeseries","grossProfitQ","2025-12-31","2","0","MISSING"
"AALB.VI","timeseries","grossProfitQ","2025-09-30","3","0","MISSING"
"AAVXF","timeseries","grossProfitQ","2026-06-30","0","0","MISSING"
"AAVXF","timeseries","grossProfitQ","2026-03-31","1","0","MISSING"
"AAVXF","timeseries","grossProfitQ","2025-12-31","2","0","MISSING"
"AAVXF","timeseries","grossProfitQ","2025-09-30","3","0","MISSING"
"ABCAPITAL.NS","annual","annualGP","2026-03-31","0","0","MISSING"
"ABCAPITAL.NS","annual","annualGP","2025-03-31","1","0","MISSING"
"ABCAPITAL.NS","annual","annualGP","2024-03-31","2","0","MISSING"
"ABCAPITAL.NS","annual","annualGP","2023-03-31","3","0","MISSING"
"ABF.L","timeseries","grossProfitQ","2024-12-31","0","0","MISSING"
"ABLGF","timeseries","grossProfitQ","2026-03-31","0","0","MISSING"
"ABLGF","timeseries","grossProfitQ","2025-06-30","1","0","MISSING"
"ABLGF","timeseries","grossProfitQ","2024-09-30","2","0","MISSING"
"ABLGF","timeseries","grossProfitQ","2024-06-30","3","0","MISSING"
"ABVX.PA","timeseries","grossProfitQ","2026-06-30","0","0","MISSING"
"ABVX.PA","timeseries","grossProfitQ","2026-03-31","1","0","MISSING"
"ABVX.PA","timeseries","grossProfitQ","2025-12-31","2","0","MISSING"
"ABVX.PA","timeseries","grossProfitQ","2025-09-30","3","0","MISSING"
"ABVX.VI","timeseries","grossProfitQ","2026-06-30","0","0","MISSING"
"ABVX.VI","timeseries","grossProfitQ","2026-03-31","1","0","MISSING"
"ABVX.VI","timeseries","grossProfitQ","2025-12-31","2","0","MISSING"
"ABVX.VI","timeseries","grossProfitQ","2025-09-30","3","0","MISSING"
"ABVX","timeseries","grossProfitQ","2026-06-30","0","0","MISSING"
"ABVX","timeseries","grossProfitQ","2026-03-31","1","0","MISSING"
"ABVX","timeseries","grossProfitQ","2025-12-31","2","0","MISSING"
"ABVX","timeseries","grossProfitQ","2025-09-30","3","0","MISSING"
"AC.PA","timeseries","grossProfitQ","2025-09-30","0","0","MISSING"
"AC.PA","timeseries","grossProfitQ","2025-03-31","1","0","MISSING"
"AC.PA","timeseries","grossProfitQ","2024-09-30","2","0","MISSING"
"AC.PA","timeseries","grossProfitQ","2024-03-31","3","0","MISSING"
"AC.VI","timeseries","grossProfitQ","2025-09-30","0","0","MISSING"
"AC.VI","timeseries","grossProfitQ","2025-03-31","1","0","MISSING"
"AC.VI","timeseries","grossProfitQ","2024-09-30","2","0","MISSING"
"AC.VI","timeseries","grossProfitQ","2024-03-31","3","0","MISSING"
"ACA.PA","annual","annualGP","2025-12-31","0","0","MISSING"
"ACA.PA","annual","annualGP","2024-12-31","1","0","MISSING"
"ACA.PA","annual","annualGP","2023-12-31","2","0","MISSING"
"ACA.PA","annual","annualGP","2022-12-31","3","0","MISSING"
"ACA.VI","annual","annualGP","2025-12-31","0","0","MISSING"
"ACA.VI","annual","annualGP","2024-12-31","1","0","MISSING"
"ACA.VI","annual","annualGP","2023-12-31","2","0","MISSING"
"ACA.VI","annual","annualGP","2022-12-31","3","0","MISSING"
"ACHR","annual","annualRev","2024-12-31","1","0","MISSING"
"ACR.DE","timeseries","grossProfitQ","2025-09-30","0","0","MISSING"
"ACR.DE","timeseries","grossProfitQ","2025-03-31","1","0","MISSING"
"ACR.DE","timeseries","grossProfitQ","2024-09-30","2","0","MISSING"
"ACR.DE","timeseries","grossProfitQ","2024-03-31","3","0","MISSING"
"ACRFF","timeseries","grossProfitQ","2025-09-30","0","0","MISSING"
"ACRFF","timeseries","grossProfitQ","2025-03-31","1","0","MISSING"
"ACRFF","timeseries","grossProfitQ","2024-09-30","2","0","MISSING"
"ACRFF","timeseries","grossProfitQ","2024-03-31","3","0","MISSING"
"ACXIF","timeseries","revenueQ","2021-03-31","1","0","MISSING"
"ACXIF","timeseries","grossProfitQ","2020-12-31","2","0","MISSING"
"ACXIF","timeseries","grossProfitQ","2020-09-30","3","0","MISSING"
"ADM.L","timeseries","grossProfitQ","2012-09-30","0","0","MISSING"
"ADM.L","annual","annualGP","2025-12-31","0","0","MISSING"
"ADM.L","annual","annualGP","2024-12-31","1","0","MISSING"
"ADM.L","annual","annualGP","2023-12-31","2","0","MISSING"
"ADM.L","annual","annualGP","2022-12-31","3","0","MISSING"
"ADP.PA","timeseries","grossProfitQ","2026-06-30","0","0","MISSING"
"ADP.PA","timeseries","grossProfitQ","2026-03-31","1","0","MISSING"
"ADP.PA","timeseries","grossProfitQ","2025-12-31","2","0","MISSING"
"ADP.PA","timeseries","grossProfitQ","2025-09-30","3","0","MISSING"
"ADPA.VI","timeseries","grossProfitQ","2026-06-30","0","0","MISSING"
"ADPA.VI","timeseries","grossProfitQ","2026-03-31","1","0","MISSING"
"ADPA.VI","timeseries","grossProfitQ","2025-12-31","2","0","MISSING"
"ADPA.VI","timeseries","grossProfitQ","2025-09-30","3","0","MISSING"
"ADSE","timeseries","grossProfitQ","2022-06-30","0","0","MISSING"
"ADSE","timeseries","grossProfitQ","2022-03-31","1","0","MISSING"
"ADSE","timeseries","grossProfitQ","2021-12-31","2","0","MISSING"
"ADSE","timeseries","grossProfitQ","2021-09-30","3","0","MISSING"
"ADTTF","timeseries","grossProfitQ","2026-06-30","0","0","MISSING"
"ADTTF","timeseries","grossProfitQ","2026-03-31","1","0","MISSING"
"ADTTF","timeseries","grossProfitQ","2025-12-31","2","0","MISSING"
"ADTTF","timeseries","grossProfitQ","2025-09-30","3","0","MISSING"
"ADV.DE","timeseries","revenueQ","2024-06-30","1","0","MISSING"
"ADV.DE","timeseries","grossProfitQ","2024-09-30","0","0","MISSING"
"ADV.DE","timeseries","grossProfitQ","2023-12-31","2","0","MISSING"
"ADV.DE","timeseries","grossProfitQ","2023-09-30","3","0","MISSING"
"ADV.VI","timeseries","revenueQ","2024-06-30","1","0","MISSING"
"ADV.VI","timeseries","grossProfitQ","2024-09-30","0","0","MISSING"
"ADV.VI","timeseries","grossProfitQ","2023-12-31","2","0","MISSING"
"ADV.VI","timeseries","grossProfitQ","2023-09-30","3","0","MISSING"
"ADYE.VI","timeseries","grossProfitQ","2026-06-30","0","0","MISSING"
"ADYE.VI","timeseries","grossProfitQ","2026-03-31","1","0","MISSING"
"ADYE.VI","timeseries","grossProfitQ","2025-12-31","2","0","MISSING"
"ADYE.VI","timeseries","grossProfitQ","2025-09-30","3","0","MISSING"
"ADYEN.AS","timeseries","grossProfitQ","2026-06-30","0","0","MISSING"
"ADYEN.AS","timeseries","grossProfitQ","2026-03-31","1","0","MISSING"
"ADYEN.AS","timeseries","grossProfitQ","2025-12-31","2","0","MISSING"
"ADYEN.AS","timeseries","grossProfitQ","2025-09-30","3","0","MISSING"
"ADYEN.SW","timeseries","grossProfitQ","2026-06-30","0","0","MISSING"
"ADYEN.SW","timeseries","grossProfitQ","2026-03-31","1","0","MISSING"
"ADYEN.SW","timeseries","grossProfitQ","2025-12-31","2","0","MISSING"
"ADYEN.SW","timeseries","grossProfitQ","2025-09-30","3","0","MISSING"
"ADYYF","timeseries","grossProfitQ","2026-06-30","0","0","MISSING"
"ADYYF","timeseries","grossProfitQ","2026-03-31","1","0","MISSING"
"ADYYF","timeseries","grossProfitQ","2025-12-31","2","0","MISSING"
"ADYYF","timeseries","grossProfitQ","2025-09-30","3","0","MISSING"
"AEDAS.MC","timeseries","grossProfitQ","2025-09-30","0","0","MISSING"
"AEDAS.MC","timeseries","grossProfitQ","2024-09-30","1","0","MISSING"
"AEDAS.MC","timeseries","grossProfitQ","2024-06-30","2","0","MISSING"
"AEDAS.MC","timeseries","grossProfitQ","2024-03-31","3","0","MISSING"
"AEG","timeseries","revenueQ","2022-03-31","3","0","MISSING"
"AEG","timeseries","grossProfitQ","2022-12-31","0","0","MISSING"
"AEG","timeseries","grossProfitQ","2022-09-30","1","0","MISSING"
"AEG","timeseries","grossProfitQ","2022-06-30","2","0","MISSING"
"AEG","annual","annualRev","2024-12-31","1","0","MISSING"
"AEG","annual","annualRev","2023-12-31","2","0","MISSING"
"AEGN.AT","timeseries","grossProfitQ","2026-06-30","0","0","MISSING"
"AEGN.AT","timeseries","grossProfitQ","2026-03-31","1","0","MISSING"
"AEGN.AT","timeseries","grossProfitQ","2025-12-31","2","0","MISSING"
"AEGN.AT","timeseries","grossProfitQ","2025-09-30","3","0","MISSING"
"AEGN.VI","timeseries","revenueQ","2022-03-31","3","0","MISSING"
"AEGN.VI","timeseries","grossProfitQ","2022-12-31","0","0","MISSING"
"AEGN.VI","timeseries","grossProfitQ","2022-09-30","1","0","MISSING"
"AEGN.VI","timeseries","grossProfitQ","2022-06-30","2","0","MISSING"
"AEGN.VI","annual","annualRev","2024-12-31","1","0","MISSING"
"AEGN.VI","annual","annualRev","2023-12-31","2","0","MISSING"
"AEOXF","timeseries","grossProfitQ","2026-06-30","0","0","MISSING"
"AEOXF","timeseries","grossProfitQ","2026-03-31","1","0","MISSING"
"AEOXF","timeseries","grossProfitQ","2025-12-31","2","0","MISSING"
"AEOXF","timeseries","grossProfitQ","2025-09-30","3","0","MISSING"
"AGEN.VI","timeseries","revenueQ","2026-06-30","0","0","MISSING"
"AGEN.VI","timeseries","revenueQ","2025-09-30","3","0","MISSING"
"AGEN.VI","timeseries","grossProfitQ","2026-03-31","1","0","MISSING"
"AGEN.VI","timeseries","grossProfitQ","2025-12-31","2","0","MISSING"
"AGESF","timeseries","grossProfitQ","2022-12-31","0","0","MISSING"
"AGESF","timeseries","grossProfitQ","2022-09-30","1","0","MISSING"
"AGESF","timeseries","grossProfitQ","2022-06-30","2","0","MISSING"
"AGESF","timeseries","grossProfitQ","2022-03-31","3","0","MISSING"
"AGESF","annual","annualRev","2023-12-31","2","0","MISSING"
"AGS.BR","timeseries","grossProfitQ","2022-12-31","0","0","MISSING"
"AGS.BR","timeseries","grossProfitQ","2022-09-30","1","0","MISSING"
"AGS.BR","timeseries","grossProfitQ","2022-06-30","2","0","MISSING"
"AGS.BR","timeseries","grossProfitQ","2022-03-31","3","0","MISSING"
"AGS.BR","annual","annualRev","2023-12-31","2","0","MISSING"
"AGS.VI","timeseries","grossProfitQ","2022-12-31","0","0","MISSING"
"AGS.VI","timeseries","grossProfitQ","2022-09-30","1","0","MISSING"
"AGS.VI","timeseries","grossProfitQ","2022-06-30","2","0","MISSING"
"AGS.VI","timeseries","grossProfitQ","2022-03-31","3","0","MISSING"
"AGS.VI","annual","annualRev","2023-12-31","2","0","MISSING"
"AGTF.TO","annual","annualRev","2025-12-31","0","0","MISSING"
"AHKSF","timeseries","grossProfitQ","2026-06-30","0","0","MISSING"
"AHKSF","timeseries","grossProfitQ","2026-03-31","1","0","MISSING"
"AHKSF","timeseries","grossProfitQ","2025-12-31","2","0","MISSING"
"AHKSF","timeseries","grossProfitQ","2025-09-30","3","0","MISSING"
"AI.PA","timeseries","grossProfitQ","2026-06-30","0","0","MISSING"
"AI.PA","timeseries","grossProfitQ","2026-03-31","1","0","MISSING"
"AI.PA","timeseries","grossProfitQ","2025-12-31","2","0","MISSING"
"AI.PA","timeseries","grossProfitQ","2025-09-30","3","0","MISSING"
"AI.VI","timeseries","grossProfitQ","2026-06-30","0","0","MISSING"
"AI.VI","timeseries","grossProfitQ","2026-03-31","1","0","MISSING"
"AI.VI","timeseries","grossProfitQ","2025-12-31","2","0","MISSING"
"AI.VI","timeseries","grossProfitQ","2025-09-30","3","0","MISSING"
"AI1.SW","timeseries","grossProfitQ","2026-06-30","0","0","MISSING"
"AI1.SW","timeseries","grossProfitQ","2026-03-31","1","0","MISSING"
"AI1.SW","timeseries","grossProfitQ","2025-12-31","2","0","MISSING"
"AI1.SW","timeseries","grossProfitQ","2025-09-30","3","0","MISSING"
"AIA.AT","timeseries","revenueQ","2025-09-30","1","0","MISSING"
"AIA.AT","timeseries","revenueQ","2025-03-31","3","0","MISSING"
"AIA.AT","timeseries","grossProfitQ","2025-12-31","0","0","MISSING"
"AIA.AT","timeseries","grossProfitQ","2025-06-30","2","0","MISSING"
"AIBG.L","annual","annualGP","2025-12-31","0","0","MISSING"
"AIBG.L","annual","annualGP","2024-12-31","1","0","MISSING"
"AIBG.L","annual","annualGP","2023-12-31","2","0","MISSING"
"AIBG.L","annual","annualGP","2022-12-31","3","0","MISSING"
"AIBRF","annual","annualGP","2025-12-31","0","0","MISSING"
"AIBRF","annual","annualGP","2024-12-31","1","0","MISSING"
"AIBRF","annual","annualGP","2023-12-31","2","0","MISSING"
"AIBRF","annual","annualGP","2022-12-31","3","0","MISSING"
"AICHF","timeseries","grossProfitQ","2026-06-30","0","0","MISSING"
"AICHF","timeseries","grossProfitQ","2025-12-31","1","0","MISSING"
"AICHF","timeseries","grossProfitQ","2025-06-30","2","0","MISSING"
"AICHF","timeseries","grossProfitQ","2024-12-31","3","0","MISSING"
"AIHZF","timeseries","grossProfitQ","2026-06-30","0","0","MISSING"
"AIHZF","timeseries","grossProfitQ","2026-03-31","1","0","MISSING"
"AIHZF","timeseries","grossProfitQ","2025-12-31","2","0","MISSING"
"AIHZF","timeseries","grossProfitQ","2025-09-30","3","0","MISSING"
"AIKCF","timeseries","grossProfitQ","2026-06-30","0","0","MISSING"
"AIKCF","timeseries","grossProfitQ","2025-12-31","1","0","MISSING"
"AIKCF","timeseries","grossProfitQ","2025-06-30","2","0","MISSING"
"AIKCF","timeseries","grossProfitQ","2025-03-31","3","0","MISSING"
"AIL.DE","timeseries","grossProfitQ","2026-06-30","0","0","MISSING"
"AIL.DE","timeseries","grossProfitQ","2026-03-31","1","0","MISSING"
"AIL.DE","timeseries","grossProfitQ","2025-12-31","2","0","MISSING"
"AIL.DE","timeseries","grossProfitQ","2025-09-30","3","0","MISSING"
"AIOSF","timeseries","grossProfitQ","2026-06-30","0","0","MISSING"
"AIOSF","timeseries","grossProfitQ","2026-03-31","1","0","MISSING"
"AIOSF","timeseries","grossProfitQ","2025-06-30","2","0","MISSING"
"AIOSF","timeseries","grossProfitQ","2025-03-31","3","0","MISSING"
"AITUF","timeseries","grossProfitQ","2026-06-30","0","0","MISSING"
"AITUF","timeseries","grossProfitQ","2026-03-31","1","0","MISSING"
"AITUF","timeseries","grossProfitQ","2025-12-31","2","0","MISSING"
"AITUF","timeseries","grossProfitQ","2025-09-30","3","0","MISSING"
"AIVAF","timeseries","grossProfitQ","2014-09-30","0","0","MISSING"
"AIVAF","timeseries","grossProfitQ","2011-09-30","1","0","MISSING"
"AIVAF","timeseries","grossProfitQ","2011-03-31","2","0","MISSING"
"AIVAF","timeseries","grossProfitQ","2010-09-30","3","0","MISSING"
"AJB.L","annual","annualGP","2025-09-30","0","0","MISSING"
"AJB.L","annual","annualGP","2024-09-30","1","0","MISSING"
"AJB.L","annual","annualGP","2023-09-30","2","0","MISSING"
"AJB.L","annual","annualGP","2022-09-30","3","0","MISSING"
"AJBU.SI","timeseries","grossProfitQ","2021-03-31","0","0","MISSING"
"AJBU.SI","timeseries","grossProfitQ","2020-06-30","1","0","MISSING"
"AJBU.SI","timeseries","grossProfitQ","2020-03-31","2","0","MISSING"
"AJBU.SI","timeseries","grossProfitQ","2019-12-31","3","0","MISSING"
"AJG","annual","annualGP","2025-12-31","0","0","MISSING"
"AJG","annual","annualGP","2024-12-31","1","0","MISSING"
"AJG","annual","annualGP","2023-12-31","2","0","MISSING"
"AJG","annual","annualGP","2022-12-31","3","0","MISSING"
"AKBM.OL","timeseries","grossProfitQ","2026-06-30","0","0","MISSING"
"AKBM.OL","timeseries","grossProfitQ","2026-03-31","1","0","MISSING"
"AKBM.OL","timeseries","grossProfitQ","2025-12-31","2","0","MISSING"
"AKBM.OL","timeseries","grossProfitQ","2025-09-30","3","0","MISSING"
"AKEJF","timeseries","grossProfitQ","2026-06-30","0","0","MISSING"
"AKEJF","timeseries","grossProfitQ","2025-12-31","1","0","MISSING"
"AKEJF","timeseries","grossProfitQ","2025-09-30","2","0","MISSING"
"AKEJF","timeseries","grossProfitQ","2025-06-30","3","0","MISSING"
"AKRTF","timeseries","grossProfitQ","2026-06-30","0","0","MISSING"
"AKRTF","timeseries","grossProfitQ","2026-03-31","1","0","MISSING"
"AKRTF","timeseries","grossProfitQ","2025-12-31","2","0","MISSING"
"AKRTF","timeseries","grossProfitQ","2025-09-30","3","0","MISSING"
"AKSO.OL","timeseries","grossProfitQ","2026-06-30","0","0","MISSING"
"AKSO.OL","timeseries","grossProfitQ","2026-03-31","1","0","MISSING"
"AKSO.OL","timeseries","grossProfitQ","2025-12-31","2","0","MISSING"
"AKSO.OL","timeseries","grossProfitQ","2025-09-30","3","0","MISSING"
"ALD.AX","timeseries","revenueQ","2022-09-30","2","0","MISSING"
"ALD.AX","timeseries","grossProfitQ","2022-06-30","3","0","MISSING"
"ALH","annual","annualRev","2024-12-31","1","0","MISSING"
"ALHG.PA","timeseries","grossProfitQ","2025-09-30","0","0","MISSING"
"ALHG.PA","timeseries","grossProfitQ","2025-03-31","1","0","MISSING"
"ALHG.VI","timeseries","grossProfitQ","2025-09-30","0","0","MISSING"
"ALHG.VI","timeseries","grossProfitQ","2025-03-31","1","0","MISSING"
"ALK.AX","timeseries","grossProfitQ","2026-06-30","0","0","MISSING"
"ALK.AX","timeseries","grossProfitQ","2026-03-31","1","0","MISSING"
"ALK.AX","timeseries","grossProfitQ","2025-12-31","2","0","MISSING"
"ALK.TO","timeseries","grossProfitQ","2026-06-30","0","0","MISSING"
"ALK.TO","timeseries","grossProfitQ","2026-03-31","1","0","MISSING"
"ALK.TO","timeseries","grossProfitQ","2025-12-31","2","0","MISSING"
"ALL.AX","timeseries","grossProfitQ","2012-09-30","0","0","MISSING"
"ALLFG.AS","timeseries","grossProfitQ","2025-12-31","0","0","MISSING"
"ALLFG.AS","timeseries","grossProfitQ","2025-06-30","1","0","MISSING"
"ALLFG.AS","timeseries","grossProfitQ","2025-03-31","2","0","MISSING"
"ALLFG.AS","timeseries","grossProfitQ","2024-12-31","3","0","MISSING"
"ALMB.CO","annual","annualRev","2023-12-31","2","0","MISSING"
"ALMS","annual","annualRev","2024-12-31","1","0","MISSING"
"ALNPF","timeseries","grossProfitQ","2026-06-30","0","0","MISSING"
"ALNPF","timeseries","grossProfitQ","2026-03-31","1","0","MISSING"
"ALNPF","timeseries","grossProfitQ","2025-12-31","2","0","MISSING"
"ALNPF","timeseries","grossProfitQ","2025-09-30","3","0","MISSING"
"ALO.PA","timeseries","grossProfitQ","2026-06-30","0","0","MISSING"
"ALO.PA","timeseries","grossProfitQ","2025-12-31","1","0","MISSING"
"ALO.PA","timeseries","grossProfitQ","2025-06-30","2","0","MISSING"
"ALO.PA","timeseries","grossProfitQ","2025-03-31","3","0","MISSING"
"ALPER.PA","timeseries","grossProfitQ","2018-06-30","0","0","MISSING"
"ALPER.PA","timeseries","grossProfitQ","2018-03-31","1","0","MISSING"
"ALPER.PA","timeseries","grossProfitQ","2009-03-31","2","0","MISSING"
"ALPHA.AT","timeseries","grossProfitQ","2026-06-30","0","0","MISSING"
"ALPHA.AT","timeseries","grossProfitQ","2026-03-31","1","0","MISSING"
"ALPHA.AT","timeseries","grossProfitQ","2025-12-31","2","0","MISSING"
"ALPHA.AT","timeseries","grossProfitQ","2025-09-30","3","0","MISSING"
"ALPHA.AT","annual","annualGP","2025-12-31","0","0","MISSING"
"ALPHA.AT","annual","annualGP","2024-12-31","1","0","MISSING"
"ALPHA.AT","annual","annualGP","2023-12-31","2","0","MISSING"
"ALPHA.AT","annual","annualGP","2022-12-31","3","0","MISSING"
"ALQ.AX","timeseries","revenueQ","2016-03-31","2","0","MISSING"
"ALQ.AX","timeseries","grossProfitQ","2021-09-30","0","0","MISSING"
"ALQ.AX","timeseries","grossProfitQ","2021-06-30","1","0","MISSING"
"ALSO.VI","timeseries","grossProfitQ","2026-06-30","0","0","MISSING"
"ALSO.VI","timeseries","grossProfitQ","2025-12-31","1","0","MISSING"
"ALSO.VI","timeseries","grossProfitQ","2025-06-30","2","0","MISSING"
"ALSO.VI","timeseries","grossProfitQ","2025-03-31","3","0","MISSING"
"ALTA.PA","timeseries","grossProfitQ","2025-09-30","0","0","MISSING"
"ALTA.PA","timeseries","grossProfitQ","2024-03-31","1","0","MISSING"
"ALTA.PA","timeseries","grossProfitQ","2023-03-31","2","0","MISSING"
"AMAG.VI","timeseries","grossProfitQ","2026-03-31","0","0","MISSING"
"AMAG.VI","timeseries","grossProfitQ","2025-09-30","1","0","MISSING"
"AMAG.VI","timeseries","grossProfitQ","2025-06-30","2","0","MISSING"
"AMAG.VI","timeseries","grossProfitQ","2025-03-31","3","0","MISSING"
"AMANF","timeseries","grossProfitQ","2026-06-30","0","0","MISSING"
"AMANF","timeseries","grossProfitQ","2026-03-31","1","0","MISSING"
"AMANF","timeseries","grossProfitQ","2025-12-31","2","0","MISSING"
"AMANF","timeseries","grossProfitQ","2025-09-30","3","0","MISSING"
"AMDUF","timeseries","grossProfitQ","2026-06-30","0","0","MISSING"
"AMDUF","timeseries","grossProfitQ","2026-03-31","1","0","MISSING"
"AMDUF","timeseries","grossProfitQ","2025-12-31","2","0","MISSING"
"AMDUF","timeseries","grossProfitQ","2025-09-30","3","0","MISSING"
"AMDUF","annual","annualGP","2025-12-31","0","0","MISSING"
"AMDUF","annual","annualGP","2024-12-31","1","0","MISSING"
"AMDUF","annual","annualGP","2023-12-31","2","0","MISSING"
"AMDUF","annual","annualGP","2022-12-31","3","0","MISSING"
"AMG","annual","annualGP","2025-12-31","0","0","MISSING"
"AMG","annual","annualGP","2024-12-31","1","0","MISSING"
"AMG","annual","annualGP","2023-12-31","2","0","MISSING"
"AMG","annual","annualGP","2022-12-31","3","0","MISSING"
"AMIGF","timeseries","grossProfitQ","2012-09-30","0","0","MISSING"
"AMKYF","timeseries","grossProfitQ","2026-05-31","0","0","MISSING"
"AMKYF","timeseries","grossProfitQ","2026-02-28","1","0","MISSING"
"AMKYF","timeseries","grossProfitQ","2025-11-30","2","0","MISSING"
"AMKYF","timeseries","grossProfitQ","2025-08-31","3","0","MISSING"
"AMLX","annual","annualRev","2025-12-31","0","0","MISSING"
"AMUN.PA","timeseries","grossProfitQ","2026-06-30","0","0","MISSING"
"AMUN.PA","timeseries","grossProfitQ","2026-03-31","1","0","MISSING"
"AMUN.PA","timeseries","grossProfitQ","2025-12-31","2","0","MISSING"
"AMUN.PA","timeseries","grossProfitQ","2025-09-30","3","0","MISSING"
"AMUN.PA","annual","annualGP","2025-12-31","0","0","MISSING"
"AMUN.PA","annual","annualGP","2024-12-31","1","0","MISSING"
"AMUN.PA","annual","annualGP","2023-12-31","2","0","MISSING"
"AMUN.PA","annual","annualGP","2022-12-31","3","0","MISSING"
"AMUN.VI","timeseries","grossProfitQ","2026-06-30","0","0","MISSING"
"AMUN.VI","timeseries","grossProfitQ","2026-03-31","1","0","MISSING"
"AMUN.VI","timeseries","grossProfitQ","2025-12-31","2","0","MISSING"
"AMUN.VI","timeseries","grossProfitQ","2025-09-30","3","0","MISSING"
"AMUN.VI","annual","annualGP","2025-12-31","0","0","MISSING"
"AMUN.VI","annual","annualGP","2024-12-31","1","0","MISSING"
"AMUN.VI","annual","annualGP","2023-12-31","2","0","MISSING"
"AMUN.VI","annual","annualGP","2022-12-31","3","0","MISSING"
"ANA.MC","timeseries","revenueQ","2021-03-31","1","0","MISSING"
"ANA.MC","timeseries","grossProfitQ","2020-12-31","2","0","MISSING"
"ANA.MC","timeseries","grossProfitQ","2020-09-30","3","0","MISSING"
"ANA.VI","timeseries","revenueQ","2021-03-31","1","0","MISSING"
"ANA.VI","timeseries","grossProfitQ","2020-12-31","2","0","MISSING"
"ANA.VI","timeseries","grossProfitQ","2020-09-30","3","0","MISSING"
"ANE.MC","timeseries","grossProfitQ","2022-09-30","0","0","MISSING"
"ANE.MC","timeseries","grossProfitQ","2022-06-30","1","0","MISSING"
"ANE.MC","timeseries","grossProfitQ","2021-12-31","2","0","MISSING"
"ANE.MC","timeseries","grossProfitQ","2021-09-30","3","0","MISSING"
"ANFGF","timeseries","grossProfitQ","2020-06-30","0","0","MISSING"
"ANFGF","timeseries","grossProfitQ","2011-09-30","1","0","MISSING"
"ANFGF","timeseries","grossProfitQ","2009-09-30","2","0","MISSING"
"ANFGF","timeseries","grossProfitQ","2009-06-30","3","0","MISSING"
"ANI.DE","timeseries","grossProfitQ","2026-06-30","0","0","MISSING"
"ANI.DE","timeseries","grossProfitQ","2026-03-31","1","0","MISSING"
"ANI.DE","timeseries","grossProfitQ","2025-12-31","2","0","MISSING"
"ANI.DE","timeseries","grossProfitQ","2025-09-30","3","0","MISSING"
"ANI.DE","annual","annualGP","2025-12-31","0","0","MISSING"
"ANI.DE","annual","annualGP","2024-12-31","1","0","MISSING"
"ANI.DE","annual","annualGP","2023-12-31","2","0","MISSING"
"ANI.DE","annual","annualGP","2022-12-31","3","0","MISSING"
"ANL","annual","annualRev","2024-12-31","1","0","MISSING"
"ANL","annual","annualRev","2022-12-31","3","0","MISSING"
"ANL","annual","annualGP","2025-12-31","0","0","MISSING"
"ANL","annual","annualGP","2023-12-31","2","0","MISSING"
"ANTO.L","timeseries","grossProfitQ","2020-06-30","0","0","MISSING"
"ANTO.L","timeseries","grossProfitQ","2011-09-30","1","0","MISSING"
"ANTO.L","timeseries","grossProfitQ","2009-09-30","2","0","MISSING"
"ANTO.L","timeseries","grossProfitQ","2009-06-30","3","0","MISSING"
"ANTOF","timeseries","grossProfitQ","2026-06-30","0","0","MISSING"
"ANTOF","timeseries","grossProfitQ","2026-03-31","1","0","MISSING"
"ANTOF","timeseries","grossProfitQ","2025-12-31","2","0","MISSING"
"ANTOF","timeseries","grossProfitQ","2025-09-30","3","0","MISSING"
"ANYCF","timeseries","grossProfitQ","2026-04-30","0","0","MISSING"
"ANYCF","timeseries","grossProfitQ","2026-01-31","1","0","MISSING"
"ANYCF","timeseries","grossProfitQ","2025-10-31","2","0","MISSING"
"ANYCF","timeseries","grossProfitQ","2025-07-31","3","0","MISSING"
"ANZ.NZ","timeseries","revenueQ","2021-03-31","1","0","MISSING"
"ANZ.NZ","timeseries","grossProfitQ","2026-06-30","0","0","MISSING"
"AOF.DE","timeseries","grossProfitQ","2026-06-30","0","0","MISSING"
"AOF.DE","timeseries","grossProfitQ","2026-03-31","1","0","MISSING"
"AOF.DE","timeseries","grossProfitQ","2025-06-30","2","0","MISSING"
"AOF.DE","timeseries","grossProfitQ","2025-03-31","3","0","MISSING"
"AOFG.VI","timeseries","grossProfitQ","2026-06-30","0","0","MISSING"
"AOFG.VI","timeseries","grossProfitQ","2026-03-31","1","0","MISSING"
"AOFG.VI","timeseries","grossProfitQ","2025-06-30","2","0","MISSING"
"AOFG.VI","timeseries","grossProfitQ","2025-03-31","3","0","MISSING"
"AOMD.DE","timeseries","grossProfitQ","2026-06-30","0","0","MISSING"
"AOMD.DE","timeseries","grossProfitQ","2025-12-31","1","0","MISSING"
"AOMD.DE","timeseries","grossProfitQ","2025-06-30","2","0","MISSING"
"AOMD.DE","timeseries","grossProfitQ","2025-03-31","3","0","MISSING"
"AONNF","timeseries","grossProfitQ","2026-05-31","0","0","MISSING"
"AONNF","timeseries","grossProfitQ","2026-02-28","1","0","MISSING"
"AONNF","timeseries","grossProfitQ","2025-11-30","2","0","MISSING"
"AONNF","timeseries","grossProfitQ","2025-08-31","3","0","MISSING"
"AOZOF","timeseries","grossProfitQ","2026-06-30","0","0","MISSING"
"AOZOF","timeseries","grossProfitQ","2026-03-31","1","0","MISSING"
"AOZOF","timeseries","grossProfitQ","2025-12-31","2","0","MISSING"
"AOZOF","timeseries","grossProfitQ","2025-09-30","3","0","MISSING"
"AOZOF","annual","annualGP","2026-03-31","0","0","MISSING"
"AOZOF","annual","annualGP","2025-03-31","1","0","MISSING"
"AOZOF","annual","annualGP","2024-03-31","2","0","MISSING"
"AOZOF","annual","annualGP","2023-03-31","3","0","MISSING"
"APELF","timeseries","grossProfitQ","2026-06-30","0","0","MISSING"
"APELF","timeseries","grossProfitQ","2026-03-31","1","0","MISSING"
"APELF","timeseries","grossProfitQ","2025-12-31","2","0","MISSING"
"APELF","timeseries","grossProfitQ","2025-09-30","3","0","MISSING"
"ARCAD.AS","timeseries","grossProfitQ","2026-06-30","0","0","MISSING"
"ARCAD.AS","timeseries","grossProfitQ","2026-03-31","1","0","MISSING"
"ARCAD.AS","timeseries","grossProfitQ","2025-12-31","2","0","MISSING"
"ARCAD.AS","timeseries","grossProfitQ","2025-09-30","3","0","MISSING"
"ARCD.VI","timeseries","grossProfitQ","2026-06-30","0","0","MISSING"
"ARCD.VI","timeseries","grossProfitQ","2026-03-31","1","0","MISSING"
"ARCD.VI","timeseries","grossProfitQ","2025-12-31","2","0","MISSING"
"ARCD.VI","timeseries","grossProfitQ","2025-09-30","3","0","MISSING"
"ARCVF","timeseries","grossProfitQ","2026-06-30","0","0","MISSING"
"ARCVF","timeseries","grossProfitQ","2026-03-31","1","0","MISSING"
"ARCVF","timeseries","grossProfitQ","2025-12-31","2","0","MISSING"
"ARCVF","timeseries","grossProfitQ","2025-09-30","3","0","MISSING"
"ARES","annual","annualGP","2025-12-31","0","0","MISSING"
"ARES","annual","annualGP","2024-12-31","1","0","MISSING"
"ARES","annual","annualGP","2023-12-31","2","0","MISSING"
"ARES","annual","annualGP","2022-12-31","3","0","MISSING"
"ARIS.MI","timeseries","grossProfitQ","2026-06-30","0","0","MISSING"
"ARIS.MI","timeseries","grossProfitQ","2026-03-31","1","0","MISSING"
"ARIS.MI","timeseries","grossProfitQ","2025-12-31","2","0","MISSING"
"ARIS.MI","timeseries","grossProfitQ","2025-09-30","3","0","MISSING"
"ARLUF","timeseries","grossProfitQ","2012-09-30","0","0","MISSING"
"ARN.MI","timeseries","revenueQ","2014-03-31","3","0","MISSING"
"ARN.MI","timeseries","grossProfitQ","2015-09-30","0","0","MISSING"
"ARN.MI","timeseries","grossProfitQ","2014-12-31","1","0","MISSING"
"ARN.MI","timeseries","grossProfitQ","2014-09-30","2","0","MISSING"
"ARNNY","timeseries","revenueQ","2017-09-30","1","0","MISSING"
"ARNNY","timeseries","grossProfitQ","2017-12-31","0","0","MISSING"
"ARNNY","timeseries","grossProfitQ","2017-03-31","2","0","MISSING"
"ARSTY","timeseries","grossProfitQ","2026-06-30","0","0","MISSING"
"ARSTY","timeseries","grossProfitQ","2026-03-31","1","0","MISSING"
"ARSTY","timeseries","grossProfitQ","2025-12-31","2","0","MISSING"
"ARSTY","timeseries","grossProfitQ","2025-09-30","3","0","MISSING"
"ARTG.V","annual","annualRev","2024-12-31","1","0","MISSING"
"ARYN.SW","timeseries","grossProfitQ","2024-12-31","0","0","MISSING"
"ARYN.SW","timeseries","grossProfitQ","2024-09-30","1","0","MISSING"
"ARYN.SW","timeseries","grossProfitQ","2024-06-30","2","0","MISSING"
"ARYN.SW","timeseries","grossProfitQ","2023-04-30","3","0","MISSING"
"ARZGF","timeseries","revenueQ","2026-06-30","0","0","MISSING"
"ARZGF","timeseries","revenueQ","2025-09-30","3","0","MISSING"
"ARZGF","timeseries","grossProfitQ","2026-03-31","1","0","MISSING"
"ARZGF","timeseries","grossProfitQ","2025-12-31","2","0","MISSING"
"ASBFF","timeseries","grossProfitQ","2024-12-31","0","0","MISSING"
"ASBHY","timeseries","grossProfitQ","2026-06-30","0","0","MISSING"
"ASBHY","timeseries","grossProfitQ","2026-03-31","1","0","MISSING"
"ASBHY","timeseries","grossProfitQ","2025-12-31","2","0","MISSING"
"ASBHY","timeseries","grossProfitQ","2025-09-30","3","0","MISSING"
"ASG.DE","timeseries","revenueQ","2026-06-30","0","0","MISSING"
"ASG.DE","timeseries","revenueQ","2025-09-30","3","0","MISSING"
"ASG.DE","timeseries","grossProfitQ","2026-03-31","1","0","MISSING"
"ASG.DE","timeseries","grossProfitQ","2025-12-31","2","0","MISSING"
"ASRN.VI","timeseries","revenueQ","2017-09-30","1","0","MISSING"
"ASRN.VI","timeseries","grossProfitQ","2017-12-31","0","0","MISSING"
"ASRN.VI","timeseries","grossProfitQ","2017-03-31","2","0","MISSING"
"ASRNL.AS","timeseries","revenueQ","2017-09-30","1","0","MISSING"
"ASRNL.AS","timeseries","grossProfitQ","2017-12-31","0","0","MISSING"
"ASRNL.AS","timeseries","grossProfitQ","2017-03-31","2","0","MISSING"
"ASRRF","timeseries","revenueQ","2017-09-30","1","0","MISSING"
"ASRRF","timeseries","grossProfitQ","2017-12-31","0","0","MISSING"
"ASRRF","timeseries","grossProfitQ","2017-03-31","2","0","MISSING"
"ASTS","annual","annualRev","2023-12-31","2","0","MISSING"
"ATE.PA","timeseries","grossProfitQ","2026-03-31","0","0","MISSING"
"ATE.PA","timeseries","grossProfitQ","2025-06-30","1","0","MISSING"
"ATE.PA","timeseries","grossProfitQ","2024-09-30","2","0","MISSING"
"ATE.PA","timeseries","grossProfitQ","2024-06-30","3","0","MISSING"
"ATE.VI","timeseries","grossProfitQ","2026-03-31","0","0","MISSING"
"ATE.VI","timeseries","grossProfitQ","2025-06-30","1","0","MISSING"
"ATE.VI","timeseries","grossProfitQ","2024-09-30","2","0","MISSING"
"ATE.VI","timeseries","grossProfitQ","2024-06-30","3","0","MISSING"
"ATEYY","timeseries","grossProfitQ","2026-06-30","0","0","MISSING"
"ATEYY","timeseries","grossProfitQ","2026-03-31","1","0","MISSING"
"ATEYY","timeseries","grossProfitQ","2025-12-31","2","0","MISSING"
"ATEYY","timeseries","grossProfitQ","2025-09-30","3","0","MISSING"
"AUR","annual","annualRev","2024-12-31","1","0","MISSING"
"AUR","annual","annualRev","2023-12-31","2","0","MISSING"
"AV.L","timeseries","grossProfitQ","2014-09-30","0","0","MISSING"
"AV.L","timeseries","grossProfitQ","2011-09-30","1","0","MISSING"
"AV.L","timeseries","grossProfitQ","2011-03-31","2","0","MISSING"
"AV.L","timeseries","grossProfitQ","2010-09-30","3","0","MISSING"
"AV.L","annual","annualGP","2025-12-31","0","0","MISSING"
"AV.L","annual","annualGP","2024-12-31","1","0","MISSING"
"AV.L","annual","annualGP","2023-12-31","2","0","MISSING"
"AV.L","annual","annualGP","2022-12-31","3","0","MISSING"
"AVIO.MI","timeseries","grossProfitQ","2026-06-30","0","0","MISSING"
"AVIO.MI","timeseries","grossProfitQ","2025-12-31","1","0","MISSING"
"AVIO.MI","timeseries","grossProfitQ","2025-09-30","2","0","MISSING"
"AVIO.MI","timeseries","grossProfitQ","2024-06-30","3","0","MISSING"
"AVOL.SW","timeseries","grossProfitQ","2026-06-30","0","0","MISSING"
"AVOL.SW","timeseries","grossProfitQ","2025-12-31","1","0","MISSING"
"AVOL.SW","timeseries","grossProfitQ","2025-09-30","2","0","MISSING"
"AVOL.SW","timeseries","grossProfitQ","2025-06-30","3","0","MISSING"
"AVOL.VI","timeseries","grossProfitQ","2026-06-30","0","0","MISSING"
"AVOL.VI","timeseries","grossProfitQ","2025-12-31","1","0","MISSING"
"AVOL.VI","timeseries","grossProfitQ","2025-09-30","2","0","MISSING"
"AVOL.VI","timeseries","grossProfitQ","2025-06-30","3","0","MISSING"
"AVVSY","timeseries","grossProfitQ","2025-12-31","0","0","MISSING"
"AVVSY","timeseries","grossProfitQ","2025-09-30","1","0","MISSING"
"AVVSY","timeseries","grossProfitQ","2024-06-30","2","0","MISSING"
"AVVSY","timeseries","grossProfitQ","2022-06-30","3","0","MISSING"
"AWATY","timeseries","grossProfitQ","2026-03-31","0","0","MISSING"
"AWATY","timeseries","grossProfitQ","2025-12-31","1","0","MISSING"
"AWATY","timeseries","grossProfitQ","2025-09-30","2","0","MISSING"
"AWATY","timeseries","grossProfitQ","2025-06-30","3","0","MISSING"
"AWTRF","timeseries","grossProfitQ","2026-03-31","0","0","MISSING"
"AWTRF","timeseries","grossProfitQ","2025-12-31","1","0","MISSING"
"AWTRF","timeseries","grossProfitQ","2025-09-30","2","0","MISSING"
"AWTRF","timeseries","grossProfitQ","2025-06-30","3","0","MISSING"
"AWX.SI","timeseries","revenueQ","2023-06-30","1","0","MISSING"
"AWX.SI","timeseries","grossProfitQ","2023-03-31","2","0","MISSING"
"AWX.SI","timeseries","grossProfitQ","2022-12-31","3","0","MISSING"
"AX","annual","annualGP","2025-06-30","0","0","MISSING"
"AX","annual","annualGP","2024-06-30","1","0","MISSING"
"AX","annual","annualGP","2023-06-30","2","0","MISSING"
"AX","annual","annualGP","2022-06-30","3","0","MISSING"
"AXA.DE","timeseries","grossProfitQ","2026-03-31","0","0","MISSING"
"AXA.DE","timeseries","grossProfitQ","2025-03-31","1","0","MISSING"
"AXA.DE","timeseries","grossProfitQ","2022-03-31","2","0","MISSING"
"AXA.DE","timeseries","grossProfitQ","2021-03-31","3","0","MISSING"
"AXA.DE","annual","annualGP","2025-12-31","0","0","MISSING"
"AXA.DE","annual","annualGP","2024-12-31","1","0","MISSING"
"AXA.DE","annual","annualGP","2023-12-31","2","0","MISSING"
"AXA.DE","annual","annualGP","2022-12-31","3","0","MISSING"
"AXAHF","timeseries","grossProfitQ","2026-03-31","0","0","MISSING"
"AXAHF","timeseries","grossProfitQ","2025-03-31","1","0","MISSING"
"AXAHF","timeseries","grossProfitQ","2022-03-31","2","0","MISSING"
"AXAHF","timeseries","grossProfitQ","2021-03-31","3","0","MISSING"
"AXAHF","annual","annualGP","2025-12-31","0","0","MISSING"
"AXAHF","annual","annualGP","2024-12-31","1","0","MISSING"
"AXAHF","annual","annualGP","2023-12-31","2","0","MISSING"
"AXAHF","annual","annualGP","2022-12-31","3","0","MISSING"
"AZBLY","timeseries","grossProfitQ","2026-06-30","0","0","MISSING"
"AZBLY","timeseries","grossProfitQ","2026-03-31","1","0","MISSING"
"AZBLY","timeseries","grossProfitQ","2025-12-31","2","0","MISSING"
"AZBLY","timeseries","grossProfitQ","2025-09-30","3","0","MISSING"
"AZE.BR","timeseries","grossProfitQ","2026-06-30","0","0","MISSING"
"AZE.BR","timeseries","grossProfitQ","2026-03-31","1","0","MISSING"
"AZE.BR","timeseries","grossProfitQ","2025-12-31","2","0","MISSING"
"AZE.BR","timeseries","grossProfitQ","2025-09-30","3","0","MISSING"
"AZE.VI","timeseries","grossProfitQ","2026-06-30","0","0","MISSING"
"AZE.VI","timeseries","grossProfitQ","2026-03-31","1","0","MISSING"
"AZE.VI","timeseries","grossProfitQ","2025-12-31","2","0","MISSING"
"AZE.VI","timeseries","grossProfitQ","2025-09-30","3","0","MISSING"
"AZM.MI","annual","annualGP","2025-12-31","0","0","MISSING"
"AZM.MI","annual","annualGP","2024-12-31","1","0","MISSING"
"AZM.MI","annual","annualGP","2023-12-31","2","0","MISSING"
"AZM.MI","annual","annualGP","2022-12-31","3","0","MISSING"
"AZM.VI","annual","annualGP","2025-12-31","0","0","MISSING"
"AZM.VI","annual","annualGP","2024-12-31","1","0","MISSING"
"AZM.VI","annual","annualGP","2023-12-31","2","0","MISSING"
"AZM.VI","annual","annualGP","2022-12-31","3","0","MISSING"
"BA.L","timeseries","grossProfitQ","2006-06-30","0","0","MISSING"
"BAESY","timeseries","grossProfitQ","2006-06-30","0","0","MISSING"
"BAFAR/B.MX","timeseries","grossProfitQ","2023-12-31","0","0","MISSING"
"BAFAR/B.MX","timeseries","grossProfitQ","2023-09-30","1","0","MISSING"
"BAFAR/B.MX","timeseries","grossProfitQ","2023-06-30","2","0","MISSING"
"BAFAR/B.MX","timeseries","grossProfitQ","2023-03-31","3","0","MISSING"
"BAJAJFINSV.NS","annual","annualGP","2026-03-31","0","0","MISSING"
"BAJAJFINSV.NS","annual","annualGP","2025-03-31","1","0","MISSING"
"BAJAJFINSV.NS","annual","annualGP","2024-03-31","2","0","MISSING"
"BAJAJFINSV.NS","annual","annualGP","2023-03-31","3","0","MISSING"
"BAJAJHLDNG.NS","annual","annualGP","2018-03-31","0","0","MISSING"
"BAJAJHLDNG.NS","annual","annualGP","2014-03-31","1","0","MISSING"
"BAJAJHLDNG.NS","annual","annualGP","2010-03-31","2","0","MISSING"
"BAJAJHLDNG.NS","annual","annualGP","2009-03-31","3","0","MISSING"
"BAJFINANCE.NS","annual","annualGP","2026-03-31","0","0","MISSING"
"BAJFINANCE.NS","annual","annualGP","2025-03-31","1","0","MISSING"
"BAJFINANCE.NS","annual","annualGP","2024-03-31","2","0","MISSING"
"BAJFINANCE.NS","annual","annualGP","2023-03-31","3","0","MISSING"
"BAMI.MI","timeseries","grossProfitQ","2026-06-30","0","0","MISSING"
"BAMI.MI","timeseries","grossProfitQ","2026-03-31","1","0","MISSING"
"BAMI.MI","timeseries","grossProfitQ","2025-12-31","2","0","MISSING"
"BAMI.MI","timeseries","grossProfitQ","2025-09-30","3","0","MISSING"
"BAMI.VI","timeseries","grossProfitQ","2026-06-30","0","0","MISSING"
"BAMI.VI","timeseries","grossProfitQ","2026-03-31","1","0","MISSING"
"BAMI.VI","timeseries","grossProfitQ","2025-12-31","2","0","MISSING"
"BAMI.VI","timeseries","grossProfitQ","2025-09-30","3","0","MISSING"
"BAMNB.AS","timeseries","grossProfitQ","2024-12-31","0","0","MISSING"
"BAMNB.AS","timeseries","grossProfitQ","2024-09-30","1","0","MISSING"
"BAMNB.AS","timeseries","grossProfitQ","2024-06-30","2","0","MISSING"
"BAMNB.AS","timeseries","grossProfitQ","2023-12-31","3","0","MISSING"
"BANB.SW","timeseries","grossProfitQ","2008-12-31","0","0","MISSING"
"BARN.SW","timeseries","grossProfitQ","2026-05-31","0","0","MISSING"
"BARN.SW","timeseries","grossProfitQ","2026-02-28","1","0","MISSING"
"BARN.SW","timeseries","grossProfitQ","2025-11-30","2","0","MISSING"
"BARN.SW","timeseries","grossProfitQ","2025-08-31","3","0","MISSING"
"BARN.VI","timeseries","grossProfitQ","2026-05-31","0","0","MISSING"
"BARN.VI","timeseries","grossProfitQ","2026-02-28","1","0","MISSING"
"BARN.VI","timeseries","grossProfitQ","2025-11-30","2","0","MISSING"
"BARN.VI","timeseries","grossProfitQ","2025-08-31","3","0","MISSING"
"BATS.L","timeseries","grossProfitQ","2009-12-31","0","0","MISSING"
"BATS.L","timeseries","grossProfitQ","2008-12-31","1","0","MISSING"
"BATS.L","timeseries","grossProfitQ","2008-09-30","2","0","MISSING"
"BATS.L","timeseries","grossProfitQ","2008-06-30","3","0","MISSING"
"BAWAY","timeseries","grossProfitQ","2026-06-30","0","0","MISSING"
"BAWAY","timeseries","grossProfitQ","2026-03-31","1","0","MISSING"
"BAWAY","timeseries","grossProfitQ","2025-12-31","2","0","MISSING"
"BAWAY","timeseries","grossProfitQ","2025-09-30","3","0","MISSING"
"BB.PA","timeseries","grossProfitQ","2026-06-30","0","0","MISSING"
"BB.PA","timeseries","grossProfitQ","2026-03-31","1","0","MISSING"
"BB.PA","timeseries","grossProfitQ","2025-12-31","2","0","MISSING"
"BB.PA","timeseries","grossProfitQ","2025-09-30","3","0","MISSING"
"BBVA.MC","annual","annualGP","2025-12-31","0","0","MISSING"
"BBVA.MC","annual","annualGP","2024-12-31","1","0","MISSING"
"BBVA.MC","annual","annualGP","2023-12-31","2","0","MISSING"
"BBVA.MC","annual","annualGP","2022-12-31","3","0","MISSING"
"BBVA.VI","annual","annualGP","2025-12-31","0","0","MISSING"
"BBVA.VI","annual","annualGP","2024-12-31","1","0","MISSING"
"BBVA.VI","annual","annualGP","2023-12-31","2","0","MISSING"
"BBVA.VI","annual","annualGP","2022-12-31","3","0","MISSING"
"BBVA","annual","annualGP","2025-12-31","0","0","MISSING"
"BBVA","annual","annualGP","2024-12-31","1","0","MISSING"
"BBVA","annual","annualGP","2023-12-31","2","0","MISSING"
"BBVA","annual","annualGP","2022-12-31","3","0","MISSING"
"BC.MI","timeseries","grossProfitQ","2026-06-30","0","0","MISSING"
"BC.MI","timeseries","grossProfitQ","2026-03-31","1","0","MISSING"
"BC.MI","timeseries","grossProfitQ","2025-12-31","2","0","MISSING"
"BC.MI","timeseries","grossProfitQ","2025-06-30","3","0","MISSING"
"BC.VI","timeseries","grossProfitQ","2026-06-30","0","0","MISSING"
"BC.VI","timeseries","grossProfitQ","2026-03-31","1","0","MISSING"
"BC.VI","timeseries","grossProfitQ","2025-12-31","2","0","MISSING"
"BC.VI","timeseries","grossProfitQ","2025-06-30","3","0","MISSING"
"BCG.L","annual","annualGP","2026-04-30","0","0","MISSING"
"BCG.L","annual","annualGP","2025-04-30","1","0","MISSING"
"BCG.L","annual","annualGP","2024-04-30","2","0","MISSING"
"BCG.L","annual","annualGP","2023-04-30","3","0","MISSING"
"BCGE.SW","annual","annualRev","2022-12-31","3","0","MISSING"
"BCHMF","timeseries","grossProfitQ","2008-12-31","0","0","MISSING"
"BCI.AX","timeseries","revenueQ","2015-09-30","1","0","MISSING"
"BCI.AX","timeseries","grossProfitQ","2015-06-30","2","0","MISSING"
"BCI.AX","timeseries","grossProfitQ","2015-03-31","3","0","MISSING"
"BCI.AX","annual","annualRev","2025-06-30","1","0","MISSING"
"BCI.SN","annual","annualGP","2025-12-31","0","0","MISSING"
"BCI.SN","annual","annualGP","2024-12-31","1","0","MISSING"
"BCI.SN","annual","annualGP","2023-12-31","2","0","MISSING"
"BCI.SN","annual","annualGP","2022-12-31","3","0","MISSING"
"BCVN.SW","timeseries","grossProfitQ","2015-12-31","0","0","MISSING"
"BCVN.SW","timeseries","grossProfitQ","2015-06-30","1","0","MISSING"
"BCVN.SW","timeseries","grossProfitQ","2015-03-31","2","0","MISSING"
"BCVN.SW","timeseries","grossProfitQ","2014-12-31","3","0","MISSING"
"BCVN.VI","timeseries","grossProfitQ","2015-12-31","0","0","MISSING"
"BCVN.VI","timeseries","grossProfitQ","2015-06-30","1","0","MISSING"
"BCVN.VI","timeseries","grossProfitQ","2015-03-31","2","0","MISSING"
"BCVN.VI","timeseries","grossProfitQ","2014-12-31","3","0","MISSING"
"BDB.MI","annual","annualRev","2011-12-31","0","0","MISSING"
"BDRFF","timeseries","grossProfitQ","2026-06-30","0","0","MISSING"
"BDRFF","timeseries","grossProfitQ","2026-03-31","1","0","MISSING"
"BDRFF","timeseries","grossProfitQ","2025-12-31","2","0","MISSING"
"BDRFF","timeseries","grossProfitQ","2025-09-30","3","0","MISSING"
"BDWBF","timeseries","grossProfitQ","2026-06-30","0","0","MISSING"
"BDWBF","timeseries","grossProfitQ","2026-03-31","1","0","MISSING"
"BDWBF","timeseries","grossProfitQ","2025-12-31","2","0","MISSING"
"BDWBF","timeseries","grossProfitQ","2025-09-30","3","0","MISSING"
"BEC.SI","timeseries","grossProfitQ","2021-12-31","0","0","MISSING"
"BEI.DE","timeseries","grossProfitQ","2026-06-30","0","0","MISSING"
"BEI.DE","timeseries","grossProfitQ","2026-03-31","1","0","MISSING"
"BEI.DE","timeseries","grossProfitQ","2025-12-31","2","0","MISSING"
"BEI.DE","timeseries","grossProfitQ","2025-09-30","3","0","MISSING"
"BEI.SW","timeseries","grossProfitQ","2026-06-30","0","0","MISSING"
"BEI.SW","timeseries","grossProfitQ","2026-03-31","1","0","MISSING"
"BEI.SW","timeseries","grossProfitQ","2025-12-31","2","0","MISSING"
"BEI.SW","timeseries","grossProfitQ","2025-09-30","3","0","MISSING"
"BEI.VI","timeseries","grossProfitQ","2026-06-30","0","0","MISSING"
"BEI.VI","timeseries","grossProfitQ","2026-03-31","1","0","MISSING"
"BEI.VI","timeseries","grossProfitQ","2025-12-31","2","0","MISSING"
"BEI.VI","timeseries","grossProfitQ","2025-09-30","3","0","MISSING"
"BEKB.BR","timeseries","grossProfitQ","2021-09-30","0","0","MISSING"
"BEKB.BR","timeseries","grossProfitQ","2017-12-31","1","0","MISSING"
"BEKB.BR","timeseries","grossProfitQ","2017-09-30","2","0","MISSING"
"BEKB.BR","timeseries","grossProfitQ","2017-03-31","3","0","MISSING"
"BEKB.VI","timeseries","grossProfitQ","2021-09-30","0","0","MISSING"
"BEKB.VI","timeseries","grossProfitQ","2017-12-31","1","0","MISSING"
"BEKB.VI","timeseries","grossProfitQ","2017-09-30","2","0","MISSING"
"BEKB.VI","timeseries","grossProfitQ","2017-03-31","3","0","MISSING"
"BEKSF","timeseries","grossProfitQ","2021-09-30","0","0","MISSING"
"BEKSF","timeseries","grossProfitQ","2017-12-31","1","0","MISSING"
"BEKSF","timeseries","grossProfitQ","2017-09-30","2","0","MISSING"
"BEKSF","timeseries","grossProfitQ","2017-03-31","3","0","MISSING"
"BELA.AT","timeseries","grossProfitQ","2021-12-31","0","0","MISSING"
"BELA.AT","timeseries","grossProfitQ","2020-12-31","1","0","MISSING"
"BELA.AT","timeseries","grossProfitQ","2015-12-31","2","0","MISSING"
"BELA.AT","timeseries","grossProfitQ","2015-09-30","3","0","MISSING"
"BETA","annual","annualRev","2024-12-31","1","0","MISSING"
"BFIT.AS","timeseries","grossProfitQ","2025-03-31","0","0","MISSING"
"BFIT.AS","timeseries","grossProfitQ","2024-03-31","1","0","MISSING"
"BFIT.AS","timeseries","grossProfitQ","2023-09-30","2","0","MISSING"
"BFIT.AS","timeseries","grossProfitQ","2022-03-31","3","0","MISSING"
"BG.VI","timeseries","grossProfitQ","2026-06-30","0","0","MISSING"
"BG.VI","timeseries","grossProfitQ","2026-03-31","1","0","MISSING"
"BG.VI","timeseries","grossProfitQ","2025-12-31","2","0","MISSING"
"BG.VI","timeseries","grossProfitQ","2025-09-30","3","0","MISSING"
"BHP.AX","timeseries","grossProfitQ","2022-09-30","0","0","MISSING"
"BHP.L","timeseries","grossProfitQ","2022-09-30","0","0","MISSING"
"BHP","timeseries","grossProfitQ","2022-09-30","0","0","MISSING"
"BHPLF","timeseries","grossProfitQ","2022-09-30","0","0","MISSING"
"BICEF","timeseries","grossProfitQ","2026-06-30","0","0","MISSING"
"BICEF","timeseries","grossProfitQ","2026-03-31","1","0","MISSING"
"BICEF","timeseries","grossProfitQ","2025-12-31","2","0","MISSING"
"BICEF","timeseries","grossProfitQ","2025-09-30","3","0","MISSING"
"BIM.PA","timeseries","grossProfitQ","2026-06-30","0","0","MISSING"
"BIM.PA","timeseries","grossProfitQ","2025-12-31","1","0","MISSING"
"BIM.PA","timeseries","grossProfitQ","2025-09-30","2","0","MISSING"
"BIM.PA","timeseries","grossProfitQ","2025-06-30","3","0","MISSING"
"BIM.VI","timeseries","grossProfitQ","2026-06-30","0","0","MISSING"
"BIM.VI","timeseries","grossProfitQ","2025-12-31","1","0","MISSING"
"BIM.VI","timeseries","grossProfitQ","2025-09-30","2","0","MISSING"
"BIM.VI","timeseries","grossProfitQ","2025-06-30","3","0","MISSING"
"BIRG.IR","annual","annualGP","2025-12-31","0","0","MISSING"
"BIRG.IR","annual","annualGP","2024-12-31","1","0","MISSING"
"BIRG.IR","annual","annualGP","2023-12-31","2","0","MISSING"
"BIRG.IR","annual","annualGP","2022-12-31","3","0","MISSING"
"BITTI.HE","timeseries","revenueQ","2025-09-30","3","0","MISSING"
"BITTI.HE","timeseries","grossProfitQ","2026-06-30","0","0","MISSING"
"BITTI.HE","timeseries","grossProfitQ","2026-03-31","1","0","MISSING"
"BITTI.HE","timeseries","grossProfitQ","2025-12-31","2","0","MISSING"
"BJCHF","timeseries","revenueQ","2021-06-30","1","0","MISSING"
"BJCHF","timeseries","grossProfitQ","2021-03-31","2","0","MISSING"
"BKPKF","annual","annualGP","2025-12-31","0","0","MISSING"
"BKPKF","annual","annualGP","2024-12-31","1","0","MISSING"
"BKPKF","annual","annualGP","2023-12-31","2","0","MISSING"
"BKPKF","annual","annualGP","2022-12-31","3","0","MISSING"
"BKZHF","annual","annualGP","2025-12-31","0","0","MISSING"
"BKZHF","annual","annualGP","2024-12-31","1","0","MISSING"
"BKZHF","annual","annualGP","2023-12-31","2","0","MISSING"
"BKZHF","annual","annualGP","2022-12-31","3","0","MISSING"
"BLA.BK","annual","annualRev","2025-12-31","0","0","MISSING"
"BLLN","annual","annualRev","2024-12-31","1","0","MISSING"
"BLX","annual","annualRev","2022-12-31","3","0","MISSING"
"BME.L","timeseries","grossProfitQ","2024-03-31","0","0","MISSING"
"BME.L","timeseries","grossProfitQ","2022-03-31","1","0","MISSING"
"BME.L","timeseries","grossProfitQ","2020-09-30","2","0","MISSING"
"BME.L","timeseries","grossProfitQ","2019-09-30","3","0","MISSING"
"BMED.MI","annual","annualGP","2025-12-31","0","0","MISSING"
"BMED.MI","annual","annualGP","2024-12-31","1","0","MISSING"
"BMED.MI","annual","annualGP","2023-12-31","2","0","MISSING"
"BMED.MI","annual","annualGP","2022-12-31","3","0","MISSING"
"BMED.VI","annual","annualGP","2025-12-31","0","0","MISSING"
"BMED.VI","annual","annualGP","2024-12-31","1","0","MISSING"
"BMED.VI","annual","annualGP","2023-12-31","2","0","MISSING"
"BMED.VI","annual","annualGP","2022-12-31","3","0","MISSING"
"BMLKF","timeseries","grossProfitQ","2026-06-30","0","0","MISSING"
"BMLKF","timeseries","grossProfitQ","2026-03-31","1","0","MISSING"
"BMLKF","timeseries","grossProfitQ","2025-12-31","2","0","MISSING"
"BMLKF","timeseries","grossProfitQ","2025-09-30","3","0","MISSING"
"BMRRY","timeseries","grossProfitQ","2024-03-31","0","0","MISSING"
"BMRRY","timeseries","grossProfitQ","2022-03-31","1","0","MISSING"
"BMRRY","timeseries","grossProfitQ","2020-09-30","2","0","MISSING"
"BMRRY","timeseries","grossProfitQ","2019-09-30","3","0","MISSING"
"BMT.DE","timeseries","grossProfitQ","2009-12-31","0","0","MISSING"
"BMT.DE","timeseries","grossProfitQ","2008-12-31","1","0","MISSING"
"BMT.DE","timeseries","grossProfitQ","2008-09-30","2","0","MISSING"
"BMT.DE","timeseries","grossProfitQ","2008-06-30","3","0","MISSING"
"BMXMF","timeseries","grossProfitQ","2026-06-30","0","0","MISSING"
"BMXMF","timeseries","grossProfitQ","2025-12-31","1","0","MISSING"
"BMXMF","timeseries","grossProfitQ","2025-09-30","2","0","MISSING"
"BMXMF","timeseries","grossProfitQ","2025-06-30","3","0","MISSING"
"BN.PA","timeseries","grossProfitQ","2026-06-30","0","0","MISSING"
"BN.PA","timeseries","grossProfitQ","2026-03-31","1","0","MISSING"
"BN.PA","timeseries","grossProfitQ","2025-12-31","2","0","MISSING"
"BN.PA","timeseries","grossProfitQ","2025-09-30","3","0","MISSING"
"BN.SW","timeseries","grossProfitQ","2026-06-30","0","0","MISSING"
"BN.SW","timeseries","grossProfitQ","2026-03-31","1","0","MISSING"
"BN.SW","timeseries","grossProfitQ","2025-12-31","2","0","MISSING"
"BN.SW","timeseries","grossProfitQ","2025-09-30","3","0","MISSING"
"BN.VI","timeseries","grossProfitQ","2026-06-30","0","0","MISSING"
"BN.VI","timeseries","grossProfitQ","2026-03-31","1","0","MISSING"
"BN.VI","timeseries","grossProfitQ","2025-12-31","2","0","MISSING"
"BN.VI","timeseries","grossProfitQ","2025-09-30","3","0","MISSING"
"BN4.SI","timeseries","grossProfitQ","2021-06-30","0","0","MISSING"
"BN4.SI","timeseries","grossProfitQ","2021-03-31","1","0","MISSING"
"BN4.SI","timeseries","grossProfitQ","2020-12-31","2","0","MISSING"
"BN4.SI","timeseries","grossProfitQ","2020-09-30","3","0","MISSING"
"BNCZF","timeseries","grossProfitQ","2026-06-30","0","0","MISSING"
"BNCZF","timeseries","grossProfitQ","2026-03-31","1","0","MISSING"
"BNCZF","timeseries","grossProfitQ","2025-12-31","2","0","MISSING"
"BNCZF","timeseries","grossProfitQ","2025-09-30","3","0","MISSING"
"BNLI.JK","annual","annualRev","2024-12-31","1","0","MISSING"
"BNLI.JK","annual","annualRev","2023-12-31","2","0","MISSING"
"BNMDF","annual","annualGP","2025-12-31","0","0","MISSING"
"BNMDF","annual","annualGP","2024-12-31","1","0","MISSING"
"BNMDF","annual","annualGP","2023-12-31","2","0","MISSING"
"BNMDF","annual","annualGP","2022-12-31","3","0","MISSING"
"BNXYF","timeseries","grossProfitQ","2026-06-30","0","0","MISSING"
"BNXYF","timeseries","grossProfitQ","2026-03-31","1","0","MISSING"
"BNXYF","timeseries","grossProfitQ","2025-12-31","2","0","MISSING"
"BNXYF","timeseries","grossProfitQ","2025-09-30","3","0","MISSING"
"BOIVF","timeseries","grossProfitQ","2026-03-31","0","0","MISSING"
"BOL.PA","timeseries","grossProfitQ","2026-03-31","0","0","MISSING"
"BOL.VI","timeseries","grossProfitQ","2026-03-31","0","0","MISSING"
"BOSN.SW","timeseries","grossProfitQ","2025-12-31","0","0","MISSING"
"BOSN.SW","timeseries","grossProfitQ","2025-03-31","1","0","MISSING"
"BOSN.SW","timeseries","grossProfitQ","2024-09-30","2","0","MISSING"
"BOSN.SW","timeseries","grossProfitQ","2024-03-31","3","0","MISSING"
"BOY.DE","annual","annualGP","2025-12-31","0","0","MISSING"
"BOY.DE","annual","annualGP","2024-12-31","1","0","MISSING"
"BOY.DE","annual","annualGP","2023-12-31","2","0","MISSING"
"BOY.DE","annual","annualGP","2022-12-31","3","0","MISSING"
"BPT.AX","timeseries","grossProfitQ","2026-06-30","0","0","MISSING"
"BPT.AX","timeseries","grossProfitQ","2026-03-31","1","0","MISSING"
"BPT.AX","timeseries","grossProfitQ","2025-12-31","2","0","MISSING"
"BPT.AX","timeseries","grossProfitQ","2025-09-30","3","0","MISSING"
"BRBY.L","timeseries","grossProfitQ","2025-12-31","0","0","MISSING"
"BRBY.L","timeseries","grossProfitQ","2025-06-30","1","0","MISSING"
"BRBY.L","timeseries","grossProfitQ","2024-12-31","2","0","MISSING"
"BRBY.L","timeseries","grossProfitQ","2024-09-30","3","0","MISSING"
"BRD.RO","annual","annualGP","2025-12-31","0","0","MISSING"
"BRD.RO","annual","annualGP","2024-12-31","1","0","MISSING"
"BRD.RO","annual","annualGP","2023-12-31","2","0","MISSING"
"BRD.RO","annual","annualGP","2022-12-31","3","0","MISSING"
"BRDLF","timeseries","grossProfitQ","2026-03-31","0","0","MISSING"
"BRDLF","timeseries","grossProfitQ","2025-09-30","1","0","MISSING"
"BRDLF","timeseries","grossProfitQ","2025-03-31","2","0","MISSING"
"BRDLF","timeseries","grossProfitQ","2024-09-30","3","0","MISSING"
"BS6.SI","timeseries","grossProfitQ","2021-06-30","0","0","MISSING"
"BS6.SI","timeseries","grossProfitQ","2021-03-31","1","0","MISSING"
"BS6.SI","timeseries","grossProfitQ","2020-12-31","2","0","MISSING"
"BS6.SI","timeseries","grossProfitQ","2020-09-30","3","0","MISSING"
"BSAC","annual","annualGP","2025-12-31","0","0","MISSING"
"BSAC","annual","annualGP","2024-12-31","1","0","MISSING"
"BSAC","annual","annualGP","2023-12-31","2","0","MISSING"
"BSAC","annual","annualGP","2022-12-31","3","0","MISSING"
"BSANTANDER.SN","annual","annualGP","2025-12-31","0","0","MISSING"
"BSANTANDER.SN","annual","annualGP","2024-12-31","1","0","MISSING"
"BSANTANDER.SN","annual","annualGP","2023-12-31","2","0","MISSING"
"BSANTANDER.SN","annual","annualGP","2022-12-31","3","0","MISSING"
"BSL.SI","timeseries","grossProfitQ","2021-12-31","0","0","MISSING"
"BSL.SI","timeseries","grossProfitQ","2021-09-30","1","0","MISSING"
"BSL.SI","timeseries","grossProfitQ","2021-06-30","2","0","MISSING"
"BSL.SI","timeseries","grossProfitQ","2021-03-31","3","0","MISSING"
"BSLN.SW","timeseries","grossProfitQ","2020-12-31","0","0","MISSING"
"BSLN.SW","timeseries","grossProfitQ","2018-12-31","1","0","MISSING"
"BSLN.SW","timeseries","grossProfitQ","2006-06-30","2","0","MISSING"
"BSN.DE","timeseries","grossProfitQ","2026-06-30","0","0","MISSING"
"BSN.DE","timeseries","grossProfitQ","2026-03-31","1","0","MISSING"
"BSN.DE","timeseries","grossProfitQ","2025-12-31","2","0","MISSING"
"BSN.DE","timeseries","grossProfitQ","2025-09-30","3","0","MISSING"
"BSP.DE","timeseries","grossProfitQ","2006-06-30","0","0","MISSING"
"BT-A.L","timeseries","grossProfitQ","2026-03-31","0","0","MISSING"
"BT-A.L","timeseries","grossProfitQ","2025-09-30","1","0","MISSING"
"BT-A.L","timeseries","grossProfitQ","2025-03-31","2","0","MISSING"
"BT-A.L","timeseries","grossProfitQ","2024-12-31","3","0","MISSING"
"BTGO","annual","annualRev","2024-12-31","1","0","MISSING"
"BTI","timeseries","grossProfitQ","2009-12-31","0","0","MISSING"
"BTI","timeseries","grossProfitQ","2008-12-31","1","0","MISSING"
"BTI","timeseries","grossProfitQ","2008-09-30","2","0","MISSING"
"BTI","timeseries","grossProfitQ","2008-06-30","3","0","MISSING"
"BTPN.JK","annual","annualRev","2024-12-31","0","0","MISSING"
"BTPN.JK","annual","annualRev","2022-12-31","2","0","MISSING"
"BTSDF","timeseries","grossProfitQ","2023-12-31","0","0","MISSING"
"BTSDF","timeseries","grossProfitQ","2023-09-30","1","0","MISSING"
"BTSDF","timeseries","grossProfitQ","2023-06-30","2","0","MISSING"
"BTSDF","timeseries","grossProfitQ","2021-06-30","3","0","MISSING"
"BUCN.SW","timeseries","grossProfitQ","2025-12-31","0","0","MISSING"
"BUCN.SW","timeseries","grossProfitQ","2024-03-31","1","0","MISSING"
"BUCN.SW","timeseries","grossProfitQ","2023-09-30","2","0","MISSING"
"BUCN.SW","timeseries","grossProfitQ","2022-12-31","3","0","MISSING"
"BUCN.VI","timeseries","grossProfitQ","2025-12-31","0","0","MISSING"
"BUCN.VI","timeseries","grossProfitQ","2024-03-31","1","0","MISSING"
"BUCN.VI","timeseries","grossProfitQ","2023-09-30","2","0","MISSING"
"BUCN.VI","timeseries","grossProfitQ","2022-12-31","3","0","MISSING"
"BUOU.SI","timeseries","grossProfitQ","2022-06-30","0","0","MISSING"
"BVA.L","annual","annualGP","2025-12-31","0","0","MISSING"
"BVA.L","annual","annualGP","2024-12-31","1","0","MISSING"
"BVA.L","annual","annualGP","2023-12-31","2","0","MISSING"
"BVA.L","annual","annualGP","2022-12-31","3","0","MISSING"
"BVC","timeseries","grossProfitQ","2021-03-31","0","0","MISSING"
"BVC","annual","annualRev","2020-06-30","3","0","MISSING"
"BVI.PA","timeseries","grossProfitQ","2026-06-30","0","0","MISSING"
"BVI.PA","timeseries","grossProfitQ","2026-03-31","1","0","MISSING"
"BVI.PA","timeseries","grossProfitQ","2025-12-31","2","0","MISSING"
"BVI.PA","timeseries","grossProfitQ","2025-09-30","3","0","MISSING"
"BVI.VI","timeseries","grossProfitQ","2026-06-30","0","0","MISSING"
"BVI.VI","timeseries","grossProfitQ","2026-03-31","1","0","MISSING"
"BVI.VI","timeseries","grossProfitQ","2025-12-31","2","0","MISSING"
"BVI.VI","timeseries","grossProfitQ","2025-09-30","3","0","MISSING"
"BWAGF","timeseries","grossProfitQ","2026-06-30","0","0","MISSING"
"BWAGF","timeseries","grossProfitQ","2026-03-31","1","0","MISSING"
"BWAGF","timeseries","grossProfitQ","2025-12-31","2","0","MISSING"
"BWAGF","timeseries","grossProfitQ","2025-09-30","3","0","MISSING"
"BWIN","annual","annualGP","2025-12-31","0","0","MISSING"
"BWIN","annual","annualGP","2024-12-31","1","0","MISSING"
"BWIN","annual","annualGP","2023-12-31","2","0","MISSING"
"BWIN","annual","annualGP","2022-12-31","3","0","MISSING"
"BWY.L","annual","annualGP","2025-07-31","0","0","MISSING"
"BWY.L","annual","annualGP","2024-07-31","1","0","MISSING"
"BWY.L","annual","annualGP","2023-07-31","2","0","MISSING"
"BWY.L","annual","annualGP","2022-07-31","3","0","MISSING"
"BXB.AX","timeseries","grossProfitQ","2013-12-31","0","0","MISSING"
"BXMT","annual","annualGP","2025-12-31","0","0","MISSING"
"BXMT","annual","annualGP","2024-12-31","1","0","MISSING"
"BXMT","annual","annualGP","2023-12-31","2","0","MISSING"
"BXMT","annual","annualGP","2022-12-31","3","0","MISSING"
"BYCBF","timeseries","grossProfitQ","2026-02-28","0","0","MISSING"
"BYCBF","timeseries","grossProfitQ","2025-11-30","1","0","MISSING"
"BYCBF","timeseries","grossProfitQ","2025-08-31","2","0","MISSING"
"BYCBF","timeseries","grossProfitQ","2025-02-28","3","0","MISSING"
"BYCRF","timeseries","grossProfitQ","2026-05-31","0","0","MISSING"
"BYCRF","timeseries","grossProfitQ","2025-11-30","1","0","MISSING"
"BYCRF","timeseries","grossProfitQ","2025-05-31","2","0","MISSING"
"BYCRF","timeseries","grossProfitQ","2025-02-28","3","0","MISSING"
"BYDIF","timeseries","revenueQ","2025-09-30","1","0","MISSING"
"BYDIF","timeseries","grossProfitQ","2025-12-31","0","0","MISSING"
"BYDIF","timeseries","grossProfitQ","2024-12-31","2","0","MISSING"
"BYDIF","timeseries","grossProfitQ","2022-12-31","3","0","MISSING"
"BYG.L","timeseries","grossProfitQ","2016-03-31","0","0","MISSING"
"BYG.L","timeseries","grossProfitQ","2015-09-30","1","0","MISSING"
"BYW.DE","timeseries","revenueQ","2024-06-30","2","0","MISSING"
"BYW.DE","timeseries","grossProfitQ","2024-12-31","0","0","MISSING"
"BYW.DE","timeseries","grossProfitQ","2024-09-30","1","0","MISSING"
"BYW.DE","timeseries","grossProfitQ","2024-03-31","3","0","MISSING"
"BYW.VI","timeseries","revenueQ","2024-06-30","2","0","MISSING"
"BYW.VI","timeseries","grossProfitQ","2024-12-31","0","0","MISSING"
"BYW.VI","timeseries","grossProfitQ","2024-09-30","1","0","MISSING"
"BYW.VI","timeseries","grossProfitQ","2024-03-31","3","0","MISSING"
"BZLYF","timeseries","grossProfitQ","2017-03-31","0","0","MISSING"
"BZLYF","timeseries","grossProfitQ","2013-03-31","1","0","MISSING"
"BZU.MI","timeseries","grossProfitQ","2026-06-30","0","0","MISSING"
"BZU.MI","timeseries","grossProfitQ","2026-03-31","1","0","MISSING"
"BZU.MI","timeseries","grossProfitQ","2025-06-30","2","0","MISSING"
"BZU.MI","timeseries","grossProfitQ","2025-03-31","3","0","MISSING"
"BZU.VI","timeseries","grossProfitQ","2026-06-30","0","0","MISSING"
"BZU.VI","timeseries","grossProfitQ","2026-03-31","1","0","MISSING"
"BZU.VI","timeseries","grossProfitQ","2025-06-30","2","0","MISSING"
"BZU.VI","timeseries","grossProfitQ","2025-03-31","3","0","MISSING"
"C07.SI","timeseries","grossProfitQ","2020-12-31","0","0","MISSING"
"C07.SI","timeseries","grossProfitQ","2020-09-30","1","0","MISSING"
"C07.SI","timeseries","grossProfitQ","2020-06-30","2","0","MISSING"
"C07.SI","timeseries","grossProfitQ","2020-03-31","3","0","MISSING"
"C2PU.SI","timeseries","grossProfitQ","2011-12-31","0","0","MISSING"
"C2PU.SI","timeseries","grossProfitQ","2010-12-31","1","0","MISSING"
"C2PU.SI","timeseries","grossProfitQ","2010-09-30","2","0","MISSING"
"C2PU.SI","timeseries","grossProfitQ","2010-06-30","3","0","MISSING"
"C52.SI","timeseries","revenueQ","2023-12-31","1","0","MISSING"
"C52.SI","timeseries","grossProfitQ","2025-03-31","0","0","MISSING"
"C52.SI","timeseries","grossProfitQ","2020-12-31","2","0","MISSING"
"C52.SI","timeseries","grossProfitQ","2020-09-30","3","0","MISSING"
"CA.PA","timeseries","grossProfitQ","2026-03-31","0","0","MISSING"
"CA.PA","timeseries","grossProfitQ","2025-12-31","1","0","MISSING"
"CA.PA","timeseries","grossProfitQ","2025-09-30","2","0","MISSING"
"CA.PA","timeseries","grossProfitQ","2025-03-31","3","0","MISSING"
"CABHF","timeseries","grossProfitQ","2026-06-30","0","0","MISSING"
"CABHF","timeseries","grossProfitQ","2026-03-31","1","0","MISSING"
"CABHF","timeseries","grossProfitQ","2025-12-31","2","0","MISSING"
"CABHF","timeseries","grossProfitQ","2025-06-30","3","0","MISSING"
"CABJF","timeseries","grossProfitQ","2026-06-30","0","0","MISSING"
"CABJF","timeseries","grossProfitQ","2026-03-31","1","0","MISSING"
"CABJF","timeseries","grossProfitQ","2025-12-31","2","0","MISSING"
"CABJF","timeseries","grossProfitQ","2025-06-30","3","0","MISSING"
"CADL","annual","annualRev","2023-12-31","2","0","MISSING"
"CAF.MC","timeseries","grossProfitQ","2026-06-30","0","0","MISSING"
"CAF.MC","timeseries","grossProfitQ","2026-03-31","1","0","MISSING"
"CAF.MC","timeseries","grossProfitQ","2025-12-31","2","0","MISSING"
"CAF.MC","timeseries","grossProfitQ","2025-09-30","3","0","MISSING"
"CAJFF","timeseries","grossProfitQ","2026-06-30","0","0","MISSING"
"CAJFF","timeseries","grossProfitQ","2026-03-31","1","0","MISSING"
"CAJFF","timeseries","grossProfitQ","2025-12-31","2","0","MISSING"
"CAJFF","timeseries","grossProfitQ","2025-09-30","3","0","MISSING"
"CAJPY","timeseries","grossProfitQ","2026-06-30","0","0","MISSING"
"CAJPY","timeseries","grossProfitQ","2026-03-31","1","0","MISSING"
"CAJPY","timeseries","grossProfitQ","2025-12-31","2","0","MISSING"
"CAJPY","timeseries","grossProfitQ","2025-09-30","3","0","MISSING"
"CANHLIFE.BO","annual","annualRev","2025-03-31","1","0","MISSING"
"CANHLIFE.NS","annual","annualRev","2025-03-31","1","0","MISSING"
"CAP.PA","timeseries","grossProfitQ","2026-06-30","0","0","MISSING"
"CAP.PA","timeseries","grossProfitQ","2026-03-31","1","0","MISSING"
"CAP.PA","timeseries","grossProfitQ","2025-12-31","2","0","MISSING"
"CAP.PA","timeseries","grossProfitQ","2025-09-30","3","0","MISSING"
"CAPG.VI","timeseries","grossProfitQ","2026-06-30","0","0","MISSING"
"CAPG.VI","timeseries","grossProfitQ","2026-03-31","1","0","MISSING"
"CAPG.VI","timeseries","grossProfitQ","2025-12-31","2","0","MISSING"
"CAPG.VI","timeseries","grossProfitQ","2025-09-30","3","0","MISSING"
"CAR.DE","timeseries","grossProfitQ","2026-03-31","0","0","MISSING"
"CAR.DE","timeseries","grossProfitQ","2025-12-31","1","0","MISSING"
"CAR.DE","timeseries","grossProfitQ","2025-09-30","2","0","MISSING"
"CAR.DE","timeseries","grossProfitQ","2025-03-31","3","0","MISSING"
"CARL-A.CO","timeseries","grossProfitQ","2026-06-30","0","0","MISSING"
"CARL-A.CO","timeseries","grossProfitQ","2026-03-31","1","0","MISSING"
"CARL-A.CO","timeseries","grossProfitQ","2025-12-31","2","0","MISSING"
"CARL-A.CO","timeseries","grossProfitQ","2025-06-30","3","0","MISSING"
"CARL.VI","timeseries","grossProfitQ","2026-06-30","0","0","MISSING"
"CARL.VI","timeseries","grossProfitQ","2026-03-31","1","0","MISSING"
"CARL.VI","timeseries","grossProfitQ","2025-12-31","2","0","MISSING"
"CARL.VI","timeseries","grossProfitQ","2025-06-30","3","0","MISSING"
"CARL.WA","timeseries","grossProfitQ","2026-06-30","0","0","MISSING"
"CARL.WA","timeseries","grossProfitQ","2026-03-31","1","0","MISSING"
"CARL.WA","timeseries","grossProfitQ","2025-12-31","2","0","MISSING"
"CARL.WA","timeseries","grossProfitQ","2025-06-30","3","0","MISSING"
"CARM.PA","timeseries","grossProfitQ","2024-03-31","0","0","MISSING"
"CARM.PA","timeseries","grossProfitQ","2023-09-30","1","0","MISSING"
"CARM.PA","timeseries","grossProfitQ","2022-03-31","2","0","MISSING"
"CARR.VI","timeseries","grossProfitQ","2026-03-31","0","0","MISSING"
"CARR.VI","timeseries","grossProfitQ","2025-12-31","1","0","MISSING"
"CARR.VI","timeseries","grossProfitQ","2025-09-30","2","0","MISSING"
"CARR.VI","timeseries","grossProfitQ","2025-03-31","3","0","MISSING"
"CBA.AX","timeseries","grossProfitQ","2022-12-31","0","0","MISSING"
"CBA.AX","timeseries","grossProfitQ","2022-09-30","1","0","MISSING"
"CBA.AX","timeseries","grossProfitQ","2021-06-30","2","0","MISSING"
"CBA.AX","timeseries","grossProfitQ","2020-12-31","3","0","MISSING"
"CBAUF","timeseries","grossProfitQ","2022-12-31","0","0","MISSING"
"CBAUF","timeseries","grossProfitQ","2022-09-30","1","0","MISSING"
"CBAUF","timeseries","grossProfitQ","2021-06-30","2","0","MISSING"
"CBAUF","timeseries","grossProfitQ","2020-12-31","3","0","MISSING"
"CBE.PA","timeseries","revenueQ","2025-06-30","0","0","MISSING"
"CBE.PA","timeseries","grossProfitQ","2011-03-31","1","0","MISSING"
"CBOE","annual","annualGP","2025-12-31","0","0","MISSING"
"CBOE","annual","annualGP","2024-12-31","1","0","MISSING"
"CBOE","annual","annualGP","2023-12-31","2","0","MISSING"
"CBOE","annual","annualGP","2022-12-31","3","0","MISSING"
"CBUMF","timeseries","revenueQ","2023-06-30","1","0","MISSING"
"CBUMF","timeseries","grossProfitQ","2025-09-30","0","0","MISSING"
"CC3.SI","timeseries","grossProfitQ","2025-12-31","0","0","MISSING"
"CC3.SI","timeseries","grossProfitQ","2025-09-30","1","0","MISSING"
"CC3.SI","timeseries","grossProfitQ","2025-06-30","2","0","MISSING"
"CC3.SI","timeseries","grossProfitQ","2025-03-31","3","0","MISSING"
"CCEP.AS","timeseries","grossProfitQ","2026-06-30","0","0","MISSING"
"CCEP.AS","timeseries","grossProfitQ","2026-03-31","1","0","MISSING"
"CCEP.AS","timeseries","grossProfitQ","2025-12-31","2","0","MISSING"
"CCEP.AS","timeseries","grossProfitQ","2025-09-30","3","0","MISSING"
"CCEP.MC","timeseries","grossProfitQ","2026-06-30","0","0","MISSING"
"CCEP.MC","timeseries","grossProfitQ","2026-03-31","1","0","MISSING"
"CCEP.MC","timeseries","grossProfitQ","2025-12-31","2","0","MISSING"
"CCEP.MC","timeseries","grossProfitQ","2025-09-30","3","0","MISSING"
"CCEP","timeseries","grossProfitQ","2026-06-30","0","0","MISSING"
"CCEP","timeseries","grossProfitQ","2026-03-31","1","0","MISSING"
"CCEP","timeseries","grossProfitQ","2025-12-31","2","0","MISSING"
"CCEP","timeseries","grossProfitQ","2025-09-30","3","0","MISSING"
"CCH.L","timeseries","grossProfitQ","2026-06-30","0","0","MISSING"
"CCH.L","timeseries","grossProfitQ","2025-12-31","1","0","MISSING"
"CCH.L","timeseries","grossProfitQ","2025-09-30","2","0","MISSING"
"CCH.L","timeseries","grossProfitQ","2025-06-30","3","0","MISSING"
"CCH.VI","timeseries","grossProfitQ","2026-06-30","0","0","MISSING"
"CCH.VI","timeseries","grossProfitQ","2025-12-31","1","0","MISSING"
"CCH.VI","timeseries","grossProfitQ","2025-09-30","2","0","MISSING"
"CCH.VI","timeseries","grossProfitQ","2025-06-30","3","0","MISSING"
"CCL.AX","annual","annualRev","2024-06-30","2","0","MISSING"
"CCOJF","timeseries","grossProfitQ","2026-06-30","0","0","MISSING"
"CCOJF","timeseries","grossProfitQ","2026-03-31","1","0","MISSING"
"CCOJF","timeseries","grossProfitQ","2025-12-31","2","0","MISSING"
"CCOJF","timeseries","grossProfitQ","2025-09-30","3","0","MISSING"
"CCRDF","timeseries","grossProfitQ","2026-06-30","0","0","MISSING"
"CCRDF","timeseries","grossProfitQ","2026-03-31","1","0","MISSING"
"CCRDF","timeseries","grossProfitQ","2025-12-31","2","0","MISSING"
"CCRDF","timeseries","grossProfitQ","2025-09-30","3","0","MISSING"
"CDA.AX","timeseries","grossProfitQ","2016-06-30","0","0","MISSING"
"CDA.PA","timeseries","grossProfitQ","2026-03-31","0","0","MISSING"
"CDA.PA","timeseries","grossProfitQ","2025-09-30","1","0","MISSING"
"CDA.PA","timeseries","grossProfitQ","2025-06-30","2","0","MISSING"
"CDA.PA","timeseries","grossProfitQ","2024-06-30","3","0","MISSING"
"CDI.PA","timeseries","grossProfitQ","2015-09-30","0","0","MISSING"
"CDI.PA","timeseries","grossProfitQ","2014-09-30","1","0","MISSING"
"CDI.PA","timeseries","grossProfitQ","2011-09-30","2","0","MISSING"
"CDI.PA","timeseries","grossProfitQ","2011-06-30","3","0","MISSING"
"CDI.VI","timeseries","grossProfitQ","2015-09-30","0","0","MISSING"
"CDI.VI","timeseries","grossProfitQ","2014-09-30","1","0","MISSING"
"CDI.VI","timeseries","grossProfitQ","2011-09-30","2","0","MISSING"
"CDI.VI","timeseries","grossProfitQ","2011-06-30","3","0","MISSING"
"CEN.AX","timeseries","grossProfitQ","2004-09-30","0","0","MISSING"
"CEN.AX","timeseries","grossProfitQ","2004-06-30","1","0","MISSING"
"CEN.NZ","timeseries","grossProfitQ","2004-09-30","0","0","MISSING"
"CEN.NZ","timeseries","grossProfitQ","2004-06-30","1","0","MISSING"
"CENER.AT","timeseries","grossProfitQ","2025-09-30","0","0","MISSING"
"CENER.AT","timeseries","grossProfitQ","2025-06-30","1","0","MISSING"
"CENER.AT","timeseries","grossProfitQ","2025-03-31","2","0","MISSING"
"CENER.AT","timeseries","grossProfitQ","2024-12-31","3","0","MISSING"
"CENER.BR","timeseries","grossProfitQ","2025-09-30","0","0","MISSING"
"CENER.BR","timeseries","grossProfitQ","2025-06-30","1","0","MISSING"
"CENER.BR","timeseries","grossProfitQ","2025-03-31","2","0","MISSING"
"CENER.BR","timeseries","grossProfitQ","2024-12-31","3","0","MISSING"
"CFR.SW","timeseries","grossProfitQ","2026-06-30","0","0","MISSING"
"CFR.SW","timeseries","grossProfitQ","2026-03-31","1","0","MISSING"
"CFR.SW","timeseries","grossProfitQ","2025-12-31","2","0","MISSING"
"CFR.SW","timeseries","grossProfitQ","2025-09-30","3","0","MISSING"
"CFR","annual","annualGP","2025-12-31","0","0","MISSING"
"CFR","annual","annualGP","2024-12-31","1","0","MISSING"
"CFR","annual","annualGP","2023-12-31","2","0","MISSING"
"CFR","annual","annualGP","2022-12-31","3","0","MISSING"
"CFRHF","timeseries","grossProfitQ","2026-06-30","0","0","MISSING"
"CFRHF","timeseries","grossProfitQ","2026-03-31","1","0","MISSING"
"CFRHF","timeseries","grossProfitQ","2025-12-31","2","0","MISSING"
"CFRHF","timeseries","grossProfitQ","2025-09-30","3","0","MISSING"
"CFTE.SW","timeseries","grossProfitQ","2025-09-30","0","0","MISSING"
"CFTE.SW","timeseries","grossProfitQ","2009-12-31","1","0","MISSING"
"CFTE.SW","timeseries","grossProfitQ","2009-09-30","2","0","MISSING"
"CFTE.SW","timeseries","grossProfitQ","2009-06-30","3","0","MISSING"
"CFZ.DE","annual","annualGP","2025-12-31","0","0","MISSING"
"CFZ.DE","annual","annualGP","2024-12-31","1","0","MISSING"
"CFZ.DE","annual","annualGP","2023-12-31","2","0","MISSING"
"CFZ.DE","annual","annualGP","2022-12-31","3","0","MISSING"
"CGKEF","timeseries","grossProfitQ","2026-06-30","0","0","MISSING"
"CGKEF","timeseries","grossProfitQ","2026-03-31","1","0","MISSING"
"CGKEF","timeseries","grossProfitQ","2025-12-31","2","0","MISSING"
"CGKEF","timeseries","grossProfitQ","2025-09-30","3","0","MISSING"
"CGM.DE","timeseries","grossProfitQ","2026-06-30","0","0","MISSING"
"CGM.DE","timeseries","grossProfitQ","2026-03-31","1","0","MISSING"
"CGM.DE","timeseries","grossProfitQ","2025-12-31","2","0","MISSING"
"CGM.DE","timeseries","grossProfitQ","2025-09-30","3","0","MISSING"
"CGSBF","timeseries","grossProfitQ","2026-03-31","0","0","MISSING"
"CGSBF","timeseries","grossProfitQ","2025-12-31","1","0","MISSING"
"CGSBF","timeseries","grossProfitQ","2025-09-30","2","0","MISSING"
"CGSBF","timeseries","grossProfitQ","2025-06-30","3","0","MISSING"
"CGXYF","timeseries","revenueQ","2025-09-30","1","0","MISSING"
"CGXYF","timeseries","grossProfitQ","2026-03-31","0","0","MISSING"
"CGXYF","timeseries","grossProfitQ","2025-06-30","2","0","MISSING"
"CGXYF","timeseries","grossProfitQ","2025-03-31","3","0","MISSING"
"CHAM.SW","timeseries","grossProfitQ","2008-03-31","0","0","MISSING"
"CHAM.SW","timeseries","grossProfitQ","2007-12-31","1","0","MISSING"
"CHAM.SW","timeseries","grossProfitQ","2007-09-30","2","0","MISSING"
"CHAM.SW","timeseries","grossProfitQ","2006-09-30","3","0","MISSING"
"CHDRF","timeseries","grossProfitQ","2015-09-30","0","0","MISSING"
"CHDRF","timeseries","grossProfitQ","2014-09-30","1","0","MISSING"
"CHDRF","timeseries","grossProfitQ","2011-09-30","2","0","MISSING"
"CHDRF","timeseries","grossProfitQ","2011-06-30","3","0","MISSING"
"CHEMM.CO","timeseries","grossProfitQ","2026-06-30","0","0","MISSING"
"CHEMM.CO","timeseries","grossProfitQ","2026-03-31","1","0","MISSING"
"CHEMM.CO","timeseries","grossProfitQ","2025-12-31","2","0","MISSING"
"CHEMM.CO","timeseries","grossProfitQ","2025-09-30","3","0","MISSING"
"CHG.L","timeseries","grossProfitQ","2011-10-31","0","0","MISSING"
"CHILE.SN","annual","annualGP","2025-12-31","0","0","MISSING"
"CHILE.SN","annual","annualGP","2024-12-31","1","0","MISSING"
"CHILE.SN","annual","annualGP","2023-12-31","2","0","MISSING"
"CHILE.SN","annual","annualGP","2022-12-31","3","0","MISSING"
"CHUEF","timeseries","grossProfitQ","2026-03-31","0","0","MISSING"
"CHUEF","timeseries","grossProfitQ","2025-12-31","1","0","MISSING"
"CHUEF","timeseries","grossProfitQ","2025-09-30","2","0","MISSING"
"CHUEF","timeseries","grossProfitQ","2025-06-30","3","0","MISSING"
"CHYCF","timeseries","grossProfitQ","2026-06-30","0","0","MISSING"
"CHYCF","timeseries","grossProfitQ","2025-12-31","1","0","MISSING"
"CHYCF","timeseries","grossProfitQ","2025-09-30","2","0","MISSING"
"CHYCF","timeseries","grossProfitQ","2025-06-30","3","0","MISSING"
"CICOF","timeseries","grossProfitQ","2026-06-30","0","0","MISSING"
"CICOF","timeseries","grossProfitQ","2026-03-31","1","0","MISSING"
"CICOF","timeseries","grossProfitQ","2025-12-31","2","0","MISSING"
"CICOF","timeseries","grossProfitQ","2025-09-30","3","0","MISSING"
"CIE.MC","timeseries","grossProfitQ","2026-06-30","0","0","MISSING"
"CIE.MC","timeseries","grossProfitQ","2025-12-31","1","0","MISSING"
"CIE.MC","timeseries","grossProfitQ","2025-09-30","2","0","MISSING"
"CIE.MC","timeseries","grossProfitQ","2025-06-30","3","0","MISSING"
"CIE.VI","timeseries","grossProfitQ","2026-06-30","0","0","MISSING"
"CIE.VI","timeseries","grossProfitQ","2025-12-31","1","0","MISSING"
"CIE.VI","timeseries","grossProfitQ","2025-09-30","2","0","MISSING"
"CIE.VI","timeseries","grossProfitQ","2025-06-30","3","0","MISSING"
"CIMEF","timeseries","grossProfitQ","2025-12-31","0","0","MISSING"
"CJPRF","timeseries","grossProfitQ","2026-06-30","0","0","MISSING"
"CJPRF","timeseries","grossProfitQ","2026-03-31","1","0","MISSING"
"CJPRF","timeseries","grossProfitQ","2025-12-31","2","0","MISSING"
"CJPRF","timeseries","grossProfitQ","2025-09-30","3","0","MISSING"
"CJRCF","timeseries","revenueQ","2024-06-30","2","0","MISSING"
"CJRCF","timeseries","grossProfitQ","2025-09-30","0","0","MISSING"
"CJRCF","timeseries","grossProfitQ","2024-12-31","1","0","MISSING"
"CJRCF","timeseries","grossProfitQ","2024-03-31","3","0","MISSING"
"CKOCF","timeseries","grossProfitQ","2026-06-30","0","0","MISSING"
"CKOCF","timeseries","grossProfitQ","2025-12-31","1","0","MISSING"
"CKOCF","timeseries","grossProfitQ","2025-06-30","2","0","MISSING"
"CKOCF","timeseries","grossProfitQ","2024-12-31","3","0","MISSING"
"CLARI.PA","timeseries","grossProfitQ","2026-06-30","0","0","MISSING"
"CLARI.PA","timeseries","grossProfitQ","2026-03-31","1","0","MISSING"
"CLARI.PA","timeseries","grossProfitQ","2025-12-31","2","0","MISSING"
"CLARI.PA","timeseries","grossProfitQ","2025-09-30","3","0","MISSING"
"CLEGF","timeseries","grossProfitQ","2023-06-30","0","0","MISSING"
"CLEGF","timeseries","grossProfitQ","2023-03-31","1","0","MISSING"
"CLEGF","timeseries","grossProfitQ","2022-12-31","2","0","MISSING"
"CLEGF","timeseries","grossProfitQ","2022-09-30","3","0","MISSING"
"CLN.SW","timeseries","grossProfitQ","2026-03-31","0","0","MISSING"
"CLN.SW","timeseries","grossProfitQ","2025-12-31","1","0","MISSING"
"CLN.SW","timeseries","grossProfitQ","2025-09-30","2","0","MISSING"
"CLN.SW","timeseries","grossProfitQ","2025-06-30","3","0","MISSING"
"CLN.VI","timeseries","grossProfitQ","2026-03-31","0","0","MISSING"
"CLN.VI","timeseries","grossProfitQ","2025-12-31","1","0","MISSING"
"CLN.VI","timeseries","grossProfitQ","2025-09-30","2","0","MISSING"
"CLN.VI","timeseries","grossProfitQ","2025-06-30","3","0","MISSING"
"CLNX.MC","annual","annualGP","2025-12-31","0","0","MISSING"
"CLNX.MC","annual","annualGP","2024-12-31","1","0","MISSING"
"CLNX.MC","annual","annualGP","2023-12-31","2","0","MISSING"
"CLNX.MC","annual","annualGP","2022-12-31","3","0","MISSING"
"CLNX.VI","annual","annualGP","2025-12-31","0","0","MISSING"
"CLNX.VI","annual","annualGP","2024-12-31","1","0","MISSING"
"CLNX.VI","annual","annualGP","2023-12-31","2","0","MISSING"
"CLNX.VI","annual","annualGP","2022-12-31","3","0","MISSING"
"CMCX.L","annual","annualGP","2026-03-31","0","0","MISSING"
"CMCX.L","annual","annualGP","2025-03-31","1","0","MISSING"
"CMCX.L","annual","annualGP","2024-03-31","2","0","MISSING"
"CMCX.L","annual","annualGP","2023-03-31","3","0","MISSING"
"CMGMF","timeseries","grossProfitQ","2011-10-31","0","0","MISSING"
"CMHHF","timeseries","grossProfitQ","2023-03-31","0","0","MISSING"
"CMPGF","timeseries","grossProfitQ","2021-03-31","0","0","MISSING"
"CMPGF","timeseries","grossProfitQ","2020-12-31","1","0","MISSING"
"CMPGF","timeseries","grossProfitQ","2020-09-30","2","0","MISSING"
"CMPGF","timeseries","grossProfitQ","2020-06-30","3","0","MISSING"
"CMSYF","timeseries","grossProfitQ","2026-06-30","0","0","MISSING"
"CMSYF","timeseries","grossProfitQ","2026-03-31","1","0","MISSING"
"CMSYF","timeseries","grossProfitQ","2025-12-31","2","0","MISSING"
"CMSYF","timeseries","grossProfitQ","2025-09-30","3","0","MISSING"
"CNA","annual","annualRev","2025-12-31","0","0","MISSING"
"CNDF.PA","annual","annualRev","2019-12-31","1","0","MISSING"
"CNICF","timeseries","grossProfitQ","2026-06-30","0","0","MISSING"
"CNICF","timeseries","grossProfitQ","2026-03-31","1","0","MISSING"
"CNICF","timeseries","grossProfitQ","2025-12-31","2","0","MISSING"
"CNICF","timeseries","grossProfitQ","2025-09-30","3","0","MISSING"
"CNN1.VI","timeseries","grossProfitQ","2026-06-30","0","0","MISSING"
"CNN1.VI","timeseries","grossProfitQ","2026-03-31","1","0","MISSING"
"CNN1.VI","timeseries","grossProfitQ","2025-12-31","2","0","MISSING"
"CNN1.VI","timeseries","grossProfitQ","2025-09-30","3","0","MISSING"
"CNO","annual","annualGP","2025-12-31","0","0","MISSING"
"CNO","annual","annualGP","2024-12-31","1","0","MISSING"
"CNO","annual","annualGP","2023-12-31","2","0","MISSING"
"CNO","annual","annualGP","2022-12-31","3","0","MISSING"
"COFA.PA","annual","annualGP","2025-12-31","0","0","MISSING"
"COFA.PA","annual","annualGP","2024-12-31","1","0","MISSING"
"COFA.PA","annual","annualGP","2023-12-31","2","0","MISSING"
"COFA.PA","annual","annualGP","2022-12-31","3","0","MISSING"
"COIHF","timeseries","grossProfitQ","2025-03-31","0","0","MISSING"
"COIHF","timeseries","grossProfitQ","2024-09-30","1","0","MISSING"
"COIHF","timeseries","grossProfitQ","2024-03-31","2","0","MISSING"
"COIHF","timeseries","grossProfitQ","2022-03-31","3","0","MISSING"
"COIN.VI","annual","annualGP","2025-12-31","0","0","MISSING"
"COIN.VI","annual","annualGP","2024-12-31","1","0","MISSING"
"COIN.VI","annual","annualGP","2023-12-31","2","0","MISSING"
"COIN.VI","annual","annualGP","2022-12-31","3","0","MISSING"
"COIN","annual","annualGP","2025-12-31","0","0","MISSING"
"COIN","annual","annualGP","2024-12-31","1","0","MISSING"
"COIN","annual","annualGP","2023-12-31","2","0","MISSING"
"COIN","annual","annualGP","2022-12-31","3","0","MISSING"
"COL.AX","timeseries","grossProfitQ","2023-06-30","0","0","MISSING"
"COL.AX","timeseries","grossProfitQ","2023-03-31","1","0","MISSING"
"COL.AX","timeseries","grossProfitQ","2022-12-31","2","0","MISSING"
"COL.AX","timeseries","grossProfitQ","2022-09-30","3","0","MISSING"
"COLR.BR","timeseries","grossProfitQ","2014-03-31","0","0","MISSING"
"COLR.BR","timeseries","grossProfitQ","2013-12-31","1","0","MISSING"
"COLR.BR","timeseries","grossProfitQ","2013-09-30","2","0","MISSING"
"COLR.BR","timeseries","grossProfitQ","2012-12-31","3","0","MISSING"
"COLR.VI","timeseries","grossProfitQ","2014-03-31","0","0","MISSING"
"COLR.VI","timeseries","grossProfitQ","2013-12-31","1","0","MISSING"
"COLR.VI","timeseries","grossProfitQ","2013-09-30","2","0","MISSING"
"COLR.VI","timeseries","grossProfitQ","2012-12-31","3","0","MISSING"
"COM.MI","timeseries","grossProfitQ","2026-06-30","0","0","MISSING"
"COM.MI","timeseries","grossProfitQ","2023-12-31","1","0","MISSING"
"COTN.SW","timeseries","grossProfitQ","2025-12-31","0","0","MISSING"
"COTN.SW","timeseries","grossProfitQ","2025-09-30","1","0","MISSING"
"COTN.SW","timeseries","grossProfitQ","2024-03-31","2","0","MISSING"
"COTN.SW","timeseries","grossProfitQ","2023-09-30","3","0","MISSING"
"CPBLF","timeseries","revenueQ","2016-03-31","2","0","MISSING"
"CPBLF","timeseries","grossProfitQ","2021-09-30","0","0","MISSING"
"CPBLF","timeseries","grossProfitQ","2021-06-30","1","0","MISSING"
"CPG.L","timeseries","grossProfitQ","2021-03-31","0","0","MISSING"
"CPG.L","timeseries","grossProfitQ","2020-12-31","1","0","MISSING"
"CPG.L","timeseries","grossProfitQ","2020-09-30","2","0","MISSING"
"CPG.L","timeseries","grossProfitQ","2020-06-30","3","0","MISSING"
"CRARF","annual","annualGP","2025-12-31","0","0","MISSING"
"CRARF","annual","annualGP","2024-12-31","1","0","MISSING"
"CRARF","annual","annualGP","2023-12-31","2","0","MISSING"
"CRARF","annual","annualGP","2022-12-31","3","0","MISSING"
"CRBN.AS","timeseries","grossProfitQ","2026-06-30","0","0","MISSING"
"CRBN.AS","timeseries","grossProfitQ","2026-03-31","1","0","MISSING"
"CRBN.AS","timeseries","grossProfitQ","2025-12-31","2","0","MISSING"
"CRBN.AS","timeseries","grossProfitQ","2025-09-30","3","0","MISSING"
"CRDA.L","timeseries","grossProfitQ","2025-03-31","0","0","MISSING"
"CRDA.L","timeseries","grossProfitQ","2024-09-30","1","0","MISSING"
"CRDA.L","timeseries","grossProfitQ","2024-03-31","2","0","MISSING"
"CRDA.L","timeseries","grossProfitQ","2022-03-31","3","0","MISSING"
"CRE.L","annual","annualGP","2025-12-31","0","0","MISSING"
"CRE.L","annual","annualGP","2024-12-31","1","0","MISSING"
"CRE.L","annual","annualGP","2023-12-31","2","0","MISSING"
"CRE.L","annual","annualGP","2022-12-31","3","0","MISSING"
"CRERF","timeseries","grossProfitQ","2026-03-31","0","0","MISSING"
"CRERF","timeseries","grossProfitQ","2025-12-31","1","0","MISSING"
"CRERF","timeseries","grossProfitQ","2025-09-30","2","0","MISSING"
"CRERF","timeseries","grossProfitQ","2025-03-31","3","0","MISSING"
"CRL.MI","timeseries","grossProfitQ","2026-06-30","0","0","MISSING"
"CRL.MI","timeseries","grossProfitQ","2026-03-31","1","0","MISSING"
"CRL.MI","timeseries","grossProfitQ","2025-12-31","2","0","MISSING"
"CRL.MI","timeseries","grossProfitQ","2025-09-30","3","0","MISSING"
"CRRFY","timeseries","grossProfitQ","2026-03-31","0","0","MISSING"
"CRRFY","timeseries","grossProfitQ","2025-12-31","1","0","MISSING"
"CRRFY","timeseries","grossProfitQ","2025-09-30","2","0","MISSING"
"CRRFY","timeseries","grossProfitQ","2025-03-31","3","0","MISSING"
"CRSP","timeseries","grossProfitQ","2026-06-30","0","0","MISSING"
"CRSP","timeseries","grossProfitQ","2026-03-31","1","0","MISSING"
"CRSP","timeseries","grossProfitQ","2025-12-31","2","0","MISSING"
"CRSP","timeseries","grossProfitQ","2025-09-30","3","0","MISSING"
"CRYYF","timeseries","grossProfitQ","2023-09-30","0","0","MISSING"
"CRYYF","timeseries","grossProfitQ","2023-06-30","1","0","MISSING"
"CRYYF","timeseries","grossProfitQ","2023-03-31","2","0","MISSING"
"CRYYF","timeseries","grossProfitQ","2022-12-31","3","0","MISSING"
"CS.PA","timeseries","grossProfitQ","2026-03-31","0","0","MISSING"
"CS.PA","timeseries","grossProfitQ","2025-03-31","1","0","MISSING"
"CS.PA","timeseries","grossProfitQ","2022-03-31","2","0","MISSING"
"CS.PA","timeseries","grossProfitQ","2021-03-31","3","0","MISSING"
"CS.PA","annual","annualGP","2025-12-31","0","0","MISSING"
"CS.PA","annual","annualGP","2024-12-31","1","0","MISSING"
"CS.PA","annual","annualGP","2023-12-31","2","0","MISSING"
"CS.PA","annual","annualGP","2022-12-31","3","0","MISSING"
"CS.SW","timeseries","grossProfitQ","2026-03-31","0","0","MISSING"
"CS.SW","timeseries","grossProfitQ","2025-03-31","1","0","MISSING"
"CS.SW","timeseries","grossProfitQ","2022-03-31","2","0","MISSING"
"CS.SW","timeseries","grossProfitQ","2021-03-31","3","0","MISSING"
"CS.SW","annual","annualGP","2025-12-31","0","0","MISSING"
"CS.SW","annual","annualGP","2024-12-31","1","0","MISSING"
"CS.SW","annual","annualGP","2023-12-31","2","0","MISSING"
"CS.SW","annual","annualGP","2022-12-31","3","0","MISSING"
"CS.VI","timeseries","grossProfitQ","2026-03-31","0","0","MISSING"
"CS.VI","timeseries","grossProfitQ","2025-03-31","1","0","MISSING"
"CS.VI","timeseries","grossProfitQ","2022-03-31","2","0","MISSING"
"CS.VI","timeseries","grossProfitQ","2021-03-31","3","0","MISSING"
"CS.VI","annual","annualGP","2025-12-31","0","0","MISSING"
"CS.VI","annual","annualGP","2024-12-31","1","0","MISSING"
"CS.VI","annual","annualGP","2023-12-31","2","0","MISSING"
"CS.VI","annual","annualGP","2022-12-31","3","0","MISSING"
"CSDXF","timeseries","grossProfitQ","2026-06-30","0","0","MISSING"
"CSDXF","timeseries","grossProfitQ","2026-03-31","1","0","MISSING"
"CSDXF","timeseries","grossProfitQ","2025-12-31","2","0","MISSING"
"CSDXF","timeseries","grossProfitQ","2025-09-30","3","0","MISSING"
"CSG.AS","timeseries","grossProfitQ","2026-06-30","0","0","MISSING"
"CSG.AS","timeseries","grossProfitQ","2026-03-31","1","0","MISSING"
"CSG.AS","timeseries","grossProfitQ","2025-12-31","2","0","MISSING"
"CSG.VI","timeseries","grossProfitQ","2026-06-30","0","0","MISSING"
"CSG.VI","timeseries","grossProfitQ","2026-03-31","1","0","MISSING"
"CSG.VI","timeseries","grossProfitQ","2025-12-31","2","0","MISSING"
"CSMYF","timeseries","grossProfitQ","2026-05-31","0","0","MISSING"
"CSMYF","timeseries","grossProfitQ","2026-02-28","1","0","MISSING"
"CSMYF","timeseries","grossProfitQ","2025-11-30","2","0","MISSING"
"CSMYF","timeseries","grossProfitQ","2025-08-31","3","0","MISSING"
"CSN.L","annual","annualRev","2023-12-31","2","0","MISSING"
"CSN.L","annual","annualGP","2022-12-31","3","0","MISSING"
"CSNVF","timeseries","grossProfitQ","2026-06-30","0","0","MISSING"
"CSNVF","timeseries","grossProfitQ","2026-03-31","1","0","MISSING"
"CSNVF","timeseries","grossProfitQ","2025-12-31","2","0","MISSING"
"CSNVF","timeseries","grossProfitQ","2025-09-30","3","0","MISSING"
"CSPKF","timeseries","revenueQ","2023-06-30","1","0","MISSING"
"CSPKF","timeseries","revenueQ","2022-06-30","3","0","MISSING"
"CSPKF","timeseries","grossProfitQ","2023-09-30","0","0","MISSING"
"CSPKF","timeseries","grossProfitQ","2023-03-31","2","0","MISSING"
"CTEC.L","timeseries","grossProfitQ","2022-06-30","0","0","MISSING"
"CTEC.L","timeseries","grossProfitQ","2022-03-31","1","0","MISSING"
"CTEC.L","timeseries","grossProfitQ","2021-12-31","2","0","MISSING"
"CTEC.L","timeseries","grossProfitQ","2021-09-30","3","0","MISSING"
"CTG.VN","annual","annualGP","2025-12-31","0","0","MISSING"
"CTG.VN","annual","annualGP","2024-12-31","1","0","MISSING"
"CTG.VN","annual","annualGP","2023-12-31","2","0","MISSING"
"CTG.VN","annual","annualGP","2022-12-31","3","0","MISSING"
"CURY.L","timeseries","grossProfitQ","2013-09-30","0","0","MISSING"
"CURY.L","timeseries","grossProfitQ","2011-09-30","1","0","MISSING"
"CURY.L","timeseries","grossProfitQ","2011-06-30","2","0","MISSING"
"CURY.L","timeseries","grossProfitQ","2011-03-31","3","0","MISSING"
"CVSG.L","annual","annualGP","2025-06-30","0","0","MISSING"
"CVSG.L","annual","annualGP","2024-06-30","1","0","MISSING"
"CVSG.L","annual","annualGP","2023-06-30","2","0","MISSING"
"CVSG.L","annual","annualGP","2022-06-30","3","0","MISSING"
"CWAN","timeseries","grossProfitQ","2026-03-31","0","0","MISSING"
"CWAN","timeseries","grossProfitQ","2025-12-31","1","0","MISSING"
"CWAN","timeseries","grossProfitQ","2025-09-30","2","0","MISSING"
"CWAN","timeseries","grossProfitQ","2025-06-30","3","0","MISSING"
"CY6U.SI","timeseries","grossProfitQ","2026-03-31","0","0","MISSING"
"CYAGF","timeseries","grossProfitQ","2026-06-30","0","0","MISSING"
"CYAGF","timeseries","grossProfitQ","2026-03-31","1","0","MISSING"
"CYAGF","timeseries","grossProfitQ","2025-12-31","2","0","MISSING"
"CYAGF","timeseries","grossProfitQ","2025-09-30","3","0","MISSING"
"CYD","timeseries","grossProfitQ","2020-09-30","0","0","MISSING"
"CYD","timeseries","grossProfitQ","2020-06-30","1","0","MISSING"
"CYD","timeseries","grossProfitQ","2020-03-31","2","0","MISSING"
"CYD","timeseries","grossProfitQ","2019-12-31","3","0","MISSING"
"CYL.AX","annual","annualRev","2023-06-30","3","0","MISSING"
"DACHF","timeseries","grossProfitQ","2026-06-30","0","0","MISSING"
"DACHF","timeseries","grossProfitQ","2026-03-31","1","0","MISSING"
"DACHF","timeseries","grossProfitQ","2025-12-31","2","0","MISSING"
"DACHF","timeseries","grossProfitQ","2025-09-30","3","0","MISSING"
"DAE.SW","timeseries","grossProfitQ","2007-06-30","0","0","MISSING"
"DAIPF","timeseries","grossProfitQ","2026-06-30","0","0","MISSING"
"DAIPF","timeseries","grossProfitQ","2026-03-31","1","0","MISSING"
"DAIPF","timeseries","grossProfitQ","2025-12-31","2","0","MISSING"
"DAIPF","timeseries","grossProfitQ","2025-09-30","3","0","MISSING"
"DAN.MI","timeseries","revenueQ","2014-12-31","2","0","MISSING"
"DAN.MI","timeseries","grossProfitQ","2016-06-30","0","0","MISSING"
"DAN.MI","timeseries","grossProfitQ","2015-06-30","1","0","MISSING"
"DAN.MI","timeseries","grossProfitQ","2014-06-30","3","0","MISSING"
"DBG.PA","timeseries","grossProfitQ","2014-06-30","0","0","MISSING"
"DBG.PA","timeseries","grossProfitQ","2014-03-31","1","0","MISSING"
"DBG.PA","timeseries","grossProfitQ","2013-12-31","2","0","MISSING"
"DBG.PA","timeseries","grossProfitQ","2013-03-31","3","0","MISSING"
"DCNSF","timeseries","grossProfitQ","2026-06-30","0","0","MISSING"
"DCNSF","timeseries","grossProfitQ","2026-03-31","1","0","MISSING"
"DCNSF","timeseries","grossProfitQ","2025-12-31","2","0","MISSING"
"DCNSF","timeseries","grossProfitQ","2025-09-30","3","0","MISSING"
"DEC.PA","timeseries","grossProfitQ","2026-06-30","0","0","MISSING"
"DEC.PA","timeseries","grossProfitQ","2026-03-31","1","0","MISSING"
"DEC.PA","timeseries","grossProfitQ","2025-12-31","2","0","MISSING"
"DEC.PA","timeseries","grossProfitQ","2025-09-30","3","0","MISSING"
"DEMA.VI","timeseries","grossProfitQ","2026-06-30","0","0","MISSING"
"DEMA.VI","timeseries","grossProfitQ","2026-03-31","1","0","MISSING"
"DEMA.VI","timeseries","grossProfitQ","2025-12-31","2","0","MISSING"
"DEMA.VI","timeseries","grossProfitQ","2025-09-30","3","0","MISSING"
"DEMANT.CO","timeseries","grossProfitQ","2026-06-30","0","0","MISSING"
"DEMANT.CO","timeseries","grossProfitQ","2026-03-31","1","0","MISSING"
"DEMANT.CO","timeseries","grossProfitQ","2025-12-31","2","0","MISSING"
"DEMANT.CO","timeseries","grossProfitQ","2025-09-30","3","0","MISSING"
"DEO","timeseries","revenueQ","2025-06-30","2","0","MISSING"
"DEO","timeseries","grossProfitQ","2026-06-30","0","0","MISSING"
"DEO","timeseries","grossProfitQ","2025-12-31","1","0","MISSING"
"DEO","timeseries","grossProfitQ","2022-09-30","3","0","MISSING"
"DFY.TO","annual","annualGP","2025-12-31","0","0","MISSING"
"DFY.TO","annual","annualGP","2024-12-31","1","0","MISSING"
"DFY.TO","annual","annualGP","2023-12-31","2","0","MISSING"
"DFY.TO","annual","annualGP","2022-12-31","3","0","MISSING"
"DFYFF","annual","annualGP","2025-12-31","0","0","MISSING"
"DFYFF","annual","annualGP","2024-12-31","1","0","MISSING"
"DFYFF","annual","annualGP","2023-12-31","2","0","MISSING"
"DFYFF","annual","annualGP","2022-12-31","3","0","MISSING"
"DG.PA","timeseries","grossProfitQ","2026-06-30","0","0","MISSING"
"DG.PA","timeseries","grossProfitQ","2026-03-31","1","0","MISSING"
"DG.PA","timeseries","grossProfitQ","2025-12-31","2","0","MISSING"
"DG.PA","timeseries","grossProfitQ","2025-09-30","3","0","MISSING"
"DG.VI","timeseries","grossProfitQ","2026-06-30","0","0","MISSING"
"DG.VI","timeseries","grossProfitQ","2026-03-31","1","0","MISSING"
"DG.VI","timeseries","grossProfitQ","2025-12-31","2","0","MISSING"
"DG.VI","timeseries","grossProfitQ","2025-09-30","3","0","MISSING"
"DGE.L","timeseries","revenueQ","2025-06-30","2","0","MISSING"
"DGE.L","timeseries","grossProfitQ","2026-06-30","0","0","MISSING"
"DGE.L","timeseries","grossProfitQ","2025-12-31","1","0","MISSING"
"DGE.L","timeseries","grossProfitQ","2022-09-30","3","0","MISSING"
"DGED.L","timeseries","revenueQ","2025-06-30","2","0","MISSING"
"DGED.L","timeseries","grossProfitQ","2026-06-30","0","0","MISSING"
"DGED.L","timeseries","grossProfitQ","2025-12-31","1","0","MISSING"
"DGED.L","timeseries","grossProfitQ","2022-09-30","3","0","MISSING"
"DHER.DE","timeseries","grossProfitQ","2026-06-30","0","0","MISSING"
"DHER.DE","timeseries","grossProfitQ","2026-03-31","1","0","MISSING"
"DHER.DE","timeseries","grossProfitQ","2025-09-30","2","0","MISSING"
"DHER.DE","timeseries","grossProfitQ","2025-06-30","3","0","MISSING"
"DHER.SW","timeseries","grossProfitQ","2026-06-30","0","0","MISSING"
"DHER.SW","timeseries","grossProfitQ","2026-03-31","1","0","MISSING"
"DHER.SW","timeseries","grossProfitQ","2025-09-30","2","0","MISSING"
"DHER.SW","timeseries","grossProfitQ","2025-06-30","3","0","MISSING"
"DHER.VI","timeseries","grossProfitQ","2026-06-30","0","0","MISSING"
"DHER.VI","timeseries","grossProfitQ","2026-03-31","1","0","MISSING"
"DHER.VI","timeseries","grossProfitQ","2025-09-30","2","0","MISSING"
"DHER.VI","timeseries","grossProfitQ","2025-06-30","3","0","MISSING"
"DIA.MC","timeseries","grossProfitQ","2026-06-30","0","0","MISSING"
"DIA.MC","timeseries","grossProfitQ","2026-03-31","1","0","MISSING"
"DIA.MC","timeseries","grossProfitQ","2025-06-30","2","0","MISSING"
"DIA.MC","timeseries","grossProfitQ","2023-06-30","3","0","MISSING"
"DIA.MI","timeseries","grossProfitQ","2026-06-30","0","0","MISSING"
"DIA.MI","timeseries","grossProfitQ","2026-03-31","1","0","MISSING"
"DIA.MI","timeseries","grossProfitQ","2025-12-31","2","0","MISSING"
"DIA.MI","timeseries","grossProfitQ","2025-09-30","3","0","MISSING"
"DIAS.VI","timeseries","grossProfitQ","2026-06-30","0","0","MISSING"
"DIAS.VI","timeseries","grossProfitQ","2026-03-31","1","0","MISSING"
"DIAS.VI","timeseries","grossProfitQ","2025-12-31","2","0","MISSING"
"DIAS.VI","timeseries","grossProfitQ","2025-09-30","3","0","MISSING"
"DIO.DE","timeseries","grossProfitQ","2015-09-30","0","0","MISSING"
"DIO.DE","timeseries","grossProfitQ","2014-09-30","1","0","MISSING"
"DIO.DE","timeseries","grossProfitQ","2011-09-30","2","0","MISSING"
"DIO.DE","timeseries","grossProfitQ","2011-06-30","3","0","MISSING"
"DISPF","timeseries","grossProfitQ","2026-06-30","0","0","MISSING"
"DISPF","timeseries","grossProfitQ","2026-03-31","1","0","MISSING"
"DISPF","timeseries","grossProfitQ","2025-12-31","2","0","MISSING"
"DISPF","timeseries","grossProfitQ","2025-09-30","3","0","MISSING"
"DITTF","timeseries","grossProfitQ","2026-06-30","0","0","MISSING"
"DITTF","timeseries","grossProfitQ","2026-03-31","1","0","MISSING"
"DITTF","timeseries","grossProfitQ","2025-12-31","2","0","MISSING"
"DITTF","timeseries","grossProfitQ","2025-09-30","3","0","MISSING"
"DKI.VI","timeseries","grossProfitQ","2026-06-30","0","0","MISSING"
"DKI.VI","timeseries","grossProfitQ","2026-03-31","1","0","MISSING"
"DKI.VI","timeseries","grossProfitQ","2025-12-31","2","0","MISSING"
"DKI.VI","timeseries","grossProfitQ","2025-09-30","3","0","MISSING"
"DNACF","timeseries","grossProfitQ","2026-06-30","0","0","MISSING"
"DNACF","timeseries","grossProfitQ","2026-03-31","1","0","MISSING"
"DNACF","timeseries","grossProfitQ","2025-12-31","2","0","MISSING"
"DNACF","timeseries","grossProfitQ","2025-09-30","3","0","MISSING"
"DNEMF","timeseries","grossProfitQ","2026-06-30","0","0","MISSING"
"DNEMF","timeseries","grossProfitQ","2026-03-31","1","0","MISSING"
"DNEMF","timeseries","grossProfitQ","2025-09-30","2","0","MISSING"
"DNEMF","timeseries","grossProfitQ","2019-09-30","3","0","MISSING"
"DNERF","timeseries","grossProfitQ","2021-06-30","0","0","MISSING"
"DNL.AX","timeseries","grossProfitQ","2022-09-30","0","0","MISSING"
"DNL.AX","timeseries","grossProfitQ","2022-06-30","1","0","MISSING"
"DNL.AX","timeseries","grossProfitQ","2022-03-31","2","0","MISSING"
"DNL.AX","timeseries","grossProfitQ","2021-12-31","3","0","MISSING"
"DNLI","annual","annualRev","2024-12-31","1","0","MISSING"
"DNLM.L","timeseries","grossProfitQ","2026-06-30","0","0","MISSING"
"DNLM.L","timeseries","grossProfitQ","2026-03-31","1","0","MISSING"
"DNLM.L","timeseries","grossProfitQ","2025-09-30","2","0","MISSING"
"DNLM.L","timeseries","grossProfitQ","2019-09-30","3","0","MISSING"
"DNPUF","timeseries","grossProfitQ","2026-06-30","0","0","MISSING"
"DNPUF","timeseries","grossProfitQ","2026-03-31","1","0","MISSING"
"DNPUF","timeseries","grossProfitQ","2025-12-31","2","0","MISSING"
"DNPUF","timeseries","grossProfitQ","2025-09-30","3","0","MISSING"
"DOCS.L","timeseries","grossProfitQ","2024-03-31","0","0","MISSING"
"DOCS.L","timeseries","grossProfitQ","2023-12-31","1","0","MISSING"
"DOW.AX","timeseries","grossProfitQ","2021-06-30","0","0","MISSING"
"DQJCF","timeseries","grossProfitQ","2026-06-30","0","0","MISSING"
"DQJCF","timeseries","grossProfitQ","2026-03-31","1","0","MISSING"
"DQJCF","timeseries","grossProfitQ","2025-12-31","2","0","MISSING"
"DQJCF","timeseries","grossProfitQ","2025-09-30","3","0","MISSING"
"DRD","timeseries","grossProfitQ","2008-12-31","0","0","MISSING"
"DRD","timeseries","grossProfitQ","2008-06-30","1","0","MISSING"
"DRD","timeseries","grossProfitQ","2008-03-31","2","0","MISSING"
"DRD","timeseries","grossProfitQ","2007-12-31","3","0","MISSING"
"DSECF","timeseries","revenueQ","2025-09-30","3","0","MISSING"
"DSECF","timeseries","grossProfitQ","2026-06-30","0","0","MISSING"
"DSECF","timeseries","grossProfitQ","2026-03-31","1","0","MISSING"
"DSECF","timeseries","grossProfitQ","2025-12-31","2","0","MISSING"
"DSEEY","timeseries","revenueQ","2025-09-30","3","0","MISSING"
"DSEEY","timeseries","grossProfitQ","2026-06-30","0","0","MISSING"
"DSEEY","timeseries","grossProfitQ","2026-03-31","1","0","MISSING"
"DSEEY","timeseries","grossProfitQ","2025-12-31","2","0","MISSING"
"DSFI.VI","timeseries","grossProfitQ","2026-06-30","0","0","MISSING"
"DSFI.VI","timeseries","grossProfitQ","2026-03-31","1","0","MISSING"
"DSFI.VI","timeseries","grossProfitQ","2025-12-31","2","0","MISSING"
"DSFI.VI","timeseries","grossProfitQ","2025-09-30","3","0","MISSING"
"DSFIR.AS","timeseries","grossProfitQ","2026-06-30","0","0","MISSING"
"DSFIR.AS","timeseries","grossProfitQ","2026-03-31","1","0","MISSING"
"DSFIR.AS","timeseries","grossProfitQ","2025-12-31","2","0","MISSING"
"DSFIR.AS","timeseries","grossProfitQ","2025-09-30","3","0","MISSING"
"DSFIR.SW","timeseries","grossProfitQ","2026-06-30","0","0","MISSING"
"DSFIR.SW","timeseries","grossProfitQ","2026-03-31","1","0","MISSING"
"DSFIR.SW","timeseries","grossProfitQ","2025-12-31","2","0","MISSING"
"DSFIR.SW","timeseries","grossProfitQ","2025-09-30","3","0","MISSING"
"DSHHF","timeseries","revenueQ","2026-03-31","1","0","MISSING"
"DSHHF","timeseries","grossProfitQ","2026-06-30","0","0","MISSING"
"DSHHF","timeseries","grossProfitQ","2025-12-31","2","0","MISSING"
"DSHHF","timeseries","grossProfitQ","2025-06-30","3","0","MISSING"
"DSHHF","annual","annualGP","2026-03-31","0","0","MISSING"
"DSHHF","annual","annualGP","2025-03-31","1","0","MISSING"
"DSHHF","annual","annualGP","2024-03-31","2","0","MISSING"
"DSHHF","annual","annualGP","2023-03-31","3","0","MISSING"
"DSITF","timeseries","grossProfitQ","2013-09-30","0","0","MISSING"
"DSITF","timeseries","grossProfitQ","2011-09-30","1","0","MISSING"
"DSITF","timeseries","grossProfitQ","2011-06-30","2","0","MISSING"
"DSITF","timeseries","grossProfitQ","2011-03-31","3","0","MISSING"
"DSKYF","timeseries","grossProfitQ","2026-03-31","0","0","MISSING"
"DSKYF","timeseries","grossProfitQ","2025-12-31","1","0","MISSING"
"DSKYF","timeseries","grossProfitQ","2025-09-30","2","0","MISSING"
"DSKYF","timeseries","grossProfitQ","2025-06-30","3","0","MISSING"
"DSMFF","timeseries","grossProfitQ","2026-06-30","0","0","MISSING"
"DSMFF","timeseries","grossProfitQ","2026-03-31","1","0","MISSING"
"DSMFF","timeseries","grossProfitQ","2025-12-31","2","0","MISSING"
"DSMFF","timeseries","grossProfitQ","2025-09-30","3","0","MISSING"
"DSRLF","timeseries","grossProfitQ","2026-06-30","0","0","MISSING"
"DSRLF","timeseries","grossProfitQ","2026-03-31","1","0","MISSING"
"DSRLF","timeseries","grossProfitQ","2025-12-31","2","0","MISSING"
"DSRLF","timeseries","grossProfitQ","2025-09-30","3","0","MISSING"
"DSV.TO","annual","annualRev","2024-12-31","1","0","MISSING"
"DUBK.QA","annual","annualRev","2022-12-31","3","0","MISSING"
"DVP.AX","timeseries","grossProfitQ","2026-06-30","0","0","MISSING"
"DWAHF","timeseries","grossProfitQ","2026-06-30","0","0","MISSING"
"DWAHF","timeseries","grossProfitQ","2026-03-31","1","0","MISSING"
"DWAHF","timeseries","grossProfitQ","2025-12-31","2","0","MISSING"
"DWAHF","timeseries","grossProfitQ","2025-09-30","3","0","MISSING"
"E28.SI","timeseries","revenueQ","2024-06-30","0","0","MISSING"
"E28.SI","timeseries","revenueQ","2022-09-30","3","0","MISSING"
"E28.SI","timeseries","grossProfitQ","2023-09-30","1","0","MISSING"
"E28.SI","timeseries","grossProfitQ","2022-12-31","2","0","MISSING"
"E3B.DE","timeseries","grossProfitQ","2026-06-30","0","0","MISSING"
"E3B.DE","timeseries","grossProfitQ","2025-12-31","1","0","MISSING"
"E3B.DE","timeseries","grossProfitQ","2025-09-30","2","0","MISSING"
"E3B.DE","timeseries","grossProfitQ","2025-06-30","3","0","MISSING"
"EBO.DE","annual","annualGP","2025-12-31","0","0","MISSING"
"EBO.DE","annual","annualGP","2024-12-31","1","0","MISSING"
"EBO.DE","annual","annualGP","2023-12-31","2","0","MISSING"
"EBO.DE","annual","annualGP","2022-12-31","3","0","MISSING"
"EBP.WA","annual","annualGP","2025-12-31","0","0","MISSING"
"EBP.WA","annual","annualGP","2024-12-31","1","0","MISSING"
"EBP.WA","annual","annualGP","2023-12-31","2","0","MISSING"
"EBP.WA","annual","annualGP","2022-12-31","3","0","MISSING"
"EBRO.MC","timeseries","grossProfitQ","2026-06-30","0","0","MISSING"
"EBRO.MC","timeseries","grossProfitQ","2026-03-31","1","0","MISSING"
"EBRO.MC","timeseries","grossProfitQ","2025-12-31","2","0","MISSING"
"EBRO.MC","timeseries","grossProfitQ","2025-09-30","3","0","MISSING"
"EBS.VI","annual","annualGP","2025-12-31","0","0","MISSING"
"EBS.VI","annual","annualGP","2024-12-31","1","0","MISSING"
"EBS.VI","annual","annualGP","2023-12-31","2","0","MISSING"
"EBS.VI","annual","annualGP","2022-12-31","3","0","MISSING"
"EC.PA","timeseries","grossProfitQ","2013-12-31","0","0","MISSING"
"EDELWEISS.BO","annual","annualRev","2022-03-31","1","0","MISSING"
"EDELWEISS.NS","annual","annualRev","2022-03-31","1","0","MISSING"
"EDEN.PA","timeseries","grossProfitQ","2026-06-30","0","0","MISSING"
"EDEN.PA","timeseries","grossProfitQ","2026-03-31","1","0","MISSING"
"EDEN.PA","timeseries","grossProfitQ","2025-12-31","2","0","MISSING"
"EDEN.PA","timeseries","grossProfitQ","2025-09-30","3","0","MISSING"
"EDEN.VI","timeseries","grossProfitQ","2026-06-30","0","0","MISSING"
"EDEN.VI","timeseries","grossProfitQ","2026-03-31","1","0","MISSING"
"EDEN.VI","timeseries","grossProfitQ","2025-12-31","2","0","MISSING"
"EDEN.VI","timeseries","grossProfitQ","2025-09-30","3","0","MISSING"
"EDPR.LS","timeseries","grossProfitQ","2026-06-30","0","0","MISSING"
"EDPR.LS","timeseries","grossProfitQ","2026-03-31","1","0","MISSING"
"EDPR.LS","timeseries","grossProfitQ","2025-12-31","2","0","MISSING"
"EDPR.LS","timeseries","grossProfitQ","2025-09-30","3","0","MISSING"
"EEE.AT","timeseries","grossProfitQ","2026-06-30","0","0","MISSING"
"EEE.AT","timeseries","grossProfitQ","2025-12-31","1","0","MISSING"
"EEE.AT","timeseries","grossProfitQ","2025-09-30","2","0","MISSING"
"EEE.AT","timeseries","grossProfitQ","2025-06-30","3","0","MISSING"
"EFGSF","timeseries","grossProfitQ","2026-06-30","0","0","MISSING"
"EFGSF","timeseries","grossProfitQ","2025-12-31","1","0","MISSING"
"EFGSF","timeseries","grossProfitQ","2025-09-30","2","0","MISSING"
"EFGSF","timeseries","grossProfitQ","2025-06-30","3","0","MISSING"
"EGL.LS","timeseries","grossProfitQ","2026-06-30","0","0","MISSING"
"EGL.LS","timeseries","grossProfitQ","2026-03-31","1","0","MISSING"
"EGL.LS","timeseries","grossProfitQ","2025-12-31","2","0","MISSING"
"EGL.LS","timeseries","grossProfitQ","2024-12-31","3","0","MISSING"
"EI.VI","timeseries","grossProfitQ","2026-06-30","0","0","MISSING"
"EI.VI","timeseries","grossProfitQ","2026-03-31","1","0","MISSING"
"EI.VI","timeseries","grossProfitQ","2025-12-31","2","0","MISSING"
"EI.VI","timeseries","grossProfitQ","2025-09-30","3","0","MISSING"
"EIB.VN","annual","annualRev","2025-12-31","0","0","MISSING"
"EJT1.DE","timeseries","grossProfitQ","2026-06-30","0","0","MISSING"
"EJT1.DE","timeseries","grossProfitQ","2025-09-30","1","0","MISSING"
"EJT1.DE","timeseries","grossProfitQ","2025-03-31","2","0","MISSING"
"EJT1.DE","timeseries","grossProfitQ","2024-12-31","3","0","MISSING"
"EJTTF","timeseries","grossProfitQ","2026-06-30","0","0","MISSING"
"EJTTF","timeseries","grossProfitQ","2025-09-30","1","0","MISSING"
"EJTTF","timeseries","grossProfitQ","2025-03-31","2","0","MISSING"
"EJTTF","timeseries","grossProfitQ","2024-12-31","3","0","MISSING"
"EL.PA","timeseries","grossProfitQ","2026-06-30","0","0","MISSING"
"EL.PA","timeseries","grossProfitQ","2026-03-31","1","0","MISSING"
"EL.PA","timeseries","grossProfitQ","2025-12-31","2","0","MISSING"
"EL.PA","timeseries","grossProfitQ","2025-09-30","3","0","MISSING"
"ELHA.AT","timeseries","revenueQ","2019-12-31","3","0","MISSING"
"ELHA.AT","timeseries","grossProfitQ","2021-06-30","0","0","MISSING"
"ELHA.AT","timeseries","grossProfitQ","2021-03-31","1","0","MISSING"
"ELHA.AT","timeseries","grossProfitQ","2020-12-31","2","0","MISSING"
"ELIS.PA","timeseries","grossProfitQ","2026-06-30","0","0","MISSING"
"ELIS.PA","timeseries","grossProfitQ","2026-03-31","1","0","MISSING"
"ELIS.PA","timeseries","grossProfitQ","2025-12-31","2","0","MISSING"
"ELIS.PA","timeseries","grossProfitQ","2025-09-30","3","0","MISSING"
"ELIS.VI","timeseries","grossProfitQ","2026-06-30","0","0","MISSING"
"ELIS.VI","timeseries","grossProfitQ","2026-03-31","1","0","MISSING"
"ELIS.VI","timeseries","grossProfitQ","2025-12-31","2","0","MISSING"
"ELIS.VI","timeseries","grossProfitQ","2025-09-30","3","0","MISSING"
"ELM.L","timeseries","grossProfitQ","2021-03-31","0","0","MISSING"
"ELSSF","timeseries","grossProfitQ","2026-06-30","0","0","MISSING"
"ELSSF","timeseries","grossProfitQ","2026-03-31","1","0","MISSING"
"ELSSF","timeseries","grossProfitQ","2025-12-31","2","0","MISSING"
"ELSSF","timeseries","grossProfitQ","2025-09-30","3","0","MISSING"
"EMEIS.PA","timeseries","grossProfitQ","2026-06-30","0","0","MISSING"
"EMEIS.PA","timeseries","grossProfitQ","2026-03-31","1","0","MISSING"
"EMEIS.PA","timeseries","grossProfitQ","2025-09-30","2","0","MISSING"
"EMEIS.PA","timeseries","grossProfitQ","2025-06-30","3","0","MISSING"
"EMG.L","timeseries","grossProfitQ","2012-06-30","0","0","MISSING"
"EMG.L","timeseries","grossProfitQ","2011-12-31","1","0","MISSING"
"EMSHF","timeseries","grossProfitQ","2025-06-30","0","0","MISSING"
"EMSHF","timeseries","grossProfitQ","2025-03-31","1","0","MISSING"
"EMSHF","timeseries","grossProfitQ","2024-12-31","2","0","MISSING"
"EMSHF","timeseries","grossProfitQ","2024-09-30","3","0","MISSING"
"EMSN.SW","timeseries","grossProfitQ","2025-06-30","0","0","MISSING"
"EMSN.SW","timeseries","grossProfitQ","2025-03-31","1","0","MISSING"
"EMSN.SW","timeseries","grossProfitQ","2024-12-31","2","0","MISSING"
"EMSN.SW","timeseries","grossProfitQ","2024-09-30","3","0","MISSING"
"EMSN.VI","timeseries","grossProfitQ","2025-06-30","0","0","MISSING"
"EMSN.VI","timeseries","grossProfitQ","2025-03-31","1","0","MISSING"
"EMSN.VI","timeseries","grossProfitQ","2024-12-31","2","0","MISSING"
"EMSN.VI","timeseries","grossProfitQ","2024-09-30","3","0","MISSING"
"ENGI.PA","timeseries","grossProfitQ","2026-06-30","0","0","MISSING"
"ENGI.PA","timeseries","grossProfitQ","2025-12-31","1","0","MISSING"
"ENGI.PA","timeseries","grossProfitQ","2025-09-30","2","0","MISSING"
"ENGI.PA","timeseries","grossProfitQ","2025-06-30","3","0","MISSING"
"ENGI.VI","timeseries","grossProfitQ","2026-06-30","0","0","MISSING"
"ENGI.VI","timeseries","grossProfitQ","2025-12-31","1","0","MISSING"
"ENGI.VI","timeseries","grossProfitQ","2025-09-30","2","0","MISSING"
"ENGI.VI","timeseries","grossProfitQ","2025-06-30","3","0","MISSING"
"ENO.MC","timeseries","grossProfitQ","2026-06-30","0","0","MISSING"
"ENO.MC","timeseries","grossProfitQ","2026-03-31","1","0","MISSING"
"ENO.MC","timeseries","grossProfitQ","2025-12-31","2","0","MISSING"
"ENO.MC","timeseries","grossProfitQ","2025-09-30","3","0","MISSING"
"ENX.VI","annual","annualGP","2025-12-31","0","0","MISSING"
"ENX.VI","annual","annualGP","2024-12-31","1","0","MISSING"
"ENX.VI","annual","annualGP","2023-12-31","2","0","MISSING"
"ENX.VI","annual","annualGP","2022-12-31","3","0","MISSING"
"EPWDF","timeseries","grossProfitQ","2026-06-30","0","0","MISSING"
"EPWDF","timeseries","grossProfitQ","2026-03-31","1","0","MISSING"
"EPWDF","timeseries","grossProfitQ","2025-12-31","2","0","MISSING"
"EPWDF","timeseries","grossProfitQ","2025-09-30","3","0","MISSING"
"EQR.AX","annual","annualRev","2025-06-30","0","0","MISSING"
"EQR.AX","annual","annualRev","2022-06-30","2","0","MISSING"
"EQT.ST","timeseries","grossProfitQ","2020-12-31","0","0","MISSING"
"EQT.ST","timeseries","grossProfitQ","2020-09-30","1","0","MISSING"
"ER7.DE","timeseries","grossProfitQ","2026-06-30","0","0","MISSING"
"ER7.DE","timeseries","grossProfitQ","2026-03-31","1","0","MISSING"
"ER7.DE","timeseries","grossProfitQ","2025-12-31","2","0","MISSING"
"ER7.DE","timeseries","grossProfitQ","2025-09-30","3","0","MISSING"
"ERA.PA","timeseries","grossProfitQ","2026-06-30","0","0","MISSING"
"ERA.PA","timeseries","grossProfitQ","2026-03-31","1","0","MISSING"
"ERA.PA","timeseries","grossProfitQ","2025-12-31","2","0","MISSING"
"ERA.PA","timeseries","grossProfitQ","2025-09-30","3","0","MISSING"
"ERAM.VI","timeseries","grossProfitQ","2026-06-30","0","0","MISSING"
"ERAM.VI","timeseries","grossProfitQ","2026-03-31","1","0","MISSING"
"ERAM.VI","timeseries","grossProfitQ","2025-12-31","2","0","MISSING"
"ERAM.VI","timeseries","grossProfitQ","2025-09-30","3","0","MISSING"
"ERF.PA","timeseries","grossProfitQ","2026-06-30","0","0","MISSING"
"ERF.PA","timeseries","grossProfitQ","2026-03-31","1","0","MISSING"
"ERF.PA","timeseries","grossProfitQ","2025-09-30","2","0","MISSING"
"ERF.PA","timeseries","grossProfitQ","2025-03-31","3","0","MISSING"
"ERIE","annual","annualGP","2025-12-31","0","0","MISSING"
"ERIE","annual","annualGP","2024-12-31","1","0","MISSING"
"ERIE","annual","annualGP","2023-12-31","2","0","MISSING"
"ERIE","annual","annualGP","2022-12-31","3","0","MISSING"
"ERMAF","timeseries","grossProfitQ","2026-06-30","0","0","MISSING"
"ERMAF","timeseries","grossProfitQ","2026-03-31","1","0","MISSING"
"ERMAF","timeseries","grossProfitQ","2025-12-31","2","0","MISSING"
"ERMAF","timeseries","grossProfitQ","2025-09-30","3","0","MISSING"
"ESF.VI","timeseries","grossProfitQ","2026-06-30","0","0","MISSING"
"ESF.VI","timeseries","grossProfitQ","2026-03-31","1","0","MISSING"
"ESF.VI","timeseries","grossProfitQ","2025-09-30","2","0","MISSING"
"ESF.VI","timeseries","grossProfitQ","2025-03-31","3","0","MISSING"
"ESF0.DE","timeseries","grossProfitQ","2026-06-30","0","0","MISSING"
"ESF0.DE","timeseries","grossProfitQ","2026-03-31","1","0","MISSING"
"ESF0.DE","timeseries","grossProfitQ","2025-09-30","2","0","MISSING"
"ESF0.DE","timeseries","grossProfitQ","2025-03-31","3","0","MISSING"
"ESL.DE","timeseries","grossProfitQ","2026-06-30","0","0","MISSING"
"ESL.DE","timeseries","grossProfitQ","2026-03-31","1","0","MISSING"
"ESL.DE","timeseries","grossProfitQ","2025-12-31","2","0","MISSING"
"ESL.DE","timeseries","grossProfitQ","2025-09-30","3","0","MISSING"
"ESYJY","timeseries","grossProfitQ","2026-06-30","0","0","MISSING"
"ESYJY","timeseries","grossProfitQ","2025-09-30","1","0","MISSING"
"ESYJY","timeseries","grossProfitQ","2025-03-31","2","0","MISSING"
"ESYJY","timeseries","grossProfitQ","2024-12-31","3","0","MISSING"
"ETE.AT","annual","annualGP","2025-12-31","0","0","MISSING"
"ETE.AT","annual","annualGP","2024-12-31","1","0","MISSING"
"ETE.AT","annual","annualGP","2023-12-31","2","0","MISSING"
"ETE.AT","annual","annualGP","2022-12-31","3","0","MISSING"
"ETL.L","timeseries","grossProfitQ","2026-06-30","0","0","MISSING"
"ETL.L","timeseries","grossProfitQ","2025-12-31","1","0","MISSING"
"ETL.L","timeseries","grossProfitQ","2025-09-30","2","0","MISSING"
"ETL.L","timeseries","grossProfitQ","2025-06-30","3","0","MISSING"
"ETL.PA","timeseries","grossProfitQ","2026-06-30","0","0","MISSING"
"ETL.PA","timeseries","grossProfitQ","2025-12-31","1","0","MISSING"
"ETL.PA","timeseries","grossProfitQ","2025-09-30","2","0","MISSING"
"ETL.PA","timeseries","grossProfitQ","2025-06-30","3","0","MISSING"
"ETL.VI","timeseries","grossProfitQ","2026-06-30","0","0","MISSING"
"ETL.VI","timeseries","grossProfitQ","2025-12-31","1","0","MISSING"
"ETL.VI","timeseries","grossProfitQ","2025-09-30","2","0","MISSING"
"ETL.VI","timeseries","grossProfitQ","2025-06-30","3","0","MISSING"
"ETS.VI","timeseries","grossProfitQ","2025-03-31","0","0","MISSING"
"ETS.VI","timeseries","grossProfitQ","2024-03-31","1","0","MISSING"
"EUROB.AT","annual","annualGP","2025-12-31","0","0","MISSING"
"EUROB.AT","annual","annualGP","2024-12-31","1","0","MISSING"
"EUROB.AT","annual","annualGP","2023-12-31","2","0","MISSING"
"EUROB.AT","annual","annualGP","2022-12-31","3","0","MISSING"
"EVN.AX","timeseries","grossProfitQ","2013-06-30","0","0","MISSING"
"EVN.AX","timeseries","grossProfitQ","2013-03-31","1","0","MISSING"
"EVN.AX","timeseries","grossProfitQ","2012-12-31","2","0","MISSING"
"EVN.AX","timeseries","grossProfitQ","2012-09-30","3","0","MISSING"
"EVN.AX","annual","annualGP","2026-06-30","0","0","MISSING"
"EVN.AX","annual","annualGP","2025-06-30","1","0","MISSING"
"EVN.AX","annual","annualGP","2024-06-30","2","0","MISSING"
"EVN.AX","annual","annualGP","2023-06-30","3","0","MISSING"
"EVR","annual","annualGP","2025-12-31","0","0","MISSING"
"EVR","annual","annualGP","2024-12-31","1","0","MISSING"
"EVR","annual","annualGP","2023-12-31","2","0","MISSING"
"EVR","annual","annualGP","2022-12-31","3","0","MISSING"
"EXA.PA","timeseries","grossProfitQ","2026-06-30","0","0","MISSING"
"EXA.PA","timeseries","grossProfitQ","2025-12-31","1","0","MISSING"
"EXA.PA","timeseries","grossProfitQ","2025-09-30","2","0","MISSING"
"EXA.PA","timeseries","grossProfitQ","2025-06-30","3","0","MISSING"
"EXALF","timeseries","grossProfitQ","2026-06-30","0","0","MISSING"
"EXALF","timeseries","grossProfitQ","2025-12-31","1","0","MISSING"
"EXALF","timeseries","grossProfitQ","2025-09-30","2","0","MISSING"
"EXALF","timeseries","grossProfitQ","2025-06-30","3","0","MISSING"
"EXENS.PA","timeseries","grossProfitQ","2026-06-30","0","0","MISSING"
"EXENS.PA","timeseries","grossProfitQ","2026-03-31","1","0","MISSING"
"EXENS.PA","timeseries","grossProfitQ","2025-12-31","2","0","MISSING"
"EXENS.PA","timeseries","grossProfitQ","2025-09-30","3","0","MISSING"
"EXM.BR","timeseries","grossProfitQ","2018-03-31","0","0","MISSING"
"EXM.BR","timeseries","grossProfitQ","2017-12-31","1","0","MISSING"
"EXM.BR","timeseries","grossProfitQ","2017-09-30","2","0","MISSING"
"EXM.BR","timeseries","grossProfitQ","2016-09-30","3","0","MISSING"
"EXM.BR","annual","annualGP","2023-12-31","0","0","MISSING"
"EXM.BR","annual","annualGP","2022-12-31","1","0","MISSING"
"EXM.BR","annual","annualGP","2021-12-31","2","0","MISSING"
"EXM.BR","annual","annualGP","2020-12-31","3","0","MISSING"
"EXMRF","timeseries","grossProfitQ","2018-03-31","0","0","MISSING"
"EXMRF","timeseries","grossProfitQ","2017-12-31","1","0","MISSING"
"EXMRF","timeseries","grossProfitQ","2017-09-30","2","0","MISSING"
"EXMRF","timeseries","grossProfitQ","2016-09-30","3","0","MISSING"
"EXPGF","timeseries","grossProfitQ","2009-03-31","0","0","MISSING"
"EXPGF","timeseries","grossProfitQ","2008-09-30","1","0","MISSING"
"EXPN.L","timeseries","grossProfitQ","2009-03-31","0","0","MISSING"
"EXPN.L","timeseries","grossProfitQ","2008-09-30","1","0","MISSING"
"EXPO","annual","annualGP","2025-12-31","0","0","MISSING"
"EXPO","annual","annualGP","2024-12-31","1","0","MISSING"
"EXPO","annual","annualGP","2023-12-31","2","0","MISSING"
"EXPO","annual","annualGP","2022-12-31","3","0","MISSING"
"EYDAP.AT","timeseries","grossProfitQ","2014-12-31","0","0","MISSING"
"EYDAP.AT","timeseries","grossProfitQ","2014-09-30","1","0","MISSING"
"EYDAP.AT","timeseries","grossProfitQ","2010-03-31","2","0","MISSING"
"EYDAP.AT","timeseries","grossProfitQ","2009-09-30","3","0","MISSING"
"EYDAP.AT","annual","annualRev","2025-12-31","0","0","MISSING"
"EYDAP.AT","annual","annualRev","2019-12-31","2","0","MISSING"
"EZJ.L","timeseries","grossProfitQ","2026-06-30","0","0","MISSING"
"EZJ.L","timeseries","grossProfitQ","2025-09-30","1","0","MISSING"
"EZJ.L","timeseries","grossProfitQ","2025-03-31","2","0","MISSING"
"EZJ.L","timeseries","grossProfitQ","2024-12-31","3","0","MISSING"
"EZKGF","timeseries","grossProfitQ","2026-03-31","0","0","MISSING"
"EZKGF","timeseries","grossProfitQ","2025-12-31","1","0","MISSING"
"EZKGF","timeseries","grossProfitQ","2025-09-30","2","0","MISSING"
"EZKGF","timeseries","grossProfitQ","2025-03-31","3","0","MISSING"
"F03.SI","timeseries","grossProfitQ","2023-09-30","0","0","MISSING"
"F03.SI","timeseries","grossProfitQ","2017-09-30","1","0","MISSING"
"F99.SI","timeseries","grossProfitQ","2012-09-30","0","0","MISSING"
"F99.SI","timeseries","grossProfitQ","2012-06-30","1","0","MISSING"
"F99.SI","timeseries","grossProfitQ","2012-03-31","2","0","MISSING"
"F99.SI","timeseries","grossProfitQ","2011-12-31","3","0","MISSING"
"FAE.MC","timeseries","grossProfitQ","2026-06-30","0","0","MISSING"
"FAE.MC","timeseries","grossProfitQ","2026-03-31","1","0","MISSING"
"FAE.MC","timeseries","grossProfitQ","2025-12-31","2","0","MISSING"
"FAE.MC","timeseries","grossProfitQ","2025-09-30","3","0","MISSING"
"FAGR.BR","timeseries","grossProfitQ","2025-03-31","0","0","MISSING"
"FAGR.BR","timeseries","grossProfitQ","2024-12-31","1","0","MISSING"
"FAGR.BR","timeseries","grossProfitQ","2023-03-31","2","0","MISSING"
"FAGR.BR","timeseries","grossProfitQ","2016-06-30","3","0","MISSING"
"FAST.AS","timeseries","grossProfitQ","2022-06-30","0","0","MISSING"
"FAST.AS","timeseries","grossProfitQ","2022-03-31","1","0","MISSING"
"FAU.DE","timeseries","grossProfitQ","2026-03-31","0","0","MISSING"
"FAU.DE","timeseries","grossProfitQ","2025-09-30","1","0","MISSING"
"FAU.DE","timeseries","grossProfitQ","2025-06-30","2","0","MISSING"
"FAU.DE","timeseries","grossProfitQ","2024-09-30","3","0","MISSING"
"FBK.MI","timeseries","grossProfitQ","2026-06-30","0","0","MISSING"
"FBK.MI","timeseries","grossProfitQ","2026-03-31","1","0","MISSING"
"FBK.MI","timeseries","grossProfitQ","2025-12-31","2","0","MISSING"
"FBK.MI","timeseries","grossProfitQ","2025-09-30","3","0","MISSING"
"FBK.MI","annual","annualGP","2025-12-31","0","0","MISSING"
"FBK.MI","annual","annualGP","2024-12-31","1","0","MISSING"
"FBK.MI","annual","annualGP","2023-12-31","2","0","MISSING"
"FBK.MI","annual","annualGP","2022-12-31","3","0","MISSING"
"FBK.VI","timeseries","grossProfitQ","2026-06-30","0","0","MISSING"
"FBK.VI","timeseries","grossProfitQ","2026-03-31","1","0","MISSING"
"FBK.VI","timeseries","grossProfitQ","2025-12-31","2","0","MISSING"
"FBK.VI","timeseries","grossProfitQ","2025-09-30","3","0","MISSING"
"FBK.VI","annual","annualGP","2025-12-31","0","0","MISSING"
"FBK.VI","annual","annualGP","2024-12-31","1","0","MISSING"
"FBK.VI","annual","annualGP","2023-12-31","2","0","MISSING"
"FBK.VI","annual","annualGP","2022-12-31","3","0","MISSING"
"FCBBF","timeseries","grossProfitQ","2026-06-30","0","0","MISSING"
"FCBBF","timeseries","grossProfitQ","2026-03-31","1","0","MISSING"
"FCBBF","timeseries","grossProfitQ","2025-12-31","2","0","MISSING"
"FCBBF","timeseries","grossProfitQ","2025-09-30","3","0","MISSING"
"FCBBF","annual","annualGP","2025-12-31","0","0","MISSING"
"FCBBF","annual","annualGP","2024-12-31","1","0","MISSING"
"FCBBF","annual","annualGP","2023-12-31","2","0","MISSING"
"FCBBF","annual","annualGP","2022-12-31","3","0","MISSING"
"FCT.MI","timeseries","grossProfitQ","2026-06-30","0","0","MISSING"
"FCT.MI","timeseries","grossProfitQ","2026-03-31","1","0","MISSING"
"FCT.MI","timeseries","grossProfitQ","2025-12-31","2","0","MISSING"
"FCT.MI","timeseries","grossProfitQ","2025-09-30","3","0","MISSING"
"FDJ.VI","timeseries","grossProfitQ","2026-06-30","0","0","MISSING"
"FDJ.VI","timeseries","grossProfitQ","2026-03-31","1","0","MISSING"
"FDJ.VI","timeseries","grossProfitQ","2025-12-31","2","0","MISSING"
"FDJ.VI","timeseries","grossProfitQ","2025-09-30","3","0","MISSING"
"FDJU.PA","timeseries","grossProfitQ","2026-06-30","0","0","MISSING"
"FDJU.PA","timeseries","grossProfitQ","2026-03-31","1","0","MISSING"
"FDJU.PA","timeseries","grossProfitQ","2025-12-31","2","0","MISSING"
"FDJU.PA","timeseries","grossProfitQ","2025-09-30","3","0","MISSING"
"FELTF","timeseries","grossProfitQ","2026-06-30","0","0","MISSING"
"FELTF","timeseries","grossProfitQ","2026-03-31","1","0","MISSING"
"FELTF","timeseries","grossProfitQ","2025-12-31","2","0","MISSING"
"FELTF","timeseries","grossProfitQ","2025-09-30","3","0","MISSING"
"FFH.TO","annual","annualRev","2024-12-31","1","0","MISSING"
"FFH.TO","annual","annualRev","2023-12-31","2","0","MISSING"
"FFM.AX","annual","annualRev","2025-06-30","0","0","MISSING"
"FFM.AX","annual","annualRev","2023-06-30","2","0","MISSING"
"FFM.TO","annual","annualRev","2025-06-30","1","0","MISSING"
"FFM.TO","annual","annualRev","2023-06-30","3","0","MISSING"
"FGR.PA","timeseries","grossProfitQ","2026-06-30","0","0","MISSING"
"FGR.PA","timeseries","grossProfitQ","2025-12-31","1","0","MISSING"
"FGR.PA","timeseries","grossProfitQ","2025-09-30","2","0","MISSING"
"FGR.PA","timeseries","grossProfitQ","2025-06-30","3","0","MISSING"
"FGR.VI","timeseries","grossProfitQ","2026-06-30","0","0","MISSING"
"FGR.VI","timeseries","grossProfitQ","2025-12-31","1","0","MISSING"
"FGR.VI","timeseries","grossProfitQ","2025-09-30","2","0","MISSING"
"FGR.VI","timeseries","grossProfitQ","2025-06-30","3","0","MISSING"
"FII.PA","timeseries","grossProfitQ","2026-06-30","0","0","MISSING"
"FII.PA","timeseries","grossProfitQ","2025-12-31","1","0","MISSING"
"FII.PA","timeseries","grossProfitQ","2025-09-30","2","0","MISSING"
"FII.PA","timeseries","grossProfitQ","2025-03-31","3","0","MISSING"
"FIRRF","timeseries","revenueQ","2025-09-30","3","0","MISSING"
"FIRRF","timeseries","grossProfitQ","2026-06-30","0","0","MISSING"
"FIRRF","timeseries","grossProfitQ","2026-03-31","1","0","MISSING"
"FIRRF","timeseries","grossProfitQ","2025-12-31","2","0","MISSING"
"FJTNF","timeseries","grossProfitQ","2026-06-30","0","0","MISSING"
"FJTNF","timeseries","grossProfitQ","2026-03-31","1","0","MISSING"
"FJTNF","timeseries","grossProfitQ","2025-12-31","2","0","MISSING"
"FJTNF","timeseries","grossProfitQ","2025-09-30","3","0","MISSING"
"FLOW.AS","timeseries","grossProfitQ","2026-06-30","0","0","MISSING"
"FLOW.AS","timeseries","grossProfitQ","2026-03-31","1","0","MISSING"
"FLOW.AS","timeseries","grossProfitQ","2025-12-31","2","0","MISSING"
"FLOW.AS","timeseries","grossProfitQ","2025-09-30","3","0","MISSING"
"FMCC","annual","annualGP","2025-12-31","0","0","MISSING"
"FMCC","annual","annualGP","2024-12-31","1","0","MISSING"
"FMCC","annual","annualGP","2023-12-31","2","0","MISSING"
"FMCC","annual","annualGP","2022-12-31","3","0","MISSING"
"FMG.AX","timeseries","grossProfitQ","2014-06-30","0","0","MISSING"
"FMMFF","timeseries","grossProfitQ","2026-06-30","0","0","MISSING"
"FMMFF","timeseries","grossProfitQ","2026-03-31","1","0","MISSING"
"FMMFF","timeseries","grossProfitQ","2025-12-31","2","0","MISSING"
"FMMFF","timeseries","grossProfitQ","2025-09-30","3","0","MISSING"
"FMOCF","timeseries","grossProfitQ","2025-12-31","0","0","MISSING"
"FMOCF","timeseries","grossProfitQ","2025-06-30","1","0","MISSING"
"FMOCF","timeseries","grossProfitQ","2025-03-31","2","0","MISSING"
"FMOCF","timeseries","grossProfitQ","2024-06-30","3","0","MISSING"
"FNAC.PA","timeseries","grossProfitQ","2024-09-30","0","0","MISSING"
"FNAC.PA","timeseries","grossProfitQ","2024-06-30","1","0","MISSING"
"FNAC.PA","timeseries","grossProfitQ","2024-03-31","2","0","MISSING"
"FNAC.PA","timeseries","grossProfitQ","2023-12-31","3","0","MISSING"
"FNOEF","timeseries","grossProfitQ","2026-05-31","0","0","MISSING"
"FNOEF","timeseries","grossProfitQ","2026-02-28","1","0","MISSING"
"FNOEF","timeseries","grossProfitQ","2025-11-30","2","0","MISSING"
"FNOEF","timeseries","grossProfitQ","2025-05-31","3","0","MISSING"
"FO4N.DE","timeseries","grossProfitQ","2022-12-31","0","0","MISSING"
"FO4N.DE","timeseries","grossProfitQ","2022-09-30","1","0","MISSING"
"FO4N.DE","timeseries","grossProfitQ","2022-06-30","2","0","MISSING"
"FO4N.DE","timeseries","grossProfitQ","2022-03-31","3","0","MISSING"
"FO4N.DE","annual","annualRev","2023-12-31","2","0","MISSING"
"FORN.SW","timeseries","grossProfitQ","2005-09-30","0","0","MISSING"
"FORN.SW","timeseries","grossProfitQ","2004-09-30","1","0","MISSING"
"FOUR.L","timeseries","grossProfitQ","2013-09-30","0","0","MISSING"
"FR.PA","timeseries","grossProfitQ","2026-06-30","0","0","MISSING"
"FR.PA","timeseries","grossProfitQ","2026-03-31","1","0","MISSING"
"FR.PA","timeseries","grossProfitQ","2025-12-31","2","0","MISSING"
"FR.PA","timeseries","grossProfitQ","2025-03-31","3","0","MISSING"
"FR.VI","timeseries","grossProfitQ","2026-06-30","0","0","MISSING"
"FR.VI","timeseries","grossProfitQ","2026-03-31","1","0","MISSING"
"FR.VI","timeseries","grossProfitQ","2025-12-31","2","0","MISSING"
"FR.VI","timeseries","grossProfitQ","2025-03-31","3","0","MISSING"
"FRAGUA/B.MX","timeseries","grossProfitQ","2026-03-31","0","0","MISSING"
"FRAGUA/B.MX","timeseries","grossProfitQ","2025-12-31","1","0","MISSING"
"FRAGUA/B.MX","timeseries","grossProfitQ","2025-09-30","2","0","MISSING"
"FRAGUA/B.MX","timeseries","grossProfitQ","2025-06-30","3","0","MISSING"
"FRAS.L","timeseries","grossProfitQ","2015-10-31","0","0","MISSING"
"FRAS.L","timeseries","grossProfitQ","2015-07-31","1","0","MISSING"
"FRAS.L","timeseries","grossProfitQ","2014-10-31","2","0","MISSING"
"FRAS.L","timeseries","grossProfitQ","2014-07-31","3","0","MISSING"
"FRCOF","timeseries","grossProfitQ","2026-05-31","0","0","MISSING"
"FRCOF","timeseries","grossProfitQ","2026-02-28","1","0","MISSING"
"FRCOF","timeseries","grossProfitQ","2025-11-30","2","0","MISSING"
"FRCOF","timeseries","grossProfitQ","2025-08-31","3","0","MISSING"
"FRFHF","annual","annualRev","2024-12-31","1","0","MISSING"
"FRFHF","annual","annualRev","2023-12-31","2","0","MISSING"
"FRFHF","annual","annualGP","2025-12-31","0","0","MISSING"
"FRFHF","annual","annualGP","2022-12-31","3","0","MISSING"
"FRRFF","timeseries","grossProfitQ","2013-09-30","0","0","MISSING"
"FRVIA.PA","timeseries","grossProfitQ","2026-03-31","0","0","MISSING"
"FRVIA.PA","timeseries","grossProfitQ","2025-09-30","1","0","MISSING"
"FRVIA.PA","timeseries","grossProfitQ","2025-06-30","2","0","MISSING"
"FRVIA.PA","timeseries","grossProfitQ","2024-09-30","3","0","MISSING"
"FRW.AX","timeseries","grossProfitQ","2007-12-31","0","0","MISSING"
"FRW.NZ","timeseries","grossProfitQ","2007-12-31","0","0","MISSING"
"FTI.VI","annual","annualGP","2025-12-31","0","0","MISSING"
"FTI.VI","annual","annualGP","2024-12-31","1","0","MISSING"
"FTI.VI","annual","annualGP","2023-12-31","2","0","MISSING"
"FTI.VI","annual","annualGP","2022-12-31","3","0","MISSING"
"FTK.DE","timeseries","grossProfitQ","2026-06-30","0","0","MISSING"
"FTK.DE","timeseries","grossProfitQ","2026-03-31","1","0","MISSING"
"FTK.DE","timeseries","grossProfitQ","2025-12-31","2","0","MISSING"
"FTK.DE","timeseries","grossProfitQ","2025-09-30","3","0","MISSING"
"FTK.VI","timeseries","grossProfitQ","2026-06-30","0","0","MISSING"
"FTK.VI","timeseries","grossProfitQ","2026-03-31","1","0","MISSING"
"FTK.VI","timeseries","grossProfitQ","2025-12-31","2","0","MISSING"
"FTK.VI","timeseries","grossProfitQ","2025-09-30","3","0","MISSING"
"FTWYF","timeseries","grossProfitQ","2007-12-31","0","0","MISSING"
"FUGRF","timeseries","grossProfitQ","2025-12-31","0","0","MISSING"
"FUGRF","timeseries","grossProfitQ","2025-09-30","1","0","MISSING"
"FUGRF","timeseries","grossProfitQ","2025-06-30","2","0","MISSING"
"FUGRF","timeseries","grossProfitQ","2025-03-31","3","0","MISSING"
"FUJIF","timeseries","grossProfitQ","2026-06-30","0","0","MISSING"
"FUJIF","timeseries","grossProfitQ","2026-03-31","1","0","MISSING"
"FUJIF","timeseries","grossProfitQ","2025-12-31","2","0","MISSING"
"FUJIF","timeseries","grossProfitQ","2025-09-30","3","0","MISSING"
"FUJXF","timeseries","grossProfitQ","2026-06-30","0","0","MISSING"
"FUJXF","timeseries","grossProfitQ","2026-03-31","1","0","MISSING"
"FUJXF","timeseries","grossProfitQ","2025-12-31","2","0","MISSING"
"FUJXF","timeseries","grossProfitQ","2025-09-30","3","0","MISSING"
"FUR.AS","timeseries","grossProfitQ","2025-12-31","0","0","MISSING"
"FUR.AS","timeseries","grossProfitQ","2025-09-30","1","0","MISSING"
"FUR.AS","timeseries","grossProfitQ","2025-06-30","2","0","MISSING"
"FUR.AS","timeseries","grossProfitQ","2025-03-31","3","0","MISSING"
"FURCF","timeseries","grossProfitQ","2026-03-31","0","0","MISSING"
"FURCF","timeseries","grossProfitQ","2025-09-30","1","0","MISSING"
"FURCF","timeseries","grossProfitQ","2025-06-30","2","0","MISSING"
"FURCF","timeseries","grossProfitQ","2024-09-30","3","0","MISSING"
"FVIA/16.MX","timeseries","revenueQ","2025-09-30","2","0","MISSING"
"FVIA/16.MX","timeseries","grossProfitQ","2026-03-31","0","0","MISSING"
"FVIA/16.MX","timeseries","grossProfitQ","2025-12-31","1","0","MISSING"
"FXCNY","timeseries","grossProfitQ","2007-12-31","0","0","MISSING"
"FXCNY","timeseries","grossProfitQ","2005-09-30","1","0","MISSING"
"G.MI","timeseries","revenueQ","2026-06-30","0","0","MISSING"
"G.MI","timeseries","revenueQ","2025-09-30","3","0","MISSING"
"G.MI","timeseries","grossProfitQ","2026-03-31","1","0","MISSING"
"G.MI","timeseries","grossProfitQ","2025-12-31","2","0","MISSING"
"G07.SI","timeseries","grossProfitQ","2015-12-31","0","0","MISSING"
"G07.SI","timeseries","grossProfitQ","2015-09-30","1","0","MISSING"
"G07.SI","timeseries","grossProfitQ","2015-06-30","2","0","MISSING"
"G07.SI","timeseries","grossProfitQ","2015-03-31","3","0","MISSING"
"G13.SI","timeseries","grossProfitQ","2025-12-31","0","0","MISSING"
"G13.SI","timeseries","grossProfitQ","2025-06-30","1","0","MISSING"
"G13.SI","timeseries","grossProfitQ","2025-03-31","2","0","MISSING"
"G13.SI","timeseries","grossProfitQ","2024-12-31","3","0","MISSING"
"GALD.SW","timeseries","grossProfitQ","2026-06-30","0","0","MISSING"
"GALD.SW","timeseries","grossProfitQ","2026-03-31","1","0","MISSING"
"GALD.SW","timeseries","grossProfitQ","2025-12-31","2","0","MISSING"
"GALD.SW","timeseries","grossProfitQ","2025-09-30","3","0","MISSING"
"GALD.VI","timeseries","grossProfitQ","2026-06-30","0","0","MISSING"
"GALD.VI","timeseries","grossProfitQ","2026-03-31","1","0","MISSING"
"GALD.VI","timeseries","grossProfitQ","2025-12-31","2","0","MISSING"
"GALD.VI","timeseries","grossProfitQ","2025-09-30","3","0","MISSING"
"GALDY","timeseries","grossProfitQ","2026-06-30","0","0","MISSING"
"GALDY","timeseries","grossProfitQ","2026-03-31","1","0","MISSING"
"GALDY","timeseries","grossProfitQ","2025-12-31","2","0","MISSING"
"GALDY","timeseries","grossProfitQ","2025-09-30","3","0","MISSING"
"GARAN.IS","annual","annualGP","2025-12-31","0","0","MISSING"
"GARAN.IS","annual","annualGP","2024-12-31","1","0","MISSING"
"GARAN.IS","annual","annualGP","2023-12-31","2","0","MISSING"
"GARAN.IS","annual","annualGP","2022-12-31","3","0","MISSING"
"GBLB.BR","annual","annualRev","2022-12-31","3","0","MISSING"
"GBLB.BR","annual","annualGP","2025-12-31","0","0","MISSING"
"GBLB.BR","annual","annualGP","2024-12-31","1","0","MISSING"
"GBLB.BR","annual","annualGP","2023-12-31","2","0","MISSING"
"GBLB.VI","annual","annualRev","2022-12-31","3","0","MISSING"
"GBLB.VI","annual","annualGP","2025-12-31","0","0","MISSING"
"GBLB.VI","annual","annualGP","2024-12-31","1","0","MISSING"
"GBLB.VI","annual","annualGP","2023-12-31","2","0","MISSING"
"GBLBF","annual","annualRev","2022-12-31","3","0","MISSING"
"GBLBF","annual","annualGP","2025-12-31","0","0","MISSING"
"GBLBF","annual","annualGP","2024-12-31","1","0","MISSING"
"GBLBF","annual","annualGP","2023-12-31","2","0","MISSING"
"GBRA.DE","timeseries","grossProfitQ","2026-06-30","0","0","MISSING"
"GBRA.DE","timeseries","grossProfitQ","2026-03-31","1","0","MISSING"
"GBRA.DE","timeseries","grossProfitQ","2025-12-31","2","0","MISSING"
"GBRA.DE","timeseries","grossProfitQ","2025-09-30","3","0","MISSING"
"GCP.L","annual","annualRev","2024-09-30","1","0","MISSING"
"GCP.L","annual","annualGP","2025-09-30","0","0","MISSING"
"GCPEF","timeseries","grossProfitQ","2012-12-31","0","0","MISSING"
"GCPEF","timeseries","grossProfitQ","2012-09-30","1","0","MISSING"
"GCPEF","timeseries","grossProfitQ","2012-06-30","2","0","MISSING"
"GCPEF","timeseries","grossProfitQ","2012-03-31","3","0","MISSING"
"GDERF","timeseries","grossProfitQ","2026-06-30","0","0","MISSING"
"GDERF","timeseries","grossProfitQ","2026-03-31","1","0","MISSING"
"GDERF","timeseries","grossProfitQ","2025-12-31","2","0","MISSING"
"GDERF","timeseries","grossProfitQ","2025-09-30","3","0","MISSING"
"GDS.PA","timeseries","grossProfitQ","2013-12-31","0","0","MISSING"
"GDS.PA","timeseries","grossProfitQ","2013-09-30","1","0","MISSING"
"GDS.PA","timeseries","grossProfitQ","2013-06-30","2","0","MISSING"
"GDS.PA","timeseries","grossProfitQ","2013-03-31","3","0","MISSING"
"GEBN.SW","timeseries","grossProfitQ","2026-06-30","0","0","MISSING"
"GEBN.SW","timeseries","grossProfitQ","2026-03-31","1","0","MISSING"
"GEBN.SW","timeseries","grossProfitQ","2025-12-31","2","0","MISSING"
"GEBN.SW","timeseries","grossProfitQ","2025-09-30","3","0","MISSING"
"GEBNE.SW","timeseries","grossProfitQ","2026-06-30","0","0","MISSING"
"GEBNE.SW","timeseries","grossProfitQ","2026-03-31","1","0","MISSING"
"GEBNE.SW","timeseries","grossProfitQ","2025-12-31","2","0","MISSING"
"GEBNE.SW","timeseries","grossProfitQ","2025-09-30","3","0","MISSING"
"GEKTERNA.AT","timeseries","grossProfitQ","2026-06-30","0","0","MISSING"
"GEKTERNA.AT","timeseries","grossProfitQ","2026-03-31","1","0","MISSING"
"GEKTERNA.AT","timeseries","grossProfitQ","2025-12-31","2","0","MISSING"
"GEKTERNA.AT","timeseries","grossProfitQ","2025-09-30","3","0","MISSING"
"GELHY","timeseries","revenueQ","2025-09-30","3","0","MISSING"
"GELHY","timeseries","grossProfitQ","2026-06-30","0","0","MISSING"
"GELHY","timeseries","grossProfitQ","2026-03-31","1","0","MISSING"
"GELHY","timeseries","grossProfitQ","2025-12-31","2","0","MISSING"
"GET.PA","timeseries","grossProfitQ","2026-06-30","0","0","MISSING"
"GET.PA","timeseries","grossProfitQ","2026-03-31","1","0","MISSING"
"GET.PA","timeseries","grossProfitQ","2025-09-30","2","0","MISSING"
"GET.PA","timeseries","grossProfitQ","2025-06-30","3","0","MISSING"
"GET.VI","timeseries","grossProfitQ","2026-06-30","0","0","MISSING"
"GET.VI","timeseries","grossProfitQ","2026-03-31","1","0","MISSING"
"GET.VI","timeseries","grossProfitQ","2025-09-30","2","0","MISSING"
"GET.VI","timeseries","grossProfitQ","2025-06-30","3","0","MISSING"
"GFC.PA","timeseries","revenueQ","2016-03-31","1","0","MISSING"
"GFC.PA","timeseries","revenueQ","2013-06-30","2","0","MISSING"
"GFC.PA","timeseries","grossProfitQ","2021-03-31","0","0","MISSING"
"GFC.PA","timeseries","grossProfitQ","2013-03-31","3","0","MISSING"
"GFC.VI","timeseries","revenueQ","2016-03-31","1","0","MISSING"
"GFC.VI","timeseries","revenueQ","2013-06-30","2","0","MISSING"
"GFC.VI","timeseries","grossProfitQ","2021-03-31","0","0","MISSING"
"GFC.VI","timeseries","grossProfitQ","2013-03-31","3","0","MISSING"
"GFIOF","timeseries","revenueQ","2021-03-31","0","0","MISSING"
"GFIOF","timeseries","grossProfitQ","2018-03-31","1","0","MISSING"
"GFIOF","timeseries","grossProfitQ","2017-09-30","2","0","MISSING"
"GFIOF","timeseries","grossProfitQ","2015-12-31","3","0","MISSING"
"GFRD.L","timeseries","grossProfitQ","2020-06-30","0","0","MISSING"
"GGDVF","timeseries","revenueQ","2021-09-30","2","0","MISSING"
"GGDVF","timeseries","grossProfitQ","2023-09-30","0","0","MISSING"
"GGDVF","timeseries","grossProfitQ","2022-03-31","1","0","MISSING"
"GGP.AX","annual","annualRev","2024-06-30","2","0","MISSING"
"GIL.DE","timeseries","grossProfitQ","2016-12-31","0","0","MISSING"
"GIL.DE","timeseries","grossProfitQ","2016-06-30","1","0","MISSING"
"GIL.DE","timeseries","grossProfitQ","2016-03-31","2","0","MISSING"
"GIL.DE","timeseries","grossProfitQ","2015-12-31","3","0","MISSING"
"GIL.VI","timeseries","grossProfitQ","2016-12-31","0","0","MISSING"
"GIL.VI","timeseries","grossProfitQ","2016-06-30","1","0","MISSING"
"GIL.VI","timeseries","grossProfitQ","2016-03-31","2","0","MISSING"
"GIL.VI","timeseries","grossProfitQ","2015-12-31","3","0","MISSING"
"GIVN.SW","timeseries","grossProfitQ","2026-03-31","0","0","MISSING"
"GIVN.SW","timeseries","grossProfitQ","2025-12-31","1","0","MISSING"
"GIVN.SW","timeseries","grossProfitQ","2025-09-30","2","0","MISSING"
"GIVN.SW","timeseries","grossProfitQ","2025-06-30","3","0","MISSING"
"GKTRF","timeseries","grossProfitQ","2026-06-30","0","0","MISSING"
"GKTRF","timeseries","grossProfitQ","2026-03-31","1","0","MISSING"
"GKTRF","timeseries","grossProfitQ","2025-12-31","2","0","MISSING"
"GKTRF","timeseries","grossProfitQ","2025-09-30","3","0","MISSING"
"GLCNF","timeseries","grossProfitQ","2011-12-31","0","0","MISSING"
"GLCNF","timeseries","grossProfitQ","2011-06-30","1","0","MISSING"
"GLCNF","timeseries","grossProfitQ","2011-03-31","2","0","MISSING"
"GLE.PA","annual","annualGP","2025-12-31","0","0","MISSING"
"GLE.PA","annual","annualGP","2024-12-31","1","0","MISSING"
"GLE.PA","annual","annualGP","2023-12-31","2","0","MISSING"
"GLE.PA","annual","annualGP","2022-12-31","3","0","MISSING"
"GLEN.L","timeseries","grossProfitQ","2011-12-31","0","0","MISSING"
"GLEN.L","timeseries","grossProfitQ","2011-06-30","1","0","MISSING"
"GLEN.L","timeseries","grossProfitQ","2011-03-31","2","0","MISSING"
"GLO.PA","timeseries","grossProfitQ","2026-06-30","0","0","MISSING"
"GLO.PA","timeseries","grossProfitQ","2025-09-30","1","0","MISSING"
"GLO.PA","timeseries","grossProfitQ","2024-06-30","2","0","MISSING"
"GLO.PA","timeseries","grossProfitQ","2023-12-31","3","0","MISSING"
"GLUE","annual","annualRev","2023-12-31","2","0","MISSING"
"GMIN.TO","annual","annualRev","2023-12-31","2","0","MISSING"
"GMINF","annual","annualRev","2023-12-31","2","0","MISSING"
"GMOYF","timeseries","grossProfitQ","2026-06-30","0","0","MISSING"
"GMOYF","timeseries","grossProfitQ","2026-03-31","1","0","MISSING"
"GMOYF","timeseries","grossProfitQ","2025-12-31","2","0","MISSING"
"GMOYF","timeseries","grossProfitQ","2025-09-30","3","0","MISSING"
"GMYTF","timeseries","grossProfitQ","2026-06-30","0","0","MISSING"
"GMYTF","timeseries","grossProfitQ","2026-03-31","1","0","MISSING"
"GMYTF","timeseries","grossProfitQ","2025-12-31","2","0","MISSING"
"GMYTF","timeseries","grossProfitQ","2025-09-30","3","0","MISSING"
"GNC.L","timeseries","grossProfitQ","2021-12-31","0","0","MISSING"
"GNC.L","timeseries","grossProfitQ","2021-03-31","1","0","MISSING"
"GNC.L","timeseries","grossProfitQ","2020-12-31","2","0","MISSING"
"GNC.L","timeseries","grossProfitQ","2018-09-30","3","0","MISSING"
"GNIIF","timeseries","grossProfitQ","2026-03-31","0","0","MISSING"
"GNIIF","timeseries","grossProfitQ","2025-09-30","1","0","MISSING"
"GNIIF","timeseries","grossProfitQ","2025-06-30","2","0","MISSING"
"GNIIF","timeseries","grossProfitQ","2025-03-31","3","0","MISSING"
"GNW","annual","annualRev","2025-12-31","0","0","MISSING"
"GOB.DE","timeseries","grossProfitQ","2026-06-30","0","0","MISSING"
"GOB.DE","timeseries","grossProfitQ","2026-03-31","1","0","MISSING"
"GOB.DE","timeseries","grossProfitQ","2025-12-31","2","0","MISSING"
"GOB.DE","timeseries","grossProfitQ","2025-09-30","3","0","MISSING"
"GOB.SW","timeseries","grossProfitQ","2026-06-30","0","0","MISSING"
"GOB.SW","timeseries","grossProfitQ","2026-03-31","1","0","MISSING"
"GOB.SW","timeseries","grossProfitQ","2025-12-31","2","0","MISSING"
"GOB.SW","timeseries","grossProfitQ","2025-09-30","3","0","MISSING"
"GODIGIT.BO","annual","annualRev","2024-03-31","2","0","MISSING"
"GODIGIT.NS","annual","annualRev","2024-03-31","2","0","MISSING"
"GPDNF","timeseries","grossProfitQ","2026-06-30","0","0","MISSING"
"GPDNF","timeseries","grossProfitQ","2026-03-31","1","0","MISSING"
"GPDNF","timeseries","grossProfitQ","2025-12-31","2","0","MISSING"
"GPDNF","timeseries","grossProfitQ","2025-09-30","3","0","MISSING"
"GPGI","timeseries","grossProfitQ","2026-06-30","0","0","MISSING"
"GPGI","timeseries","grossProfitQ","2026-03-31","1","0","MISSING"
"GPGI","timeseries","grossProfitQ","2025-12-31","2","0","MISSING"
"GPGI","timeseries","grossProfitQ","2025-09-30","3","0","MISSING"
"GRE.MC","timeseries","revenueQ","2025-12-31","2","0","MISSING"
"GRE.MC","timeseries","grossProfitQ","2025-09-30","3","0","MISSING"
"GRRMF","timeseries","grossProfitQ","2026-02-28","0","0","MISSING"
"GRRMF","timeseries","grossProfitQ","2025-11-30","1","0","MISSING"
"GRRMF","timeseries","grossProfitQ","2025-08-31","2","0","MISSING"
"GRRMF","timeseries","grossProfitQ","2025-05-31","3","0","MISSING"
"GRU.VI","timeseries","revenueQ","2025-09-30","3","0","MISSING"
"GRU.VI","timeseries","grossProfitQ","2026-06-30","0","0","MISSING"
"GRU.VI","timeseries","grossProfitQ","2026-03-31","1","0","MISSING"
"GRU.VI","timeseries","grossProfitQ","2025-12-31","2","0","MISSING"
"GRV.VI","timeseries","grossProfitQ","2026-06-30","0","0","MISSING"
"GRV.VI","timeseries","grossProfitQ","2026-03-31","1","0","MISSING"
"GRV.VI","timeseries","grossProfitQ","2025-12-31","2","0","MISSING"
"GRV.VI","timeseries","grossProfitQ","2025-09-30","3","0","MISSING"
"GTT.PA","timeseries","grossProfitQ","2026-06-30","0","0","MISSING"
"GTT.PA","timeseries","grossProfitQ","2026-03-31","1","0","MISSING"
"GTT.PA","timeseries","grossProfitQ","2025-12-31","2","0","MISSING"
"GTT.PA","timeseries","grossProfitQ","2025-09-30","3","0","MISSING"
"GTT.VI","timeseries","grossProfitQ","2026-06-30","0","0","MISSING"
"GTT.VI","timeseries","grossProfitQ","2026-03-31","1","0","MISSING"
"GTT.VI","timeseries","grossProfitQ","2025-12-31","2","0","MISSING"
"GTT.VI","timeseries","grossProfitQ","2025-09-30","3","0","MISSING"
"GTWO.TO","timeseries","grossProfitQ","2026-02-28","0","0","MISSING"
"GTWO.TO","timeseries","grossProfitQ","2025-11-30","1","0","MISSING"
"GTWO.TO","timeseries","grossProfitQ","2025-08-31","2","0","MISSING"
"GTWO.TO","timeseries","grossProfitQ","2025-05-31","3","0","MISSING"
"GU81.DE","timeseries","grossProfitQ","2014-09-30","0","0","MISSING"
"GU81.DE","timeseries","grossProfitQ","2011-09-30","1","0","MISSING"
"GU81.DE","timeseries","grossProfitQ","2011-03-31","2","0","MISSING"
"GU81.DE","timeseries","grossProfitQ","2010-09-30","3","0","MISSING"
"GUI.DE","timeseries","revenueQ","2025-06-30","2","0","MISSING"
"GUI.DE","timeseries","grossProfitQ","2026-06-30","0","0","MISSING"
"GUI.DE","timeseries","grossProfitQ","2025-12-31","1","0","MISSING"
"GUI.DE","timeseries","grossProfitQ","2022-09-30","3","0","MISSING"
"GUNGF","timeseries","grossProfitQ","2026-06-30","0","0","MISSING"
"GUNGF","timeseries","grossProfitQ","2026-03-31","1","0","MISSING"
"GUNGF","timeseries","grossProfitQ","2025-12-31","2","0","MISSING"
"GUNGF","timeseries","grossProfitQ","2025-09-30","3","0","MISSING"
"GVDBF","timeseries","grossProfitQ","2026-03-31","0","0","MISSING"
"GVDBF","timeseries","grossProfitQ","2025-12-31","1","0","MISSING"
"GVDBF","timeseries","grossProfitQ","2025-09-30","2","0","MISSING"
"GVDBF","timeseries","grossProfitQ","2025-06-30","3","0","MISSING"
"GXI.DE","timeseries","grossProfitQ","2026-02-28","0","0","MISSING"
"GXI.DE","timeseries","grossProfitQ","2025-11-30","1","0","MISSING"
"GXI.DE","timeseries","grossProfitQ","2025-08-31","2","0","MISSING"
"GXI.DE","timeseries","grossProfitQ","2025-05-31","3","0","MISSING"
"GXI.SW","timeseries","grossProfitQ","2026-02-28","0","0","MISSING"
"GXI.SW","timeseries","grossProfitQ","2025-11-30","1","0","MISSING"
"GXI.SW","timeseries","grossProfitQ","2025-08-31","2","0","MISSING"
"GXI.SW","timeseries","grossProfitQ","2025-05-31","3","0","MISSING"
"GXI.VI","timeseries","grossProfitQ","2026-02-28","0","0","MISSING"
"GXI.VI","timeseries","grossProfitQ","2025-11-30","1","0","MISSING"
"GXI.VI","timeseries","grossProfitQ","2025-08-31","2","0","MISSING"
"GXI.VI","timeseries","grossProfitQ","2025-05-31","3","0","MISSING"
"GYUAF","timeseries","grossProfitQ","2026-06-30","0","0","MISSING"
"GYUAF","timeseries","grossProfitQ","2026-03-31","1","0","MISSING"
"GYUAF","timeseries","grossProfitQ","2025-12-31","2","0","MISSING"
"GYUAF","timeseries","grossProfitQ","2025-09-30","3","0","MISSING"
"GZF.DE","timeseries","grossProfitQ","2026-06-30","0","0","MISSING"
"GZF.DE","timeseries","grossProfitQ","2025-12-31","1","0","MISSING"
"GZF.DE","timeseries","grossProfitQ","2025-09-30","2","0","MISSING"
"GZF.DE","timeseries","grossProfitQ","2025-06-30","3","0","MISSING"
"GZPZF","timeseries","grossProfitQ","2026-06-30","0","0","MISSING"
"GZPZF","timeseries","grossProfitQ","2026-03-31","1","0","MISSING"
"GZPZF","timeseries","grossProfitQ","2025-12-31","2","0","MISSING"
"GZPZF","timeseries","grossProfitQ","2025-09-30","3","0","MISSING"
"H02.SI","timeseries","grossProfitQ","2014-09-30","0","0","MISSING"
"H02.SI","timeseries","grossProfitQ","2014-06-30","1","0","MISSING"
"H02.SI","timeseries","grossProfitQ","2014-03-31","2","0","MISSING"
"H02.SI","timeseries","grossProfitQ","2013-12-31","3","0","MISSING"
"H2O.RO","timeseries","grossProfitQ","2026-06-30","0","0","MISSING"
"H2O.RO","timeseries","grossProfitQ","2026-03-31","1","0","MISSING"
"H2O.RO","timeseries","grossProfitQ","2025-12-31","2","0","MISSING"
"H2O.RO","timeseries","grossProfitQ","2025-09-30","3","0","MISSING"
"H6D0.DE","timeseries","grossProfitQ","2026-06-30","0","0","MISSING"
"H6D0.DE","timeseries","grossProfitQ","2026-03-31","1","0","MISSING"
"H6D0.DE","timeseries","grossProfitQ","2025-12-31","2","0","MISSING"
"H6D0.DE","timeseries","grossProfitQ","2025-09-30","3","0","MISSING"
"HACBY","timeseries","revenueQ","2026-03-31","1","0","MISSING"
"HACBY","timeseries","revenueQ","2025-09-30","3","0","MISSING"
"HACBY","timeseries","grossProfitQ","2026-06-30","0","0","MISSING"
"HACBY","timeseries","grossProfitQ","2025-12-31","2","0","MISSING"
"HAL.AS","timeseries","grossProfitQ","2012-12-31","0","0","MISSING"
"HAL.AS","timeseries","grossProfitQ","2010-12-31","1","0","MISSING"
"HALFF","timeseries","grossProfitQ","2012-12-31","0","0","MISSING"
"HALFF","timeseries","grossProfitQ","2010-12-31","1","0","MISSING"
"HAS.L","annual","annualGP","2026-06-30","0","0","MISSING"
"HAS.L","annual","annualGP","2025-06-30","1","0","MISSING"
"HAS.L","annual","annualGP","2024-06-30","2","0","MISSING"
"HAS.L","annual","annualGP","2023-06-30","3","0","MISSING"
"HAV2.VI","timeseries","grossProfitQ","2026-06-30","0","0","MISSING"
"HAV2.VI","timeseries","grossProfitQ","2026-03-31","1","0","MISSING"
"HAV2.VI","timeseries","grossProfitQ","2025-12-31","2","0","MISSING"
"HAV2.VI","timeseries","grossProfitQ","2025-09-30","3","0","MISSING"
"HAVAS.AS","timeseries","grossProfitQ","2026-06-30","0","0","MISSING"
"HAVAS.AS","timeseries","grossProfitQ","2026-03-31","1","0","MISSING"
"HAVAS.AS","timeseries","grossProfitQ","2025-12-31","2","0","MISSING"
"HAVAS.AS","timeseries","grossProfitQ","2025-09-30","3","0","MISSING"
"HBX.MC","timeseries","grossProfitQ","2026-06-30","0","0","MISSING"
"HBX.MC","timeseries","grossProfitQ","2026-03-31","1","0","MISSING"
"HBX.MC","timeseries","grossProfitQ","2025-12-31","2","0","MISSING"
"HCM","timeseries","grossProfitQ","2021-06-30","0","0","MISSING"
"HCM","timeseries","grossProfitQ","2021-03-31","1","0","MISSING"
"HCM","timeseries","grossProfitQ","2020-12-31","2","0","MISSING"
"HCM","timeseries","grossProfitQ","2020-09-30","3","0","MISSING"
"HCMLF","timeseries","grossProfitQ","2026-06-30","0","0","MISSING"
"HCMLF","timeseries","grossProfitQ","2026-03-31","1","0","MISSING"
"HCMLF","timeseries","grossProfitQ","2025-12-31","2","0","MISSING"
"HCMLF","timeseries","grossProfitQ","2025-09-30","3","0","MISSING"
"HCTPF","timeseries","grossProfitQ","2022-12-31","0","0","MISSING"
"HCTPF","timeseries","grossProfitQ","2022-09-30","1","0","MISSING"
"HCTPF","timeseries","grossProfitQ","2021-12-31","2","0","MISSING"
"HCTPF","timeseries","grossProfitQ","2020-12-31","3","0","MISSING"
"HDFCBANK.BO","timeseries","grossProfitQ","2025-12-31","0","0","MISSING"
"HDFCBANK.BO","timeseries","grossProfitQ","2025-09-30","1","0","MISSING"
"HDFCBANK.BO","timeseries","grossProfitQ","2025-06-30","2","0","MISSING"
"HDFCBANK.BO","timeseries","grossProfitQ","2025-03-31","3","0","MISSING"
"HDFCBANK.NS","timeseries","grossProfitQ","2026-06-30","0","0","MISSING"
"HDFCBANK.NS","timeseries","grossProfitQ","2026-03-31","1","0","MISSING"
"HDFCBANK.NS","timeseries","grossProfitQ","2025-12-31","2","0","MISSING"
"HDFCBANK.NS","timeseries","grossProfitQ","2025-09-30","3","0","MISSING"
"HEI.DE","timeseries","grossProfitQ","2026-06-30","0","0","MISSING"
"HEI.DE","timeseries","grossProfitQ","2026-03-31","1","0","MISSING"
"HEI.DE","timeseries","grossProfitQ","2025-12-31","2","0","MISSING"
"HEI.DE","timeseries","grossProfitQ","2025-09-30","3","0","MISSING"
"HEIA.AS","timeseries","grossProfitQ","2026-06-30","0","0","MISSING"
"HEIA.AS","timeseries","grossProfitQ","2026-03-31","1","0","MISSING"
"HEIA.AS","timeseries","grossProfitQ","2025-12-31","2","0","MISSING"
"HEIA.AS","timeseries","grossProfitQ","2025-09-30","3","0","MISSING"
"HEIA.VI","timeseries","grossProfitQ","2026-06-30","0","0","MISSING"
"HEIA.VI","timeseries","grossProfitQ","2026-03-31","1","0","MISSING"
"HEIA.VI","timeseries","grossProfitQ","2025-12-31","2","0","MISSING"
"HEIA.VI","timeseries","grossProfitQ","2025-09-30","3","0","MISSING"
"HEIO.AS","timeseries","grossProfitQ","2015-09-30","0","0","MISSING"
"HEIO.AS","timeseries","grossProfitQ","2014-06-30","1","0","MISSING"
"HEIO.AS","timeseries","grossProfitQ","2014-03-31","2","0","MISSING"
"HEIO.AS","timeseries","grossProfitQ","2012-09-30","3","0","MISSING"
"HEIO.VI","timeseries","grossProfitQ","2015-09-30","0","0","MISSING"
"HEIO.VI","timeseries","grossProfitQ","2014-06-30","1","0","MISSING"
"HEIO.VI","timeseries","grossProfitQ","2014-03-31","2","0","MISSING"
"HEIO.VI","timeseries","grossProfitQ","2012-09-30","3","0","MISSING"
"HELKF","timeseries","grossProfitQ","2026-06-30","0","0","MISSING"
"HELKF","timeseries","grossProfitQ","2026-03-31","1","0","MISSING"
"HELKF","timeseries","grossProfitQ","2025-12-31","2","0","MISSING"
"HELKF","timeseries","grossProfitQ","2025-09-30","3","0","MISSING"
"HEN.DE","timeseries","grossProfitQ","2026-06-30","0","0","MISSING"
"HEN.DE","timeseries","grossProfitQ","2026-03-31","1","0","MISSING"
"HEN.DE","timeseries","grossProfitQ","2025-12-31","2","0","MISSING"
"HEN.DE","timeseries","grossProfitQ","2025-09-30","3","0","MISSING"
"HEN3.DE","timeseries","grossProfitQ","2026-06-30","0","0","MISSING"
"HEN3.DE","timeseries","grossProfitQ","2026-03-31","1","0","MISSING"
"HEN3.DE","timeseries","grossProfitQ","2025-12-31","2","0","MISSING"
"HEN3.DE","timeseries","grossProfitQ","2025-09-30","3","0","MISSING"
"HENI.VI","timeseries","grossProfitQ","2026-06-30","0","0","MISSING"
"HENI.VI","timeseries","grossProfitQ","2026-03-31","1","0","MISSING"
"HENI.VI","timeseries","grossProfitQ","2025-12-31","2","0","MISSING"
"HENI.VI","timeseries","grossProfitQ","2025-09-30","3","0","MISSING"
"HG","annual","annualRev","2022-12-31","3","0","MISSING"
"HGMCF","timeseries","grossProfitQ","2015-12-31","0","0","MISSING"
"HGMCF","timeseries","grossProfitQ","2015-09-30","1","0","MISSING"
"HGMCF","timeseries","grossProfitQ","2015-06-30","2","0","MISSING"
"HGMCF","timeseries","grossProfitQ","2015-03-31","3","0","MISSING"
"HHUSF","timeseries","grossProfitQ","2026-06-30","0","0","MISSING"
"HHUSF","timeseries","grossProfitQ","2026-03-31","1","0","MISSING"
"HHUSF","timeseries","grossProfitQ","2025-12-31","2","0","MISSING"
"HHUSF","timeseries","grossProfitQ","2025-09-30","3","0","MISSING"
"HICL.L","annual","annualRev","2021-03-31","3","0","MISSING"
"HICL.L","annual","annualGP","2024-03-31","0","0","MISSING"
"HICL.L","annual","annualGP","2023-03-31","1","0","MISSING"
"HICL.L","annual","annualGP","2022-03-31","2","0","MISSING"
"HISJF","timeseries","grossProfitQ","2026-07-31","0","0","MISSING"
"HISJF","timeseries","grossProfitQ","2026-04-30","1","0","MISSING"
"HISJF","timeseries","grossProfitQ","2026-01-31","2","0","MISSING"
"HISJF","timeseries","grossProfitQ","2025-10-31","3","0","MISSING"
"HIZOF","timeseries","grossProfitQ","2026-06-30","0","0","MISSING"
"HIZOF","timeseries","grossProfitQ","2026-03-31","1","0","MISSING"
"HIZOF","timeseries","grossProfitQ","2025-12-31","2","0","MISSING"
"HIZOF","timeseries","grossProfitQ","2025-09-30","3","0","MISSING"
"HKB.SI","timeseries","grossProfitQ","2020-12-31","0","0","MISSING"
"HKB.SI","timeseries","grossProfitQ","2020-09-30","1","0","MISSING"
"HKB.SI","timeseries","grossProfitQ","2019-12-31","2","0","MISSING"
"HKB.SI","timeseries","grossProfitQ","2019-09-30","3","0","MISSING"
"HKEPF","timeseries","grossProfitQ","2026-06-30","0","0","MISSING"
"HKEPF","timeseries","grossProfitQ","2026-03-31","1","0","MISSING"
"HKEPF","timeseries","grossProfitQ","2025-12-31","2","0","MISSING"
"HKEPF","timeseries","grossProfitQ","2025-09-30","3","0","MISSING"
"HKHHY","timeseries","grossProfitQ","2015-09-30","0","0","MISSING"
"HKHHY","timeseries","grossProfitQ","2014-06-30","1","0","MISSING"
"HKHHY","timeseries","grossProfitQ","2014-03-31","2","0","MISSING"
"HKHHY","timeseries","grossProfitQ","2012-09-30","3","0","MISSING"
"HLBN.DE","timeseries","grossProfitQ","2026-03-31","0","0","MISSING"
"HLBN.DE","timeseries","grossProfitQ","2025-12-31","1","0","MISSING"
"HLBN.DE","timeseries","grossProfitQ","2025-09-30","2","0","MISSING"
"HLBN.DE","timeseries","grossProfitQ","2025-06-30","3","0","MISSING"
"HLBZF","timeseries","grossProfitQ","2026-06-30","0","0","MISSING"
"HLBZF","timeseries","grossProfitQ","2026-03-31","1","0","MISSING"
"HLBZF","timeseries","grossProfitQ","2025-12-31","2","0","MISSING"
"HLBZF","timeseries","grossProfitQ","2025-09-30","3","0","MISSING"
"HLN.L","timeseries","grossProfitQ","2026-06-30","0","0","MISSING"
"HLN.L","timeseries","grossProfitQ","2026-03-31","1","0","MISSING"
"HLN.L","timeseries","grossProfitQ","2025-12-31","2","0","MISSING"
"HLN.L","timeseries","grossProfitQ","2025-09-30","3","0","MISSING"
"HLN","timeseries","grossProfitQ","2026-06-30","0","0","MISSING"
"HLN","timeseries","grossProfitQ","2026-03-31","1","0","MISSING"
"HLN","timeseries","grossProfitQ","2025-12-31","2","0","MISSING"
"HLN","timeseries","grossProfitQ","2025-09-30","3","0","MISSING"
"HLNCF","timeseries","grossProfitQ","2026-06-30","0","0","MISSING"
"HLNCF","timeseries","grossProfitQ","2026-03-31","1","0","MISSING"
"HLNCF","timeseries","grossProfitQ","2025-12-31","2","0","MISSING"
"HLNCF","timeseries","grossProfitQ","2025-09-30","3","0","MISSING"
"HMI.DE","timeseries","grossProfitQ","2026-06-30","0","0","MISSING"
"HMI.DE","timeseries","grossProfitQ","2026-03-31","1","0","MISSING"
"HMI.DE","timeseries","grossProfitQ","2025-12-31","2","0","MISSING"
"HMI.DE","timeseries","grossProfitQ","2025-09-30","3","0","MISSING"
"HMMC.TO","annual","annualRev","2025-12-31","0","0","MISSING"
"HMMCF","annual","annualRev","2025-12-31","0","0","MISSING"
"HMN.SI","timeseries","grossProfitQ","2019-12-31","0","0","MISSING"
"HMN.SI","timeseries","grossProfitQ","2019-09-30","1","0","MISSING"
"HMN.SI","timeseries","grossProfitQ","2019-06-30","2","0","MISSING"
"HMN.SI","timeseries","grossProfitQ","2019-03-31","3","0","MISSING"
"HMY","timeseries","grossProfitQ","2015-12-31","0","0","MISSING"
"HMY","timeseries","grossProfitQ","2015-09-30","1","0","MISSING"
"HMY","timeseries","grossProfitQ","2015-06-30","2","0","MISSING"
"HMY","timeseries","grossProfitQ","2015-03-31","3","0","MISSING"
"HNK1.DE","timeseries","grossProfitQ","2026-06-30","0","0","MISSING"
"HNK1.DE","timeseries","grossProfitQ","2026-03-31","1","0","MISSING"
"HNK1.DE","timeseries","grossProfitQ","2025-12-31","2","0","MISSING"
"HNK1.DE","timeseries","grossProfitQ","2025-09-30","3","0","MISSING"
"HNORF","timeseries","grossProfitQ","2013-03-31","0","0","MISSING"
"HNORF","timeseries","grossProfitQ","2011-12-31","1","0","MISSING"
"HNORF","timeseries","grossProfitQ","2011-06-30","2","0","MISSING"
"HNORF","timeseries","grossProfitQ","2011-03-31","3","0","MISSING"
"HNWAF","timeseries","grossProfitQ","2026-06-30","0","0","MISSING"
"HNWAF","timeseries","grossProfitQ","2026-03-31","1","0","MISSING"
"HNWAF","timeseries","grossProfitQ","2025-12-31","2","0","MISSING"
"HNWAF","timeseries","grossProfitQ","2025-09-30","3","0","MISSING"
"HO.PA","timeseries","grossProfitQ","2026-06-30","0","0","MISSING"
"HO.PA","timeseries","grossProfitQ","2026-03-31","1","0","MISSING"
"HO.PA","timeseries","grossProfitQ","2025-12-31","2","0","MISSING"
"HO.PA","timeseries","grossProfitQ","2025-09-30","3","0","MISSING"
"HOFJF","timeseries","grossProfitQ","2026-06-30","0","0","MISSING"
"HOFJF","timeseries","grossProfitQ","2025-12-31","1","0","MISSING"
"HOFJF","timeseries","grossProfitQ","2025-09-30","2","0","MISSING"
"HOFJF","timeseries","grossProfitQ","2025-06-30","3","0","MISSING"
"HOKRF","timeseries","grossProfitQ","2026-03-31","0","0","MISSING"
"HOKRF","timeseries","grossProfitQ","2025-12-31","1","0","MISSING"
"HOKRF","timeseries","grossProfitQ","2025-09-30","2","0","MISSING"
"HOKRF","timeseries","grossProfitQ","2025-06-30","3","0","MISSING"
"HOLN.SW","timeseries","grossProfitQ","2026-06-30","0","0","MISSING"
"HOLN.SW","timeseries","grossProfitQ","2026-03-31","1","0","MISSING"
"HOLN.SW","timeseries","grossProfitQ","2025-12-31","2","0","MISSING"
"HOLN.SW","timeseries","grossProfitQ","2025-09-30","3","0","MISSING"
"HOME.MC","timeseries","grossProfitQ","2022-12-31","0","0","MISSING"
"HOME.MC","timeseries","grossProfitQ","2022-09-30","1","0","MISSING"
"HOME.MC","timeseries","grossProfitQ","2022-06-30","2","0","MISSING"
"HOME.MC","timeseries","grossProfitQ","2022-03-31","3","0","MISSING"
"HOS","timeseries","grossProfitQ","2019-09-30","0","0","MISSING"
"HOS","timeseries","grossProfitQ","2019-06-30","1","0","MISSING"
"HOS","timeseries","grossProfitQ","2019-03-31","2","0","MISSING"
"HOS","timeseries","grossProfitQ","2018-12-31","3","0","MISSING"
"HPHTY","timeseries","grossProfitQ","2026-06-30","0","0","MISSING"
"HPHTY","timeseries","grossProfitQ","2026-03-31","1","0","MISSING"
"HPHTY","timeseries","grossProfitQ","2025-12-31","2","0","MISSING"
"HPHTY","timeseries","grossProfitQ","2025-09-30","3","0","MISSING"
"HRSEF","timeseries","grossProfitQ","2026-06-30","0","0","MISSING"
"HRSEF","timeseries","grossProfitQ","2026-03-31","1","0","MISSING"
"HRSEF","timeseries","grossProfitQ","2025-12-31","2","0","MISSING"
"HRSEF","timeseries","grossProfitQ","2025-09-30","3","0","MISSING"
"HSHP.OL","annual","annualRev","2022-12-31","3","0","MISSING"
"HSHP.OL","annual","annualGP","2025-12-31","0","0","MISSING"
"HSHP.OL","annual","annualGP","2024-12-31","1","0","MISSING"
"HSHP.OL","annual","annualGP","2023-12-31","2","0","MISSING"
"HSHP","annual","annualRev","2022-12-31","3","0","MISSING"
"HSX.L","timeseries","grossProfitQ","2013-03-31","0","0","MISSING"
"HSX.L","annual","annualGP","2025-12-31","0","0","MISSING"
"HSX.L","annual","annualGP","2024-12-31","1","0","MISSING"
"HSX.L","annual","annualGP","2023-12-31","2","0","MISSING"
"HSX.L","annual","annualGP","2022-12-31","3","0","MISSING"
"HSYDF","timeseries","grossProfitQ","2026-06-30","0","0","MISSING"
"HSYDF","timeseries","grossProfitQ","2026-03-31","1","0","MISSING"
"HSYDF","timeseries","grossProfitQ","2025-12-31","2","0","MISSING"
"HSYDF","timeseries","grossProfitQ","2025-09-30","3","0","MISSING"
"HTCMF","timeseries","grossProfitQ","2026-06-30","0","0","MISSING"
"HTCMF","timeseries","grossProfitQ","2026-03-31","1","0","MISSING"
"HTCMF","timeseries","grossProfitQ","2025-12-31","2","0","MISSING"
"HTCMF","timeseries","grossProfitQ","2025-09-30","3","0","MISSING"
"HTHIY","timeseries","grossProfitQ","2026-06-30","0","0","MISSING"
"HTHIY","timeseries","grossProfitQ","2026-03-31","1","0","MISSING"
"HTHIY","timeseries","grossProfitQ","2025-12-31","2","0","MISSING"
"HTHIY","timeseries","grossProfitQ","2025-09-30","3","0","MISSING"
"HTOCF","timeseries","grossProfitQ","2026-06-30","0","0","MISSING"
"HTOCF","timeseries","grossProfitQ","2026-03-31","1","0","MISSING"
"HTOCF","timeseries","grossProfitQ","2025-12-31","2","0","MISSING"
"HTOCF","timeseries","grossProfitQ","2025-09-30","3","0","MISSING"
"HUBN.SW","timeseries","grossProfitQ","2025-09-30","0","0","MISSING"
"HUBN.SW","timeseries","grossProfitQ","2018-09-30","1","0","MISSING"
"HUBN.SW","timeseries","grossProfitQ","2016-12-31","2","0","MISSING"
"HUBN.SW","timeseries","grossProfitQ","2013-12-31","3","0","MISSING"
"HUDCO.BO","annual","annualRev","2024-03-31","1","0","MISSING"
"HUDCO.NS","annual","annualRev","2024-03-31","1","0","MISSING"
"HVN.AX","timeseries","grossProfitQ","2013-03-31","0","0","MISSING"
"HVN.AX","timeseries","grossProfitQ","2011-12-31","1","0","MISSING"
"HVN.AX","timeseries","grossProfitQ","2011-06-30","2","0","MISSING"
"HVN.AX","timeseries","grossProfitQ","2011-03-31","3","0","MISSING"
"HYMC","timeseries","revenueQ","2023-06-30","0","0","MISSING"
"HYMC","timeseries","grossProfitQ","2021-12-31","1","0","MISSING"
"HYMC","timeseries","grossProfitQ","2021-09-30","2","0","MISSING"
"HYMC","timeseries","grossProfitQ","2021-06-30","3","0","MISSING"
"HYUHF","timeseries","grossProfitQ","2026-06-30","0","0","MISSING"
"HYUHF","timeseries","grossProfitQ","2025-12-31","1","0","MISSING"
"HYUHF","timeseries","grossProfitQ","2025-06-30","2","0","MISSING"
"HYUHF","timeseries","grossProfitQ","2025-03-31","3","0","MISSING"
"IBADF","timeseries","grossProfitQ","2026-06-30","0","0","MISSING"
"IBADF","timeseries","grossProfitQ","2025-12-31","1","0","MISSING"
"IBADF","timeseries","grossProfitQ","2025-06-30","2","0","MISSING"
"IBADF","timeseries","grossProfitQ","2024-12-31","3","0","MISSING"
"IBIDF","timeseries","grossProfitQ","2026-06-30","0","0","MISSING"
"IBIDF","timeseries","grossProfitQ","2026-03-31","1","0","MISSING"
"IBIDF","timeseries","grossProfitQ","2025-12-31","2","0","MISSING"
"IBIDF","timeseries","grossProfitQ","2025-09-30","3","0","MISSING"
"ICAD.PA","timeseries","grossProfitQ","2025-09-30","0","0","MISSING"
"ICAD.PA","timeseries","grossProfitQ","2024-09-30","1","0","MISSING"
"ICAD.PA","timeseries","grossProfitQ","2024-03-31","2","0","MISSING"
"ICAD.PA","timeseries","grossProfitQ","2007-03-31","3","0","MISSING"
"ICOS.MI","timeseries","grossProfitQ","2026-06-30","0","0","MISSING"
"ICOS.MI","timeseries","grossProfitQ","2025-12-31","1","0","MISSING"
"ICOS.MI","timeseries","grossProfitQ","2025-06-30","2","0","MISSING"
"ICOS.MI","timeseries","grossProfitQ","2025-03-31","3","0","MISSING"
"ICPVF","timeseries","grossProfitQ","2022-09-30","0","0","MISSING"
"ICPVF","timeseries","grossProfitQ","2022-06-30","1","0","MISSING"
"ICPVF","timeseries","grossProfitQ","2022-03-31","2","0","MISSING"
"ICPVF","timeseries","grossProfitQ","2021-12-31","3","0","MISSING"
"IDBI.BO","annual","annualRev","2021-03-31","2","0","MISSING"
"IDBI.NS","annual","annualRev","2021-03-31","2","0","MISSING"
"IDL.PA","timeseries","grossProfitQ","2026-06-30","0","0","MISSING"
"IDL.PA","timeseries","grossProfitQ","2026-03-31","1","0","MISSING"
"IDL.PA","timeseries","grossProfitQ","2025-12-31","2","0","MISSING"
"IDL.PA","timeseries","grossProfitQ","2025-09-30","3","0","MISSING"
"IFC.TO","annual","annualRev","2023-12-31","2","0","MISSING"
"IFCN.SW","timeseries","grossProfitQ","2026-06-30","0","0","MISSING"
"IFCN.SW","timeseries","grossProfitQ","2026-03-31","1","0","MISSING"
"IFCN.SW","timeseries","grossProfitQ","2025-12-31","2","0","MISSING"
"IFCN.SW","timeseries","grossProfitQ","2025-09-30","3","0","MISSING"
"IFCNF","timeseries","grossProfitQ","2026-06-30","0","0","MISSING"
"IFCNF","timeseries","grossProfitQ","2026-03-31","1","0","MISSING"
"IFCNF","timeseries","grossProfitQ","2025-12-31","2","0","MISSING"
"IFCNF","timeseries","grossProfitQ","2025-09-30","3","0","MISSING"
"IFCZF","annual","annualRev","2023-12-31","2","0","MISSING"
"IFHLY","timeseries","grossProfitQ","2026-06-30","0","0","MISSING"
"IFHLY","timeseries","grossProfitQ","2026-03-31","1","0","MISSING"
"IFHLY","timeseries","grossProfitQ","2025-12-31","2","0","MISSING"
"IFHLY","timeseries","grossProfitQ","2025-09-30","3","0","MISSING"
"IFT.AX","timeseries","grossProfitQ","2007-12-31","0","0","MISSING"
"IFT.NZ","timeseries","grossProfitQ","2007-12-31","0","0","MISSING"
"IG.MI","timeseries","grossProfitQ","2026-06-30","0","0","MISSING"
"IG.MI","timeseries","grossProfitQ","2026-03-31","1","0","MISSING"
"IG.MI","timeseries","grossProfitQ","2025-12-31","2","0","MISSING"
"IG.MI","timeseries","grossProfitQ","2025-09-30","3","0","MISSING"
"IG.VI","timeseries","grossProfitQ","2026-06-30","0","0","MISSING"
"IG.VI","timeseries","grossProfitQ","2026-03-31","1","0","MISSING"
"IG.VI","timeseries","grossProfitQ","2025-12-31","2","0","MISSING"
"IG.VI","timeseries","grossProfitQ","2025-09-30","3","0","MISSING"
"IGG.L","timeseries","grossProfitQ","2017-11-30","0","0","MISSING"
"IGG.L","timeseries","grossProfitQ","2017-08-31","1","0","MISSING"
"IGG.L","timeseries","grossProfitQ","2015-11-30","2","0","MISSING"
"IGG.L","timeseries","grossProfitQ","2013-11-30","3","0","MISSING"
"IGG.L","annual","annualRev","2025-12-31","0","0","MISSING"
"IGG.L","annual","annualGP","2024-05-31","1","0","MISSING"
"IGG.L","annual","annualGP","2023-05-31","2","0","MISSING"
"IGG.L","annual","annualGP","2022-05-31","3","0","MISSING"
"IGIC","annual","annualRev","2025-12-31","0","0","MISSING"
"IGO.AX","timeseries","grossProfitQ","2026-06-30","0","0","MISSING"
"IGO.AX","timeseries","grossProfitQ","2025-06-30","1","0","MISSING"
"IGO.AX","timeseries","grossProfitQ","2025-03-31","2","0","MISSING"
"IGO.AX","timeseries","grossProfitQ","2024-06-30","3","0","MISSING"
"IHCPF","timeseries","grossProfitQ","2026-06-30","0","0","MISSING"
"IHCPF","timeseries","grossProfitQ","2023-06-30","1","0","MISSING"
"IHCPF","timeseries","grossProfitQ","2020-06-30","2","0","MISSING"
"IHCPF","timeseries","grossProfitQ","2015-12-31","3","0","MISSING"
"IKTSF","timeseries","grossProfitQ","2024-06-30","0","0","MISSING"
"IKTSF","timeseries","grossProfitQ","2022-06-30","1","0","MISSING"
"IKTSF","timeseries","grossProfitQ","2021-06-30","2","0","MISSING"
"IKTSF","timeseries","grossProfitQ","2020-06-30","3","0","MISSING"
"ILKAF","timeseries","grossProfitQ","2015-06-30","0","0","MISSING"
"ILKAF","timeseries","grossProfitQ","2013-03-31","1","0","MISSING"
"ILU.AX","timeseries","grossProfitQ","2015-06-30","0","0","MISSING"
"ILU.AX","timeseries","grossProfitQ","2013-03-31","1","0","MISSING"
"IMCD.AS","timeseries","grossProfitQ","2026-03-31","0","0","MISSING"
"IMCD.AS","timeseries","grossProfitQ","2025-12-31","1","0","MISSING"
"IMCD.AS","timeseries","grossProfitQ","2025-06-30","2","0","MISSING"
"IMCD.AS","timeseries","grossProfitQ","2025-03-31","3","0","MISSING"
"IMCD.VI","timeseries","grossProfitQ","2026-06-30","0","0","MISSING"
"IMCD.VI","timeseries","grossProfitQ","2026-03-31","1","0","MISSING"
"IMCD.VI","timeseries","grossProfitQ","2025-12-31","2","0","MISSING"
"IMCD.VI","timeseries","grossProfitQ","2025-06-30","3","0","MISSING"
"IMD.AX","timeseries","grossProfitQ","2020-06-30","0","0","MISSING"
"IMD.AX","timeseries","grossProfitQ","2020-03-31","1","0","MISSING"
"IMD.AX","timeseries","grossProfitQ","2019-06-30","2","0","MISSING"
"IMD.AX","timeseries","grossProfitQ","2019-03-31","3","0","MISSING"
"IMDZF","timeseries","grossProfitQ","2026-06-30","0","0","MISSING"
"IMDZF","timeseries","grossProfitQ","2026-03-31","1","0","MISSING"
"IMDZF","timeseries","grossProfitQ","2025-12-31","2","0","MISSING"
"IMDZF","timeseries","grossProfitQ","2025-06-30","3","0","MISSING"
"IMHDF","timeseries","grossProfitQ","2026-03-31","0","0","MISSING"
"IMHDF","timeseries","grossProfitQ","2025-12-31","1","0","MISSING"
"IMHDF","timeseries","grossProfitQ","2025-09-30","2","0","MISSING"
"IMHDF","timeseries","grossProfitQ","2025-06-30","3","0","MISSING"
"IMNM","annual","annualRev","2022-12-31","3","0","MISSING"
"IMYSF","timeseries","grossProfitQ","2026-06-30","0","0","MISSING"
"IMYSF","timeseries","grossProfitQ","2026-03-31","1","0","MISSING"
"IMYSF","timeseries","grossProfitQ","2025-09-30","2","0","MISSING"
"IMYSF","timeseries","grossProfitQ","2025-06-30","3","0","MISSING"
"INCPF","timeseries","grossProfitQ","2026-06-30","0","0","MISSING"
"INCPF","timeseries","grossProfitQ","2026-03-31","1","0","MISSING"
"INCPF","timeseries","grossProfitQ","2025-12-31","2","0","MISSING"
"INCPF","timeseries","grossProfitQ","2025-09-30","3","0","MISSING"
"IOB.BO","annual","annualRev","2021-03-31","2","0","MISSING"
"IOB.NS","annual","annualRev","2021-03-31","2","0","MISSING"
"IOC.VI","timeseries","grossProfitQ","2026-06-30","0","0","MISSING"
"IOC.VI","timeseries","grossProfitQ","2026-03-31","1","0","MISSING"
"IOC.VI","timeseries","grossProfitQ","2025-12-31","2","0","MISSING"
"IOC.VI","timeseries","grossProfitQ","2025-09-30","3","0","MISSING"
"IOVA","annual","annualRev","2022-12-31","3","0","MISSING"
"IPN.PA","timeseries","grossProfitQ","2026-06-30","0","0","MISSING"
"IPN.PA","timeseries","grossProfitQ","2026-03-31","1","0","MISSING"
"IPN.PA","timeseries","grossProfitQ","2025-12-31","2","0","MISSING"
"IPN.PA","timeseries","grossProfitQ","2025-09-30","3","0","MISSING"
"IPN.VI","timeseries","grossProfitQ","2026-06-30","0","0","MISSING"
"IPN.VI","timeseries","grossProfitQ","2026-03-31","1","0","MISSING"
"IPN.VI","timeseries","grossProfitQ","2025-12-31","2","0","MISSING"
"IPN.VI","timeseries","grossProfitQ","2025-09-30","3","0","MISSING"
"IPS.PA","timeseries","grossProfitQ","2026-06-30","0","0","MISSING"
"IPS.PA","timeseries","grossProfitQ","2026-03-31","1","0","MISSING"
"IPS.PA","timeseries","grossProfitQ","2025-12-31","2","0","MISSING"
"IPS.PA","timeseries","grossProfitQ","2025-06-30","3","0","MISSING"
"IPSEF","timeseries","grossProfitQ","2026-06-30","0","0","MISSING"
"IPSEF","timeseries","grossProfitQ","2026-03-31","1","0","MISSING"
"IPSEF","timeseries","grossProfitQ","2025-12-31","2","0","MISSING"
"IPSEF","timeseries","grossProfitQ","2025-09-30","3","0","MISSING"
"IPSOF","timeseries","grossProfitQ","2026-06-30","0","0","MISSING"
"IPSOF","timeseries","grossProfitQ","2026-03-31","1","0","MISSING"
"IPSOF","timeseries","grossProfitQ","2025-12-31","2","0","MISSING"
"IPSOF","timeseries","grossProfitQ","2025-06-30","3","0","MISSING"
"IRSA.BA","annual","annualRev","2024-06-30","1","0","MISSING"
"ISFFF","timeseries","grossProfitQ","2026-06-30","0","0","MISSING"
"ISFFF","timeseries","grossProfitQ","2025-06-30","1","0","MISSING"
"ISFFF","timeseries","grossProfitQ","2024-12-31","2","0","MISSING"
"ISFFF","timeseries","grossProfitQ","2024-09-30","3","0","MISSING"
"ISS.CO","timeseries","grossProfitQ","2026-06-30","0","0","MISSING"
"ISS.CO","timeseries","grossProfitQ","2025-06-30","1","0","MISSING"
"ISS.CO","timeseries","grossProfitQ","2024-12-31","2","0","MISSING"
"ISS.CO","timeseries","grossProfitQ","2024-09-30","3","0","MISSING"
"ISS.VI","timeseries","grossProfitQ","2026-06-30","0","0","MISSING"
"ISS.VI","timeseries","grossProfitQ","2025-06-30","1","0","MISSING"
"ISS.VI","timeseries","grossProfitQ","2024-12-31","2","0","MISSING"
"ISS.VI","timeseries","grossProfitQ","2024-09-30","3","0","MISSING"
"ISUZF","timeseries","grossProfitQ","2026-06-30","0","0","MISSING"
"ISUZF","timeseries","grossProfitQ","2026-03-31","1","0","MISSING"
"ISUZF","timeseries","grossProfitQ","2025-12-31","2","0","MISSING"
"ISUZF","timeseries","grossProfitQ","2025-09-30","3","0","MISSING"
"ITGGF","timeseries","grossProfitQ","2026-06-30","0","0","MISSING"
"ITGGF","timeseries","grossProfitQ","2026-03-31","1","0","MISSING"
"ITGGF","timeseries","grossProfitQ","2025-12-31","2","0","MISSING"
"ITGGF","timeseries","grossProfitQ","2025-09-30","3","0","MISSING"
"ITM.MI","timeseries","revenueQ","2007-03-31","1","0","MISSING"
"ITM.MI","timeseries","grossProfitQ","2009-12-31","0","0","MISSING"
"ITOEF","timeseries","grossProfitQ","2026-04-30","0","0","MISSING"
"ITOEF","timeseries","grossProfitQ","2026-01-31","1","0","MISSING"
"ITOEF","timeseries","grossProfitQ","2025-10-31","2","0","MISSING"
"ITOEF","timeseries","grossProfitQ","2025-07-31","3","0","MISSING"
"ITP.PA","timeseries","grossProfitQ","2026-06-30","0","0","MISSING"
"ITP.PA","timeseries","grossProfitQ","2026-03-31","1","0","MISSING"
"ITP.PA","timeseries","grossProfitQ","2025-12-31","2","0","MISSING"
"ITP.PA","timeseries","grossProfitQ","2025-06-30","3","0","MISSING"
"ITRK.L","timeseries","grossProfitQ","2024-06-30","0","0","MISSING"
"ITRK.L","timeseries","grossProfitQ","2022-06-30","1","0","MISSING"
"ITRK.L","timeseries","grossProfitQ","2021-06-30","2","0","MISSING"
"ITRK.L","timeseries","grossProfitQ","2020-06-30","3","0","MISSING"
"ITRK.L","annual","annualGP","2025-12-31","0","0","MISSING"
"ITRK.L","annual","annualGP","2024-12-31","1","0","MISSING"
"ITRK.L","annual","annualGP","2023-12-31","2","0","MISSING"
"ITRK.L","annual","annualGP","2022-12-31","3","0","MISSING"
"ITV.L","timeseries","grossProfitQ","2021-09-30","0","0","MISSING"
"ITV.L","timeseries","grossProfitQ","2019-09-30","1","0","MISSING"
"ITV.L","timeseries","grossProfitQ","2018-06-30","2","0","MISSING"
"ITV.L","timeseries","grossProfitQ","2017-12-31","3","0","MISSING"
"ITVPF","timeseries","grossProfitQ","2021-09-30","0","0","MISSING"
"ITVPF","timeseries","grossProfitQ","2019-09-30","1","0","MISSING"
"ITVPF","timeseries","grossProfitQ","2018-06-30","2","0","MISSING"
"ITVPF","timeseries","grossProfitQ","2017-12-31","3","0","MISSING"
"IUSDF","timeseries","grossProfitQ","2026-06-30","0","0","MISSING"
"IUSDF","timeseries","grossProfitQ","2026-03-31","1","0","MISSING"
"IUSDF","timeseries","grossProfitQ","2025-12-31","2","0","MISSING"
"IUSDF","timeseries","grossProfitQ","2025-09-30","3","0","MISSING"
"IVA.PA","timeseries","revenueQ","2026-03-31","1","0","MISSING"
"IVA.PA","timeseries","revenueQ","2024-03-31","3","0","MISSING"
"IVA.PA","timeseries","grossProfitQ","2026-06-30","0","0","MISSING"
"IVA.PA","timeseries","grossProfitQ","2025-09-30","2","0","MISSING"
"IVA","timeseries","revenueQ","2026-03-31","1","0","MISSING"
"IVA","timeseries","revenueQ","2024-03-31","3","0","MISSING"
"IVA","timeseries","grossProfitQ","2026-06-30","0","0","MISSING"
"IVA","timeseries","grossProfitQ","2025-09-30","2","0","MISSING"
"IVN.TO","annual","annualRev","2023-12-31","2","0","MISSING"
"IWA.VI","timeseries","grossProfitQ","2026-06-30","0","0","MISSING"
"IWA.VI","timeseries","grossProfitQ","2026-03-31","1","0","MISSING"
"IWA.VI","timeseries","grossProfitQ","2025-12-31","2","0","MISSING"
"IWA.VI","timeseries","grossProfitQ","2025-06-30","3","0","MISSING"
"IWTNF","timeseries","grossProfitQ","2026-06-30","0","0","MISSING"
"IWTNF","timeseries","grossProfitQ","2026-03-31","1","0","MISSING"
"IWTNF","timeseries","grossProfitQ","2025-12-31","2","0","MISSING"
"IWTNF","timeseries","grossProfitQ","2025-06-30","3","0","MISSING"
"IZMIF","timeseries","grossProfitQ","2026-05-31","0","0","MISSING"
"IZMIF","timeseries","grossProfitQ","2026-02-28","1","0","MISSING"
"IZMIF","timeseries","grossProfitQ","2025-11-30","2","0","MISSING"
"IZMIF","timeseries","grossProfitQ","2025-08-31","3","0","MISSING"
"J69U.SI","timeseries","grossProfitQ","2021-03-31","0","0","MISSING"
"J69U.SI","timeseries","grossProfitQ","2019-09-30","1","0","MISSING"
"J69U.SI","timeseries","grossProfitQ","2019-06-30","2","0","MISSING"
"J69U.SI","timeseries","grossProfitQ","2019-03-31","3","0","MISSING"
"JAIRF","timeseries","grossProfitQ","2026-06-30","0","0","MISSING"
"JAIRF","timeseries","grossProfitQ","2026-03-31","1","0","MISSING"
"JAIRF","timeseries","grossProfitQ","2025-12-31","2","0","MISSING"
"JAIRF","timeseries","grossProfitQ","2025-09-30","3","0","MISSING"
"JAT.VI","timeseries","grossProfitQ","2026-06-30","0","0","MISSING"
"JAT.VI","timeseries","grossProfitQ","2026-03-31","1","0","MISSING"
"JAT.VI","timeseries","grossProfitQ","2025-12-31","2","0","MISSING"
"JAT.VI","timeseries","grossProfitQ","2025-09-30","3","0","MISSING"
"JBH.AX","timeseries","grossProfitQ","2022-06-30","0","0","MISSING"
"JBH.AX","timeseries","grossProfitQ","2022-03-31","1","0","MISSING"
"JBH.AX","timeseries","grossProfitQ","2021-12-31","2","0","MISSING"
"JBH.AX","timeseries","grossProfitQ","2021-09-30","3","0","MISSING"
"JCDXF","timeseries","grossProfitQ","2026-06-30","0","0","MISSING"
"JCDXF","timeseries","grossProfitQ","2026-03-31","1","0","MISSING"
"JCDXF","timeseries","grossProfitQ","2025-12-31","2","0","MISSING"
"JCDXF","timeseries","grossProfitQ","2025-09-30","3","0","MISSING"
"JCYCF","timeseries","grossProfitQ","2020-12-31","0","0","MISSING"
"JCYCF","timeseries","grossProfitQ","2020-09-30","1","0","MISSING"
"JCYCF","timeseries","grossProfitQ","2020-06-30","2","0","MISSING"
"JCYCF","timeseries","grossProfitQ","2020-03-31","3","0","MISSING"
"JDHIF","timeseries","grossProfitQ","2025-12-31","0","0","MISSING"
"JDHIF","timeseries","grossProfitQ","2025-09-30","1","0","MISSING"
"JDHIF","timeseries","grossProfitQ","2025-06-30","2","0","MISSING"
"JDHIF","timeseries","grossProfitQ","2024-12-31","3","0","MISSING"
"JDLGF","timeseries","grossProfitQ","2026-03-31","0","0","MISSING"
"JDLGF","timeseries","grossProfitQ","2025-12-31","1","0","MISSING"
"JDLGF","timeseries","grossProfitQ","2025-09-30","2","0","MISSING"
"JDLGF","timeseries","grossProfitQ","2025-06-30","3","0","MISSING"
"JDW.L","annual","annualGP","2025-07-31","0","0","MISSING"
"JDW.L","annual","annualGP","2024-07-31","1","0","MISSING"
"JDW.L","annual","annualGP","2023-07-31","2","0","MISSING"
"JDW.L","annual","annualGP","2022-07-31","3","0","MISSING"
"JELLF","timeseries","grossProfitQ","2026-06-30","0","0","MISSING"
"JELLF","timeseries","grossProfitQ","2026-03-31","1","0","MISSING"
"JELLF","timeseries","grossProfitQ","2025-12-31","2","0","MISSING"
"JELLF","timeseries","grossProfitQ","2025-09-30","3","0","MISSING"
"JMFINANCIL.NS","annual","annualRev","2025-03-31","1","0","MISSING"
"JNDOF","timeseries","grossProfitQ","2026-05-31","0","0","MISSING"
"JNDOF","timeseries","grossProfitQ","2026-02-28","1","0","MISSING"
"JNDOF","timeseries","grossProfitQ","2025-11-30","2","0","MISSING"
"JNDOF","timeseries","grossProfitQ","2025-08-31","3","0","MISSING"
"JNNDF","timeseries","grossProfitQ","2026-06-30","0","0","MISSING"
"JNNDF","timeseries","grossProfitQ","2025-12-31","1","0","MISSING"
"JNNDF","timeseries","grossProfitQ","2025-06-30","2","0","MISSING"
"JNNDF","timeseries","grossProfitQ","2024-12-31","3","0","MISSING"
"JOBY","annual","annualRev","2022-12-31","3","0","MISSING"
"JPHLF","timeseries","grossProfitQ","2026-06-30","0","0","MISSING"
"JPHLF","timeseries","grossProfitQ","2026-03-31","1","0","MISSING"
"JPHLF","timeseries","grossProfitQ","2025-12-31","2","0","MISSING"
"JPHLF","timeseries","grossProfitQ","2025-09-30","3","0","MISSING"
"JPPIF","timeseries","grossProfitQ","2026-06-30","0","0","MISSING"
"JPPIF","timeseries","grossProfitQ","2026-03-31","1","0","MISSING"
"JPPIF","timeseries","grossProfitQ","2025-12-31","2","0","MISSING"
"JPPIF","timeseries","grossProfitQ","2025-09-30","3","0","MISSING"
"JPSTF","timeseries","grossProfitQ","2026-06-30","0","0","MISSING"
"JPSTF","timeseries","grossProfitQ","2026-03-31","1","0","MISSING"
"JPSTF","timeseries","grossProfitQ","2025-12-31","2","0","MISSING"
"JPSTF","timeseries","grossProfitQ","2025-09-30","3","0","MISSING"
"JPTXF","timeseries","grossProfitQ","2026-06-30","0","0","MISSING"
"JPTXF","timeseries","grossProfitQ","2026-03-31","1","0","MISSING"
"JPTXF","timeseries","grossProfitQ","2025-12-31","2","0","MISSING"
"JPTXF","timeseries","grossProfitQ","2025-09-30","3","0","MISSING"
"JSNSF","timeseries","grossProfitQ","2011-06-30","0","0","MISSING"
"JUMSF","timeseries","grossProfitQ","2021-12-31","0","0","MISSING"
"JUMSF","timeseries","grossProfitQ","2020-12-31","1","0","MISSING"
"JUMSF","timeseries","grossProfitQ","2015-12-31","2","0","MISSING"
"JUMSF","timeseries","grossProfitQ","2015-09-30","3","0","MISSING"
"JUN3.DE","timeseries","revenueQ","2026-03-31","1","0","MISSING"
"JUN3.DE","timeseries","grossProfitQ","2026-06-30","0","0","MISSING"
"JUN3.DE","timeseries","grossProfitQ","2025-12-31","2","0","MISSING"
"JUN3.DE","timeseries","grossProfitQ","2025-09-30","3","0","MISSING"
"JUV2.VI","timeseries","grossProfitQ","2006-09-30","0","0","MISSING"
"JUVE.MI","timeseries","grossProfitQ","2006-09-30","0","0","MISSING"
"JVTSF","timeseries","grossProfitQ","2006-09-30","0","0","MISSING"
"J&KBANK.BO","annual","annualRev","2023-03-31","2","0","MISSING"
"J&KBANK.NS","annual","annualRev","2023-03-31","3","0","MISSING"
"K6S.SI","timeseries","grossProfitQ","2013-03-31","0","0","MISSING"
"K6S.SI","timeseries","grossProfitQ","2011-09-30","1","0","MISSING"
"K6S.SI","timeseries","grossProfitQ","2011-03-31","2","0","MISSING"
"K6S.SI","timeseries","grossProfitQ","2010-09-30","3","0","MISSING"
"K6S.SI","annual","annualRev","2023-12-31","2","0","MISSING"
"K71U.SI","timeseries","revenueQ","2021-06-30","2","0","MISSING"
"K71U.SI","timeseries","grossProfitQ","2021-03-31","3","0","MISSING"
"KAJMF","timeseries","grossProfitQ","2026-06-30","0","0","MISSING"
"KAJMF","timeseries","grossProfitQ","2026-03-31","1","0","MISSING"
"KAJMF","timeseries","grossProfitQ","2025-12-31","2","0","MISSING"
"KAJMF","timeseries","grossProfitQ","2025-09-30","3","0","MISSING"
"KAOCF","timeseries","grossProfitQ","2026-06-30","0","0","MISSING"
"KAOCF","timeseries","grossProfitQ","2026-03-31","1","0","MISSING"
"KAOCF","timeseries","grossProfitQ","2025-12-31","2","0","MISSING"
"KAOCF","timeseries","grossProfitQ","2025-09-30","3","0","MISSING"
"KARN.SW","timeseries","grossProfitQ","2007-06-30","0","0","MISSING"
"KBAGF","timeseries","grossProfitQ","2024-12-31","0","0","MISSING"
"KBAGF","timeseries","grossProfitQ","2024-09-30","1","0","MISSING"
"KBAGF","timeseries","grossProfitQ","2024-06-30","2","0","MISSING"
"KBAGF","timeseries","grossProfitQ","2023-12-31","3","0","MISSING"
"KBKIF","timeseries","grossProfitQ","2026-06-30","0","0","MISSING"
"KBKIF","timeseries","grossProfitQ","2026-03-31","1","0","MISSING"
"KBKIF","timeseries","grossProfitQ","2025-12-31","2","0","MISSING"
"KBKIF","timeseries","grossProfitQ","2025-09-30","3","0","MISSING"
"KCN.AX","annual","annualRev","2023-06-30","3","0","MISSING"
"KELRF","timeseries","grossProfitQ","2026-06-30","0","0","MISSING"
"KELRF","timeseries","grossProfitQ","2026-03-31","1","0","MISSING"
"KELRF","timeseries","grossProfitQ","2025-12-31","2","0","MISSING"
"KELRF","timeseries","grossProfitQ","2025-09-30","3","0","MISSING"
"KENT.IS","annual","annualRev","2003-12-31","1","0","MISSING"
"KER.PA","timeseries","grossProfitQ","2026-06-30","0","0","MISSING"
"KER.PA","timeseries","grossProfitQ","2026-03-31","1","0","MISSING"
"KER.PA","timeseries","grossProfitQ","2025-12-31","2","0","MISSING"
"KER.PA","timeseries","grossProfitQ","2025-09-30","3","0","MISSING"
"KER.VI","timeseries","grossProfitQ","2026-06-30","0","0","MISSING"
"KER.VI","timeseries","grossProfitQ","2026-03-31","1","0","MISSING"
"KER.VI","timeseries","grossProfitQ","2025-12-31","2","0","MISSING"
"KER.VI","timeseries","grossProfitQ","2025-09-30","3","0","MISSING"
"KERCY","timeseries","grossProfitQ","2026-06-30","0","0","MISSING"
"KERCY","timeseries","grossProfitQ","2026-03-31","1","0","MISSING"
"KERCY","timeseries","grossProfitQ","2025-12-31","2","0","MISSING"
"KERCY","timeseries","grossProfitQ","2025-09-30","3","0","MISSING"
"KFI1.DE","timeseries","grossProfitQ","2026-01-31","0","0","MISSING"
"KFI1.DE","timeseries","grossProfitQ","2023-04-30","1","0","MISSING"
"KFI1.DE","timeseries","grossProfitQ","2023-01-31","2","0","MISSING"
"KFI1.DE","timeseries","grossProfitQ","2022-10-31","3","0","MISSING"
"KGF.L","timeseries","grossProfitQ","2026-01-31","0","0","MISSING"
"KGF.L","timeseries","grossProfitQ","2023-04-30","1","0","MISSING"
"KGF.L","timeseries","grossProfitQ","2023-01-31","2","0","MISSING"
"KGF.L","timeseries","grossProfitQ","2022-10-31","3","0","MISSING"
"KGFHF","timeseries","grossProfitQ","2026-01-31","0","0","MISSING"
"KGFHF","timeseries","grossProfitQ","2023-04-30","1","0","MISSING"
"KGFHF","timeseries","grossProfitQ","2023-01-31","2","0","MISSING"
"KGFHF","timeseries","grossProfitQ","2022-10-31","3","0","MISSING"
"KGSPF","timeseries","grossProfitQ","2026-06-30","0","0","MISSING"
"KGSPF","timeseries","grossProfitQ","2021-09-30","1","0","MISSING"
"KGSPF","timeseries","grossProfitQ","2021-06-30","2","0","MISSING"
"KGSPF","timeseries","grossProfitQ","2021-03-31","3","0","MISSING"
"KHEXF","timeseries","grossProfitQ","2026-06-30","0","0","MISSING"
"KHEXF","timeseries","grossProfitQ","2026-03-31","1","0","MISSING"
"KHEXF","timeseries","grossProfitQ","2025-12-31","2","0","MISSING"
"KHEXF","timeseries","grossProfitQ","2025-09-30","3","0","MISSING"
"KHNRF","timeseries","grossProfitQ","2026-06-30","0","0","MISSING"
"KHNRF","timeseries","grossProfitQ","2025-12-31","1","0","MISSING"
"KHNRF","timeseries","grossProfitQ","2025-06-30","2","0","MISSING"
"KHNRF","timeseries","grossProfitQ","2025-03-31","3","0","MISSING"
"KIKOF","timeseries","grossProfitQ","2026-06-30","0","0","MISSING"
"KIKOF","timeseries","grossProfitQ","2026-03-31","1","0","MISSING"
"KIKOF","timeseries","grossProfitQ","2025-12-31","2","0","MISSING"
"KIKOF","timeseries","grossProfitQ","2025-09-30","3","0","MISSING"
"KIM","timeseries","grossProfitQ","2026-06-30","0","0","MISSING"
"KIM","timeseries","grossProfitQ","2026-03-31","1","0","MISSING"
"KIM","timeseries","grossProfitQ","2025-12-31","2","0","MISSING"
"KIM","timeseries","grossProfitQ","2025-09-30","3","0","MISSING"
"KINUF","timeseries","grossProfitQ","2026-06-30","0","0","MISSING"
"KINUF","timeseries","grossProfitQ","2026-03-31","1","0","MISSING"
"KINUF","timeseries","grossProfitQ","2025-12-31","2","0","MISSING"
"KINUF","timeseries","grossProfitQ","2025-09-30","3","0","MISSING"
"KINV-A.ST","annual","annualRev","2025-12-31","0","0","MISSING"
"KINV-A.ST","annual","annualRev","2022-12-31","3","0","MISSING"
"KINV-B.ST","annual","annualRev","2025-12-31","0","0","MISSING"
"KINV-B.ST","annual","annualRev","2022-12-31","3","0","MISSING"
"KKKUF","timeseries","grossProfitQ","2026-06-30","0","0","MISSING"
"KKKUF","timeseries","grossProfitQ","2026-03-31","1","0","MISSING"
"KKKUF","timeseries","grossProfitQ","2025-12-31","2","0","MISSING"
"KKKUF","timeseries","grossProfitQ","2025-09-30","3","0","MISSING"
"KKPNF","timeseries","grossProfitQ","2026-06-30","0","0","MISSING"
"KKPNF","timeseries","grossProfitQ","2026-03-31","1","0","MISSING"
"KKPNF","timeseries","grossProfitQ","2025-12-31","2","0","MISSING"
"KKPNF","timeseries","grossProfitQ","2025-09-30","3","0","MISSING"
"KLEP.VI","timeseries","grossProfitQ","2021-03-31","0","0","MISSING"
"KLEP.VI","timeseries","grossProfitQ","2013-03-31","1","0","MISSING"
"KLEP.VI","timeseries","grossProfitQ","2012-09-30","2","0","MISSING"
"KLEP.VI","timeseries","grossProfitQ","2012-03-31","3","0","MISSING"
"KMDHF","timeseries","grossProfitQ","2026-05-31","0","0","MISSING"
"KMDHF","timeseries","grossProfitQ","2026-02-28","1","0","MISSING"
"KMDHF","timeseries","grossProfitQ","2025-11-30","2","0","MISSING"
"KMDHF","timeseries","grossProfitQ","2025-08-31","3","0","MISSING"
"KMRIF","timeseries","grossProfitQ","2026-06-30","0","0","MISSING"
"KMRIF","timeseries","grossProfitQ","2026-03-31","1","0","MISSING"
"KMRIF","timeseries","grossProfitQ","2025-12-31","2","0","MISSING"
"KMRIF","timeseries","grossProfitQ","2025-09-30","3","0","MISSING"
"KMTUF","timeseries","grossProfitQ","2026-06-30","0","0","MISSING"
"KMTUF","timeseries","grossProfitQ","2026-03-31","1","0","MISSING"
"KMTUF","timeseries","grossProfitQ","2025-12-31","2","0","MISSING"
"KMTUF","timeseries","grossProfitQ","2025-09-30","3","0","MISSING"
"KNBWF","timeseries","grossProfitQ","2026-06-30","0","0","MISSING"
"KNBWF","timeseries","grossProfitQ","2026-03-31","1","0","MISSING"
"KNBWF","timeseries","grossProfitQ","2025-12-31","2","0","MISSING"
"KNBWF","timeseries","grossProfitQ","2025-09-30","3","0","MISSING"
"KNCAF","timeseries","grossProfitQ","2026-06-30","0","0","MISSING"
"KNCAF","timeseries","grossProfitQ","2026-03-31","1","0","MISSING"
"KNCAF","timeseries","grossProfitQ","2025-12-31","2","0","MISSING"
"KNCAF","timeseries","grossProfitQ","2025-09-30","3","0","MISSING"
"KNOIF","timeseries","grossProfitQ","2026-06-30","0","0","MISSING"
"KNOIF","timeseries","grossProfitQ","2026-03-31","1","0","MISSING"
"KNOIF","timeseries","grossProfitQ","2025-12-31","2","0","MISSING"
"KNOIF","timeseries","grossProfitQ","2025-09-30","3","0","MISSING"
"KOBNF","timeseries","grossProfitQ","2026-07-31","0","0","MISSING"
"KOBNF","timeseries","grossProfitQ","2026-04-30","1","0","MISSING"
"KOBNF","timeseries","grossProfitQ","2026-01-31","2","0","MISSING"
"KOBNF","timeseries","grossProfitQ","2025-10-31","3","0","MISSING"
"KOKSF","timeseries","grossProfitQ","2026-06-30","0","0","MISSING"
"KOKSF","timeseries","grossProfitQ","2026-03-31","1","0","MISSING"
"KOKSF","timeseries","grossProfitQ","2025-12-31","2","0","MISSING"
"KOKSF","timeseries","grossProfitQ","2025-09-30","3","0","MISSING"
"KOMT.VI","timeseries","grossProfitQ","2026-06-30","0","0","MISSING"
"KOMT.VI","timeseries","grossProfitQ","2026-03-31","1","0","MISSING"
"KOMT.VI","timeseries","grossProfitQ","2025-12-31","2","0","MISSING"
"KOMT.VI","timeseries","grossProfitQ","2025-09-30","3","0","MISSING"
"KOTMF","timeseries","grossProfitQ","2026-06-30","0","0","MISSING"
"KOTMF","timeseries","grossProfitQ","2026-03-31","1","0","MISSING"
"KOTMF","timeseries","grossProfitQ","2025-12-31","2","0","MISSING"
"KOTMF","timeseries","grossProfitQ","2025-09-30","3","0","MISSING"
"KPELF","timeseries","grossProfitQ","2021-06-30","0","0","MISSING"
"KPELF","timeseries","grossProfitQ","2021-03-31","1","0","MISSING"
"KPELF","timeseries","grossProfitQ","2020-12-31","2","0","MISSING"
"KPELF","timeseries","grossProfitQ","2020-09-30","3","0","MISSING"
"KPN.AS","timeseries","grossProfitQ","2026-06-30","0","0","MISSING"
"KPN.AS","timeseries","grossProfitQ","2026-03-31","1","0","MISSING"
"KPN.AS","timeseries","grossProfitQ","2025-12-31","2","0","MISSING"
"KPN.AS","timeseries","grossProfitQ","2025-09-30","3","0","MISSING"
"KPN.DE","timeseries","grossProfitQ","2026-06-30","0","0","MISSING"
"KPN.DE","timeseries","grossProfitQ","2026-03-31","1","0","MISSING"
"KPN.DE","timeseries","grossProfitQ","2025-12-31","2","0","MISSING"
"KPN.DE","timeseries","grossProfitQ","2025-09-30","3","0","MISSING"
"KPN.VI","timeseries","grossProfitQ","2026-06-30","0","0","MISSING"
"KPN.VI","timeseries","grossProfitQ","2026-03-31","1","0","MISSING"
"KPN.VI","timeseries","grossProfitQ","2025-12-31","2","0","MISSING"
"KPN.VI","timeseries","grossProfitQ","2025-09-30","3","0","MISSING"
"KRSA","timeseries","revenueQ","2025-09-30","1","0","MISSING"
"KRSA","timeseries","revenueQ","2022-09-30","2","0","MISSING"
"KRSA","timeseries","grossProfitQ","2025-12-31","0","0","MISSING"
"KRSA","timeseries","grossProfitQ","2022-06-30","3","0","MISSING"
"KRSA","annual","annualRev","2024-12-31","1","0","MISSING"
"KRX.IR","timeseries","grossProfitQ","2026-06-30","0","0","MISSING"
"KRX.IR","timeseries","grossProfitQ","2021-09-30","1","0","MISSING"
"KRX.IR","timeseries","grossProfitQ","2021-06-30","2","0","MISSING"
"KRX.IR","timeseries","grossProfitQ","2021-03-31","3","0","MISSING"
"KRYAF","timeseries","grossProfitQ","2015-06-30","0","0","MISSING"
"KRYS","annual","annualRev","2022-12-31","3","0","MISSING"
"KSB.DE","timeseries","grossProfitQ","2025-09-30","0","0","MISSING"
"KSB.DE","timeseries","grossProfitQ","2024-09-30","1","0","MISSING"
"KSB.DE","timeseries","grossProfitQ","2023-06-30","2","0","MISSING"
"KSB.DE","timeseries","grossProfitQ","2021-12-31","3","0","MISSING"
"KSB3.DE","timeseries","grossProfitQ","2025-09-30","0","0","MISSING"
"KSB3.DE","timeseries","grossProfitQ","2024-09-30","1","0","MISSING"
"KSB3.DE","timeseries","grossProfitQ","2023-06-30","2","0","MISSING"
"KSB3.DE","timeseries","grossProfitQ","2021-12-31","3","0","MISSING"
"KSBG.VI","timeseries","grossProfitQ","2025-09-30","0","0","MISSING"
"KSBG.VI","timeseries","grossProfitQ","2024-09-30","1","0","MISSING"
"KSBG.VI","timeseries","grossProfitQ","2023-06-30","2","0","MISSING"
"KSBG.VI","timeseries","grossProfitQ","2021-12-31","3","0","MISSING"
"KSPHF","timeseries","grossProfitQ","2026-06-30","0","0","MISSING"
"KSPHF","timeseries","grossProfitQ","2026-03-31","1","0","MISSING"
"KSPHF","timeseries","grossProfitQ","2025-12-31","2","0","MISSING"
"KSPHF","timeseries","grossProfitQ","2025-09-30","3","0","MISSING"
"KTERF","timeseries","grossProfitQ","2026-06-30","0","0","MISSING"
"KTERF","timeseries","grossProfitQ","2026-03-31","1","0","MISSING"
"KTERF","timeseries","grossProfitQ","2025-12-31","2","0","MISSING"
"KTERF","timeseries","grossProfitQ","2025-09-30","3","0","MISSING"
"KTKBANK.BO","annual","annualRev","2026-03-31","0","0","MISSING"
"KTKBANK.NS","annual","annualRev","2026-03-31","0","0","MISSING"
"KUBTF","timeseries","grossProfitQ","2026-06-30","0","0","MISSING"
"KUBTF","timeseries","grossProfitQ","2026-03-31","1","0","MISSING"
"KUBTF","timeseries","grossProfitQ","2025-12-31","2","0","MISSING"
"KUBTF","timeseries","grossProfitQ","2025-09-30","3","0","MISSING"
"KUKYF","timeseries","grossProfitQ","2026-06-30","0","0","MISSING"
"KUKYF","timeseries","grossProfitQ","2026-03-31","1","0","MISSING"
"KUKYF","timeseries","grossProfitQ","2025-12-31","2","0","MISSING"
"KUKYF","timeseries","grossProfitQ","2025-09-30","3","0","MISSING"
"KURA","annual","annualRev","2023-12-31","2","0","MISSING"
"KURN.SW","timeseries","grossProfitQ","2025-12-31","0","0","MISSING"
"KURN.SW","timeseries","grossProfitQ","2025-09-30","1","0","MISSING"
"KURN.SW","timeseries","grossProfitQ","2025-06-30","2","0","MISSING"
"KURN.SW","timeseries","grossProfitQ","2025-03-31","3","0","MISSING"
"KWHIF","timeseries","grossProfitQ","2026-06-30","0","0","MISSING"
"KWHIF","timeseries","grossProfitQ","2026-03-31","1","0","MISSING"
"KWHIF","timeseries","grossProfitQ","2025-12-31","2","0","MISSING"
"KWHIF","timeseries","grossProfitQ","2025-09-30","3","0","MISSING"
"KXIAY","timeseries","grossProfitQ","2026-06-30","0","0","MISSING"
"KXIAY","timeseries","grossProfitQ","2026-03-31","1","0","MISSING"
"KXIAY","timeseries","grossProfitQ","2025-12-31","2","0","MISSING"
"KXIAY","timeseries","grossProfitQ","2025-09-30","3","0","MISSING"
"KYCCF","timeseries","grossProfitQ","2026-06-30","0","0","MISSING"
"KYCCF","timeseries","grossProfitQ","2026-03-31","1","0","MISSING"
"KYCCF","timeseries","grossProfitQ","2025-12-31","2","0","MISSING"
"KYCCF","timeseries","grossProfitQ","2025-09-30","3","0","MISSING"
"KYKOF","timeseries","grossProfitQ","2026-06-30","0","0","MISSING"
"KYKOF","timeseries","grossProfitQ","2026-03-31","1","0","MISSING"
"KYKOF","timeseries","grossProfitQ","2025-12-31","2","0","MISSING"
"KYKOF","timeseries","grossProfitQ","2025-09-30","3","0","MISSING"
"KYN","timeseries","grossProfitQ","2021-08-31","0","0","MISSING"
"KYN","timeseries","grossProfitQ","2015-11-30","1","0","MISSING"
"KYN","timeseries","grossProfitQ","2010-11-30","2","0","MISSING"
"KYOCF","timeseries","grossProfitQ","2026-06-30","0","0","MISSING"
"KYOCF","timeseries","grossProfitQ","2026-03-31","1","0","MISSING"
"KYOCF","timeseries","grossProfitQ","2025-12-31","2","0","MISSING"
"KYOCF","timeseries","grossProfitQ","2025-09-30","3","0","MISSING"
"LAND.SW","timeseries","grossProfitQ","2017-09-30","0","0","MISSING"
"LBRDA","timeseries","revenueQ","2025-12-31","2","0","MISSING"
"LBRDA","timeseries","grossProfitQ","2025-09-30","3","0","MISSING"
"LBRDB","timeseries","revenueQ","2025-12-31","2","0","MISSING"
"LBRDB","timeseries","grossProfitQ","2025-09-30","3","0","MISSING"
"LDA.MC","timeseries","grossProfitQ","2026-06-30","0","0","MISSING"
"LDA.MC","timeseries","grossProfitQ","2026-03-31","1","0","MISSING"
"LDA.MC","timeseries","grossProfitQ","2025-12-31","2","0","MISSING"
"LDA.MC","timeseries","grossProfitQ","2025-09-30","3","0","MISSING"
"LDNXF","timeseries","grossProfitQ","2026-06-30","0","0","MISSING"
"LDNXF","timeseries","grossProfitQ","2026-03-31","1","0","MISSING"
"LDNXF","timeseries","grossProfitQ","2025-12-31","2","0","MISSING"
"LDNXF","timeseries","grossProfitQ","2025-09-30","3","0","MISSING"
"LEHN.SW","timeseries","grossProfitQ","2026-06-30","0","0","MISSING"
"LEHN.SW","timeseries","grossProfitQ","2026-03-31","1","0","MISSING"
"LEHN.SW","timeseries","grossProfitQ","2025-12-31","2","0","MISSING"
"LEHN.SW","timeseries","grossProfitQ","2025-09-30","3","0","MISSING"
"LEOPF","timeseries","grossProfitQ","2026-06-30","0","0","MISSING"
"LEOPF","timeseries","grossProfitQ","2026-03-31","1","0","MISSING"
"LEOPF","timeseries","grossProfitQ","2025-12-31","2","0","MISSING"
"LEOPF","timeseries","grossProfitQ","2025-09-30","3","0","MISSING"
"LGDDF","timeseries","grossProfitQ","2021-09-30","0","0","MISSING"
"LGDDF","timeseries","grossProfitQ","2019-03-31","1","0","MISSING"
"LGDDF","timeseries","grossProfitQ","2018-09-30","2","0","MISSING"
"LGDDF","timeseries","grossProfitQ","2018-03-31","3","0","MISSING"
"LGGNF","annual","annualRev","2023-12-31","2","0","MISSING"
"LGI.DE","annual","annualRev","2023-12-31","2","0","MISSING"
"LGYRF","timeseries","grossProfitQ","2017-09-30","0","0","MISSING"
"LI.PA","timeseries","grossProfitQ","2021-03-31","0","0","MISSING"
"LI.PA","timeseries","grossProfitQ","2013-03-31","1","0","MISSING"
"LI.PA","timeseries","grossProfitQ","2012-09-30","2","0","MISSING"
"LI.PA","timeseries","grossProfitQ","2012-03-31","3","0","MISSING"
"LICI.BO","annual","annualRev","2022-03-31","3","0","MISSING"
"LINRF","annual","annualRev","2024-06-30","1","0","MISSING"
"LIOPF","timeseries","grossProfitQ","2026-06-30","0","0","MISSING"
"LIOPF","timeseries","grossProfitQ","2026-03-31","1","0","MISSING"
"LIOPF","timeseries","grossProfitQ","2025-12-31","2","0","MISSING"
"LIOPF","timeseries","grossProfitQ","2025-09-30","3","0","MISSING"
"LLOY.L","annual","annualGP","2025-12-31","0","0","MISSING"
"LLOY.L","annual","annualGP","2024-12-31","1","0","MISSING"
"LLOY.L","annual","annualGP","2023-12-31","2","0","MISSING"
"LLOY.L","annual","annualGP","2022-12-31","3","0","MISSING"
"LMHDF","timeseries","grossProfitQ","2026-06-30","0","0","MISSING"
"LMHDF","timeseries","grossProfitQ","2026-03-31","1","0","MISSING"
"LMHDF","timeseries","grossProfitQ","2025-12-31","2","0","MISSING"
"LMHDF","timeseries","grossProfitQ","2025-09-30","3","0","MISSING"
"LNC","annual","annualGP","2025-12-31","0","0","MISSING"
"LNC","annual","annualGP","2024-12-31","1","0","MISSING"
"LNC","annual","annualGP","2023-12-31","2","0","MISSING"
"LNC","annual","annualGP","2022-12-31","3","0","MISSING"
"LOR.DE","timeseries","grossProfitQ","2026-06-30","0","0","MISSING"
"LOR.DE","timeseries","grossProfitQ","2026-03-31","1","0","MISSING"
"LOR.DE","timeseries","grossProfitQ","2025-12-31","2","0","MISSING"
"LOR.DE","timeseries","grossProfitQ","2025-09-30","3","0","MISSING"
"LOUP.PA","timeseries","grossProfitQ","2025-08-31","0","0","MISSING"
"LOUP.PA","timeseries","grossProfitQ","2024-11-30","1","0","MISSING"
"LOUP.PA","timeseries","grossProfitQ","2022-02-28","2","0","MISSING"
"LOUP.PA","timeseries","grossProfitQ","2020-08-31","3","0","MISSING"
"LPLA","annual","annualGP","2025-12-31","0","0","MISSING"
"LPLA","annual","annualGP","2024-12-31","1","0","MISSING"
"LPLA","annual","annualGP","2023-12-31","2","0","MISSING"
"LPLA","annual","annualGP","2022-12-31","3","0","MISSING"
"LRE.L","timeseries","grossProfitQ","2019-12-31","0","0","MISSING"
"LRE.L","timeseries","grossProfitQ","2019-06-30","1","0","MISSING"
"LRE.L","timeseries","grossProfitQ","2019-03-31","2","0","MISSING"
"LRE.L","timeseries","grossProfitQ","2018-12-31","3","0","MISSING"
"LRE.L","annual","annualGP","2025-12-31","0","0","MISSING"
"LRE.L","annual","annualGP","2024-12-31","1","0","MISSING"
"LRE.L","annual","annualGP","2023-12-31","2","0","MISSING"
"LRE.L","annual","annualGP","2022-12-31","3","0","MISSING"
"LRLCF","timeseries","grossProfitQ","2026-06-30","0","0","MISSING"
"LRLCF","timeseries","grossProfitQ","2026-03-31","1","0","MISSING"
"LRLCF","timeseries","grossProfitQ","2025-12-31","2","0","MISSING"
"LRLCF","timeseries","grossProfitQ","2025-09-30","3","0","MISSING"
"LS4C.DE","timeseries","grossProfitQ","2026-06-30","0","0","MISSING"
"LS4C.DE","timeseries","grossProfitQ","2026-03-31","1","0","MISSING"
"LS4C.DE","timeseries","grossProfitQ","2025-12-31","2","0","MISSING"
"LS4C.DE","timeseries","grossProfitQ","2025-09-30","3","0","MISSING"
"LSEG.L","timeseries","grossProfitQ","2026-06-30","0","0","MISSING"
"LSEG.L","timeseries","grossProfitQ","2026-03-31","1","0","MISSING"
"LSEG.L","timeseries","grossProfitQ","2025-12-31","2","0","MISSING"
"LSEG.L","timeseries","grossProfitQ","2025-09-30","3","0","MISSING"
"LSEG.L","annual","annualGP","2025-12-31","0","0","MISSING"
"LSEG.L","annual","annualGP","2024-12-31","1","0","MISSING"
"LSEG.L","annual","annualGP","2023-12-31","2","0","MISSING"
"LSEG.L","annual","annualGP","2022-12-31","3","0","MISSING"
"LSEGY","timeseries","grossProfitQ","2026-06-30","0","0","MISSING"
"LSEGY","timeseries","grossProfitQ","2026-03-31","1","0","MISSING"
"LSEGY","timeseries","grossProfitQ","2025-12-31","2","0","MISSING"
"LSEGY","timeseries","grossProfitQ","2025-09-30","3","0","MISSING"
"LSIIF","timeseries","grossProfitQ","2026-06-30","0","0","MISSING"
"LSIIF","timeseries","grossProfitQ","2025-12-31","1","0","MISSING"
"LSIIF","timeseries","grossProfitQ","2025-09-30","2","0","MISSING"
"LSIIF","timeseries","grossProfitQ","2025-03-31","3","0","MISSING"
"LSRCF","timeseries","grossProfitQ","2026-06-30","0","0","MISSING"
"LSRCF","timeseries","grossProfitQ","2026-03-31","1","0","MISSING"
"LSRCF","timeseries","grossProfitQ","2025-12-31","2","0","MISSING"
"LSRCF","timeseries","grossProfitQ","2025-09-30","3","0","MISSING"
"LTR.AX","annual","annualRev","2024-06-30","1","0","MISSING"
"LU","timeseries","grossProfitQ","2024-06-30","0","0","MISSING"
"LU","timeseries","grossProfitQ","2024-03-31","1","0","MISSING"
"LU","timeseries","grossProfitQ","2023-12-31","2","0","MISSING"
"LU","timeseries","grossProfitQ","2023-09-30","3","0","MISSING"
"LVMUY","timeseries","grossProfitQ","2026-06-30","0","0","MISSING"
"LVMUY","timeseries","grossProfitQ","2026-03-31","1","0","MISSING"
"LVMUY","timeseries","grossProfitQ","2025-12-31","2","0","MISSING"
"LVMUY","timeseries","grossProfitQ","2025-09-30","3","0","MISSING"
"LYC.AX","timeseries","grossProfitQ","2018-09-30","0","0","MISSING"
"LYPHF","timeseries","grossProfitQ","2008-12-31","0","0","MISSING"
"LYPHF","timeseries","grossProfitQ","2005-03-31","1","0","MISSING"
"MA","annual","annualGP","2025-12-31","0","0","MISSING"
"MA","annual","annualGP","2024-12-31","1","0","MISSING"
"MA","annual","annualGP","2023-12-31","2","0","MISSING"
"MA","annual","annualGP","2022-12-31","3","0","MISSING"
"MAD.AX","timeseries","grossProfitQ","2023-06-30","0","0","MISSING"
"MAD.AX","timeseries","grossProfitQ","2023-03-31","1","0","MISSING"
"MAD.AX","timeseries","grossProfitQ","2022-06-30","2","0","MISSING"
"MAD.AX","timeseries","grossProfitQ","2022-03-31","3","0","MISSING"
"MAHABANK.BO","annual","annualRev","2025-03-31","1","0","MISSING"
"MAHABANK.BO","annual","annualRev","2023-03-31","2","0","MISSING"
"MAHABANK.NS","annual","annualRev","2025-03-31","1","0","MISSING"
"MAHABANK.NS","annual","annualRev","2023-03-31","2","0","MISSING"
"MAP.MC","timeseries","revenueQ","2026-06-30","0","0","MISSING"
"MAP.MC","timeseries","grossProfitQ","2026-03-31","1","0","MISSING"
"MAP.MC","timeseries","grossProfitQ","2025-12-31","2","0","MISSING"
"MAP.MC","timeseries","grossProfitQ","2025-09-30","3","0","MISSING"
"MAP.VI","timeseries","revenueQ","2026-06-30","0","0","MISSING"
"MAP.VI","timeseries","grossProfitQ","2026-03-31","1","0","MISSING"
"MAP.VI","timeseries","grossProfitQ","2025-12-31","2","0","MISSING"
"MAP.VI","timeseries","grossProfitQ","2025-09-30","3","0","MISSING"
"MARUF","timeseries","grossProfitQ","2026-06-30","0","0","MISSING"
"MARUF","timeseries","grossProfitQ","2026-03-31","1","0","MISSING"
"MARUF","timeseries","grossProfitQ","2025-12-31","2","0","MISSING"
"MARUF","timeseries","grossProfitQ","2025-09-30","3","0","MISSING"
"MAT1.VI","timeseries","grossProfitQ","2026-03-31","0","0","MISSING"
"MAT1.VI","timeseries","grossProfitQ","2025-12-31","1","0","MISSING"
"MAT1.VI","timeseries","grossProfitQ","2025-09-30","2","0","MISSING"
"MAT1.VI","timeseries","grossProfitQ","2025-06-30","3","0","MISSING"
"MAU.PA","timeseries","grossProfitQ","2024-09-30","0","0","MISSING"
"MAU.PA","timeseries","grossProfitQ","2024-03-31","1","0","MISSING"
"MAU.PA","timeseries","grossProfitQ","2023-06-30","2","0","MISSING"
"MAU.PA","timeseries","grossProfitQ","2021-03-31","3","0","MISSING"
"MAZE","annual","annualRev","2025-12-31","0","0","MISSING"
"MAZE","annual","annualRev","2023-12-31","2","0","MISSING"
"MB.MI","timeseries","revenueQ","2026-03-31","1","0","MISSING"
"MB.MI","timeseries","grossProfitQ","2026-06-30","0","0","MISSING"
"MB.MI","timeseries","grossProfitQ","2025-12-31","2","0","MISSING"
"MB.MI","timeseries","grossProfitQ","2025-03-31","3","0","MISSING"
"MB.VI","timeseries","revenueQ","2026-03-31","1","0","MISSING"
"MB.VI","timeseries","grossProfitQ","2026-06-30","0","0","MISSING"
"MB.VI","timeseries","grossProfitQ","2025-12-31","2","0","MISSING"
"MB.VI","timeseries","grossProfitQ","2025-03-31","3","0","MISSING"
"MBSHY","timeseries","grossProfitQ","2026-06-30","0","0","MISSING"
"MBSHY","timeseries","grossProfitQ","2026-03-31","1","0","MISSING"
"MBSHY","timeseries","grossProfitQ","2025-12-31","2","0","MISSING"
"MBSHY","timeseries","grossProfitQ","2025-09-30","3","0","MISSING"
"MC.PA","timeseries","grossProfitQ","2026-06-30","0","0","MISSING"
"MC.PA","timeseries","grossProfitQ","2026-03-31","1","0","MISSING"
"MC.PA","timeseries","grossProfitQ","2025-12-31","2","0","MISSING"
"MC.PA","timeseries","grossProfitQ","2025-09-30","3","0","MISSING"
"MC.SW","timeseries","grossProfitQ","2026-06-30","0","0","MISSING"
"MC.SW","timeseries","grossProfitQ","2026-03-31","1","0","MISSING"
"MC.SW","timeseries","grossProfitQ","2025-12-31","2","0","MISSING"
"MC.SW","timeseries","grossProfitQ","2025-09-30","3","0","MISSING"
"MC.VI","timeseries","grossProfitQ","2026-06-30","0","0","MISSING"
"MC.VI","timeseries","grossProfitQ","2026-03-31","1","0","MISSING"
"MC.VI","timeseries","grossProfitQ","2025-12-31","2","0","MISSING"
"MC.VI","timeseries","grossProfitQ","2025-09-30","3","0","MISSING"
"MCH.VN","annual","annualRev","2023-12-31","2","0","MISSING"
"MCHVF","timeseries","grossProfitQ","2026-06-30","0","0","MISSING"
"MCHVF","timeseries","grossProfitQ","2026-03-31","1","0","MISSING"
"MCHVF","timeseries","grossProfitQ","2025-12-31","2","0","MISSING"
"MCHVF","timeseries","grossProfitQ","2025-09-30","3","0","MISSING"
"MCRPF","timeseries","grossProfitQ","2012-09-30","0","0","MISSING"
"MDGL","annual","annualRev","2023-12-31","2","0","MISSING"
"MDIBF","timeseries","revenueQ","2026-03-31","1","0","MISSING"
"MDIBF","timeseries","grossProfitQ","2026-06-30","0","0","MISSING"
"MDIBF","timeseries","grossProfitQ","2025-12-31","2","0","MISSING"
"MDIBF","timeseries","grossProfitQ","2025-03-31","3","0","MISSING"
"MEBUF","timeseries","revenueQ","2026-03-31","1","0","MISSING"
"MEBUF","timeseries","grossProfitQ","2026-06-30","0","0","MISSING"
"MEBUF","timeseries","grossProfitQ","2025-12-31","2","0","MISSING"
"MEBUF","timeseries","grossProfitQ","2025-06-30","3","0","MISSING"
"MEJHF","timeseries","grossProfitQ","2026-06-30","0","0","MISSING"
"MEJHF","timeseries","grossProfitQ","2026-03-31","1","0","MISSING"
"MEJHF","timeseries","grossProfitQ","2025-12-31","2","0","MISSING"
"MEJHF","timeseries","grossProfitQ","2025-09-30","3","0","MISSING"
"MEOBF","timeseries","grossProfitQ","2025-12-31","0","0","MISSING"
"MEOBF","timeseries","grossProfitQ","2023-12-31","1","0","MISSING"
"MEOBF","timeseries","grossProfitQ","2023-06-30","2","0","MISSING"
"MEOBF","timeseries","grossProfitQ","2023-03-31","3","0","MISSING"
"MERY.PA","timeseries","grossProfitQ","2024-03-31","0","0","MISSING"
"MERY.PA","timeseries","grossProfitQ","2023-03-31","1","0","MISSING"
"MERY.PA","timeseries","grossProfitQ","2022-03-31","2","0","MISSING"
"MERY.PA","timeseries","grossProfitQ","2020-03-31","3","0","MISSING"
"MESO","timeseries","grossProfitQ","2025-12-31","0","0","MISSING"
"MESO","timeseries","grossProfitQ","2023-12-31","1","0","MISSING"
"MESO","timeseries","grossProfitQ","2023-06-30","2","0","MISSING"
"MESO","timeseries","grossProfitQ","2023-03-31","3","0","MISSING"
"MF.PA","timeseries","grossProfitQ","2011-03-31","0","0","MISSING"
"MF.PA","timeseries","grossProfitQ","2007-09-30","1","0","MISSING"
"MF.PA","annual","annualGP","2025-12-31","0","0","MISSING"
"MF.PA","annual","annualGP","2024-12-31","1","0","MISSING"
"MF.PA","annual","annualGP","2023-12-31","2","0","MISSING"
"MF.PA","annual","annualGP","2022-12-31","3","0","MISSING"
"MFG","annual","annualGP","2026-03-31","0","0","MISSING"
"MFG","annual","annualGP","2025-03-31","1","0","MISSING"
"MFG","annual","annualGP","2024-03-31","2","0","MISSING"
"MFG","annual","annualGP","2023-03-31","3","0","MISSING"
"MFGHF","timeseries","grossProfitQ","2012-06-30","0","0","MISSING"
"MFGHF","timeseries","grossProfitQ","2012-03-31","1","0","MISSING"
"MFGHF","timeseries","grossProfitQ","2011-12-31","2","0","MISSING"
"MFGHF","timeseries","grossProfitQ","2011-09-30","3","0","MISSING"
"MFT.NZ","timeseries","grossProfitQ","2012-06-30","0","0","MISSING"
"MFT.NZ","timeseries","grossProfitQ","2012-03-31","1","0","MISSING"
"MFT.NZ","timeseries","grossProfitQ","2011-12-31","2","0","MISSING"
"MFT.NZ","timeseries","grossProfitQ","2011-09-30","3","0","MISSING"
"MGAM.L","timeseries","grossProfitQ","2013-12-31","0","0","MISSING"
"MGCLY","timeseries","grossProfitQ","2026-06-30","0","0","MISSING"
"MGCLY","timeseries","grossProfitQ","2026-03-31","1","0","MISSING"
"MGCLY","timeseries","grossProfitQ","2025-12-31","2","0","MISSING"
"MGCLY","timeseries","grossProfitQ","2025-09-30","3","0","MISSING"
"MGPPF","timeseries","grossProfitQ","2024-06-30","0","0","MISSING"
"MGPPF","timeseries","grossProfitQ","2023-03-31","1","0","MISSING"
"MGPPF","timeseries","grossProfitQ","2022-12-31","2","0","MISSING"
"MGPPF","timeseries","grossProfitQ","2022-06-30","3","0","MISSING"
"MICC.AS","timeseries","grossProfitQ","2026-06-30","0","0","MISSING"
"MICC.AS","timeseries","grossProfitQ","2026-03-31","1","0","MISSING"
"MICC","timeseries","grossProfitQ","2026-06-30","0","0","MISSING"
"MICC","timeseries","grossProfitQ","2026-03-31","1","0","MISSING"
"MIELF","timeseries","grossProfitQ","2026-03-31","0","0","MISSING"
"MIELF","timeseries","grossProfitQ","2025-12-31","1","0","MISSING"
"MIELF","timeseries","grossProfitQ","2025-09-30","2","0","MISSING"
"MIELF","timeseries","grossProfitQ","2025-06-30","3","0","MISSING"
"MIESF","timeseries","grossProfitQ","2026-03-31","0","0","MISSING"
"MIESF","timeseries","grossProfitQ","2025-12-31","1","0","MISSING"
"MIESF","timeseries","grossProfitQ","2025-09-30","2","0","MISSING"
"MIESF","timeseries","grossProfitQ","2025-06-30","3","0","MISSING"
"MILGF","timeseries","grossProfitQ","2026-06-30","0","0","MISSING"
"MILGF","timeseries","grossProfitQ","2026-03-31","1","0","MISSING"
"MILGF","timeseries","grossProfitQ","2025-12-31","2","0","MISSING"
"MILGF","timeseries","grossProfitQ","2025-09-30","3","0","MISSING"
"MINBY","timeseries","grossProfitQ","2026-06-30","0","0","MISSING"
"MINBY","timeseries","grossProfitQ","2026-03-31","1","0","MISSING"
"MINBY","timeseries","grossProfitQ","2025-12-31","2","0","MISSING"
"MINBY","timeseries","grossProfitQ","2025-09-30","3","0","MISSING"
"MITCF","timeseries","grossProfitQ","2025-12-31","0","0","MISSING"
"MITCF","timeseries","grossProfitQ","2025-06-30","1","0","MISSING"
"MITCF","timeseries","grossProfitQ","2024-12-31","2","0","MISSING"
"MITCF","timeseries","grossProfitQ","2024-06-30","3","0","MISSING"
"MITSF","timeseries","grossProfitQ","2026-06-30","0","0","MISSING"
"MITSF","timeseries","grossProfitQ","2026-03-31","1","0","MISSING"
"MITSF","timeseries","grossProfitQ","2025-12-31","2","0","MISSING"
"MITSF","timeseries","grossProfitQ","2025-09-30","3","0","MISSING"
"MITT.VI","timeseries","grossProfitQ","2026-06-30","0","0","MISSING"
"MITT.VI","timeseries","grossProfitQ","2026-03-31","1","0","MISSING"
"MITT.VI","timeseries","grossProfitQ","2025-12-31","2","0","MISSING"
"MITT.VI","timeseries","grossProfitQ","2025-09-30","3","0","MISSING"
"MITUF","timeseries","grossProfitQ","2026-06-30","0","0","MISSING"
"MITUF","timeseries","grossProfitQ","2026-03-31","1","0","MISSING"
"MITUF","timeseries","grossProfitQ","2025-12-31","2","0","MISSING"
"MITUF","timeseries","grossProfitQ","2025-09-30","3","0","MISSING"
"MIXIF","timeseries","grossProfitQ","2026-06-30","0","0","MISSING"
"MIXIF","timeseries","grossProfitQ","2026-03-31","1","0","MISSING"
"MIXIF","timeseries","grossProfitQ","2025-12-31","2","0","MISSING"
"MIXIF","timeseries","grossProfitQ","2025-09-30","3","0","MISSING"
"MIZUF","timeseries","grossProfitQ","2026-06-30","0","0","MISSING"
"MIZUF","timeseries","grossProfitQ","2026-03-31","1","0","MISSING"
"MIZUF","timeseries","grossProfitQ","2025-12-31","2","0","MISSING"
"MIZUF","timeseries","grossProfitQ","2025-09-30","3","0","MISSING"
"MKMLF","timeseries","grossProfitQ","2026-06-30","0","0","MISSING"
"MKMLF","timeseries","grossProfitQ","2026-03-31","1","0","MISSING"
"MKMLF","timeseries","grossProfitQ","2025-12-31","2","0","MISSING"
"MKMLF","timeseries","grossProfitQ","2025-09-30","3","0","MISSING"
"MKS.L","timeseries","grossProfitQ","2023-03-31","0","0","MISSING"
"MKS.L","timeseries","grossProfitQ","2022-12-31","1","0","MISSING"
"MKS.L","timeseries","grossProfitQ","2022-09-30","2","0","MISSING"
"MKS.L","timeseries","grossProfitQ","2022-03-31","3","0","MISSING"
"MMB.PA","timeseries","grossProfitQ","2021-09-30","0","0","MISSING"
"MMB.PA","timeseries","grossProfitQ","2019-03-31","1","0","MISSING"
"MMB.PA","timeseries","grossProfitQ","2018-09-30","2","0","MISSING"
"MMB.PA","timeseries","grossProfitQ","2018-03-31","3","0","MISSING"
"MMT.PA","timeseries","grossProfitQ","2026-06-30","0","0","MISSING"
"MMT.PA","timeseries","grossProfitQ","2026-03-31","1","0","MISSING"
"MMT.PA","timeseries","grossProfitQ","2025-09-30","2","0","MISSING"
"MMT.PA","timeseries","grossProfitQ","2025-06-30","3","0","MISSING"
"MNBEF","timeseries","grossProfitQ","2026-06-30","0","0","MISSING"
"MNBEF","timeseries","grossProfitQ","2026-03-31","1","0","MISSING"
"MNBEF","timeseries","grossProfitQ","2025-12-31","2","0","MISSING"
"MNBEF","timeseries","grossProfitQ","2025-09-30","3","0","MISSING"
"MND.AX","timeseries","grossProfitQ","2022-12-31","0","0","MISSING"
"MND.AX","timeseries","grossProfitQ","2022-09-30","1","0","MISSING"
"MND.AX","timeseries","grossProfitQ","2022-06-30","2","0","MISSING"
"MND.AX","timeseries","grossProfitQ","2022-03-31","3","0","MISSING"
"MNSKY","timeseries","grossProfitQ","2024-03-31","0","0","MISSING"
"MNSKY","timeseries","grossProfitQ","2023-06-30","1","0","MISSING"
"MNSKY","timeseries","grossProfitQ","2022-06-30","2","0","MISSING"
"MNSKY","timeseries","grossProfitQ","2022-03-31","3","0","MISSING"
"MNYFF","timeseries","grossProfitQ","2026-05-31","0","0","MISSING"
"MNYFF","timeseries","grossProfitQ","2026-02-28","1","0","MISSING"
"MNYFF","timeseries","grossProfitQ","2025-11-30","2","0","MISSING"
"MNYFF","timeseries","grossProfitQ","2025-08-31","3","0","MISSING"
"MOH.DE","timeseries","grossProfitQ","2026-06-30","0","0","MISSING"
"MOH.DE","timeseries","grossProfitQ","2026-03-31","1","0","MISSING"
"MOH.DE","timeseries","grossProfitQ","2025-12-31","2","0","MISSING"
"MOH.DE","timeseries","grossProfitQ","2025-09-30","3","0","MISSING"
"MONC.MI","timeseries","grossProfitQ","2026-06-30","0","0","MISSING"
"MONC.MI","timeseries","grossProfitQ","2026-03-31","1","0","MISSING"
"MONC.MI","timeseries","grossProfitQ","2025-12-31","2","0","MISSING"
"MONC.MI","timeseries","grossProfitQ","2025-06-30","3","0","MISSING"
"MONC.VI","timeseries","grossProfitQ","2026-06-30","0","0","MISSING"
"MONC.VI","timeseries","grossProfitQ","2026-03-31","1","0","MISSING"
"MONC.VI","timeseries","grossProfitQ","2025-12-31","2","0","MISSING"
"MONC.VI","timeseries","grossProfitQ","2025-06-30","3","0","MISSING"
"MONRF","timeseries","grossProfitQ","2026-06-30","0","0","MISSING"
"MONRF","timeseries","grossProfitQ","2026-03-31","1","0","MISSING"
"MONRF","timeseries","grossProfitQ","2025-12-31","2","0","MISSING"
"MONRF","timeseries","grossProfitQ","2025-06-30","3","0","MISSING"
"MP1.AX","timeseries","grossProfitQ","2024-06-30","0","0","MISSING"
"MP1.AX","timeseries","grossProfitQ","2023-03-31","1","0","MISSING"
"MP1.AX","timeseries","grossProfitQ","2022-12-31","2","0","MISSING"
"MP1.AX","timeseries","grossProfitQ","2022-06-30","3","0","MISSING"
"MPFRF","timeseries","revenueQ","2026-06-30","0","0","MISSING"
"MPFRF","timeseries","grossProfitQ","2026-03-31","1","0","MISSING"
"MPFRF","timeseries","grossProfitQ","2025-12-31","2","0","MISSING"
"MPFRF","timeseries","grossProfitQ","2025-09-30","3","0","MISSING"
"MRN.PA","timeseries","grossProfitQ","2025-06-30","0","0","MISSING"
"MRN.PA","timeseries","grossProfitQ","2025-03-31","1","0","MISSING"
"MRN.PA","timeseries","grossProfitQ","2024-12-31","2","0","MISSING"
"MRN.PA","timeseries","grossProfitQ","2024-09-30","3","0","MISSING"
"MRP","annual","annualRev","2024-12-31","1","0","MISSING"
"MRSKF","timeseries","grossProfitQ","2026-06-30","0","0","MISSING"
"MRSKF","timeseries","grossProfitQ","2026-03-31","1","0","MISSING"
"MRSKF","timeseries","grossProfitQ","2025-12-31","2","0","MISSING"
"MRSKF","timeseries","grossProfitQ","2025-09-30","3","0","MISSING"
"MRVCF","timeseries","grossProfitQ","2026-03-31","0","0","MISSING"
"MRVCF","timeseries","grossProfitQ","2025-06-30","1","0","MISSING"
"MRVCF","timeseries","grossProfitQ","2025-03-31","2","0","MISSING"
"MRVCF","timeseries","grossProfitQ","2024-03-31","3","0","MISSING"
"MSB.AX","timeseries","grossProfitQ","2025-12-31","0","0","MISSING"
"MSB.AX","timeseries","grossProfitQ","2023-12-31","1","0","MISSING"
"MSB.AX","timeseries","grossProfitQ","2023-06-30","2","0","MISSING"
"MSB.AX","timeseries","grossProfitQ","2023-03-31","3","0","MISSING"
"MTHRF","timeseries","grossProfitQ","2026-06-30","0","0","MISSING"
"MTHRF","timeseries","grossProfitQ","2026-03-31","1","0","MISSING"
"MTHRF","timeseries","grossProfitQ","2025-12-31","2","0","MISSING"
"MTHRF","timeseries","grossProfitQ","2025-09-30","3","0","MISSING"
"MTLN.AT","timeseries","grossProfitQ","2024-12-31","0","0","MISSING"
"MTLN.AT","timeseries","grossProfitQ","2024-09-30","1","0","MISSING"
"MTLN.AT","timeseries","grossProfitQ","2024-06-30","2","0","MISSING"
"MTLN.AT","timeseries","grossProfitQ","2024-03-31","3","0","MISSING"
"MTLN.L","timeseries","grossProfitQ","2024-12-31","0","0","MISSING"
"MTLN.L","timeseries","grossProfitQ","2024-09-30","1","0","MISSING"
"MTLN.L","timeseries","grossProfitQ","2024-06-30","2","0","MISSING"
"MTLN.L","timeseries","grossProfitQ","2024-03-31","3","0","MISSING"
"MTPOF","annual","annualGP","2025-12-31","0","0","MISSING"
"MTPOF","annual","annualGP","2024-12-31","1","0","MISSING"
"MTPOF","annual","annualGP","2023-12-31","2","0","MISSING"
"MTPOF","annual","annualGP","2022-12-31","3","0","MISSING"
"MTSFF","timeseries","grossProfitQ","2026-06-30","0","0","MISSING"
"MTSFF","timeseries","grossProfitQ","2026-03-31","1","0","MISSING"
"MTSFF","timeseries","grossProfitQ","2025-12-31","2","0","MISSING"
"MTSFF","timeseries","grossProfitQ","2025-09-30","3","0","MISSING"
"MTU.PA","timeseries","revenueQ","2025-06-30","2","0","MISSING"
"MTU.PA","timeseries","grossProfitQ","2026-06-30","0","0","MISSING"
"MTU.PA","timeseries","grossProfitQ","2025-09-30","1","0","MISSING"
"MTU.PA","timeseries","grossProfitQ","2025-03-31","3","0","MISSING"
"MTUAF","timeseries","grossProfitQ","2026-06-30","0","0","MISSING"
"MTUAF","timeseries","grossProfitQ","2026-03-31","1","0","MISSING"
"MTUAF","timeseries","grossProfitQ","2025-12-31","2","0","MISSING"
"MTUAF","timeseries","grossProfitQ","2025-09-30","3","0","MISSING"
"MTX.DE","timeseries","grossProfitQ","2026-06-30","0","0","MISSING"
"MTX.DE","timeseries","grossProfitQ","2026-03-31","1","0","MISSING"
"MTX.DE","timeseries","grossProfitQ","2025-12-31","2","0","MISSING"
"MTX.DE","timeseries","grossProfitQ","2025-09-30","3","0","MISSING"
"MTX.VI","timeseries","grossProfitQ","2026-06-30","0","0","MISSING"
"MTX.VI","timeseries","grossProfitQ","2026-03-31","1","0","MISSING"
"MTX.VI","timeseries","grossProfitQ","2025-12-31","2","0","MISSING"
"MTX.VI","timeseries","grossProfitQ","2025-09-30","3","0","MISSING"
"MUKCF","timeseries","grossProfitQ","2026-06-30","0","0","MISSING"
"MUKCF","timeseries","grossProfitQ","2026-03-31","1","0","MISSING"
"MUKCF","timeseries","grossProfitQ","2025-12-31","2","0","MISSING"
"MUKCF","timeseries","grossProfitQ","2025-09-30","3","0","MISSING"
"MVC.MC","timeseries","grossProfitQ","2026-03-31","0","0","MISSING"
"MVC.MC","timeseries","grossProfitQ","2025-06-30","1","0","MISSING"
"MVC.MC","timeseries","grossProfitQ","2025-03-31","2","0","MISSING"
"MVC.MC","timeseries","grossProfitQ","2024-03-31","3","0","MISSING"
"MZDAF","timeseries","grossProfitQ","2026-06-30","0","0","MISSING"
"MZDAF","timeseries","grossProfitQ","2026-03-31","1","0","MISSING"
"MZDAF","timeseries","grossProfitQ","2025-12-31","2","0","MISSING"
"MZDAF","timeseries","grossProfitQ","2025-09-30","3","0","MISSING"
"MZHOF","annual","annualGP","2026-03-31","0","0","MISSING"
"MZHOF","annual","annualGP","2025-03-31","1","0","MISSING"
"MZHOF","annual","annualGP","2024-03-31","2","0","MISSING"
"MZHOF","annual","annualGP","2023-03-31","3","0","MISSING"
"NA.TO","annual","annualGP","2025-10-31","0","0","MISSING"
"NA.TO","annual","annualGP","2024-10-31","1","0","MISSING"
"NA.TO","annual","annualGP","2023-10-31","2","0","MISSING"
"NA.TO","annual","annualGP","2022-10-31","3","0","MISSING"
"NAB.AX","timeseries","grossProfitQ","2026-06-30","0","0","MISSING"
"NAB.AX","timeseries","grossProfitQ","2021-12-31","1","0","MISSING"
"NAB.AX","timeseries","grossProfitQ","2021-09-30","2","0","MISSING"
"NAB.AX","timeseries","grossProfitQ","2021-06-30","3","0","MISSING"
"NAB.AX","annual","annualGP","2025-09-30","0","0","MISSING"
"NAB.AX","annual","annualGP","2024-09-30","1","0","MISSING"
"NAB.AX","annual","annualGP","2023-09-30","2","0","MISSING"
"NAB.AX","annual","annualGP","2022-09-30","3","0","MISSING"
"NAVN","annual","annualRev","2025-01-31","1","0","MISSING"
"NBGIF","annual","annualGP","2025-12-31","0","0","MISSING"
"NBGIF","annual","annualGP","2024-12-31","1","0","MISSING"
"NBGIF","annual","annualGP","2023-12-31","2","0","MISSING"
"NBGIF","annual","annualGP","2022-12-31","3","0","MISSING"
"NBN","annual","annualRev","2024-06-30","2","0","MISSING"
"NBN","annual","annualGP","2026-06-30","0","0","MISSING"
"NBN","annual","annualGP","2025-06-30","1","0","MISSING"
"NBN","annual","annualGP","2023-06-30","3","0","MISSING"
"NCBDF","timeseries","grossProfitQ","2026-06-30","0","0","MISSING"
"NCBDF","timeseries","grossProfitQ","2025-12-31","1","0","MISSING"
"NCBDF","timeseries","grossProfitQ","2025-09-30","2","0","MISSING"
"NCBDF","timeseries","grossProfitQ","2025-06-30","3","0","MISSING"
"NCLTF","timeseries","grossProfitQ","2026-06-30","0","0","MISSING"
"NCLTF","timeseries","grossProfitQ","2026-03-31","1","0","MISSING"
"NCLTF","timeseries","grossProfitQ","2025-12-31","2","0","MISSING"
"NCLTF","timeseries","grossProfitQ","2025-09-30","3","0","MISSING"
"NCLTY","timeseries","grossProfitQ","2026-06-30","0","0","MISSING"
"NCLTY","timeseries","grossProfitQ","2026-03-31","1","0","MISSING"
"NCLTY","timeseries","grossProfitQ","2025-12-31","2","0","MISSING"
"NCLTY","timeseries","grossProfitQ","2025-09-30","3","0","MISSING"
"NESN.SW","timeseries","grossProfitQ","2026-06-30","0","0","MISSING"
"NESN.SW","timeseries","grossProfitQ","2026-03-31","1","0","MISSING"
"NESN.SW","timeseries","grossProfitQ","2025-12-31","2","0","MISSING"
"NESN.SW","timeseries","grossProfitQ","2025-09-30","3","0","MISSING"
"NESR.DE","timeseries","grossProfitQ","2026-06-30","0","0","MISSING"
"NESR.DE","timeseries","grossProfitQ","2026-03-31","1","0","MISSING"
"NESR.DE","timeseries","grossProfitQ","2025-12-31","2","0","MISSING"
"NESR.DE","timeseries","grossProfitQ","2025-09-30","3","0","MISSING"
"NESRF","timeseries","revenueQ","2016-12-31","1","0","MISSING"
"NESRF","timeseries","revenueQ","2016-09-30","2","0","MISSING"
"NESRF","timeseries","grossProfitQ","2026-03-31","0","0","MISSING"
"NESRF","timeseries","grossProfitQ","2015-12-31","3","0","MISSING"
"NEX.PA","timeseries","grossProfitQ","2026-06-30","0","0","MISSING"
"NEX.PA","timeseries","grossProfitQ","2026-03-31","1","0","MISSING"
"NEX.PA","timeseries","grossProfitQ","2025-12-31","2","0","MISSING"
"NEX.PA","timeseries","grossProfitQ","2025-09-30","3","0","MISSING"
"NEX.VI","timeseries","grossProfitQ","2026-06-30","0","0","MISSING"
"NEX.VI","timeseries","grossProfitQ","2026-03-31","1","0","MISSING"
"NEX.VI","timeseries","grossProfitQ","2025-12-31","2","0","MISSING"
"NEX.VI","timeseries","grossProfitQ","2025-09-30","3","0","MISSING"
"NEXI.MI","timeseries","grossProfitQ","2026-06-30","0","0","MISSING"
"NEXI.MI","timeseries","grossProfitQ","2025-12-31","1","0","MISSING"
"NEXI.MI","timeseries","grossProfitQ","2025-09-30","2","0","MISSING"
"NEXI.MI","timeseries","grossProfitQ","2025-06-30","3","0","MISSING"
"NEXI.VI","timeseries","grossProfitQ","2026-06-30","0","0","MISSING"
"NEXI.VI","timeseries","grossProfitQ","2025-12-31","1","0","MISSING"
"NEXI.VI","timeseries","grossProfitQ","2025-09-30","2","0","MISSING"
"NEXI.VI","timeseries","grossProfitQ","2025-06-30","3","0","MISSING"
"NEXPF","timeseries","grossProfitQ","2026-06-30","0","0","MISSING"
"NEXPF","timeseries","grossProfitQ","2025-12-31","1","0","MISSING"
"NEXPF","timeseries","grossProfitQ","2025-09-30","2","0","MISSING"
"NEXPF","timeseries","grossProfitQ","2025-06-30","3","0","MISSING"
"NGKIF","timeseries","grossProfitQ","2026-06-30","0","0","MISSING"
"NGKIF","timeseries","grossProfitQ","2026-03-31","1","0","MISSING"
"NGKIF","timeseries","grossProfitQ","2025-12-31","2","0","MISSING"
"NGKIF","timeseries","grossProfitQ","2025-09-30","3","0","MISSING"
"NGKSF","timeseries","grossProfitQ","2026-06-30","0","0","MISSING"
"NGKSF","timeseries","grossProfitQ","2026-03-31","1","0","MISSING"
"NGKSF","timeseries","grossProfitQ","2025-12-31","2","0","MISSING"
"NGKSF","timeseries","grossProfitQ","2025-09-30","3","0","MISSING"
"NHKGF","timeseries","grossProfitQ","2026-06-30","0","0","MISSING"
"NHKGF","timeseries","grossProfitQ","2026-03-31","1","0","MISSING"
"NHKGF","timeseries","grossProfitQ","2025-12-31","2","0","MISSING"
"NHKGF","timeseries","grossProfitQ","2025-09-30","3","0","MISSING"
"NHOLF","timeseries","grossProfitQ","2026-03-31","0","0","MISSING"
"NHOLF","timeseries","grossProfitQ","2025-12-31","1","0","MISSING"
"NHOLF","timeseries","grossProfitQ","2025-09-30","2","0","MISSING"
"NHOLF","timeseries","grossProfitQ","2025-06-30","3","0","MISSING"
"NHPCF","timeseries","grossProfitQ","2026-06-30","0","0","MISSING"
"NHPCF","timeseries","grossProfitQ","2025-12-31","1","0","MISSING"
"NHPCF","timeseries","grossProfitQ","2025-06-30","2","0","MISSING"
"NHPCF","timeseries","grossProfitQ","2024-12-31","3","0","MISSING"
"NIB.VI","timeseries","grossProfitQ","2025-09-30","0","0","MISSING"
"NIB.VI","timeseries","grossProfitQ","2025-06-30","1","0","MISSING"
"NIB.VI","timeseries","grossProfitQ","2025-03-31","2","0","MISSING"
"NIB.VI","timeseries","grossProfitQ","2024-12-31","3","0","MISSING"
"NIC.AX","timeseries","grossProfitQ","2021-06-30","0","0","MISSING"
"NIC.AX","timeseries","grossProfitQ","2021-03-31","1","0","MISSING"
"NICMF","timeseries","grossProfitQ","2021-06-30","0","0","MISSING"
"NICMF","timeseries","grossProfitQ","2021-03-31","1","0","MISSING"
"NIJPF","timeseries","grossProfitQ","2026-06-30","0","0","MISSING"
"NIJPF","timeseries","grossProfitQ","2026-03-31","1","0","MISSING"
"NIJPF","timeseries","grossProfitQ","2025-12-31","2","0","MISSING"
"NIJPF","timeseries","grossProfitQ","2025-09-30","3","0","MISSING"
"NINOF","timeseries","grossProfitQ","2026-06-30","0","0","MISSING"
"NINOF","timeseries","grossProfitQ","2026-03-31","1","0","MISSING"
"NINOF","timeseries","grossProfitQ","2025-12-31","2","0","MISSING"
"NINOF","timeseries","grossProfitQ","2025-09-30","3","0","MISSING"
"NISA.VI","timeseries","grossProfitQ","2026-06-30","0","0","MISSING"
"NISA.VI","timeseries","grossProfitQ","2026-03-31","1","0","MISSING"
"NISA.VI","timeseries","grossProfitQ","2025-12-31","2","0","MISSING"
"NISA.VI","timeseries","grossProfitQ","2025-09-30","3","0","MISSING"
"NISP.JK","annual","annualRev","2023-12-31","2","0","MISSING"
"NISUF","timeseries","grossProfitQ","2026-06-30","0","0","MISSING"
"NISUF","timeseries","grossProfitQ","2026-03-31","1","0","MISSING"
"NISUF","timeseries","grossProfitQ","2025-12-31","2","0","MISSING"
"NISUF","timeseries","grossProfitQ","2025-09-30","3","0","MISSING"
"NITT.VI","timeseries","grossProfitQ","2026-06-30","0","0","MISSING"
"NITT.VI","timeseries","grossProfitQ","2026-03-31","1","0","MISSING"
"NITT.VI","timeseries","grossProfitQ","2025-12-31","2","0","MISSING"
"NITT.VI","timeseries","grossProfitQ","2025-09-30","3","0","MISSING"
"NK.PA","timeseries","grossProfitQ","2026-06-30","0","0","MISSING"
"NK.PA","timeseries","grossProfitQ","2026-03-31","1","0","MISSING"
"NK.PA","timeseries","grossProfitQ","2025-09-30","2","0","MISSING"
"NK.PA","timeseries","grossProfitQ","2025-06-30","3","0","MISSING"
"NKNSF","timeseries","grossProfitQ","2026-06-30","0","0","MISSING"
"NKNSF","timeseries","grossProfitQ","2026-03-31","1","0","MISSING"
"NKNSF","timeseries","grossProfitQ","2025-12-31","2","0","MISSING"
"NKNSF","timeseries","grossProfitQ","2025-09-30","3","0","MISSING"
"NMPGY","timeseries","grossProfitQ","2020-09-30","0","0","MISSING"
"NMPGY","timeseries","grossProfitQ","2019-09-30","1","0","MISSING"
"NMPGY","timeseries","grossProfitQ","2019-03-31","2","0","MISSING"
"NMPGY","timeseries","grossProfitQ","2018-12-31","3","0","MISSING"
"NMRSF","timeseries","grossProfitQ","2026-06-30","0","0","MISSING"
"NMRSF","timeseries","grossProfitQ","2026-03-31","1","0","MISSING"
"NMRSF","timeseries","grossProfitQ","2025-12-31","2","0","MISSING"
"NMRSF","timeseries","grossProfitQ","2025-09-30","3","0","MISSING"
"NNDNF","timeseries","grossProfitQ","2025-09-30","0","0","MISSING"
"NNDNF","timeseries","grossProfitQ","2025-06-30","1","0","MISSING"
"NNDNF","timeseries","grossProfitQ","2025-03-31","2","0","MISSING"
"NNDNF","timeseries","grossProfitQ","2024-12-31","3","0","MISSING"
"NNND.VI","timeseries","grossProfitQ","2026-03-31","0","0","MISSING"
"NNND.VI","timeseries","grossProfitQ","2025-12-31","1","0","MISSING"
"NNND.VI","timeseries","grossProfitQ","2025-09-30","2","0","MISSING"
"NNND.VI","timeseries","grossProfitQ","2025-06-30","3","0","MISSING"
"NNRHF","timeseries","grossProfitQ","2022-12-31","0","0","MISSING"
"NNRHF","timeseries","grossProfitQ","2022-09-30","1","0","MISSING"
"NNRHF","timeseries","grossProfitQ","2022-06-30","2","0","MISSING"
"NNRHF","timeseries","grossProfitQ","2022-03-31","3","0","MISSING"
"NPCPF","timeseries","grossProfitQ","2026-06-30","0","0","MISSING"
"NPCPF","timeseries","grossProfitQ","2026-03-31","1","0","MISSING"
"NPCPF","timeseries","grossProfitQ","2025-12-31","2","0","MISSING"
"NPCPF","timeseries","grossProfitQ","2025-09-30","3","0","MISSING"
"NPEGF","timeseries","grossProfitQ","2026-06-30","0","0","MISSING"
"NPEGF","timeseries","grossProfitQ","2026-03-31","1","0","MISSING"
"NPEGF","timeseries","grossProfitQ","2025-12-31","2","0","MISSING"
"NPEGF","timeseries","grossProfitQ","2025-09-30","3","0","MISSING"
"NPKYF","timeseries","grossProfitQ","2026-06-30","0","0","MISSING"
"NPKYF","timeseries","grossProfitQ","2026-03-31","1","0","MISSING"
"NPKYF","timeseries","grossProfitQ","2025-12-31","2","0","MISSING"
"NPKYF","timeseries","grossProfitQ","2025-09-30","3","0","MISSING"
"NPNKF","timeseries","grossProfitQ","2026-06-30","0","0","MISSING"
"NPNKF","timeseries","grossProfitQ","2026-03-31","1","0","MISSING"
"NPNKF","timeseries","grossProfitQ","2025-12-31","2","0","MISSING"
"NPNKF","timeseries","grossProfitQ","2025-09-30","3","0","MISSING"
"NPPXF","timeseries","grossProfitQ","2026-06-30","0","0","MISSING"
"NPPXF","timeseries","grossProfitQ","2026-03-31","1","0","MISSING"
"NPPXF","timeseries","grossProfitQ","2025-12-31","2","0","MISSING"
"NPPXF","timeseries","grossProfitQ","2025-09-30","3","0","MISSING"
"NPSKF","timeseries","grossProfitQ","2026-06-30","0","0","MISSING"
"NPSKF","timeseries","grossProfitQ","2026-03-31","1","0","MISSING"
"NPSKF","timeseries","grossProfitQ","2025-12-31","2","0","MISSING"
"NPSKF","timeseries","grossProfitQ","2025-09-30","3","0","MISSING"
"NPTVF","timeseries","grossProfitQ","2026-06-30","0","0","MISSING"
"NPTVF","timeseries","grossProfitQ","2026-03-31","1","0","MISSING"
"NPTVF","timeseries","grossProfitQ","2025-12-31","2","0","MISSING"
"NPTVF","timeseries","grossProfitQ","2025-09-30","3","0","MISSING"
"NS8U.SI","timeseries","grossProfitQ","2022-12-31","0","0","MISSING"
"NS8U.SI","timeseries","grossProfitQ","2022-09-30","1","0","MISSING"
"NS8U.SI","timeseries","grossProfitQ","2021-12-31","2","0","MISSING"
"NS8U.SI","timeseries","grossProfitQ","2020-12-31","3","0","MISSING"
"NSANF","timeseries","grossProfitQ","2026-06-30","0","0","MISSING"
"NSANF","timeseries","grossProfitQ","2026-03-31","1","0","MISSING"
"NSANF","timeseries","grossProfitQ","2025-12-31","2","0","MISSING"
"NSANF","timeseries","grossProfitQ","2025-09-30","3","0","MISSING"
"NSHKF","timeseries","grossProfitQ","2026-06-30","0","0","MISSING"
"NSHKF","timeseries","grossProfitQ","2026-03-31","1","0","MISSING"
"NSHKF","timeseries","grossProfitQ","2025-12-31","2","0","MISSING"
"NSHKF","timeseries","grossProfitQ","2025-09-30","3","0","MISSING"
"NSNHF","timeseries","grossProfitQ","2026-06-30","0","0","MISSING"
"NSNHF","timeseries","grossProfitQ","2025-12-31","1","0","MISSING"
"NSNHF","timeseries","grossProfitQ","2025-06-30","2","0","MISSING"
"NSNHF","timeseries","grossProfitQ","2024-12-31","3","0","MISSING"
"NST.AX","timeseries","revenueQ","2016-12-31","1","0","MISSING"
"NST.AX","timeseries","revenueQ","2016-09-30","2","0","MISSING"
"NST.AX","timeseries","grossProfitQ","2026-03-31","0","0","MISSING"
"NST.AX","timeseries","grossProfitQ","2015-12-31","3","0","MISSING"
"NSUKF","timeseries","grossProfitQ","2026-06-30","0","0","MISSING"
"NSUKF","timeseries","grossProfitQ","2025-12-31","1","0","MISSING"
"NSUKF","timeseries","grossProfitQ","2025-06-30","2","0","MISSING"
"NSUKF","timeseries","grossProfitQ","2024-12-31","3","0","MISSING"
"NTDOF","timeseries","grossProfitQ","2026-06-30","0","0","MISSING"
"NTDOF","timeseries","grossProfitQ","2026-03-31","1","0","MISSING"
"NTDOF","timeseries","grossProfitQ","2025-12-31","2","0","MISSING"
"NTDOF","timeseries","grossProfitQ","2025-09-30","3","0","MISSING"
"NTDOY","timeseries","grossProfitQ","2026-06-30","0","0","MISSING"
"NTDOY","timeseries","grossProfitQ","2026-03-31","1","0","MISSING"
"NTDOY","timeseries","grossProfitQ","2025-12-31","2","0","MISSING"
"NTDOY","timeseries","grossProfitQ","2025-09-30","3","0","MISSING"
"NTO.VI","timeseries","grossProfitQ","2026-06-30","0","0","MISSING"
"NTO.VI","timeseries","grossProfitQ","2026-03-31","1","0","MISSING"
"NTO.VI","timeseries","grossProfitQ","2025-12-31","2","0","MISSING"
"NTO.VI","timeseries","grossProfitQ","2025-09-30","3","0","MISSING"
"NTTBF","timeseries","grossProfitQ","2026-06-30","0","0","MISSING"
"NTTBF","timeseries","grossProfitQ","2026-03-31","1","0","MISSING"
"NTTBF","timeseries","grossProfitQ","2025-12-31","2","0","MISSING"
"NTTBF","timeseries","grossProfitQ","2025-09-30","3","0","MISSING"
"NTTMF","timeseries","grossProfitQ","2026-06-30","0","0","MISSING"
"NTTMF","timeseries","grossProfitQ","2025-12-31","1","0","MISSING"
"NTTMF","timeseries","grossProfitQ","2025-06-30","2","0","MISSING"
"NTTMF","timeseries","grossProfitQ","2024-12-31","3","0","MISSING"
"NTTYY","timeseries","grossProfitQ","2026-06-30","0","0","MISSING"
"NTTYY","timeseries","grossProfitQ","2026-03-31","1","0","MISSING"
"NTTYY","timeseries","grossProfitQ","2025-12-31","2","0","MISSING"
"NTTYY","timeseries","grossProfitQ","2025-09-30","3","0","MISSING"
"NTULF","timeseries","grossProfitQ","2026-06-30","0","0","MISSING"
"NTULF","timeseries","grossProfitQ","2026-03-31","1","0","MISSING"
"NTULF","timeseries","grossProfitQ","2025-12-31","2","0","MISSING"
"NTULF","timeseries","grossProfitQ","2025-09-30","3","0","MISSING"
"NUF.AX","timeseries","grossProfitQ","2022-09-30","0","0","MISSING"
"NUF.AX","timeseries","grossProfitQ","2022-06-30","1","0","MISSING"
"NUF.AX","timeseries","grossProfitQ","2021-09-30","2","0","MISSING"
"NUF.AX","timeseries","grossProfitQ","2021-06-30","3","0","MISSING"
"NURAF","timeseries","grossProfitQ","2026-06-30","0","0","MISSING"
"NURAF","timeseries","grossProfitQ","2026-03-31","1","0","MISSING"
"NURAF","timeseries","grossProfitQ","2025-12-31","2","0","MISSING"
"NURAF","timeseries","grossProfitQ","2025-09-30","3","0","MISSING"
"NUVB","annual","annualRev","2023-12-31","2","0","MISSING"
"NWG.L","annual","annualGP","2025-12-31","0","0","MISSING"
"NWG.L","annual","annualGP","2024-12-31","1","0","MISSING"
"NWG.L","annual","annualGP","2023-12-31","2","0","MISSING"
"NWG.L","annual","annualGP","2022-12-31","3","0","MISSING"
"NWG","annual","annualGP","2025-12-31","0","0","MISSING"
"NWG","annual","annualGP","2024-12-31","1","0","MISSING"
"NWG","annual","annualGP","2023-12-31","2","0","MISSING"
"NWG","annual","annualGP","2022-12-31","3","0","MISSING"
"NXAGF","timeseries","grossProfitQ","2026-05-31","0","0","MISSING"
"NXAGF","timeseries","grossProfitQ","2026-02-28","1","0","MISSING"
"NXAGF","timeseries","grossProfitQ","2025-11-30","2","0","MISSING"
"NXAGF","timeseries","grossProfitQ","2025-08-31","3","0","MISSING"
"NXS.DE","timeseries","grossProfitQ","2026-06-30","0","0","MISSING"
"NXS.DE","timeseries","grossProfitQ","2026-03-31","1","0","MISSING"
"NXS.DE","timeseries","grossProfitQ","2025-12-31","2","0","MISSING"
"NXS.DE","timeseries","grossProfitQ","2025-09-30","3","0","MISSING"
"NYUKF","timeseries","grossProfitQ","2026-06-30","0","0","MISSING"
"NYUKF","timeseries","grossProfitQ","2025-12-31","1","0","MISSING"
"NYUKF","timeseries","grossProfitQ","2025-09-30","2","0","MISSING"
"NYUKF","timeseries","grossProfitQ","2025-06-30","3","0","MISSING"
"O5RU.SI","timeseries","grossProfitQ","2014-03-31","0","0","MISSING"
"OBCK.DE","annual","annualRev","2024-12-31","1","0","MISSING"
"OBCK.VI","annual","annualRev","2024-12-31","1","0","MISSING"
"OBEL.BR","timeseries","revenueQ","2022-06-30","1","0","MISSING"
"OBEL.BR","timeseries","grossProfitQ","2021-12-31","2","0","MISSING"
"OBEL.BR","timeseries","grossProfitQ","2021-09-30","3","0","MISSING"
"OBICY","timeseries","grossProfitQ","2026-06-30","0","0","MISSING"
"OBICY","timeseries","grossProfitQ","2026-03-31","1","0","MISSING"
"OBICY","timeseries","grossProfitQ","2025-12-31","2","0","MISSING"
"OBICY","timeseries","grossProfitQ","2025-09-30","3","0","MISSING"
"OBIIF","timeseries","grossProfitQ","2026-06-30","0","0","MISSING"
"OBIIF","timeseries","grossProfitQ","2026-03-31","1","0","MISSING"
"OBIIF","timeseries","grossProfitQ","2025-12-31","2","0","MISSING"
"OBIIF","timeseries","grossProfitQ","2025-09-30","3","0","MISSING"
"OCDGF","timeseries","grossProfitQ","2022-08-31","0","0","MISSING"
"OCDGF","timeseries","grossProfitQ","2020-11-30","1","0","MISSING"
"OCDGF","timeseries","grossProfitQ","2020-08-31","2","0","MISSING"
"OCI.AS","timeseries","grossProfitQ","2024-06-30","0","0","MISSING"
"OCI.AS","timeseries","grossProfitQ","2024-03-31","1","0","MISSING"
"OCI.AS","timeseries","grossProfitQ","2023-12-31","2","0","MISSING"
"OCI.AS","timeseries","grossProfitQ","2023-09-30","3","0","MISSING"
"ODMUF","annual","annualRev","2023-12-31","2","0","MISSING"
"OERL.SW","timeseries","grossProfitQ","2026-06-30","0","0","MISSING"
"OERL.SW","timeseries","grossProfitQ","2025-12-31","1","0","MISSING"
"OERL.SW","timeseries","grossProfitQ","2025-09-30","2","0","MISSING"
"OERL.SW","timeseries","grossProfitQ","2025-06-30","3","0","MISSING"
"OJIPF","timeseries","grossProfitQ","2026-06-30","0","0","MISSING"
"OJIPF","timeseries","grossProfitQ","2026-03-31","1","0","MISSING"
"OJIPF","timeseries","grossProfitQ","2025-12-31","2","0","MISSING"
"OJIPF","timeseries","grossProfitQ","2025-09-30","3","0","MISSING"
"OKAMF","timeseries","grossProfitQ","2026-06-30","0","0","MISSING"
"OKAMF","timeseries","grossProfitQ","2026-03-31","1","0","MISSING"
"OKAMF","timeseries","grossProfitQ","2025-12-31","2","0","MISSING"
"OKAMF","timeseries","grossProfitQ","2025-09-30","3","0","MISSING"
"OKCTF","timeseries","grossProfitQ","2026-06-30","0","0","MISSING"
"OKCTF","timeseries","grossProfitQ","2026-03-31","1","0","MISSING"
"OKCTF","timeseries","grossProfitQ","2025-12-31","2","0","MISSING"
"OKCTF","timeseries","grossProfitQ","2025-09-30","3","0","MISSING"
"OKUMF","timeseries","grossProfitQ","2026-06-30","0","0","MISSING"
"OKUMF","timeseries","grossProfitQ","2026-03-31","1","0","MISSING"
"OKUMF","timeseries","grossProfitQ","2025-12-31","2","0","MISSING"
"OKUMF","timeseries","grossProfitQ","2025-09-30","3","0","MISSING"
"OLCLF","timeseries","grossProfitQ","2026-03-31","0","0","MISSING"
"OLCLF","timeseries","grossProfitQ","2025-12-31","1","0","MISSING"
"OLCLF","timeseries","grossProfitQ","2025-09-30","2","0","MISSING"
"OLCLF","timeseries","grossProfitQ","2025-06-30","3","0","MISSING"
"OLGPF","timeseries","grossProfitQ","2014-12-31","0","0","MISSING"
"OLGPF","timeseries","grossProfitQ","2014-09-30","1","0","MISSING"
"OLGPF","timeseries","grossProfitQ","2014-06-30","2","0","MISSING"
"OLGPF","timeseries","grossProfitQ","2014-03-31","3","0","MISSING"
"OLPX","timeseries","grossProfitQ","2026-03-31","0","0","MISSING"
"OLPX","timeseries","grossProfitQ","2025-12-31","1","0","MISSING"
"OLPX","timeseries","grossProfitQ","2025-09-30","2","0","MISSING"
"OLPX","timeseries","grossProfitQ","2025-06-30","3","0","MISSING"
"OMRNF","timeseries","grossProfitQ","2026-06-30","0","0","MISSING"
"OMRNF","timeseries","grossProfitQ","2026-03-31","1","0","MISSING"
"OMRNF","timeseries","grossProfitQ","2025-12-31","2","0","MISSING"
"OMRNF","timeseries","grossProfitQ","2025-09-30","3","0","MISSING"
"OPHLF","timeseries","grossProfitQ","2026-06-30","0","0","MISSING"
"OPHLF","timeseries","grossProfitQ","2026-03-31","1","0","MISSING"
"OPHLF","timeseries","grossProfitQ","2025-12-31","2","0","MISSING"
"OPHLF","timeseries","grossProfitQ","2025-09-30","3","0","MISSING"
"OPM.PA","timeseries","grossProfitQ","2025-09-30","0","0","MISSING"
"OPM.PA","timeseries","grossProfitQ","2025-03-31","1","0","MISSING"
"OPM.PA","timeseries","grossProfitQ","2024-12-31","2","0","MISSING"
"OPM.PA","timeseries","grossProfitQ","2024-09-30","3","0","MISSING"
"OPTIMA.AT","timeseries","revenueQ","2026-03-31","1","0","MISSING"
"OPTIMA.AT","timeseries","grossProfitQ","2026-06-30","0","0","MISSING"
"OPTIMA.AT","timeseries","grossProfitQ","2025-12-31","2","0","MISSING"
"OPTIMA.AT","timeseries","grossProfitQ","2025-09-30","3","0","MISSING"
"OPTIMA.AT","annual","annualRev","2022-12-31","3","0","MISSING"
"OR.PA","timeseries","grossProfitQ","2026-06-30","0","0","MISSING"
"OR.PA","timeseries","grossProfitQ","2026-03-31","1","0","MISSING"
"OR.PA","timeseries","grossProfitQ","2025-12-31","2","0","MISSING"
"OR.PA","timeseries","grossProfitQ","2025-09-30","3","0","MISSING"
"OR.SW","timeseries","grossProfitQ","2026-06-30","0","0","MISSING"
"OR.SW","timeseries","grossProfitQ","2026-03-31","1","0","MISSING"
"OR.SW","timeseries","grossProfitQ","2025-12-31","2","0","MISSING"
"OR.SW","timeseries","grossProfitQ","2025-09-30","3","0","MISSING"
"OR.VI","timeseries","grossProfitQ","2026-06-30","0","0","MISSING"
"OR.VI","timeseries","grossProfitQ","2026-03-31","1","0","MISSING"
"OR.VI","timeseries","grossProfitQ","2025-12-31","2","0","MISSING"
"OR.VI","timeseries","grossProfitQ","2025-09-30","3","0","MISSING"
"ORGJF","timeseries","grossProfitQ","2026-06-30","0","0","MISSING"
"ORGJF","timeseries","grossProfitQ","2026-03-31","1","0","MISSING"
"ORGJF","timeseries","grossProfitQ","2025-12-31","2","0","MISSING"
"ORGJF","timeseries","grossProfitQ","2025-09-30","3","0","MISSING"
"OROVF","timeseries","grossProfitQ","2014-06-30","0","0","MISSING"
"OROVF","timeseries","grossProfitQ","2014-03-31","1","0","MISSING"
"OROVF","timeseries","grossProfitQ","2013-12-31","2","0","MISSING"
"OROVF","timeseries","grossProfitQ","2013-09-30","3","0","MISSING"
"ORP2.VI","timeseries","grossProfitQ","2026-06-30","0","0","MISSING"
"ORP2.VI","timeseries","grossProfitQ","2026-03-31","1","0","MISSING"
"ORP2.VI","timeseries","grossProfitQ","2025-09-30","2","0","MISSING"
"ORP2.VI","timeseries","grossProfitQ","2025-06-30","3","0","MISSING"
"OSBGF","timeseries","grossProfitQ","2020-06-30","0","0","MISSING"
"OSGCF","timeseries","grossProfitQ","2026-05-31","0","0","MISSING"
"OSGCF","timeseries","grossProfitQ","2026-02-28","1","0","MISSING"
"OSGCF","timeseries","grossProfitQ","2025-11-30","2","0","MISSING"
"OSGCF","timeseries","grossProfitQ","2025-08-31","3","0","MISSING"
"OSUKF","timeseries","grossProfitQ","2026-06-30","0","0","MISSING"
"OSUKF","timeseries","grossProfitQ","2026-03-31","1","0","MISSING"
"OSUKF","timeseries","grossProfitQ","2025-12-31","2","0","MISSING"
"OSUKF","timeseries","grossProfitQ","2025-09-30","3","0","MISSING"
"OTSKF","timeseries","grossProfitQ","2026-03-31","0","0","MISSING"
"OTSKF","timeseries","grossProfitQ","2025-12-31","1","0","MISSING"
"OTSKF","timeseries","grossProfitQ","2025-09-30","2","0","MISSING"
"OTSKF","timeseries","grossProfitQ","2025-06-30","3","0","MISSING"
"OVH.PA","timeseries","grossProfitQ","2026-05-31","0","0","MISSING"
"OVH.PA","timeseries","grossProfitQ","2025-08-31","1","0","MISSING"
"OVH.PA","timeseries","grossProfitQ","2025-05-31","2","0","MISSING"
"OVH.PA","timeseries","grossProfitQ","2024-02-29","3","0","MISSING"
"OVHFF","timeseries","grossProfitQ","2026-05-31","0","0","MISSING"
"OVHFF","timeseries","grossProfitQ","2025-08-31","1","0","MISSING"
"OVHFF","timeseries","grossProfitQ","2025-05-31","2","0","MISSING"
"OVHFF","timeseries","grossProfitQ","2024-02-29","3","0","MISSING"
"OVS.MI","timeseries","grossProfitQ","2026-07-31","0","0","MISSING"
"OVS.MI","timeseries","grossProfitQ","2026-04-30","1","0","MISSING"
"OVS.MI","timeseries","grossProfitQ","2025-10-31","2","0","MISSING"
"OVS.MI","timeseries","grossProfitQ","2025-07-31","3","0","MISSING"
"OWL","annual","annualGP","2025-12-31","0","0","MISSING"
"OWL","annual","annualGP","2024-12-31","1","0","MISSING"
"OWL","annual","annualGP","2023-12-31","2","0","MISSING"
"OWL","annual","annualGP","2022-12-31","3","0","MISSING"
"OXLC","timeseries","revenueQ","2026-03-31","0","0","MISSING"
"OXLC","timeseries","revenueQ","2024-09-30","3","0","MISSING"
"OXLC","timeseries","grossProfitQ","2025-06-30","1","0","MISSING"
"OXLC","timeseries","grossProfitQ","2025-03-31","2","0","MISSING"
"OYY.SI","timeseries","grossProfitQ","2018-06-30","0","0","MISSING"
"P52.SI","timeseries","grossProfitQ","2016-12-31","0","0","MISSING"
"P52.SI","timeseries","grossProfitQ","2010-12-31","1","0","MISSING"
"P52.SI","timeseries","grossProfitQ","2010-09-30","2","0","MISSING"
"P7VU.SI","timeseries","grossProfitQ","2022-12-31","0","0","MISSING"
"P7VU.SI","timeseries","grossProfitQ","2022-09-30","1","0","MISSING"
"P7VU.SI","timeseries","grossProfitQ","2021-12-31","2","0","MISSING"
"P7VU.SI","timeseries","grossProfitQ","2020-12-31","3","0","MISSING"
"P8Z.SI","timeseries","revenueQ","2018-12-31","0","0","MISSING"
"P8Z.SI","timeseries","revenueQ","2017-12-31","2","0","MISSING"
"P8Z.SI","timeseries","grossProfitQ","2018-09-30","1","0","MISSING"
"P8Z.SI","timeseries","grossProfitQ","2017-09-30","3","0","MISSING"
"PAG.L","annual","annualGP","2025-09-30","0","0","MISSING"
"PAG.L","annual","annualGP","2024-09-30","1","0","MISSING"
"PAG.L","annual","annualGP","2023-09-30","2","0","MISSING"
"PAG.L","annual","annualGP","2022-09-30","3","0","MISSING"
"PAL.VI","timeseries","grossProfitQ","2026-06-30","0","0","MISSING"
"PAL.VI","timeseries","grossProfitQ","2026-03-31","1","0","MISSING"
"PAL.VI","timeseries","grossProfitQ","2025-09-30","2","0","MISSING"
"PAL.VI","timeseries","grossProfitQ","2025-06-30","3","0","MISSING"
"PALAF","timeseries","revenueQ","2024-06-30","0","0","MISSING"
"PALAF","timeseries","revenueQ","2016-12-31","2","0","MISSING"
"PALAF","timeseries","grossProfitQ","2017-03-31","1","0","MISSING"
"PALAF","timeseries","grossProfitQ","2016-06-30","3","0","MISSING"
"PALAF","annual","annualRev","2024-06-30","2","0","MISSING"
"PALAF","annual","annualGP","2026-06-30","0","0","MISSING"
"PALAF","annual","annualGP","2025-06-30","1","0","MISSING"
"PALZF","timeseries","grossProfitQ","2026-05-31","0","0","MISSING"
"PALZF","timeseries","grossProfitQ","2026-02-28","1","0","MISSING"
"PALZF","timeseries","grossProfitQ","2025-11-30","2","0","MISSING"
"PALZF","timeseries","grossProfitQ","2025-08-31","3","0","MISSING"
"PCFBF","timeseries","revenueQ","2022-06-30","0","0","MISSING"
"PCFBF","timeseries","grossProfitQ","2013-12-31","1","0","MISSING"
"PCFBF","timeseries","grossProfitQ","2013-09-30","2","0","MISSING"
"PCFBF","timeseries","grossProfitQ","2013-06-30","3","0","MISSING"
"PCO.WA","timeseries","grossProfitQ","2026-03-31","0","0","MISSING"
"PCO.WA","timeseries","grossProfitQ","2025-09-30","1","0","MISSING"
"PCO.WA","timeseries","grossProfitQ","2025-06-30","2","0","MISSING"
"PCO.WA","timeseries","grossProfitQ","2024-09-30","3","0","MISSING"
"PCT","annual","annualRev","2024-12-31","1","0","MISSING"
"PDI.AX","annual","annualRev","2024-06-30","1","0","MISSING"
"PDI.TO","annual","annualRev","2024-06-30","1","0","MISSING"
"PDIDB.AX","annual","annualRev","2024-06-30","1","0","MISSING"
"PDN.AX","timeseries","revenueQ","2024-06-30","0","0","MISSING"
"PDN.AX","annual","annualRev","2024-06-30","2","0","MISSING"
"PDN.AX","annual","annualGP","2026-06-30","0","0","MISSING"
"PDN.AX","annual","annualGP","2025-06-30","1","0","MISSING"
"PDN.TO","timeseries","revenueQ","2024-06-30","0","0","MISSING"
"PDN.TO","timeseries","revenueQ","2016-12-31","2","0","MISSING"
"PDN.TO","timeseries","grossProfitQ","2017-03-31","1","0","MISSING"
"PDN.TO","timeseries","grossProfitQ","2016-06-30","3","0","MISSING"
"PDN.TO","annual","annualRev","2024-06-30","2","0","MISSING"
"PDRDF","timeseries","grossProfitQ","2026-06-30","0","0","MISSING"
"PDRDF","timeseries","grossProfitQ","2026-03-31","1","0","MISSING"
"PDRDF","timeseries","grossProfitQ","2025-12-31","2","0","MISSING"
"PDRDF","timeseries","grossProfitQ","2025-09-30","3","0","MISSING"
"PER.DE","timeseries","grossProfitQ","2026-06-30","0","0","MISSING"
"PER.DE","timeseries","grossProfitQ","2026-03-31","1","0","MISSING"
"PER.DE","timeseries","grossProfitQ","2025-12-31","2","0","MISSING"
"PER.DE","timeseries","grossProfitQ","2025-09-30","3","0","MISSING"
"PFFVF","timeseries","grossProfitQ","2023-09-30","0","0","MISSING"
"PFFVF","timeseries","grossProfitQ","2023-06-30","1","0","MISSING"
"PFFVF","timeseries","grossProfitQ","2023-03-31","2","0","MISSING"
"PFFVF","timeseries","grossProfitQ","2022-12-31","3","0","MISSING"
"PFODF","timeseries","grossProfitQ","2023-06-30","0","0","MISSING"
"PFODF","timeseries","grossProfitQ","2014-09-30","1","0","MISSING"
"PFODF","timeseries","grossProfitQ","2011-03-31","2","0","MISSING"
"PFS","annual","annualGP","2025-12-31","0","0","MISSING"
"PFS","annual","annualGP","2024-12-31","1","0","MISSING"
"PFS","annual","annualGP","2023-12-31","2","0","MISSING"
"PFS","annual","annualGP","2022-12-31","3","0","MISSING"
"PFV.DE","timeseries","grossProfitQ","2023-09-30","0","0","MISSING"
"PFV.DE","timeseries","grossProfitQ","2023-06-30","1","0","MISSING"
"PFV.DE","timeseries","grossProfitQ","2023-03-31","2","0","MISSING"
"PFV.DE","timeseries","grossProfitQ","2022-12-31","3","0","MISSING"
"PFV.VI","timeseries","grossProfitQ","2023-09-30","0","0","MISSING"
"PFV.VI","timeseries","grossProfitQ","2023-06-30","1","0","MISSING"
"PFV.VI","timeseries","grossProfitQ","2023-03-31","2","0","MISSING"
"PFV.VI","timeseries","grossProfitQ","2022-12-31","3","0","MISSING"
"PGHN.SW","annual","annualGP","2025-12-31","0","0","MISSING"
"PGHN.SW","annual","annualGP","2024-12-31","1","0","MISSING"
"PGHN.SW","annual","annualGP","2023-12-31","2","0","MISSING"
"PGHN.SW","annual","annualGP","2022-12-31","3","0","MISSING"
"PHCCF","timeseries","grossProfitQ","2026-06-30","0","0","MISSING"
"PHCCF","timeseries","grossProfitQ","2026-03-31","1","0","MISSING"
"PHCCF","timeseries","grossProfitQ","2025-12-31","2","0","MISSING"
"PHCCF","timeseries","grossProfitQ","2025-09-30","3","0","MISSING"
"PIPR","annual","annualGP","2025-12-31","0","0","MISSING"
"PIPR","annual","annualGP","2024-12-31","1","0","MISSING"
"PIPR","annual","annualGP","2023-12-31","2","0","MISSING"
"PIPR","annual","annualGP","2022-12-31","3","0","MISSING"
"PLFRF","timeseries","grossProfitQ","2026-06-30","0","0","MISSING"
"PLFRF","timeseries","grossProfitQ","2026-03-31","1","0","MISSING"
"PLFRF","timeseries","grossProfitQ","2025-09-30","2","0","MISSING"
"PLFRF","timeseries","grossProfitQ","2025-06-30","3","0","MISSING"
"PLGO","annual","annualRev","2022-12-31","3","0","MISSING"
"PLNW.PA","timeseries","grossProfitQ","2026-06-30","0","0","MISSING"
"PLNW.PA","timeseries","grossProfitQ","2026-03-31","1","0","MISSING"
"PLNW.PA","timeseries","grossProfitQ","2025-12-31","2","0","MISSING"
"PLNW.PA","timeseries","grossProfitQ","2025-09-30","3","0","MISSING"
"PLNW.VI","timeseries","grossProfitQ","2026-06-30","0","0","MISSING"
"PLNW.VI","timeseries","grossProfitQ","2026-03-31","1","0","MISSING"
"PLNW.VI","timeseries","grossProfitQ","2025-12-31","2","0","MISSING"
"PLNW.VI","timeseries","grossProfitQ","2025-09-30","3","0","MISSING"
"PLSE","annual","annualRev","2024-12-31","1","0","MISSING"
"PLSQF","timeseries","grossProfitQ","2025-12-31","0","0","MISSING"
"PLSQF","timeseries","grossProfitQ","2025-06-30","1","0","MISSING"
"PLSQF","timeseries","grossProfitQ","2024-06-30","2","0","MISSING"
"PLSQF","timeseries","grossProfitQ","2021-09-30","3","0","MISSING"
"PLSQF","annual","annualGP","2025-12-31","0","0","MISSING"
"PLSQF","annual","annualGP","2024-12-31","1","0","MISSING"
"PLSQF","annual","annualGP","2023-12-31","2","0","MISSING"
"PLSQF","annual","annualGP","2022-12-31","3","0","MISSING"
"PLSV.OL","timeseries","grossProfitQ","2026-06-30","0","0","MISSING"
"PLSV.OL","timeseries","grossProfitQ","2026-03-31","1","0","MISSING"
"PLSV.OL","timeseries","grossProfitQ","2025-12-31","2","0","MISSING"
"PLSV.OL","timeseries","grossProfitQ","2025-09-30","3","0","MISSING"
"PLUS.L","timeseries","grossProfitQ","2025-12-31","0","0","MISSING"
"PLUS.L","timeseries","grossProfitQ","2025-06-30","1","0","MISSING"
"PLUS.L","timeseries","grossProfitQ","2024-06-30","2","0","MISSING"
"PLUS.L","timeseries","grossProfitQ","2021-09-30","3","0","MISSING"
"PLUX.VI","timeseries","grossProfitQ","2026-05-31","0","0","MISSING"
"PLUX.VI","timeseries","grossProfitQ","2026-02-28","1","0","MISSING"
"PLUX.VI","timeseries","grossProfitQ","2025-11-30","2","0","MISSING"
"PLUX.VI","timeseries","grossProfitQ","2025-08-31","3","0","MISSING"
"PLX.PA","timeseries","grossProfitQ","2026-05-31","0","0","MISSING"
"PLX.PA","timeseries","grossProfitQ","2026-02-28","1","0","MISSING"
"PLX.PA","timeseries","grossProfitQ","2025-11-30","2","0","MISSING"
"PLX.PA","timeseries","grossProfitQ","2025-08-31","3","0","MISSING"
"PNBN.JK","annual","annualRev","2024-12-31","0","0","MISSING"
"PNOCF","timeseries","grossProfitQ","2026-06-30","0","0","MISSING"
"PNOCF","timeseries","grossProfitQ","2026-03-31","1","0","MISSING"
"PNOCF","timeseries","grossProfitQ","2025-12-31","2","0","MISSING"
"PNOCF","timeseries","grossProfitQ","2025-09-30","3","0","MISSING"
"PPA.AT","timeseries","grossProfitQ","2015-12-31","0","0","MISSING"
"PPA.AT","timeseries","grossProfitQ","2010-06-30","1","0","MISSING"
"PPA.AT","timeseries","grossProfitQ","2009-09-30","2","0","MISSING"
"PPA.AT","timeseries","grossProfitQ","2008-12-31","3","0","MISSING"
"PPC.AT","timeseries","grossProfitQ","2026-06-30","0","0","MISSING"
"PPC.AT","timeseries","grossProfitQ","2026-03-31","1","0","MISSING"
"PPC.AT","timeseries","grossProfitQ","2025-12-31","2","0","MISSING"
"PPC.AT","timeseries","grossProfitQ","2025-09-30","3","0","MISSING"
"PPRUF","timeseries","grossProfitQ","2026-06-30","0","0","MISSING"
"PPRUF","timeseries","grossProfitQ","2026-03-31","1","0","MISSING"
"PPRUF","timeseries","grossProfitQ","2025-12-31","2","0","MISSING"
"PPRUF","timeseries","grossProfitQ","2025-09-30","3","0","MISSING"
"PPT.AX","annual","annualGP","2026-06-30","0","0","MISSING"
"PPT.AX","annual","annualGP","2025-06-30","1","0","MISSING"
"PPT.AX","annual","annualGP","2024-06-30","2","0","MISSING"
"PPT.AX","annual","annualGP","2023-06-30","3","0","MISSING"
"PPX.DE","timeseries","grossProfitQ","2026-06-30","0","0","MISSING"
"PPX.DE","timeseries","grossProfitQ","2026-03-31","1","0","MISSING"
"PPX.DE","timeseries","grossProfitQ","2025-12-31","2","0","MISSING"
"PPX.DE","timeseries","grossProfitQ","2025-09-30","3","0","MISSING"
"PRAX","annual","annualRev","2025-12-31","0","0","MISSING"
"PRAX","annual","annualRev","2022-12-31","3","0","MISSING"
"PROT.OL","annual","annualRev","2023-12-31","2","0","MISSING"
"PRU.AX","timeseries","grossProfitQ","2016-06-30","0","0","MISSING"
"PRU.AX","timeseries","grossProfitQ","2015-12-31","1","0","MISSING"
"PRU.AX","timeseries","grossProfitQ","2015-06-30","2","0","MISSING"
"PRU.AX","timeseries","grossProfitQ","2015-03-31","3","0","MISSING"
"PRU.DE","timeseries","grossProfitQ","2013-03-31","0","0","MISSING"
"PRU.DE","timeseries","grossProfitQ","2011-09-30","1","0","MISSING"
"PRU.DE","timeseries","grossProfitQ","2011-03-31","2","0","MISSING"
"PRU.DE","timeseries","grossProfitQ","2010-09-30","3","0","MISSING"
"PRU.DE","annual","annualRev","2023-12-31","2","0","MISSING"
"PRU.DE","annual","annualGP","2025-12-31","0","0","MISSING"
"PRU.DE","annual","annualGP","2024-12-31","1","0","MISSING"
"PRU.DE","annual","annualGP","2022-12-31","3","0","MISSING"
"PRU.L","timeseries","grossProfitQ","2013-03-31","0","0","MISSING"
"PRU.L","timeseries","grossProfitQ","2011-09-30","1","0","MISSING"
"PRU.L","timeseries","grossProfitQ","2011-03-31","2","0","MISSING"
"PRU.L","timeseries","grossProfitQ","2010-09-30","3","0","MISSING"
"PRU.L","annual","annualRev","2023-12-31","2","0","MISSING"
"PRU.L","annual","annualGP","2025-12-31","0","0","MISSING"
"PRU.L","annual","annualGP","2024-12-31","1","0","MISSING"
"PRU.L","annual","annualGP","2022-12-31","3","0","MISSING"
"PRU.TO","timeseries","grossProfitQ","2016-06-30","0","0","MISSING"
"PRU.TO","timeseries","grossProfitQ","2015-12-31","1","0","MISSING"
"PRU.TO","timeseries","grossProfitQ","2015-06-30","2","0","MISSING"
"PRU.TO","timeseries","grossProfitQ","2015-03-31","3","0","MISSING"
"PSKRF","annual","annualRev","2023-12-31","2","0","MISSING"
"PUB.PA","timeseries","grossProfitQ","2026-06-30","0","0","MISSING"
"PUB.PA","timeseries","grossProfitQ","2026-03-31","1","0","MISSING"
"PUB.PA","timeseries","grossProfitQ","2025-12-31","2","0","MISSING"
"PUB.PA","timeseries","grossProfitQ","2025-09-30","3","0","MISSING"
"PUB.VI","timeseries","grossProfitQ","2026-06-30","0","0","MISSING"
"PUB.VI","timeseries","grossProfitQ","2026-03-31","1","0","MISSING"
"PUB.VI","timeseries","grossProfitQ","2025-12-31","2","0","MISSING"
"PUB.VI","timeseries","grossProfitQ","2025-09-30","3","0","MISSING"
"PUGBY","timeseries","grossProfitQ","2026-06-30","0","0","MISSING"
"PUGBY","timeseries","grossProfitQ","2025-12-31","1","0","MISSING"
"PUGBY","timeseries","grossProfitQ","2025-09-30","2","0","MISSING"
"PUGBY","timeseries","grossProfitQ","2025-06-30","3","0","MISSING"
"PUIG.MC","timeseries","grossProfitQ","2026-06-30","0","0","MISSING"
"PUIG.MC","timeseries","grossProfitQ","2025-12-31","1","0","MISSING"
"PUIG.MC","timeseries","grossProfitQ","2025-09-30","2","0","MISSING"
"PUIG.MC","timeseries","grossProfitQ","2025-06-30","3","0","MISSING"
"PUIGF","timeseries","grossProfitQ","2026-06-30","0","0","MISSING"
"PUIGF","timeseries","grossProfitQ","2025-12-31","1","0","MISSING"
"PUIGF","timeseries","grossProfitQ","2025-09-30","2","0","MISSING"
"PUIGF","timeseries","grossProfitQ","2025-06-30","3","0","MISSING"
"PUK","timeseries","grossProfitQ","2013-03-31","0","0","MISSING"
"PUK","timeseries","grossProfitQ","2011-09-30","1","0","MISSING"
"PUK","timeseries","grossProfitQ","2011-03-31","2","0","MISSING"
"PUK","timeseries","grossProfitQ","2010-09-30","3","0","MISSING"
"PUK","annual","annualRev","2023-12-31","2","0","MISSING"
"PUK","annual","annualGP","2025-12-31","0","0","MISSING"
"PUK","annual","annualGP","2024-12-31","1","0","MISSING"
"PUK","annual","annualGP","2022-12-31","3","0","MISSING"
"PUPOF","timeseries","grossProfitQ","2026-06-30","0","0","MISSING"
"PUPOF","timeseries","grossProfitQ","2026-03-31","1","0","MISSING"
"PUPOF","timeseries","grossProfitQ","2025-12-31","2","0","MISSING"
"PUPOF","timeseries","grossProfitQ","2025-09-30","3","0","MISSING"
"PURR","annual","annualGP","2026-06-30","0","0","MISSING"
"PUUILO.HE","timeseries","grossProfitQ","2026-07-31","0","0","MISSING"
"PUUILO.HE","timeseries","grossProfitQ","2026-04-30","1","0","MISSING"
"PUUILO.HE","timeseries","grossProfitQ","2026-01-31","2","0","MISSING"
"PUUILO.HE","timeseries","grossProfitQ","2025-10-31","3","0","MISSING"
"PWP","annual","annualGP","2025-12-31","0","0","MISSING"
"PWP","annual","annualGP","2024-12-31","1","0","MISSING"
"PWP","annual","annualGP","2023-12-31","2","0","MISSING"
"PWP","annual","annualGP","2022-12-31","3","0","MISSING"
"PYC.AX","annual","annualRev","2026-06-30","0","0","MISSING"
"Q5T.SI","timeseries","grossProfitQ","2016-09-30","0","0","MISSING"
"Q5T.SI","timeseries","grossProfitQ","2016-06-30","1","0","MISSING"
"Q5T.SI","timeseries","grossProfitQ","2016-03-31","2","0","MISSING"
"Q5T.SI","timeseries","grossProfitQ","2015-12-31","3","0","MISSING"
"QAMC.QA","timeseries","grossProfitQ","2026-06-30","0","0","MISSING"
"QAMC.QA","timeseries","grossProfitQ","2026-03-31","1","0","MISSING"
"QAMC.QA","timeseries","grossProfitQ","2025-12-31","2","0","MISSING"
"QAMC.QA","timeseries","grossProfitQ","2025-09-30","3","0","MISSING"
"QAMC.QA","annual","annualRev","2023-12-31","2","0","MISSING"
"QATI.QA","annual","annualRev","2023-12-31","2","0","MISSING"
"QH","timeseries","grossProfitQ","2021-09-30","0","0","MISSING"
"QH","timeseries","grossProfitQ","2021-06-30","1","0","MISSING"
"QH","timeseries","grossProfitQ","2021-03-31","2","0","MISSING"
"QH","timeseries","grossProfitQ","2020-12-31","3","0","MISSING"
"QJQ.DE","timeseries","grossProfitQ","2026-06-30","0","0","MISSING"
"QJQ.DE","timeseries","grossProfitQ","2025-06-30","1","0","MISSING"
"QJQ.DE","timeseries","grossProfitQ","2024-12-31","2","0","MISSING"
"QJQ.DE","timeseries","grossProfitQ","2024-09-30","3","0","MISSING"
"QNBTR.IS","annual","annualRev","2007-12-31","2","0","MISSING"
"QNDPF","timeseries","grossProfitQ","2023-03-31","0","0","MISSING"
"QQ.L","annual","annualGP","2026-03-31","0","0","MISSING"
"QQ.L","annual","annualGP","2025-03-31","1","0","MISSING"
"QQ.L","annual","annualGP","2024-03-31","2","0","MISSING"
"QQ.L","annual","annualGP","2023-03-31","3","0","MISSING"
"QS51.DE","timeseries","grossProfitQ","2026-06-30","0","0","MISSING"
"QS51.DE","timeseries","grossProfitQ","2026-03-31","1","0","MISSING"
"QS51.DE","timeseries","grossProfitQ","2025-12-31","2","0","MISSING"
"QS51.DE","timeseries","grossProfitQ","2025-09-30","3","0","MISSING"
"RAFLF","timeseries","grossProfitQ","2021-12-31","0","0","MISSING"
"RAFLF","timeseries","grossProfitQ","2021-09-30","1","0","MISSING"
"RAFLF","timeseries","grossProfitQ","2021-06-30","2","0","MISSING"
"RAFLF","timeseries","grossProfitQ","2021-03-31","3","0","MISSING"
"RAIFF","annual","annualGP","2025-12-31","0","0","MISSING"
"RAIFF","annual","annualGP","2024-12-31","1","0","MISSING"
"RAIFF","annual","annualGP","2023-12-31","2","0","MISSING"
"RAIFF","annual","annualGP","2022-12-31","3","0","MISSING"
"RAT.L","timeseries","grossProfitQ","2010-03-31","0","0","MISSING"
"RBCAA","annual","annualRev","2023-12-31","2","0","MISSING"
"RBGPF","timeseries","grossProfitQ","2026-06-30","0","0","MISSING"
"RBGPF","timeseries","grossProfitQ","2026-03-31","1","0","MISSING"
"RBGPF","timeseries","grossProfitQ","2025-09-30","2","0","MISSING"
"RBGPF","timeseries","grossProfitQ","2025-06-30","3","0","MISSING"
"RBI.VI","annual","annualGP","2025-12-31","0","0","MISSING"
"RBI.VI","annual","annualGP","2024-12-31","1","0","MISSING"
"RBI.VI","annual","annualGP","2023-12-31","2","0","MISSING"
"RBI.VI","annual","annualGP","2022-12-31","3","0","MISSING"
"RBT.PA","timeseries","revenueQ","2025-06-30","0","0","MISSING"
"RBT.PA","timeseries","grossProfitQ","2011-03-31","1","0","MISSING"
"RCF.DE","timeseries","grossProfitQ","2026-03-31","0","0","MISSING"
"RCF.DE","timeseries","grossProfitQ","2025-09-30","1","0","MISSING"
"RCF.DE","timeseries","grossProfitQ","2025-06-30","2","0","MISSING"
"RCF.DE","timeseries","grossProfitQ","2025-03-31","3","0","MISSING"
"RCO.PA","timeseries","grossProfitQ","2026-06-30","0","0","MISSING"
"RCO.PA","timeseries","grossProfitQ","2026-03-31","1","0","MISSING"
"RCO.PA","timeseries","grossProfitQ","2025-12-31","2","0","MISSING"
"RCO.PA","timeseries","grossProfitQ","2025-09-30","3","0","MISSING"
"RCO.VI","timeseries","grossProfitQ","2026-06-30","0","0","MISSING"
"RCO.VI","timeseries","grossProfitQ","2026-03-31","1","0","MISSING"
"RCO.VI","timeseries","grossProfitQ","2025-12-31","2","0","MISSING"
"RCO.VI","timeseries","grossProfitQ","2025-09-30","3","0","MISSING"
"RDEB.DE","timeseries","grossProfitQ","2022-09-30","0","0","MISSING"
"RDN","annual","annualGP","2025-12-31","0","0","MISSING"
"RDN","annual","annualGP","2024-12-31","1","0","MISSING"
"RDN","annual","annualGP","2023-12-31","2","0","MISSING"
"RDN","annual","annualGP","2022-12-31","3","0","MISSING"
"REA.AX","timeseries","grossProfitQ","2024-12-31","0","0","MISSING"
"REA.AX","timeseries","grossProfitQ","2022-06-30","1","0","MISSING"
"REA.AX","timeseries","grossProfitQ","2022-03-31","2","0","MISSING"
"REA.AX","timeseries","grossProfitQ","2021-12-31","3","0","MISSING"
"RECT.BR","timeseries","grossProfitQ","2021-09-30","0","0","MISSING"
"RECT.BR","timeseries","grossProfitQ","2020-09-30","1","0","MISSING"
"RECT.BR","timeseries","grossProfitQ","2020-06-30","2","0","MISSING"
"RECT.BR","timeseries","grossProfitQ","2018-03-31","3","0","MISSING"
"REGMF","timeseries","revenueQ","2026-03-31","0","0","MISSING"
"REGMF","timeseries","grossProfitQ","2025-09-30","1","0","MISSING"
"REGMF","timeseries","grossProfitQ","2024-12-31","2","0","MISSING"
"REGMF","timeseries","grossProfitQ","2024-09-30","3","0","MISSING"
"REL.L","timeseries","grossProfitQ","2022-09-30","0","0","MISSING"
"RELX","timeseries","grossProfitQ","2022-09-30","0","0","MISSING"
"REMYF","timeseries","grossProfitQ","2026-06-30","0","0","MISSING"
"REMYF","timeseries","grossProfitQ","2026-03-31","1","0","MISSING"
"REMYF","timeseries","grossProfitQ","2025-12-31","2","0","MISSING"
"REMYF","timeseries","grossProfitQ","2025-09-30","3","0","MISSING"
"REN.AS","timeseries","grossProfitQ","2022-09-30","0","0","MISSING"
"REVO.MI","annual","annualRev","2024-12-31","1","0","MISSING"
"RF.PA","timeseries","grossProfitQ","2012-09-30","0","0","MISSING"
"RF.VI","timeseries","grossProfitQ","2012-09-30","0","0","MISSING"
"RGEDF","timeseries","grossProfitQ","2026-06-30","0","0","MISSING"
"RGEDF","timeseries","grossProfitQ","2026-03-31","1","0","MISSING"
"RGEDF","timeseries","grossProfitQ","2025-09-30","2","0","MISSING"
"RGEDF","timeseries","grossProfitQ","2025-06-30","3","0","MISSING"
"RHC.AX","timeseries","grossProfitQ","2022-12-31","0","0","MISSING"
"RHC.AX","timeseries","grossProfitQ","2022-06-30","1","0","MISSING"
"RHC.AX","timeseries","grossProfitQ","2022-03-31","2","0","MISSING"
"RHHBY","timeseries","grossProfitQ","2026-06-30","0","0","MISSING"
"RHHBY","timeseries","grossProfitQ","2026-03-31","1","0","MISSING"
"RHHBY","timeseries","grossProfitQ","2025-12-31","2","0","MISSING"
"RHHBY","timeseries","grossProfitQ","2025-09-30","3","0","MISSING"
"RHIM.VI","timeseries","grossProfitQ","2018-09-30","0","0","MISSING"
"RHIM.VI","timeseries","grossProfitQ","2017-12-31","1","0","MISSING"
"RHIM.VI","timeseries","grossProfitQ","2017-06-30","2","0","MISSING"
"RHIM.VI","timeseries","grossProfitQ","2017-03-31","3","0","MISSING"
"RHO.DE","timeseries","grossProfitQ","2026-06-30","0","0","MISSING"
"RHO.DE","timeseries","grossProfitQ","2026-03-31","1","0","MISSING"
"RHO.DE","timeseries","grossProfitQ","2025-12-31","2","0","MISSING"
"RHO.DE","timeseries","grossProfitQ","2025-09-30","3","0","MISSING"
"RI.PA","timeseries","grossProfitQ","2026-06-30","0","0","MISSING"
"RI.PA","timeseries","grossProfitQ","2026-03-31","1","0","MISSING"
"RI.PA","timeseries","grossProfitQ","2025-12-31","2","0","MISSING"
"RI.PA","timeseries","grossProfitQ","2025-09-30","3","0","MISSING"
"RI.VI","timeseries","grossProfitQ","2026-06-30","0","0","MISSING"
"RI.VI","timeseries","grossProfitQ","2026-03-31","1","0","MISSING"
"RI.VI","timeseries","grossProfitQ","2025-12-31","2","0","MISSING"
"RI.VI","timeseries","grossProfitQ","2025-09-30","3","0","MISSING"
"RICOF","timeseries","grossProfitQ","2026-06-30","0","0","MISSING"
"RICOF","timeseries","grossProfitQ","2026-03-31","1","0","MISSING"
"RICOF","timeseries","grossProfitQ","2025-12-31","2","0","MISSING"
"RICOF","timeseries","grossProfitQ","2025-09-30","3","0","MISSING"
"RINIF","timeseries","grossProfitQ","2026-06-30","0","0","MISSING"
"RINIF","timeseries","grossProfitQ","2026-03-31","1","0","MISSING"
"RINIF","timeseries","grossProfitQ","2025-12-31","2","0","MISSING"
"RINIF","timeseries","grossProfitQ","2025-09-30","3","0","MISSING"
"RIO.AX","timeseries","grossProfitQ","2009-06-30","0","0","MISSING"
"RIO.L","timeseries","grossProfitQ","2009-06-30","0","0","MISSING"
"RIO","timeseries","grossProfitQ","2009-06-30","0","0","MISSING"
"RIO1.DE","timeseries","grossProfitQ","2009-06-30","0","0","MISSING"
"RKLIF","timeseries","grossProfitQ","2025-12-31","0","0","MISSING"
"RKLIF","timeseries","grossProfitQ","2025-09-30","1","0","MISSING"
"RKLIF","timeseries","grossProfitQ","2022-06-30","2","0","MISSING"
"RKLIF","timeseries","grossProfitQ","2022-03-31","3","0","MISSING"
"RKT.L","timeseries","grossProfitQ","2026-06-30","0","0","MISSING"
"RKT.L","timeseries","grossProfitQ","2026-03-31","1","0","MISSING"
"RKT.L","timeseries","grossProfitQ","2025-09-30","2","0","MISSING"
"RKT.L","timeseries","grossProfitQ","2025-06-30","3","0","MISSING"
"RKUSF","timeseries","grossProfitQ","2026-03-31","0","0","MISSING"
"RKUSF","timeseries","grossProfitQ","2025-12-31","1","0","MISSING"
"RKUSF","timeseries","grossProfitQ","2025-09-30","2","0","MISSING"
"RKUSF","timeseries","grossProfitQ","2025-06-30","3","0","MISSING"
"RLIA.MC","timeseries","grossProfitQ","2016-06-30","0","0","MISSING"
"RLIA.MC","timeseries","grossProfitQ","2015-12-31","1","0","MISSING"
"RLIA.MC","timeseries","grossProfitQ","2013-12-31","2","0","MISSING"
"RLIA.MC","timeseries","grossProfitQ","2013-09-30","3","0","MISSING"
"RLLWF","timeseries","grossProfitQ","2022-06-30","0","0","MISSING"
"RLXXF","timeseries","grossProfitQ","2022-09-30","0","0","MISSING"
"RMGNF","timeseries","grossProfitQ","2018-09-30","0","0","MISSING"
"RMGNF","timeseries","grossProfitQ","2017-12-31","1","0","MISSING"
"RMGNF","timeseries","grossProfitQ","2017-06-30","2","0","MISSING"
"RMGNF","timeseries","grossProfitQ","2017-03-31","3","0","MISSING"
"RML","annual","annualRev","2025-06-30","0","0","MISSING"
"RML","annual","annualRev","2019-06-30","2","0","MISSING"
"RMS.AX","timeseries","grossProfitQ","2021-06-30","0","0","MISSING"
"RMS.PA","timeseries","grossProfitQ","2026-06-30","0","0","MISSING"
"RMS.PA","timeseries","grossProfitQ","2026-03-31","1","0","MISSING"
"RMS.PA","timeseries","grossProfitQ","2025-12-31","2","0","MISSING"
"RMS.PA","timeseries","grossProfitQ","2025-09-30","3","0","MISSING"
"RMS.VI","timeseries","grossProfitQ","2026-06-30","0","0","MISSING"
"RMS.VI","timeseries","grossProfitQ","2026-03-31","1","0","MISSING"
"RMS.VI","timeseries","grossProfitQ","2025-12-31","2","0","MISSING"
"RMS.VI","timeseries","grossProfitQ","2025-09-30","3","0","MISSING"
"RMV.L","annual","annualGP","2025-12-31","0","0","MISSING"
"RMV.L","annual","annualGP","2024-12-31","1","0","MISSING"
"RMV.L","annual","annualGP","2023-12-31","2","0","MISSING"
"RMV.L","annual","annualGP","2022-12-31","3","0","MISSING"
"RNECF","timeseries","grossProfitQ","2026-06-30","0","0","MISSING"
"RNECF","timeseries","grossProfitQ","2026-03-31","1","0","MISSING"
"RNECF","timeseries","grossProfitQ","2025-12-31","2","0","MISSING"
"RNECF","timeseries","grossProfitQ","2025-09-30","3","0","MISSING"
"RNL.DE","timeseries","grossProfitQ","2026-03-31","0","0","MISSING"
"RNL.DE","timeseries","grossProfitQ","2025-12-31","1","0","MISSING"
"RNL.DE","timeseries","grossProfitQ","2025-09-30","2","0","MISSING"
"RNL.DE","timeseries","grossProfitQ","2025-06-30","3","0","MISSING"
"RNO.VI","timeseries","grossProfitQ","2026-03-31","0","0","MISSING"
"RNO.VI","timeseries","grossProfitQ","2025-12-31","1","0","MISSING"
"RNO.VI","timeseries","grossProfitQ","2025-09-30","2","0","MISSING"
"RNO.VI","timeseries","grossProfitQ","2025-06-30","3","0","MISSING"
"RNSHF","timeseries","grossProfitQ","2025-12-31","0","0","MISSING"
"RNSHF","timeseries","grossProfitQ","2020-06-30","1","0","MISSING"
"RNSHF","timeseries","grossProfitQ","2020-03-31","2","0","MISSING"
"RNSHF","timeseries","grossProfitQ","2019-12-31","3","0","MISSING"
"RO.SW","timeseries","grossProfitQ","2026-06-30","0","0","MISSING"
"RO.SW","timeseries","grossProfitQ","2026-03-31","1","0","MISSING"
"RO.SW","timeseries","grossProfitQ","2025-12-31","2","0","MISSING"
"RO.SW","timeseries","grossProfitQ","2025-09-30","3","0","MISSING"
"ROGH.VI","timeseries","grossProfitQ","2026-06-30","0","0","MISSING"
"ROGH.VI","timeseries","grossProfitQ","2026-03-31","1","0","MISSING"
"ROGH.VI","timeseries","grossProfitQ","2025-12-31","2","0","MISSING"
"ROGH.VI","timeseries","grossProfitQ","2025-09-30","3","0","MISSING"
"ROGP.VI","timeseries","grossProfitQ","2026-06-30","0","0","MISSING"
"ROGP.VI","timeseries","grossProfitQ","2026-03-31","1","0","MISSING"
"ROGP.VI","timeseries","grossProfitQ","2025-12-31","2","0","MISSING"
"ROGP.VI","timeseries","grossProfitQ","2025-09-30","3","0","MISSING"
"ROP.SW","timeseries","grossProfitQ","2026-06-30","0","0","MISSING"
"ROP.SW","timeseries","grossProfitQ","2026-03-31","1","0","MISSING"
"ROP.SW","timeseries","grossProfitQ","2025-12-31","2","0","MISSING"
"ROP.SW","timeseries","grossProfitQ","2025-09-30","3","0","MISSING"
"RPHCF","timeseries","grossProfitQ","2026-06-30","0","0","MISSING"
"RPHCF","timeseries","grossProfitQ","2026-03-31","1","0","MISSING"
"RPHCF","timeseries","grossProfitQ","2025-12-31","2","0","MISSING"
"RPHCF","timeseries","grossProfitQ","2025-09-30","3","0","MISSING"
"RRC.RO","timeseries","revenueQ","2006-09-30","2","0","MISSING"
"RRC.RO","timeseries","grossProfitQ","2007-09-30","0","0","MISSING"
"RRC.RO","timeseries","grossProfitQ","2007-06-30","1","0","MISSING"
"RRL.AX","timeseries","revenueQ","2016-09-30","1","0","MISSING"
"RRL.AX","timeseries","grossProfitQ","2016-06-30","2","0","MISSING"
"RRL.AX","timeseries","grossProfitQ","2016-03-31","3","0","MISSING"
"RRTL.DE","timeseries","grossProfitQ","2023-12-31","0","0","MISSING"
"RRTL.DE","timeseries","grossProfitQ","2023-09-30","1","0","MISSING"
"RRTL.DE","timeseries","grossProfitQ","2023-06-30","2","0","MISSING"
"RRTL.DE","timeseries","grossProfitQ","2023-03-31","3","0","MISSING"
"RRTL.SW","timeseries","grossProfitQ","2023-12-31","0","0","MISSING"
"RRTL.SW","timeseries","grossProfitQ","2023-09-30","1","0","MISSING"
"RRTL.SW","timeseries","grossProfitQ","2023-06-30","2","0","MISSING"
"RRTL.SW","timeseries","grossProfitQ","2023-03-31","3","0","MISSING"
"RSG.AX","timeseries","grossProfitQ","2016-12-31","0","0","MISSING"
"RSG.AX","timeseries","grossProfitQ","2016-09-30","1","0","MISSING"
"RSG.AX","timeseries","grossProfitQ","2015-12-31","2","0","MISSING"
"RSG.AX","timeseries","grossProfitQ","2015-09-30","3","0","MISSING"
"RSHGY","timeseries","grossProfitQ","2026-06-30","0","0","MISSING"
"RSHGY","timeseries","grossProfitQ","2026-03-31","1","0","MISSING"
"RSHGY","timeseries","grossProfitQ","2025-12-31","2","0","MISSING"
"RSHGY","timeseries","grossProfitQ","2025-09-30","3","0","MISSING"
"RSNHF","timeseries","grossProfitQ","2026-06-30","0","0","MISSING"
"RSNHF","timeseries","grossProfitQ","2026-03-31","1","0","MISSING"
"RSNHF","timeseries","grossProfitQ","2025-12-31","2","0","MISSING"
"RSNHF","timeseries","grossProfitQ","2025-09-30","3","0","MISSING"
"RSNHF","annual","annualGP","2026-03-31","0","0","MISSING"
"RSNHF","annual","annualGP","2025-03-31","1","0","MISSING"
"RSNHF","annual","annualGP","2024-03-31","2","0","MISSING"
"RSNHF","annual","annualGP","2023-03-31","3","0","MISSING"
"RSTCF","timeseries","grossProfitQ","2026-06-30","0","0","MISSING"
"RSTCF","timeseries","grossProfitQ","2026-03-31","1","0","MISSING"
"RSTCF","timeseries","grossProfitQ","2025-12-31","2","0","MISSING"
"RSTCF","timeseries","grossProfitQ","2025-09-30","3","0","MISSING"
"RTMVF","annual","annualGP","2025-12-31","0","0","MISSING"
"RTMVF","annual","annualGP","2024-12-31","1","0","MISSING"
"RTMVF","annual","annualGP","2023-12-31","2","0","MISSING"
"RTMVF","annual","annualGP","2022-12-31","3","0","MISSING"
"RTO.L","timeseries","grossProfitQ","2025-12-31","0","0","MISSING"
"RTO.L","timeseries","grossProfitQ","2025-09-30","1","0","MISSING"
"RTO.L","timeseries","grossProfitQ","2022-06-30","2","0","MISSING"
"RTO.L","timeseries","grossProfitQ","2022-03-31","3","0","MISSING"
"RTO","timeseries","grossProfitQ","2025-12-31","0","0","MISSING"
"RTO","timeseries","grossProfitQ","2025-09-30","1","0","MISSING"
"RTO","timeseries","grossProfitQ","2022-06-30","2","0","MISSING"
"RTO","timeseries","grossProfitQ","2022-03-31","3","0","MISSING"
"RUBSF","timeseries","grossProfitQ","2026-06-30","0","0","MISSING"
"RUBSF","timeseries","grossProfitQ","2026-03-31","1","0","MISSING"
"RUBSF","timeseries","grossProfitQ","2025-09-30","2","0","MISSING"
"RUBSF","timeseries","grossProfitQ","2025-03-31","3","0","MISSING"
"RUI.PA","timeseries","grossProfitQ","2026-06-30","0","0","MISSING"
"RUI.PA","timeseries","grossProfitQ","2026-03-31","1","0","MISSING"
"RUI.PA","timeseries","grossProfitQ","2025-09-30","2","0","MISSING"
"RUI.PA","timeseries","grossProfitQ","2025-03-31","3","0","MISSING"
"RUI.VI","timeseries","grossProfitQ","2026-06-30","0","0","MISSING"
"RUI.VI","timeseries","grossProfitQ","2026-03-31","1","0","MISSING"
"RUI.VI","timeseries","grossProfitQ","2025-09-30","2","0","MISSING"
"RUI.VI","timeseries","grossProfitQ","2025-03-31","3","0","MISSING"
"RVMD","annual","annualRev","2024-12-31","1","0","MISSING"
"RWC.AX","timeseries","grossProfitQ","2022-06-30","0","0","MISSING"
"RXL.PA","timeseries","grossProfitQ","2026-06-30","0","0","MISSING"
"RXL.PA","timeseries","grossProfitQ","2026-03-31","1","0","MISSING"
"RXL.PA","timeseries","grossProfitQ","2025-12-31","2","0","MISSING"
"RXL.PA","timeseries","grossProfitQ","2025-09-30","3","0","MISSING"
"RXL.VI","timeseries","grossProfitQ","2026-06-30","0","0","MISSING"
"RXL.VI","timeseries","grossProfitQ","2026-03-31","1","0","MISSING"
"RXL.VI","timeseries","grossProfitQ","2025-12-31","2","0","MISSING"
"RXL.VI","timeseries","grossProfitQ","2025-09-30","3","0","MISSING"
"RYAN","annual","annualGP","2025-12-31","0","0","MISSING"
"RYAN","annual","annualGP","2024-12-31","1","0","MISSING"
"RYAN","annual","annualGP","2023-12-31","2","0","MISSING"
"RYAN","annual","annualGP","2022-12-31","3","0","MISSING"
"RYSD.DE","annual","annualGP","2025-12-31","0","0","MISSING"
"RYSD.DE","annual","annualGP","2024-12-31","1","0","MISSING"
"RYSD.DE","annual","annualGP","2023-12-31","2","0","MISSING"
"RYSD.DE","annual","annualGP","2022-12-31","3","0","MISSING"
"RZLV","timeseries","grossProfitQ","2026-06-30","0","0","MISSING"
"RZLV","timeseries","grossProfitQ","2026-03-31","1","0","MISSING"
"RZNXF","timeseries","grossProfitQ","2026-06-30","0","0","MISSING"
"RZNXF","timeseries","grossProfitQ","2025-12-31","1","0","MISSING"
"RZNXF","timeseries","grossProfitQ","2025-06-30","2","0","MISSING"
"RZNXF","timeseries","grossProfitQ","2024-12-31","3","0","MISSING"
"S41.SI","timeseries","revenueQ","2008-12-31","3","0","MISSING"
"S41.SI","timeseries","grossProfitQ","2011-12-31","0","0","MISSING"
"S41.SI","timeseries","grossProfitQ","2011-06-30","1","0","MISSING"
"S41.SI","timeseries","grossProfitQ","2011-03-31","2","0","MISSING"
"S41.SI","annual","annualRev","2024-12-31","1","0","MISSING"
"S41.SI","annual","annualRev","2021-12-31","3","0","MISSING"
"S59.SI","timeseries","revenueQ","2023-03-31","1","0","MISSING"
"S59.SI","timeseries","revenueQ","2022-12-31","2","0","MISSING"
"S59.SI","timeseries","grossProfitQ","2023-12-31","0","0","MISSING"
"S59.SI","timeseries","grossProfitQ","2022-09-30","3","0","MISSING"
"S63.SI","timeseries","grossProfitQ","2023-09-30","0","0","MISSING"
"S63.SI","timeseries","grossProfitQ","2020-12-31","1","0","MISSING"
"S63.SI","timeseries","grossProfitQ","2020-09-30","2","0","MISSING"
"S63.SI","timeseries","grossProfitQ","2020-06-30","3","0","MISSING"
"S68.SI","timeseries","grossProfitQ","2020-12-31","0","0","MISSING"
"S68.SI","timeseries","grossProfitQ","2020-09-30","1","0","MISSING"
"S68.SI","timeseries","grossProfitQ","2020-06-30","2","0","MISSING"
"S68.SI","timeseries","grossProfitQ","2020-03-31","3","0","MISSING"
"SAF.PA","timeseries","grossProfitQ","2026-06-30","0","0","MISSING"
"SAF.PA","timeseries","grossProfitQ","2026-03-31","1","0","MISSING"
"SAF.PA","timeseries","grossProfitQ","2025-09-30","2","0","MISSING"
"SAF.PA","timeseries","grossProfitQ","2025-06-30","3","0","MISSING"
"SAF.VI","timeseries","grossProfitQ","2026-06-30","0","0","MISSING"
"SAF.VI","timeseries","grossProfitQ","2026-03-31","1","0","MISSING"
"SAF.VI","timeseries","grossProfitQ","2025-09-30","2","0","MISSING"
"SAF.VI","timeseries","grossProfitQ","2025-06-30","3","0","MISSING"
"SAFRF","timeseries","grossProfitQ","2026-06-30","0","0","MISSING"
"SAFRF","timeseries","grossProfitQ","2026-03-31","1","0","MISSING"
"SAFRF","timeseries","grossProfitQ","2025-09-30","2","0","MISSING"
"SAFRF","timeseries","grossProfitQ","2025-06-30","3","0","MISSING"
"SANJF","timeseries","grossProfitQ","2025-12-31","0","0","MISSING"
"SANJF","timeseries","grossProfitQ","2025-09-30","1","0","MISSING"
"SANJF","timeseries","grossProfitQ","2025-06-30","2","0","MISSING"
"SANJF","timeseries","grossProfitQ","2025-03-31","3","0","MISSING"
"SAPMF","timeseries","grossProfitQ","2026-06-30","0","0","MISSING"
"SAPMF","timeseries","grossProfitQ","2026-03-31","1","0","MISSING"
"SAPMF","timeseries","grossProfitQ","2025-12-31","2","0","MISSING"
"SAPMF","timeseries","grossProfitQ","2025-09-30","3","0","MISSING"
"SAR.AT","timeseries","grossProfitQ","2025-12-31","0","0","MISSING"
"SAR.AT","timeseries","grossProfitQ","2025-09-30","1","0","MISSING"
"SAR.AT","timeseries","grossProfitQ","2025-06-30","2","0","MISSING"
"SAR.AT","timeseries","grossProfitQ","2025-03-31","3","0","MISSING"
"SAUHF","timeseries","grossProfitQ","2026-06-30","0","0","MISSING"
"SAUHF","timeseries","grossProfitQ","2026-03-31","1","0","MISSING"
"SAUHF","timeseries","grossProfitQ","2025-12-31","2","0","MISSING"
"SAUHF","timeseries","grossProfitQ","2025-09-30","3","0","MISSING"
"SAVE.PA","timeseries","grossProfitQ","2026-06-30","0","0","MISSING"
"SAVE.PA","timeseries","grossProfitQ","2026-03-31","1","0","MISSING"
"SAVE.PA","timeseries","grossProfitQ","2025-09-30","2","0","MISSING"
"SAVE.PA","timeseries","grossProfitQ","2025-06-30","3","0","MISSING"
"SBCLY","timeseries","grossProfitQ","2026-06-30","0","0","MISSING"
"SBCLY","timeseries","grossProfitQ","2026-03-31","1","0","MISSING"
"SBCLY","timeseries","grossProfitQ","2025-12-31","2","0","MISSING"
"SBCLY","timeseries","grossProfitQ","2025-09-30","3","0","MISSING"
"SBFFF","timeseries","grossProfitQ","2026-06-30","0","0","MISSING"
"SBFFF","timeseries","grossProfitQ","2025-12-31","1","0","MISSING"
"SBFFF","timeseries","grossProfitQ","2025-03-31","2","0","MISSING"
"SBFFF","timeseries","grossProfitQ","2024-09-30","3","0","MISSING"
"SBGSF","timeseries","grossProfitQ","2026-06-30","0","0","MISSING"
"SBGSF","timeseries","grossProfitQ","2026-03-31","1","0","MISSING"
"SBGSF","timeseries","grossProfitQ","2025-12-31","2","0","MISSING"
"SBGSF","timeseries","grossProfitQ","2025-06-30","3","0","MISSING"
"SBHGF","timeseries","revenueQ","2025-09-30","3","0","MISSING"
"SBHGF","timeseries","grossProfitQ","2026-06-30","0","0","MISSING"
"SBHGF","timeseries","grossProfitQ","2026-03-31","1","0","MISSING"
"SBHGF","timeseries","grossProfitQ","2025-12-31","2","0","MISSING"
"SBHGF","annual","annualGP","2026-03-31","0","0","MISSING"
"SBHGF","annual","annualGP","2025-03-31","1","0","MISSING"
"SBHGF","annual","annualGP","2024-03-31","2","0","MISSING"
"SBHGF","annual","annualGP","2023-03-31","3","0","MISSING"
"SBKLF","timeseries","grossProfitQ","2026-06-30","0","0","MISSING"
"SBKLF","timeseries","grossProfitQ","2026-03-31","1","0","MISSING"
"SBKLF","timeseries","grossProfitQ","2025-12-31","2","0","MISSING"
"SBKLF","timeseries","grossProfitQ","2025-09-30","3","0","MISSING"
"SBMO.AS","timeseries","grossProfitQ","2026-06-30","0","0","MISSING"
"SBMO.AS","timeseries","grossProfitQ","2025-12-31","1","0","MISSING"
"SBMO.AS","timeseries","grossProfitQ","2025-03-31","2","0","MISSING"
"SBMO.AS","timeseries","grossProfitQ","2024-09-30","3","0","MISSING"
"SBMO.VI","timeseries","grossProfitQ","2026-06-30","0","0","MISSING"
"SBMO.VI","timeseries","grossProfitQ","2025-12-31","1","0","MISSING"
"SBMO.VI","timeseries","grossProfitQ","2025-03-31","2","0","MISSING"
"SBMO.VI","timeseries","grossProfitQ","2024-09-30","3","0","MISSING"
"SBNOR.OL","timeseries","grossProfitQ","2026-06-30","0","0","MISSING"
"SBNOR.OL","timeseries","grossProfitQ","2026-03-31","1","0","MISSING"
"SBNOR.OL","timeseries","grossProfitQ","2025-12-31","2","0","MISSING"
"SBNOR.OL","timeseries","grossProfitQ","2025-09-30","3","0","MISSING"
"SBRY.L","timeseries","grossProfitQ","2011-06-30","0","0","MISSING"
"SCBGF","timeseries","grossProfitQ","2026-06-30","0","0","MISSING"
"SCBGF","timeseries","grossProfitQ","2025-12-31","1","0","MISSING"
"SCBGF","timeseries","grossProfitQ","2025-09-30","2","0","MISSING"
"SCBGF","timeseries","grossProfitQ","2025-06-30","3","0","MISSING"
"SCGLF","annual","annualGP","2025-12-31","0","0","MISSING"
"SCGLF","annual","annualGP","2024-12-31","1","0","MISSING"
"SCGLF","annual","annualGP","2023-12-31","2","0","MISSING"
"SCGLF","annual","annualGP","2022-12-31","3","0","MISSING"
"SCR.PA","annual","annualGP","2025-12-31","0","0","MISSING"
"SCR.PA","annual","annualGP","2024-12-31","1","0","MISSING"
"SCR.PA","annual","annualGP","2023-12-31","2","0","MISSING"
"SCR.PA","annual","annualGP","2022-12-31","3","0","MISSING"
"SCR.SW","annual","annualGP","2025-12-31","0","0","MISSING"
"SCR.SW","annual","annualGP","2024-12-31","1","0","MISSING"
"SCR.SW","annual","annualGP","2023-12-31","2","0","MISSING"
"SCR.SW","annual","annualGP","2022-12-31","3","0","MISSING"
"SCR.VI","annual","annualGP","2025-12-31","0","0","MISSING"
"SCR.VI","annual","annualGP","2024-12-31","1","0","MISSING"
"SCR.VI","annual","annualGP","2023-12-31","2","0","MISSING"
"SCR.VI","annual","annualGP","2022-12-31","3","0","MISSING"
"SCRNY","timeseries","grossProfitQ","2026-06-30","0","0","MISSING"
"SCRNY","timeseries","grossProfitQ","2026-03-31","1","0","MISSING"
"SCRNY","timeseries","grossProfitQ","2025-12-31","2","0","MISSING"
"SCRNY","timeseries","grossProfitQ","2025-09-30","3","0","MISSING"
"SDGCF","timeseries","grossProfitQ","2026-03-31","0","0","MISSING"
"SDGCF","timeseries","grossProfitQ","2025-12-31","1","0","MISSING"
"SDGCF","timeseries","grossProfitQ","2025-09-30","2","0","MISSING"
"SDGCF","timeseries","grossProfitQ","2025-06-30","3","0","MISSING"
"SDIPF","timeseries","grossProfitQ","2015-10-31","0","0","MISSING"
"SDIPF","timeseries","grossProfitQ","2015-07-31","1","0","MISSING"
"SDIPF","timeseries","grossProfitQ","2014-10-31","2","0","MISSING"
"SDIPF","timeseries","grossProfitQ","2014-07-31","3","0","MISSING"
"SDR.L","timeseries","grossProfitQ","2016-09-30","0","0","MISSING"
"SDR.L","timeseries","grossProfitQ","2016-03-31","1","0","MISSING"
"SDR.L","timeseries","grossProfitQ","2015-12-31","2","0","MISSING"
"SDR.L","timeseries","grossProfitQ","2015-09-30","3","0","MISSING"
"SDXOF","timeseries","grossProfitQ","2026-05-31","0","0","MISSING"
"SDXOF","timeseries","grossProfitQ","2025-05-31","1","0","MISSING"
"SDXOF","timeseries","grossProfitQ","2024-11-30","2","0","MISSING"
"SDXOF","timeseries","grossProfitQ","2024-05-31","3","0","MISSING"
"SDZ.SW","timeseries","grossProfitQ","2026-06-30","0","0","MISSING"
"SDZ.SW","timeseries","grossProfitQ","2025-12-31","1","0","MISSING"
"SDZ.SW","timeseries","grossProfitQ","2025-09-30","2","0","MISSING"
"SDZ.SW","timeseries","grossProfitQ","2025-06-30","3","0","MISSING"
"SDZ.VI","timeseries","grossProfitQ","2026-06-30","0","0","MISSING"
"SDZ.VI","timeseries","grossProfitQ","2025-12-31","1","0","MISSING"
"SDZ.VI","timeseries","grossProfitQ","2025-09-30","2","0","MISSING"
"SDZ.VI","timeseries","grossProfitQ","2025-06-30","3","0","MISSING"
"SEB.SI","timeseries","grossProfitQ","2020-06-30","0","0","MISSING"
"SEB.SI","timeseries","grossProfitQ","2020-03-31","1","0","MISSING"
"SEB.SI","timeseries","grossProfitQ","2019-12-31","2","0","MISSING"
"SEB.SI","timeseries","grossProfitQ","2019-09-30","3","0","MISSING"
"SEBS.VI","timeseries","grossProfitQ","2026-06-30","0","0","MISSING"
"SEBS.VI","timeseries","grossProfitQ","2026-03-31","1","0","MISSING"
"SEBS.VI","timeseries","grossProfitQ","2025-12-31","2","0","MISSING"
"SEBS.VI","timeseries","grossProfitQ","2025-09-30","3","0","MISSING"
"SEIBF","timeseries","grossProfitQ","2026-06-30","0","0","MISSING"
"SEIBF","timeseries","grossProfitQ","2026-03-31","1","0","MISSING"
"SEIBF","timeseries","grossProfitQ","2025-12-31","2","0","MISSING"
"SEIBF","timeseries","grossProfitQ","2025-09-30","3","0","MISSING"
"SEJ1.DE","timeseries","grossProfitQ","2026-06-30","0","0","MISSING"
"SEJ1.DE","timeseries","grossProfitQ","2026-03-31","1","0","MISSING"
"SEJ1.DE","timeseries","grossProfitQ","2025-09-30","2","0","MISSING"
"SEJ1.DE","timeseries","grossProfitQ","2025-06-30","3","0","MISSING"
"SERNF","timeseries","grossProfitQ","2026-06-30","0","0","MISSING"
"SERNF","timeseries","grossProfitQ","2026-03-31","1","0","MISSING"
"SERNF","timeseries","grossProfitQ","2025-12-31","2","0","MISSING"
"SERNF","timeseries","grossProfitQ","2025-09-30","3","0","MISSING"
"SET.SI","timeseries","grossProfitQ","2020-06-30","0","0","MISSING"
"SET.SI","timeseries","grossProfitQ","2020-03-31","1","0","MISSING"
"SET.SI","timeseries","grossProfitQ","2019-12-31","2","0","MISSING"
"SET.SI","timeseries","grossProfitQ","2019-09-30","3","0","MISSING"
"SFBQF","timeseries","grossProfitQ","2026-06-30","0","0","MISSING"
"SFBQF","timeseries","grossProfitQ","2026-03-31","1","0","MISSING"
"SFBQF","timeseries","grossProfitQ","2025-12-31","2","0","MISSING"
"SFBQF","timeseries","grossProfitQ","2025-09-30","3","0","MISSING"
"SFC.TO","annual","annualRev","2024-12-31","1","0","MISSING"
"SFER.MI","timeseries","grossProfitQ","2026-06-30","0","0","MISSING"
"SFER.MI","timeseries","grossProfitQ","2026-03-31","1","0","MISSING"
"SFER.MI","timeseries","grossProfitQ","2025-12-31","2","0","MISSING"
"SFER.MI","timeseries","grossProfitQ","2025-06-30","3","0","MISSING"
"SFER.VI","timeseries","grossProfitQ","2026-06-30","0","0","MISSING"
"SFER.VI","timeseries","grossProfitQ","2026-03-31","1","0","MISSING"
"SFER.VI","timeseries","grossProfitQ","2025-12-31","2","0","MISSING"
"SFER.VI","timeseries","grossProfitQ","2025-06-30","3","0","MISSING"
"SFGRF","timeseries","revenueQ","2026-03-31","1","0","MISSING"
"SFGRF","timeseries","grossProfitQ","2025-12-31","2","0","MISSING"
"SFGRF","timeseries","grossProfitQ","2025-06-30","3","0","MISSING"
"SFGRF","annual","annualRev","2025-03-31","1","0","MISSING"
"SFGYY","timeseries","revenueQ","2026-03-31","1","0","MISSING"
"SFGYY","timeseries","grossProfitQ","2025-12-31","2","0","MISSING"
"SFGYY","timeseries","grossProfitQ","2025-06-30","3","0","MISSING"
"SFGYY","annual","annualRev","2025-03-31","1","0","MISSING"
"SFL.MI","timeseries","grossProfitQ","2026-06-30","0","0","MISSING"
"SFL.MI","timeseries","grossProfitQ","2026-03-31","1","0","MISSING"
"SFL.MI","timeseries","grossProfitQ","2025-12-31","2","0","MISSING"
"SFL.MI","timeseries","grossProfitQ","2025-09-30","3","0","MISSING"
"SFR.AX","timeseries","grossProfitQ","2022-09-30","0","0","MISSING"
"SFT.VI","timeseries","grossProfitQ","2026-06-30","0","0","MISSING"
"SFT.VI","timeseries","grossProfitQ","2026-03-31","1","0","MISSING"
"SFT.VI","timeseries","grossProfitQ","2025-12-31","2","0","MISSING"
"SFT.VI","timeseries","grossProfitQ","2025-09-30","3","0","MISSING"
"SFTBF","timeseries","grossProfitQ","2026-06-30","0","0","MISSING"
"SFTBF","timeseries","grossProfitQ","2026-03-31","1","0","MISSING"
"SFTBF","timeseries","grossProfitQ","2025-12-31","2","0","MISSING"
"SFTBF","timeseries","grossProfitQ","2025-09-30","3","0","MISSING"
"SFTTF","timeseries","grossProfitQ","2026-05-31","0","0","MISSING"
"SFTTF","timeseries","grossProfitQ","2026-02-28","1","0","MISSING"
"SFTTF","timeseries","grossProfitQ","2025-11-30","2","0","MISSING"
"SFTTF","timeseries","grossProfitQ","2025-08-31","3","0","MISSING"
"SFZN.SW","timeseries","grossProfitQ","2010-12-31","0","0","MISSING"
"SFZN.SW","timeseries","grossProfitQ","2010-09-30","1","0","MISSING"
"SFZN.SW","timeseries","grossProfitQ","2009-12-31","2","0","MISSING"
"SFZN.SW","timeseries","grossProfitQ","2009-09-30","3","0","MISSING"
"SFZN.VI","timeseries","grossProfitQ","2010-12-31","0","0","MISSING"
"SFZN.VI","timeseries","grossProfitQ","2010-09-30","1","0","MISSING"
"SFZN.VI","timeseries","grossProfitQ","2009-12-31","2","0","MISSING"
"SFZN.VI","timeseries","grossProfitQ","2009-09-30","3","0","MISSING"
"SGCFF","annual","annualRev","2024-12-31","1","0","MISSING"
"SGE.DE","annual","annualGP","2025-12-31","0","0","MISSING"
"SGE.DE","annual","annualGP","2024-12-31","1","0","MISSING"
"SGE.DE","annual","annualGP","2023-12-31","2","0","MISSING"
"SGE.DE","annual","annualGP","2022-12-31","3","0","MISSING"
"SGE.L","timeseries","grossProfitQ","2023-06-30","0","0","MISSING"
"SGE.L","timeseries","grossProfitQ","2012-09-30","1","0","MISSING"
"SGFEF","timeseries","grossProfitQ","2010-12-31","0","0","MISSING"
"SGFEF","timeseries","grossProfitQ","2010-09-30","1","0","MISSING"
"SGFEF","timeseries","grossProfitQ","2009-12-31","2","0","MISSING"
"SGFEF","timeseries","grossProfitQ","2009-09-30","3","0","MISSING"
"SGGEF","timeseries","grossProfitQ","2023-06-30","0","0","MISSING"
"SGGEF","timeseries","grossProfitQ","2012-09-30","1","0","MISSING"
"SGGKF","timeseries","grossProfitQ","2023-09-30","0","0","MISSING"
"SGGKF","timeseries","grossProfitQ","2020-12-31","1","0","MISSING"
"SGGKF","timeseries","grossProfitQ","2020-09-30","2","0","MISSING"
"SGGKF","timeseries","grossProfitQ","2020-06-30","3","0","MISSING"
"SGH.AX","timeseries","grossProfitQ","2022-06-30","0","0","MISSING"
"SGH.AX","timeseries","grossProfitQ","2022-03-31","1","0","MISSING"
"SGH.AX","timeseries","grossProfitQ","2021-06-30","2","0","MISSING"
"SGH.AX","timeseries","grossProfitQ","2021-03-31","3","0","MISSING"
"SGHHF","timeseries","grossProfitQ","2026-06-30","0","0","MISSING"
"SGHHF","timeseries","grossProfitQ","2026-03-31","1","0","MISSING"
"SGHHF","timeseries","grossProfitQ","2025-12-31","2","0","MISSING"
"SGHHF","timeseries","grossProfitQ","2025-09-30","3","0","MISSING"
"SGIPF","timeseries","grossProfitQ","2026-05-31","0","0","MISSING"
"SGIPF","timeseries","grossProfitQ","2026-02-28","1","0","MISSING"
"SGIPF","timeseries","grossProfitQ","2025-11-30","2","0","MISSING"
"SGIPF","timeseries","grossProfitQ","2025-08-31","3","0","MISSING"
"SGLD","annual","annualRev","2011-12-31","3","0","MISSING"
"SGM.AX","timeseries","grossProfitQ","2010-06-30","0","0","MISSING"
"SGML.V","annual","annualRev","2022-12-31","3","0","MISSING"
"SGML","annual","annualRev","2022-12-31","3","0","MISSING"
"SGO.PA","timeseries","grossProfitQ","2026-06-30","0","0","MISSING"
"SGO.PA","timeseries","grossProfitQ","2026-03-31","1","0","MISSING"
"SGO.PA","timeseries","grossProfitQ","2025-12-31","2","0","MISSING"
"SGO.PA","timeseries","grossProfitQ","2025-09-30","3","0","MISSING"
"SGO.VI","timeseries","grossProfitQ","2026-06-30","0","0","MISSING"
"SGO.VI","timeseries","grossProfitQ","2026-03-31","1","0","MISSING"
"SGO.VI","timeseries","grossProfitQ","2025-12-31","2","0","MISSING"
"SGO.VI","timeseries","grossProfitQ","2025-09-30","3","0","MISSING"
"SGSN.SW","timeseries","grossProfitQ","2026-06-30","0","0","MISSING"
"SGSN.SW","timeseries","grossProfitQ","2025-12-31","1","0","MISSING"
"SGSN.SW","timeseries","grossProfitQ","2025-09-30","2","0","MISSING"
"SGSN.SW","timeseries","grossProfitQ","2025-03-31","3","0","MISSING"
"SGSN.VI","timeseries","grossProfitQ","2026-06-30","0","0","MISSING"
"SGSN.VI","timeseries","grossProfitQ","2025-12-31","1","0","MISSING"
"SGSN.VI","timeseries","grossProfitQ","2025-09-30","2","0","MISSING"
"SGSN.VI","timeseries","grossProfitQ","2025-03-31","3","0","MISSING"
"SGSOF","timeseries","grossProfitQ","2026-06-30","0","0","MISSING"
"SGSOF","timeseries","grossProfitQ","2025-12-31","1","0","MISSING"
"SGSOF","timeseries","grossProfitQ","2025-09-30","2","0","MISSING"
"SGSOF","timeseries","grossProfitQ","2025-03-31","3","0","MISSING"
"SGSUF","timeseries","grossProfitQ","2026-06-30","0","0","MISSING"
"SGSUF","timeseries","grossProfitQ","2026-03-31","1","0","MISSING"
"SGSUF","timeseries","grossProfitQ","2025-12-31","2","0","MISSING"
"SGSUF","timeseries","grossProfitQ","2025-09-30","3","0","MISSING"
"SHAOF","timeseries","grossProfitQ","2026-08-31","0","0","MISSING"
"SHAOF","timeseries","grossProfitQ","2026-05-31","1","0","MISSING"
"SHAOF","timeseries","grossProfitQ","2026-02-28","2","0","MISSING"
"SHAOF","timeseries","grossProfitQ","2025-11-30","3","0","MISSING"
"SHHPF","timeseries","grossProfitQ","2026-06-30","0","0","MISSING"
"SHHPF","timeseries","grossProfitQ","2026-03-31","1","0","MISSING"
"SHHPF","timeseries","grossProfitQ","2025-12-31","2","0","MISSING"
"SHHPF","timeseries","grossProfitQ","2025-09-30","3","0","MISSING"
"SHM.VI","timeseries","grossProfitQ","2026-06-30","0","0","MISSING"
"SHM.VI","timeseries","grossProfitQ","2026-03-31","1","0","MISSING"
"SHM.VI","timeseries","grossProfitQ","2025-12-31","2","0","MISSING"
"SHM.VI","timeseries","grossProfitQ","2025-09-30","3","0","MISSING"
"SHMDF","timeseries","grossProfitQ","2026-06-30","0","0","MISSING"
"SHMDF","timeseries","grossProfitQ","2026-03-31","1","0","MISSING"
"SHMDF","timeseries","grossProfitQ","2025-12-31","2","0","MISSING"
"SHMDF","timeseries","grossProfitQ","2025-09-30","3","0","MISSING"
"SHMUF","timeseries","grossProfitQ","2026-06-30","0","0","MISSING"
"SHMUF","timeseries","grossProfitQ","2026-03-31","1","0","MISSING"
"SHMUF","timeseries","grossProfitQ","2025-12-31","2","0","MISSING"
"SHMUF","timeseries","grossProfitQ","2025-09-30","3","0","MISSING"
"SHMWF","timeseries","grossProfitQ","2026-06-30","0","0","MISSING"
"SHMWF","timeseries","grossProfitQ","2025-12-31","1","0","MISSING"
"SHMWF","timeseries","grossProfitQ","2025-06-30","2","0","MISSING"
"SHMWF","timeseries","grossProfitQ","2024-12-31","3","0","MISSING"
"SHMXY","timeseries","grossProfitQ","2026-06-30","0","0","MISSING"
"SHMXY","timeseries","grossProfitQ","2026-03-31","1","0","MISSING"
"SHMXY","timeseries","grossProfitQ","2025-12-31","2","0","MISSING"
"SHMXY","timeseries","grossProfitQ","2025-09-30","3","0","MISSING"
"SHMZF","timeseries","grossProfitQ","2026-06-30","0","0","MISSING"
"SHMZF","timeseries","grossProfitQ","2026-03-31","1","0","MISSING"
"SHMZF","timeseries","grossProfitQ","2025-12-31","2","0","MISSING"
"SHMZF","timeseries","grossProfitQ","2025-09-30","3","0","MISSING"
"SHUR.BR","timeseries","grossProfitQ","2023-12-31","0","0","MISSING"
"SHWGF","timeseries","grossProfitQ","2015-12-31","0","0","MISSING"
"SHWGF","timeseries","grossProfitQ","2015-09-30","1","0","MISSING"
"SHWGF","timeseries","grossProfitQ","2015-06-30","2","0","MISSING"
"SHWGF","timeseries","grossProfitQ","2014-12-31","3","0","MISSING"
"SIGN.SW","timeseries","grossProfitQ","2026-06-30","0","0","MISSING"
"SIGN.SW","timeseries","grossProfitQ","2025-12-31","1","0","MISSING"
"SIGN.SW","timeseries","grossProfitQ","2025-09-30","2","0","MISSING"
"SIGN.SW","timeseries","grossProfitQ","2025-06-30","3","0","MISSING"
"SIGN.VI","timeseries","grossProfitQ","2026-06-30","0","0","MISSING"
"SIGN.VI","timeseries","grossProfitQ","2025-12-31","1","0","MISSING"
"SIGN.VI","timeseries","grossProfitQ","2025-09-30","2","0","MISSING"
"SIGN.VI","timeseries","grossProfitQ","2025-06-30","3","0","MISSING"
"SIKA.SW","timeseries","grossProfitQ","2026-06-30","0","0","MISSING"
"SIKA.SW","timeseries","grossProfitQ","2026-03-31","1","0","MISSING"
"SIKA.SW","timeseries","grossProfitQ","2025-09-30","2","0","MISSING"
"SIKA.SW","timeseries","grossProfitQ","2025-06-30","3","0","MISSING"
"SITIF","timeseries","revenueQ","2014-12-31","1","0","MISSING"
"SITIF","timeseries","grossProfitQ","2011-12-31","2","0","MISSING"
"SITIF","timeseries","grossProfitQ","2011-09-30","3","0","MISSING"
"SJMHF","timeseries","grossProfitQ","2026-06-30","0","0","MISSING"
"SJMHF","timeseries","grossProfitQ","2026-03-31","1","0","MISSING"
"SJMHF","timeseries","grossProfitQ","2025-12-31","2","0","MISSING"
"SJMHF","timeseries","grossProfitQ","2025-09-30","3","0","MISSING"
"SK.PA","timeseries","grossProfitQ","2026-06-30","0","0","MISSING"
"SK.PA","timeseries","grossProfitQ","2026-03-31","1","0","MISSING"
"SK.PA","timeseries","grossProfitQ","2025-12-31","2","0","MISSING"
"SK.PA","timeseries","grossProfitQ","2025-09-30","3","0","MISSING"
"SKFOF","timeseries","grossProfitQ","2026-06-30","0","0","MISSING"
"SKFOF","timeseries","grossProfitQ","2026-03-31","1","0","MISSING"
"SKFOF","timeseries","grossProfitQ","2025-09-30","2","0","MISSING"
"SKFOF","timeseries","grossProfitQ","2025-06-30","3","0","MISSING"
"SKPJF","timeseries","grossProfitQ","2026-06-30","0","0","MISSING"
"SKPJF","timeseries","grossProfitQ","2026-03-31","1","0","MISSING"
"SKPJF","timeseries","grossProfitQ","2025-12-31","2","0","MISSING"
"SKPJF","timeseries","grossProfitQ","2025-09-30","3","0","MISSING"
"SLFPF","timeseries","grossProfitQ","2013-03-31","0","0","MISSING"
"SLFPF","timeseries","grossProfitQ","2010-12-31","1","0","MISSING"
"SLFPF","timeseries","grossProfitQ","2010-03-31","2","0","MISSING"
"SLFPF","timeseries","grossProfitQ","2009-12-31","3","0","MISSING"
"SLFPY","timeseries","grossProfitQ","2013-03-31","0","0","MISSING"
"SLFPY","timeseries","grossProfitQ","2010-12-31","1","0","MISSING"
"SLFPY","timeseries","grossProfitQ","2010-03-31","2","0","MISSING"
"SLFPY","timeseries","grossProfitQ","2009-12-31","3","0","MISSING"
"SLHN.SW","timeseries","revenueQ","2013-03-31","3","0","MISSING"
"SLHN.SW","timeseries","grossProfitQ","2016-03-31","0","0","MISSING"
"SLHN.SW","timeseries","grossProfitQ","2014-09-30","1","0","MISSING"
"SLHN.SW","timeseries","grossProfitQ","2014-03-31","2","0","MISSING"
"SLHN.SW","annual","annualGP","2025-12-31","0","0","MISSING"
"SLHN.SW","annual","annualGP","2024-12-31","1","0","MISSING"
"SLHN.SW","annual","annualGP","2023-12-31","2","0","MISSING"
"SLHN.SW","annual","annualGP","2022-12-31","3","0","MISSING"
"SLMAF","annual","annualRev","2023-12-31","2","0","MISSING"
"SLS","annual","annualRev","2023-12-31","2","0","MISSING"
"SMFRF","timeseries","grossProfitQ","2026-06-30","0","0","MISSING"
"SMFRF","timeseries","grossProfitQ","2026-03-31","1","0","MISSING"
"SMFRF","timeseries","grossProfitQ","2025-12-31","2","0","MISSING"
"SMFRF","timeseries","grossProfitQ","2025-09-30","3","0","MISSING"
"SMMT","annual","annualRev","2023-12-31","2","0","MISSING"
"SMSGY","timeseries","grossProfitQ","2026-03-31","0","0","MISSING"
"SMSGY","timeseries","grossProfitQ","2025-12-31","1","0","MISSING"
"SMSGY","timeseries","grossProfitQ","2025-09-30","2","0","MISSING"
"SMSGY","timeseries","grossProfitQ","2025-06-30","3","0","MISSING"
"SMTOY","timeseries","grossProfitQ","2026-06-30","0","0","MISSING"
"SMTOY","timeseries","grossProfitQ","2026-03-31","1","0","MISSING"
"SMTOY","timeseries","grossProfitQ","2025-12-31","2","0","MISSING"
"SMTOY","timeseries","grossProfitQ","2025-09-30","3","0","MISSING"
"SMTUF","timeseries","grossProfitQ","2026-06-30","0","0","MISSING"
"SMTUF","timeseries","grossProfitQ","2026-03-31","1","0","MISSING"
"SMTUF","timeseries","grossProfitQ","2025-12-31","2","0","MISSING"
"SMTUF","timeseries","grossProfitQ","2025-09-30","3","0","MISSING"
"SN.L","timeseries","grossProfitQ","2026-06-30","0","0","MISSING"
"SN.L","timeseries","grossProfitQ","2026-03-31","1","0","MISSING"
"SN.L","timeseries","grossProfitQ","2025-12-31","2","0","MISSING"
"SN.L","timeseries","grossProfitQ","2025-06-30","3","0","MISSING"
"SNAAF","timeseries","grossProfitQ","2026-05-31","0","0","MISSING"
"SNAAF","timeseries","grossProfitQ","2026-02-28","1","0","MISSING"
"SNAAF","timeseries","grossProfitQ","2025-11-30","2","0","MISSING"
"SNAAF","timeseries","grossProfitQ","2025-08-31","3","0","MISSING"
"SND.DE","timeseries","grossProfitQ","2026-06-30","0","0","MISSING"
"SND.DE","timeseries","grossProfitQ","2026-03-31","1","0","MISSING"
"SND.DE","timeseries","grossProfitQ","2025-12-31","2","0","MISSING"
"SND.DE","timeseries","grossProfitQ","2025-06-30","3","0","MISSING"
"SNDX","annual","annualRev","2023-12-31","2","0","MISSING"
"SNGNF","timeseries","revenueQ","2026-03-31","1","0","MISSING"
"SNGNF","timeseries","grossProfitQ","2025-12-31","2","0","MISSING"
"SNGNF","timeseries","grossProfitQ","2025-09-30","3","0","MISSING"
"SNKCF","timeseries","grossProfitQ","2026-06-30","0","0","MISSING"
"SNKCF","timeseries","grossProfitQ","2026-03-31","1","0","MISSING"
"SNKCF","timeseries","grossProfitQ","2025-12-31","2","0","MISSING"
"SNKCF","timeseries","grossProfitQ","2025-09-30","3","0","MISSING"
"SNN","timeseries","grossProfitQ","2026-06-30","0","0","MISSING"
"SNN","timeseries","grossProfitQ","2026-03-31","1","0","MISSING"
"SNN","timeseries","grossProfitQ","2025-12-31","2","0","MISSING"
"SNN","timeseries","grossProfitQ","2025-06-30","3","0","MISSING"
"SNNUF","timeseries","grossProfitQ","2026-06-30","0","0","MISSING"
"SNNUF","timeseries","grossProfitQ","2026-03-31","1","0","MISSING"
"SNNUF","timeseries","grossProfitQ","2025-12-31","2","0","MISSING"
"SNNUF","timeseries","grossProfitQ","2025-06-30","3","0","MISSING"
"SNROY","timeseries","grossProfitQ","2026-06-30","0","0","MISSING"
"SNROY","timeseries","grossProfitQ","2026-03-31","1","0","MISSING"
"SNROY","timeseries","grossProfitQ","2025-12-31","2","0","MISSING"
"SNROY","timeseries","grossProfitQ","2025-09-30","3","0","MISSING"
"SNSNF","timeseries","grossProfitQ","2026-05-31","0","0","MISSING"
"SNSNF","timeseries","grossProfitQ","2026-02-28","1","0","MISSING"
"SNSNF","timeseries","grossProfitQ","2025-11-30","2","0","MISSING"
"SNSNF","timeseries","grossProfitQ","2025-08-31","3","0","MISSING"
"SNWAF","timeseries","grossProfitQ","2026-03-31","0","0","MISSING"
"SNWAF","timeseries","grossProfitQ","2025-12-31","1","0","MISSING"
"SNWAF","timeseries","grossProfitQ","2025-09-30","2","0","MISSING"
"SNWAF","timeseries","grossProfitQ","2025-06-30","3","0","MISSING"
"SNYYF","timeseries","revenueQ","2026-06-30","0","0","MISSING"
"SNYYF","timeseries","grossProfitQ","2026-03-31","1","0","MISSING"
"SOFF.OL","timeseries","grossProfitQ","2026-06-30","0","0","MISSING"
"SOFF.OL","timeseries","grossProfitQ","2026-03-31","1","0","MISSING"
"SOFF.OL","timeseries","grossProfitQ","2025-12-31","2","0","MISSING"
"SOFF.OL","timeseries","grossProfitQ","2025-09-30","3","0","MISSING"
"SOH1.DE","timeseries","grossProfitQ","2026-03-31","0","0","MISSING"
"SOH1.DE","timeseries","grossProfitQ","2025-12-31","1","0","MISSING"
"SOH1.DE","timeseries","grossProfitQ","2025-09-30","2","0","MISSING"
"SOH1.DE","timeseries","grossProfitQ","2025-06-30","3","0","MISSING"
"SOHGF","timeseries","grossProfitQ","2026-06-30","0","0","MISSING"
"SOHGF","timeseries","grossProfitQ","2026-03-31","1","0","MISSING"
"SOHGF","timeseries","grossProfitQ","2025-12-31","2","0","MISSING"
"SOHGF","timeseries","grossProfitQ","2025-09-30","3","0","MISSING"
"SOHGY","timeseries","grossProfitQ","2026-06-30","0","0","MISSING"
"SOHGY","timeseries","grossProfitQ","2026-03-31","1","0","MISSING"
"SOHGY","timeseries","grossProfitQ","2025-12-31","2","0","MISSING"
"SOHGY","timeseries","grossProfitQ","2025-09-30","3","0","MISSING"
"SOHVF","timeseries","grossProfitQ","2026-06-30","0","0","MISSING"
"SOHVF","timeseries","grossProfitQ","2026-03-31","1","0","MISSING"
"SOHVF","timeseries","grossProfitQ","2025-12-31","2","0","MISSING"
"SOHVF","timeseries","grossProfitQ","2025-09-30","3","0","MISSING"
"SOI.PA","timeseries","grossProfitQ","2026-03-31","0","0","MISSING"
"SOI.PA","timeseries","grossProfitQ","2025-12-31","1","0","MISSING"
"SOI.PA","timeseries","grossProfitQ","2025-09-30","2","0","MISSING"
"SOI.PA","timeseries","grossProfitQ","2025-06-30","3","0","MISSING"
"SOI.VI","timeseries","grossProfitQ","2026-03-31","0","0","MISSING"
"SOI.VI","timeseries","grossProfitQ","2025-12-31","1","0","MISSING"
"SOI.VI","timeseries","grossProfitQ","2025-09-30","2","0","MISSING"
"SOI.VI","timeseries","grossProfitQ","2025-06-30","3","0","MISSING"
"SOLV.BR","annual","annualRev","2019-12-31","1","0","MISSING"
"SOMA.OL","timeseries","grossProfitQ","2026-06-30","0","0","MISSING"
"SOMA.OL","timeseries","grossProfitQ","2026-03-31","1","0","MISSING"
"SOMA.OL","timeseries","grossProfitQ","2025-12-31","2","0","MISSING"
"SOMA.OL","timeseries","grossProfitQ","2025-09-30","3","0","MISSING"
"SOMA/21.MX","timeseries","revenueQ","2026-03-31","1","0","MISSING"
"SOMA/21.MX","timeseries","grossProfitQ","2026-06-30","0","0","MISSING"
"SOMMF","timeseries","grossProfitQ","2026-06-30","0","0","MISSING"
"SOMMF","timeseries","grossProfitQ","2026-03-31","1","0","MISSING"
"SOMMF","timeseries","grossProfitQ","2025-12-31","2","0","MISSING"
"SOMMF","timeseries","grossProfitQ","2025-09-30","3","0","MISSING"
"SOP.PA","timeseries","grossProfitQ","2026-06-30","0","0","MISSING"
"SOP.PA","timeseries","grossProfitQ","2026-03-31","1","0","MISSING"
"SOP.PA","timeseries","grossProfitQ","2025-12-31","2","0","MISSING"
"SOP.PA","timeseries","grossProfitQ","2025-09-30","3","0","MISSING"
"SOP.VI","timeseries","grossProfitQ","2026-06-30","0","0","MISSING"
"SOP.VI","timeseries","grossProfitQ","2026-03-31","1","0","MISSING"
"SOP.VI","timeseries","grossProfitQ","2025-12-31","2","0","MISSING"
"SOP.VI","timeseries","grossProfitQ","2025-09-30","3","0","MISSING"
"SORIANA/B.MX","timeseries","grossProfitQ","2026-06-30","0","0","MISSING"
"SORIANA/B.MX","timeseries","grossProfitQ","2026-03-31","1","0","MISSING"
"SORIANA/B.MX","timeseries","grossProfitQ","2025-12-31","2","0","MISSING"
"SORIANA/B.MX","timeseries","grossProfitQ","2025-09-30","3","0","MISSING"
"SPG.DE","timeseries","grossProfitQ","2026-06-30","0","0","MISSING"
"SPG.DE","timeseries","grossProfitQ","2026-03-31","1","0","MISSING"
"SPG.DE","timeseries","grossProfitQ","2025-12-31","2","0","MISSING"
"SPG.DE","timeseries","grossProfitQ","2025-09-30","3","0","MISSING"
"SPGNY","timeseries","grossProfitQ","2026-06-30","0","0","MISSING"
"SPGNY","timeseries","grossProfitQ","2026-03-31","1","0","MISSING"
"SPGNY","timeseries","grossProfitQ","2025-12-31","2","0","MISSING"
"SPGNY","timeseries","grossProfitQ","2025-09-30","3","0","MISSING"
"SPIE.PA","timeseries","grossProfitQ","2025-12-31","0","0","MISSING"
"SPIE.PA","timeseries","grossProfitQ","2025-09-30","1","0","MISSING"
"SPIE.PA","timeseries","grossProfitQ","2024-12-31","2","0","MISSING"
"SPIE.PA","timeseries","grossProfitQ","2024-09-30","3","0","MISSING"
"SPIE.VI","timeseries","grossProfitQ","2025-12-31","0","0","MISSING"
"SPIE.VI","timeseries","grossProfitQ","2025-09-30","1","0","MISSING"
"SPIE.VI","timeseries","grossProfitQ","2024-12-31","2","0","MISSING"
"SPIE.VI","timeseries","grossProfitQ","2024-09-30","3","0","MISSING"
"SPIIY","timeseries","grossProfitQ","2025-12-31","0","0","MISSING"
"SPIIY","timeseries","grossProfitQ","2025-09-30","1","0","MISSING"
"SPIIY","timeseries","grossProfitQ","2024-12-31","2","0","MISSING"
"SPIIY","timeseries","grossProfitQ","2024-09-30","3","0","MISSING"
"SPIWF","timeseries","grossProfitQ","2025-12-31","0","0","MISSING"
"SPIWF","timeseries","grossProfitQ","2025-09-30","1","0","MISSING"
"SPIWF","timeseries","grossProfitQ","2024-12-31","2","0","MISSING"
"SPIWF","timeseries","grossProfitQ","2024-09-30","3","0","MISSING"
"SPK.AX","timeseries","grossProfitQ","2010-12-31","0","0","MISSING"
"SPK.AX","timeseries","grossProfitQ","2010-09-30","1","0","MISSING"
"SPK.AX","timeseries","grossProfitQ","2010-06-30","2","0","MISSING"
"SPK.AX","timeseries","grossProfitQ","2010-03-31","3","0","MISSING"
"SPK.NZ","timeseries","grossProfitQ","2010-12-31","0","0","MISSING"
"SPK.NZ","timeseries","grossProfitQ","2010-09-30","1","0","MISSING"
"SPK.NZ","timeseries","grossProfitQ","2010-06-30","2","0","MISSING"
"SPK.NZ","timeseries","grossProfitQ","2010-03-31","3","0","MISSING"
"SPM.MI","timeseries","grossProfitQ","2026-06-30","0","0","MISSING"
"SPM.MI","timeseries","grossProfitQ","2026-03-31","1","0","MISSING"
"SPM.MI","timeseries","grossProfitQ","2025-12-31","2","0","MISSING"
"SPM.MI","timeseries","grossProfitQ","2025-09-30","3","0","MISSING"
"SPM3.VI","timeseries","grossProfitQ","2026-06-30","0","0","MISSING"
"SPM3.VI","timeseries","grossProfitQ","2026-03-31","1","0","MISSING"
"SPM3.VI","timeseries","grossProfitQ","2025-12-31","2","0","MISSING"
"SPM3.VI","timeseries","grossProfitQ","2025-09-30","3","0","MISSING"
"SPNT","annual","annualRev","2024-12-31","1","0","MISSING"
"SPNT","annual","annualRev","2019-12-31","2","0","MISSING"
"SPXCF","timeseries","grossProfitQ","2020-12-31","0","0","MISSING"
"SPXCF","timeseries","grossProfitQ","2020-09-30","1","0","MISSING"
"SPXCF","timeseries","grossProfitQ","2020-06-30","2","0","MISSING"
"SPXCF","timeseries","grossProfitQ","2020-03-31","3","0","MISSING"
"SQN.SW","timeseries","grossProfitQ","2013-12-31","0","0","MISSING"
"SQN.SW","timeseries","grossProfitQ","2013-09-30","1","0","MISSING"
"SQN.SW","timeseries","grossProfitQ","2013-06-30","2","0","MISSING"
"SQN.SW","timeseries","grossProfitQ","2013-03-31","3","0","MISSING"
"SQN2.VI","timeseries","grossProfitQ","2013-12-31","0","0","MISSING"
"SQN2.VI","timeseries","grossProfitQ","2013-09-30","1","0","MISSING"
"SQN2.VI","timeseries","grossProfitQ","2013-06-30","2","0","MISSING"
"SQN2.VI","timeseries","grossProfitQ","2013-03-31","3","0","MISSING"
"SQNXF","timeseries","grossProfitQ","2026-06-30","0","0","MISSING"
"SQNXF","timeseries","grossProfitQ","2026-03-31","1","0","MISSING"
"SQNXF","timeseries","grossProfitQ","2025-12-31","2","0","MISSING"
"SQNXF","timeseries","grossProfitQ","2025-09-30","3","0","MISSING"
"SQU.DE","timeseries","grossProfitQ","2026-06-30","0","0","MISSING"
"SQU.DE","timeseries","grossProfitQ","2026-03-31","1","0","MISSING"
"SQU.DE","timeseries","grossProfitQ","2025-12-31","2","0","MISSING"
"SQU.DE","timeseries","grossProfitQ","2025-09-30","3","0","MISSING"
"SRBEF","timeseries","grossProfitQ","2025-12-31","0","0","MISSING"
"SRBEF","timeseries","grossProfitQ","2025-09-30","1","0","MISSING"
"SRBEF","timeseries","grossProfitQ","2025-06-30","2","0","MISSING"
"SRBEF","timeseries","grossProfitQ","2025-03-31","3","0","MISSING"
"SREN.SW","timeseries","grossProfitQ","2026-06-30","0","0","MISSING"
"SREN.SW","timeseries","grossProfitQ","2026-03-31","1","0","MISSING"
"SREN.SW","timeseries","grossProfitQ","2025-12-31","2","0","MISSING"
"SREN.SW","timeseries","grossProfitQ","2025-09-30","3","0","MISSING"
"SRRK","annual","annualRev","2023-12-31","2","0","MISSING"
"SSMXF","timeseries","grossProfitQ","2026-06-30","0","0","MISSING"
"SSMXF","timeseries","grossProfitQ","2026-03-31","1","0","MISSING"
"SSMXF","timeseries","grossProfitQ","2025-12-31","2","0","MISSING"
"SSMXF","timeseries","grossProfitQ","2025-09-30","3","0","MISSING"
"SSREF","timeseries","grossProfitQ","2026-06-30","0","0","MISSING"
"SSREF","timeseries","grossProfitQ","2026-03-31","1","0","MISSING"
"SSREF","timeseries","grossProfitQ","2025-12-31","2","0","MISSING"
"SSREF","timeseries","grossProfitQ","2025-09-30","3","0","MISSING"
"STAN.L","annual","annualGP","2025-12-31","0","0","MISSING"
"STAN.L","annual","annualGP","2024-12-31","1","0","MISSING"
"STAN.L","annual","annualGP","2023-12-31","2","0","MISSING"
"STAN.L","annual","annualGP","2022-12-31","3","0","MISSING"
"STB.OL","annual","annualRev","2024-12-31","1","0","MISSING"
"STB.OL","annual","annualRev","2023-12-31","2","0","MISSING"
"STBFF","timeseries","grossProfitQ","2026-06-30","0","0","MISSING"
"STBFF","timeseries","grossProfitQ","2026-03-31","1","0","MISSING"
"STBFF","timeseries","grossProfitQ","2025-12-31","2","0","MISSING"
"STBFF","timeseries","grossProfitQ","2025-09-30","3","0","MISSING"
"STF.PA","timeseries","grossProfitQ","2024-06-30","0","0","MISSING"
"STF.PA","timeseries","grossProfitQ","2024-03-31","1","0","MISSING"
"STF.PA","timeseries","grossProfitQ","2022-09-30","2","0","MISSING"
"STF.PA","timeseries","grossProfitQ","2021-03-31","3","0","MISSING"
"STJ.L","timeseries","grossProfitQ","2015-03-31","0","0","MISSING"
"STJ.L","timeseries","grossProfitQ","2014-03-31","1","0","MISSING"
"STJ.L","timeseries","grossProfitQ","2013-12-31","2","0","MISSING"
"STJ.L","timeseries","grossProfitQ","2013-09-30","3","0","MISSING"
"STJPF","timeseries","grossProfitQ","2015-03-31","0","0","MISSING"
"STJPF","timeseries","grossProfitQ","2014-03-31","1","0","MISSING"
"STJPF","timeseries","grossProfitQ","2013-12-31","2","0","MISSING"
"STJPF","timeseries","grossProfitQ","2013-09-30","3","0","MISSING"
"STMN.SW","timeseries","grossProfitQ","2026-06-30","0","0","MISSING"
"STMN.SW","timeseries","grossProfitQ","2026-03-31","1","0","MISSING"
"STMN.SW","timeseries","grossProfitQ","2025-12-31","2","0","MISSING"
"STMN.SW","timeseries","grossProfitQ","2025-09-30","3","0","MISSING"
"STMN.VI","timeseries","grossProfitQ","2026-06-30","0","0","MISSING"
"STMN.VI","timeseries","grossProfitQ","2026-03-31","1","0","MISSING"
"STMN.VI","timeseries","grossProfitQ","2025-12-31","2","0","MISSING"
"STMN.VI","timeseries","grossProfitQ","2025-09-30","3","0","MISSING"
"STO.AX","timeseries","grossProfitQ","2026-06-30","0","0","MISSING"
"STO.AX","timeseries","grossProfitQ","2026-03-31","1","0","MISSING"
"STO.AX","timeseries","grossProfitQ","2025-12-31","2","0","MISSING"
"STO.AX","timeseries","grossProfitQ","2025-09-30","3","0","MISSING"
"STOSF","timeseries","grossProfitQ","2026-06-30","0","0","MISSING"
"STOSF","timeseries","grossProfitQ","2026-03-31","1","0","MISSING"
"STOSF","timeseries","grossProfitQ","2025-12-31","2","0","MISSING"
"STOSF","timeseries","grossProfitQ","2025-09-30","3","0","MISSING"
"STR.VI","timeseries","revenueQ","2018-03-31","1","0","MISSING"
"STR.VI","timeseries","revenueQ","2017-06-30","3","0","MISSING"
"STR.VI","timeseries","grossProfitQ","2018-06-30","0","0","MISSING"
"STR.VI","timeseries","grossProfitQ","2017-09-30","2","0","MISSING"
"SU.PA","timeseries","grossProfitQ","2026-06-30","0","0","MISSING"
"SU.PA","timeseries","grossProfitQ","2026-03-31","1","0","MISSING"
"SU.PA","timeseries","grossProfitQ","2025-12-31","2","0","MISSING"
"SU.PA","timeseries","grossProfitQ","2025-06-30","3","0","MISSING"
"SU.VI","timeseries","grossProfitQ","2026-06-30","0","0","MISSING"
"SU.VI","timeseries","grossProfitQ","2026-03-31","1","0","MISSING"
"SU.VI","timeseries","grossProfitQ","2025-12-31","2","0","MISSING"
"SU.VI","timeseries","grossProfitQ","2025-06-30","3","0","MISSING"
"SUCEF","timeseries","grossProfitQ","2026-06-30","0","0","MISSING"
"SUCEF","timeseries","grossProfitQ","2026-03-31","1","0","MISSING"
"SUCEF","timeseries","grossProfitQ","2025-12-31","2","0","MISSING"
"SUCEF","timeseries","grossProfitQ","2025-09-30","3","0","MISSING"
"SULZ.VI","timeseries","grossProfitQ","2007-12-31","0","0","MISSING"
"SULZ.VI","timeseries","grossProfitQ","2006-03-31","1","0","MISSING"
"SULZ.VI","timeseries","grossProfitQ","2005-03-31","2","0","MISSING"
"SULZ.VI","timeseries","grossProfitQ","2004-09-30","3","0","MISSING"
"SULZF","timeseries","grossProfitQ","2007-12-31","0","0","MISSING"
"SULZF","timeseries","grossProfitQ","2006-03-31","1","0","MISSING"
"SULZF","timeseries","grossProfitQ","2005-03-31","2","0","MISSING"
"SULZF","timeseries","grossProfitQ","2004-09-30","3","0","MISSING"
"SUMCF","timeseries","grossProfitQ","2026-06-30","0","0","MISSING"
"SUMCF","timeseries","grossProfitQ","2026-03-31","1","0","MISSING"
"SUMCF","timeseries","grossProfitQ","2025-12-31","2","0","MISSING"
"SUMCF","timeseries","grossProfitQ","2025-09-30","3","0","MISSING"
"SUN.SW","timeseries","grossProfitQ","2007-12-31","0","0","MISSING"
"SUN.SW","timeseries","grossProfitQ","2006-03-31","1","0","MISSING"
"SUN.SW","timeseries","grossProfitQ","2005-03-31","2","0","MISSING"
"SUN.SW","timeseries","grossProfitQ","2004-09-30","3","0","MISSING"
"SUNC","timeseries","grossProfitQ","2026-06-30","0","0","MISSING"
"SUNC","timeseries","grossProfitQ","2026-03-31","1","0","MISSING"
"SUNC","timeseries","grossProfitQ","2025-12-31","2","0","MISSING"
"SVNDF","timeseries","grossProfitQ","2026-05-31","0","0","MISSING"
"SVNDF","timeseries","grossProfitQ","2026-02-28","1","0","MISSING"
"SVNDF","timeseries","grossProfitQ","2025-11-30","2","0","MISSING"
"SVNDF","timeseries","grossProfitQ","2025-08-31","3","0","MISSING"
"SW.PA","timeseries","grossProfitQ","2026-05-31","0","0","MISSING"
"SW.PA","timeseries","grossProfitQ","2025-05-31","1","0","MISSING"
"SW.PA","timeseries","grossProfitQ","2024-11-30","2","0","MISSING"
"SW.PA","timeseries","grossProfitQ","2024-05-31","3","0","MISSING"
"SW.VI","timeseries","grossProfitQ","2026-05-31","0","0","MISSING"
"SW.VI","timeseries","grossProfitQ","2025-05-31","1","0","MISSING"
"SW.VI","timeseries","grossProfitQ","2024-11-30","2","0","MISSING"
"SW.VI","timeseries","grossProfitQ","2024-05-31","3","0","MISSING"
"SWDHF","timeseries","revenueQ","2021-09-30","1","0","MISSING"
"SWDHF","timeseries","grossProfitQ","2021-12-31","0","0","MISSING"
"SWGHF","timeseries","grossProfitQ","2026-06-30","0","0","MISSING"
"SWGHF","timeseries","grossProfitQ","2026-03-31","1","0","MISSING"
"SWGHF","timeseries","grossProfitQ","2025-12-31","2","0","MISSING"
"SWGHF","timeseries","grossProfitQ","2025-09-30","3","0","MISSING"
"SWON.OL","timeseries","grossProfitQ","2026-06-30","0","0","MISSING"
"SWON.OL","timeseries","grossProfitQ","2026-03-31","1","0","MISSING"
"SWON.OL","timeseries","grossProfitQ","2025-12-31","2","0","MISSING"
"SWON.OL","timeseries","grossProfitQ","2025-09-30","3","0","MISSING"
"SWON.SW","timeseries","grossProfitQ","2026-06-30","0","0","MISSING"
"SWON.SW","timeseries","grossProfitQ","2026-03-31","1","0","MISSING"
"SWON.SW","timeseries","grossProfitQ","2025-12-31","2","0","MISSING"
"SWON.SW","timeseries","grossProfitQ","2025-09-30","3","0","MISSING"
"SWONF","timeseries","grossProfitQ","2026-06-30","0","0","MISSING"
"SWONF","timeseries","grossProfitQ","2026-03-31","1","0","MISSING"
"SWONF","timeseries","grossProfitQ","2025-12-31","2","0","MISSING"
"SWONF","timeseries","grossProfitQ","2025-09-30","3","0","MISSING"
"SWQGF","timeseries","grossProfitQ","2013-12-31","0","0","MISSING"
"SWQGF","timeseries","grossProfitQ","2013-09-30","1","0","MISSING"
"SWQGF","timeseries","grossProfitQ","2013-06-30","2","0","MISSING"
"SWQGF","timeseries","grossProfitQ","2013-03-31","3","0","MISSING"
"SWSDF","timeseries","revenueQ","2013-03-31","3","0","MISSING"
"SWSDF","timeseries","grossProfitQ","2016-03-31","0","0","MISSING"
"SWSDF","timeseries","grossProfitQ","2014-09-30","1","0","MISSING"
"SWSDF","timeseries","grossProfitQ","2014-03-31","2","0","MISSING"
"SY1.DE","timeseries","grossProfitQ","2026-03-31","0","0","MISSING"
"SY1.DE","timeseries","grossProfitQ","2025-06-30","1","0","MISSING"
"SY1.DE","timeseries","grossProfitQ","2025-03-31","2","0","MISSING"
"SY1.DE","timeseries","grossProfitQ","2024-09-30","3","0","MISSING"
"SY1.VI","timeseries","grossProfitQ","2026-03-31","0","0","MISSING"
"SY1.VI","timeseries","grossProfitQ","2025-06-30","1","0","MISSING"
"SY1.VI","timeseries","grossProfitQ","2025-03-31","2","0","MISSING"
"SY1.VI","timeseries","grossProfitQ","2024-09-30","3","0","MISSING"
"SYIEF","timeseries","grossProfitQ","2026-03-31","0","0","MISSING"
"SYIEF","timeseries","grossProfitQ","2025-06-30","1","0","MISSING"
"SYIEF","timeseries","grossProfitQ","2025-03-31","2","0","MISSING"
"SYIEF","timeseries","grossProfitQ","2024-09-30","3","0","MISSING"
"SYRE","annual","annualRev","2024-12-31","1","0","MISSING"
"SZCRF","annual","annualGP","2025-12-31","0","0","MISSING"
"SZCRF","annual","annualGP","2024-12-31","1","0","MISSING"
"SZCRF","annual","annualGP","2023-12-31","2","0","MISSING"
"SZCRF","annual","annualGP","2022-12-31","3","0","MISSING"
"SZHFF","timeseries","revenueQ","2025-09-30","3","0","MISSING"
"SZHFF","timeseries","grossProfitQ","2026-06-30","0","0","MISSING"
"SZHFF","timeseries","grossProfitQ","2026-03-31","1","0","MISSING"
"SZHFF","timeseries","grossProfitQ","2025-12-31","2","0","MISSING"
"T82U.SI","timeseries","revenueQ","2021-12-31","2","0","MISSING"
"T82U.SI","timeseries","grossProfitQ","2025-06-30","0","0","MISSING"
"T82U.SI","timeseries","grossProfitQ","2022-09-30","1","0","MISSING"
"TABAK.PR","timeseries","grossProfitQ","2016-09-30","0","0","MISSING"
"TABAK.PR","timeseries","grossProfitQ","2015-12-31","1","0","MISSING"
"TABAK.PR","timeseries","grossProfitQ","2014-03-31","2","0","MISSING"
"TABAK.PR","timeseries","grossProfitQ","2013-09-30","3","0","MISSING"
"TABCF","timeseries","grossProfitQ","2015-06-30","0","0","MISSING"
"TABCF","timeseries","grossProfitQ","2011-09-30","1","0","MISSING"
"TAH.AX","timeseries","grossProfitQ","2015-06-30","0","0","MISSING"
"TAH.AX","timeseries","grossProfitQ","2011-09-30","1","0","MISSING"
"TAYIF","timeseries","grossProfitQ","2026-06-30","0","0","MISSING"
"TAYIF","timeseries","grossProfitQ","2026-03-31","1","0","MISSING"
"TAYIF","timeseries","grossProfitQ","2025-12-31","2","0","MISSING"
"TAYIF","timeseries","grossProfitQ","2025-09-30","3","0","MISSING"
"TCAP.L","timeseries","grossProfitQ","2023-12-31","0","0","MISSING"
"TCAP.L","timeseries","grossProfitQ","2022-06-30","1","0","MISSING"
"TCAP.L","timeseries","grossProfitQ","2022-03-31","2","0","MISSING"
"TCAP.L","timeseries","grossProfitQ","2018-09-30","3","0","MISSING"
"TCEHY","timeseries","grossProfitQ","2026-03-31","0","0","MISSING"
"TCEHY","timeseries","grossProfitQ","2025-12-31","1","0","MISSING"
"TCEHY","timeseries","grossProfitQ","2025-09-30","2","0","MISSING"
"TCEHY","timeseries","grossProfitQ","2025-06-30","3","0","MISSING"
"TCL.AX","timeseries","grossProfitQ","2013-06-30","0","0","MISSING"
"TCLHF","timeseries","grossProfitQ","2019-06-30","0","0","MISSING"
"TCLHF","timeseries","grossProfitQ","2019-03-31","1","0","MISSING"
"TCLHF","timeseries","grossProfitQ","2018-12-31","2","0","MISSING"
"TCLHF","timeseries","grossProfitQ","2018-09-30","3","0","MISSING"
"TCO0.DE","timeseries","grossProfitQ","2025-05-31","0","0","MISSING"
"TCO0.DE","timeseries","grossProfitQ","2018-08-31","1","0","MISSING"
"TCTZF","timeseries","grossProfitQ","2026-06-30","0","0","MISSING"
"TCTZF","timeseries","grossProfitQ","2026-03-31","1","0","MISSING"
"TCTZF","timeseries","grossProfitQ","2025-12-31","2","0","MISSING"
"TCTZF","timeseries","grossProfitQ","2025-09-30","3","0","MISSING"
"TDBOF","timeseries","grossProfitQ","2026-06-30","0","0","MISSING"
"TDBOF","timeseries","grossProfitQ","2026-03-31","1","0","MISSING"
"TDBOF","timeseries","grossProfitQ","2025-12-31","2","0","MISSING"
"TDBOF","timeseries","grossProfitQ","2025-09-30","3","0","MISSING"
"TDHOF","timeseries","revenueQ","2026-03-31","1","0","MISSING"
"TDHOF","timeseries","grossProfitQ","2026-06-30","0","0","MISSING"
"TDHOF","timeseries","grossProfitQ","2025-12-31","2","0","MISSING"
"TDHOF","timeseries","grossProfitQ","2025-06-30","3","0","MISSING"
"TE.PA","timeseries","grossProfitQ","2026-06-30","0","0","MISSING"
"TE.PA","timeseries","grossProfitQ","2026-03-31","1","0","MISSING"
"TE.PA","timeseries","grossProfitQ","2025-12-31","2","0","MISSING"
"TE.PA","timeseries","grossProfitQ","2025-09-30","3","0","MISSING"
"TE","annual","annualRev","2023-12-31","2","0","MISSING"
"TECN.SW","timeseries","grossProfitQ","2010-06-30","0","0","MISSING"
"TECN.SW","timeseries","grossProfitQ","2006-12-31","1","0","MISSING"
"TECN.SW","timeseries","grossProfitQ","2006-09-30","2","0","MISSING"
"TECN.SW","timeseries","grossProfitQ","2006-06-30","3","0","MISSING"
"TECN.VI","timeseries","grossProfitQ","2010-06-30","0","0","MISSING"
"TECN.VI","timeseries","grossProfitQ","2006-12-31","1","0","MISSING"
"TECN.VI","timeseries","grossProfitQ","2006-09-30","2","0","MISSING"
"TECN.VI","timeseries","grossProfitQ","2006-06-30","3","0","MISSING"
"TEEN.VI","timeseries","grossProfitQ","2026-06-30","0","0","MISSING"
"TEEN.VI","timeseries","grossProfitQ","2026-03-31","1","0","MISSING"
"TEEN.VI","timeseries","grossProfitQ","2025-12-31","2","0","MISSING"
"TEEN.VI","timeseries","grossProfitQ","2025-09-30","3","0","MISSING"
"TEMPF","timeseries","grossProfitQ","2026-06-30","0","0","MISSING"
"TEMPF","timeseries","grossProfitQ","2026-03-31","1","0","MISSING"
"TEMPF","timeseries","grossProfitQ","2025-12-31","2","0","MISSING"
"TEMPF","timeseries","grossProfitQ","2025-09-30","3","0","MISSING"
"TEP.PA","timeseries","grossProfitQ","2026-03-31","0","0","MISSING"
"TEP.PA","timeseries","grossProfitQ","2025-09-30","1","0","MISSING"
"TEP.PA","timeseries","grossProfitQ","2025-06-30","2","0","MISSING"
"TEP.PA","timeseries","grossProfitQ","2025-03-31","3","0","MISSING"
"TEP.VI","timeseries","grossProfitQ","2026-03-31","0","0","MISSING"
"TEP.VI","timeseries","grossProfitQ","2025-09-30","1","0","MISSING"
"TEP.VI","timeseries","grossProfitQ","2025-06-30","2","0","MISSING"
"TEP.VI","timeseries","grossProfitQ","2025-03-31","3","0","MISSING"
"TEPCF","timeseries","grossProfitQ","2026-06-30","0","0","MISSING"
"TEPCF","timeseries","grossProfitQ","2026-03-31","1","0","MISSING"
"TEPCF","timeseries","grossProfitQ","2025-12-31","2","0","MISSING"
"TEPCF","timeseries","grossProfitQ","2025-09-30","3","0","MISSING"
"TERPEL.CL","timeseries","grossProfitQ","2018-09-30","0","0","MISSING"
"TERPEL.CL","timeseries","grossProfitQ","2018-06-30","1","0","MISSING"
"TERPEL.CL","timeseries","grossProfitQ","2018-03-31","2","0","MISSING"
"TESB.BR","timeseries","grossProfitQ","2018-12-31","0","0","MISSING"
"TESB.BR","timeseries","grossProfitQ","2018-09-30","1","0","MISSING"
"TESB.BR","timeseries","grossProfitQ","2017-12-31","2","0","MISSING"
"TESB.BR","timeseries","grossProfitQ","2017-09-30","3","0","MISSING"
"TFG.AS","timeseries","grossProfitQ","2012-12-31","0","0","MISSING"
"TFG.AS","timeseries","grossProfitQ","2011-12-31","1","0","MISSING"
"TFG.AS","timeseries","grossProfitQ","2011-09-30","2","0","MISSING"
"TFG.AS","timeseries","grossProfitQ","2011-06-30","3","0","MISSING"
"TFG.L","timeseries","grossProfitQ","2012-12-31","0","0","MISSING"
"TFG.L","timeseries","grossProfitQ","2011-12-31","1","0","MISSING"
"TFG.L","timeseries","grossProfitQ","2011-09-30","2","0","MISSING"
"TFG.L","timeseries","grossProfitQ","2011-06-30","3","0","MISSING"
"TGASF","timeseries","grossProfitQ","2004-06-30","0","0","MISSING"
"TGHN.DE","timeseries","grossProfitQ","2009-03-31","0","0","MISSING"
"TGHN.DE","timeseries","grossProfitQ","2008-12-31","1","0","MISSING"
"TGHN.DE","timeseries","grossProfitQ","2008-09-30","2","0","MISSING"
"TGHN.DE","timeseries","grossProfitQ","2008-06-30","3","0","MISSING"
"TGNOF","timeseries","grossProfitQ","2026-02-28","0","0","MISSING"
"TGNOF","timeseries","grossProfitQ","2025-11-30","1","0","MISSING"
"TGNOF","timeseries","grossProfitQ","2025-08-31","2","0","MISSING"
"TGNOF","timeseries","grossProfitQ","2025-02-28","3","0","MISSING"
"TGOPF","timeseries","grossProfitQ","2021-06-30","0","0","MISSING"
"TGOSF","timeseries","grossProfitQ","2026-06-30","0","0","MISSING"
"TGOSF","timeseries","grossProfitQ","2026-03-31","1","0","MISSING"
"TGOSF","timeseries","grossProfitQ","2025-12-31","2","0","MISSING"
"TGOSF","timeseries","grossProfitQ","2025-09-30","3","0","MISSING"
"TGYM.MI","timeseries","grossProfitQ","2026-06-30","0","0","MISSING"
"TGYM.MI","timeseries","grossProfitQ","2025-12-31","1","0","MISSING"
"TGYM.MI","timeseries","grossProfitQ","2025-09-30","2","0","MISSING"
"TGYM.MI","timeseries","grossProfitQ","2025-06-30","3","0","MISSING"
"THAL.VI","timeseries","grossProfitQ","2026-06-30","0","0","MISSING"
"THAL.VI","timeseries","grossProfitQ","2026-03-31","1","0","MISSING"
"THAL.VI","timeseries","grossProfitQ","2025-12-31","2","0","MISSING"
"THAL.VI","timeseries","grossProfitQ","2025-09-30","3","0","MISSING"
"THEON.AS","timeseries","grossProfitQ","2026-06-30","0","0","MISSING"
"THEON.AS","timeseries","grossProfitQ","2026-03-31","1","0","MISSING"
"THEON.AS","timeseries","grossProfitQ","2025-12-31","2","0","MISSING"
"THEON.AS","timeseries","grossProfitQ","2025-09-30","3","0","MISSING"
"THNPF","timeseries","grossProfitQ","2026-06-30","0","0","MISSING"
"THNPF","timeseries","grossProfitQ","2026-03-31","1","0","MISSING"
"THNPF","timeseries","grossProfitQ","2025-12-31","2","0","MISSING"
"THNPF","timeseries","grossProfitQ","2025-09-30","3","0","MISSING"
"THYCF","timeseries","grossProfitQ","2026-06-30","0","0","MISSING"
"THYCF","timeseries","grossProfitQ","2026-03-31","1","0","MISSING"
"THYCF","timeseries","grossProfitQ","2025-12-31","2","0","MISSING"
"THYCF","timeseries","grossProfitQ","2025-09-30","3","0","MISSING"
"TITC.AT","timeseries","grossProfitQ","2026-06-30","0","0","MISSING"
"TITC.AT","timeseries","grossProfitQ","2026-03-31","1","0","MISSING"
"TITC.AT","timeseries","grossProfitQ","2025-12-31","2","0","MISSING"
"TITC.AT","timeseries","grossProfitQ","2025-09-30","3","0","MISSING"
"TITC.BR","timeseries","grossProfitQ","2026-06-30","0","0","MISSING"
"TITC.BR","timeseries","grossProfitQ","2026-03-31","1","0","MISSING"
"TITC.BR","timeseries","grossProfitQ","2025-12-31","2","0","MISSING"
"TITC.BR","timeseries","grossProfitQ","2025-09-30","3","0","MISSING"
"TK","timeseries","revenueQ","2024-12-31","0","0","MISSING"
"TK","timeseries","grossProfitQ","2019-03-31","1","0","MISSING"
"TK","timeseries","grossProfitQ","2018-12-31","2","0","MISSING"
"TK","timeseries","grossProfitQ","2018-09-30","3","0","MISSING"
"TKCOF","timeseries","grossProfitQ","2026-05-31","0","0","MISSING"
"TKCOF","timeseries","grossProfitQ","2026-02-28","1","0","MISSING"
"TKCOF","timeseries","grossProfitQ","2025-11-30","2","0","MISSING"
"TKCOF","timeseries","grossProfitQ","2025-08-31","3","0","MISSING"
"TKGSF","timeseries","grossProfitQ","2026-06-30","0","0","MISSING"
"TKGSF","timeseries","grossProfitQ","2026-03-31","1","0","MISSING"
"TKGSF","timeseries","grossProfitQ","2025-12-31","2","0","MISSING"
"TKGSF","timeseries","grossProfitQ","2025-09-30","3","0","MISSING"
"TKHIF","timeseries","grossProfitQ","2025-12-31","0","0","MISSING"
"TKHIF","timeseries","grossProfitQ","2025-06-30","1","0","MISSING"
"TKHIF","timeseries","grossProfitQ","2024-12-31","2","0","MISSING"
"TKHIF","timeseries","grossProfitQ","2024-06-30","3","0","MISSING"
"TKMS.DE","annual","annualRev","2024-09-30","1","0","MISSING"
"TKMTY","timeseries","grossProfitQ","2026-06-30","0","0","MISSING"
"TKMTY","timeseries","grossProfitQ","2026-03-31","1","0","MISSING"
"TKMTY","timeseries","grossProfitQ","2025-12-31","2","0","MISSING"
"TKMTY","timeseries","grossProfitQ","2025-09-30","3","0","MISSING"
"TKOBF","timeseries","grossProfitQ","2026-06-30","0","0","MISSING"
"TKOBF","timeseries","grossProfitQ","2026-03-31","1","0","MISSING"
"TKOBF","timeseries","grossProfitQ","2025-12-31","2","0","MISSING"
"TKOBF","timeseries","grossProfitQ","2025-09-30","3","0","MISSING"
"TKSHF","timeseries","grossProfitQ","2026-05-31","0","0","MISSING"
"TKSHF","timeseries","grossProfitQ","2026-02-28","1","0","MISSING"
"TKSHF","timeseries","grossProfitQ","2025-11-30","2","0","MISSING"
"TKSHF","timeseries","grossProfitQ","2025-08-31","3","0","MISSING"
"TKSNF","timeseries","grossProfitQ","2026-06-30","0","0","MISSING"
"TKSNF","timeseries","grossProfitQ","2026-03-31","1","0","MISSING"
"TKSNF","timeseries","grossProfitQ","2025-12-31","2","0","MISSING"
"TKSNF","timeseries","grossProfitQ","2025-09-30","3","0","MISSING"
"TKUGF","timeseries","grossProfitQ","2026-05-31","0","0","MISSING"
"TKUGF","timeseries","grossProfitQ","2026-02-28","1","0","MISSING"
"TKUGF","timeseries","grossProfitQ","2025-11-30","2","0","MISSING"
"TKUGF","timeseries","grossProfitQ","2025-08-31","3","0","MISSING"
"TKYMF","timeseries","grossProfitQ","2026-06-30","0","0","MISSING"
"TKYMF","timeseries","grossProfitQ","2026-03-31","1","0","MISSING"
"TKYMF","timeseries","grossProfitQ","2025-12-31","2","0","MISSING"
"TKYMF","timeseries","grossProfitQ","2025-09-30","3","0","MISSING"
"TLI.BK","annual","annualRev","2025-12-31","0","0","MISSING"
"TLX.AX","timeseries","grossProfitQ","2026-06-30","0","0","MISSING"
"TLX.AX","timeseries","grossProfitQ","2026-03-31","1","0","MISSING"
"TLX.AX","timeseries","grossProfitQ","2025-12-31","2","0","MISSING"
"TLX.AX","timeseries","grossProfitQ","2025-09-30","3","0","MISSING"
"TLX.DE","annual","annualRev","2023-12-31","2","0","MISSING"
"TLX.VI","annual","annualRev","2023-12-31","2","0","MISSING"
"TLX","timeseries","grossProfitQ","2026-06-30","0","0","MISSING"
"TLX","timeseries","grossProfitQ","2026-03-31","1","0","MISSING"
"TLX","timeseries","grossProfitQ","2025-12-31","2","0","MISSING"
"TLX","timeseries","grossProfitQ","2025-09-30","3","0","MISSING"
"TMIUF","timeseries","grossProfitQ","2026-06-30","0","0","MISSING"
"TMIUF","timeseries","grossProfitQ","2026-03-31","1","0","MISSING"
"TMIUF","timeseries","grossProfitQ","2025-12-31","2","0","MISSING"
"TMIUF","timeseries","grossProfitQ","2025-09-30","3","0","MISSING"
"TMRNF","timeseries","grossProfitQ","2026-06-30","0","0","MISSING"
"TMRNF","timeseries","grossProfitQ","2026-03-31","1","0","MISSING"
"TMRNF","timeseries","grossProfitQ","2025-12-31","2","0","MISSING"
"TMRNF","timeseries","grossProfitQ","2025-09-30","3","0","MISSING"
"TMXXF","annual","annualGP","2025-12-31","0","0","MISSING"
"TMXXF","annual","annualGP","2024-12-31","1","0","MISSING"
"TMXXF","annual","annualGP","2023-12-31","2","0","MISSING"
"TMXXF","annual","annualGP","2022-12-31","3","0","MISSING"
"TNIE.DE","timeseries","grossProfitQ","2026-06-30","0","0","MISSING"
"TNIE.DE","timeseries","grossProfitQ","2026-03-31","1","0","MISSING"
"TNIE.DE","timeseries","grossProfitQ","2025-12-31","2","0","MISSING"
"TNIE.DE","timeseries","grossProfitQ","2025-09-30","3","0","MISSING"
"TNIE.VI","timeseries","grossProfitQ","2026-06-30","0","0","MISSING"
"TNIE.VI","timeseries","grossProfitQ","2026-03-31","1","0","MISSING"
"TNIE.VI","timeseries","grossProfitQ","2025-12-31","2","0","MISSING"
"TNIE.VI","timeseries","grossProfitQ","2025-09-30","3","0","MISSING"
"TOAGF","timeseries","grossProfitQ","2026-06-30","0","0","MISSING"
"TOAGF","timeseries","grossProfitQ","2026-03-31","1","0","MISSING"
"TOAGF","timeseries","grossProfitQ","2025-12-31","2","0","MISSING"
"TOAGF","timeseries","grossProfitQ","2025-09-30","3","0","MISSING"
"TOEAF","timeseries","grossProfitQ","2026-06-30","0","0","MISSING"
"TOEAF","timeseries","grossProfitQ","2026-03-31","1","0","MISSING"
"TOEAF","timeseries","grossProfitQ","2025-12-31","2","0","MISSING"
"TOEAF","timeseries","grossProfitQ","2025-09-30","3","0","MISSING"
"TOELF","timeseries","grossProfitQ","2026-06-30","0","0","MISSING"
"TOELF","timeseries","grossProfitQ","2026-03-31","1","0","MISSING"
"TOELF","timeseries","grossProfitQ","2025-12-31","2","0","MISSING"
"TOELF","timeseries","grossProfitQ","2025-09-30","3","0","MISSING"
"TOKSF","timeseries","grossProfitQ","2026-03-31","0","0","MISSING"
"TOKSF","timeseries","grossProfitQ","2025-12-31","1","0","MISSING"
"TOKSF","timeseries","grossProfitQ","2025-09-30","2","0","MISSING"
"TOKSF","timeseries","grossProfitQ","2025-06-30","3","0","MISSING"
"TOMYF","timeseries","grossProfitQ","2026-06-30","0","0","MISSING"
"TOMYF","timeseries","grossProfitQ","2026-03-31","1","0","MISSING"
"TOMYF","timeseries","grossProfitQ","2025-12-31","2","0","MISSING"
"TOMYF","timeseries","grossProfitQ","2025-09-30","3","0","MISSING"
"TONPF","timeseries","grossProfitQ","2026-06-30","0","0","MISSING"
"TONPF","timeseries","grossProfitQ","2026-03-31","1","0","MISSING"
"TONPF","timeseries","grossProfitQ","2025-12-31","2","0","MISSING"
"TONPF","timeseries","grossProfitQ","2025-09-30","3","0","MISSING"
"TORLF","timeseries","grossProfitQ","2026-06-30","0","0","MISSING"
"TORLF","timeseries","grossProfitQ","2026-03-31","1","0","MISSING"
"TORLF","timeseries","grossProfitQ","2025-12-31","2","0","MISSING"
"TORLF","timeseries","grossProfitQ","2025-09-30","3","0","MISSING"
"TOTDF","timeseries","grossProfitQ","2026-06-30","0","0","MISSING"
"TOTDF","timeseries","grossProfitQ","2026-03-31","1","0","MISSING"
"TOTDF","timeseries","grossProfitQ","2025-12-31","2","0","MISSING"
"TOTDF","timeseries","grossProfitQ","2025-09-30","3","0","MISSING"
"TOTTF","timeseries","grossProfitQ","2026-06-30","0","0","MISSING"
"TOTTF","timeseries","grossProfitQ","2026-03-31","1","0","MISSING"
"TOTTF","timeseries","grossProfitQ","2025-12-31","2","0","MISSING"
"TOTTF","timeseries","grossProfitQ","2025-09-30","3","0","MISSING"
"TOWCF","timeseries","grossProfitQ","2026-06-30","0","0","MISSING"
"TOWCF","timeseries","grossProfitQ","2026-03-31","1","0","MISSING"
"TOWCF","timeseries","grossProfitQ","2025-12-31","2","0","MISSING"
"TOWCF","timeseries","grossProfitQ","2025-09-30","3","0","MISSING"
"TPRO.MI","timeseries","grossProfitQ","2026-06-30","0","0","MISSING"
"TPRO.MI","timeseries","grossProfitQ","2026-03-31","1","0","MISSING"
"TPRO.MI","timeseries","grossProfitQ","2025-12-31","2","0","MISSING"
"TPRO.MI","timeseries","grossProfitQ","2025-09-30","3","0","MISSING"
"TRI.PA","timeseries","grossProfitQ","2026-02-28","0","0","MISSING"
"TRI.PA","timeseries","grossProfitQ","2025-11-30","1","0","MISSING"
"TRI.PA","timeseries","grossProfitQ","2025-08-31","2","0","MISSING"
"TRI.PA","timeseries","grossProfitQ","2025-02-28","3","0","MISSING"
"TROW","annual","annualGP","2025-12-31","0","0","MISSING"
"TROW","annual","annualGP","2024-12-31","1","0","MISSING"
"TROW","annual","annualGP","2023-12-31","2","0","MISSING"
"TROW","annual","annualGP","2022-12-31","3","0","MISSING"
"TRSBF","timeseries","grossProfitQ","2012-12-31","0","0","MISSING"
"TRSBF","timeseries","grossProfitQ","2012-09-30","1","0","MISSING"
"TRSBF","timeseries","grossProfitQ","2012-06-30","2","0","MISSING"
"TRSBF","timeseries","grossProfitQ","2012-03-31","3","0","MISSING"
"TRST","annual","annualRev","2024-12-31","0","0","MISSING"
"TRYIF","timeseries","grossProfitQ","2026-06-30","0","0","MISSING"
"TRYIF","timeseries","grossProfitQ","2026-03-31","1","0","MISSING"
"TRYIF","timeseries","grossProfitQ","2025-12-31","2","0","MISSING"
"TRYIF","timeseries","grossProfitQ","2025-09-30","3","0","MISSING"
"TSCDF","timeseries","grossProfitQ","2025-05-31","0","0","MISSING"
"TSCDF","timeseries","grossProfitQ","2018-08-31","1","0","MISSING"
"TSHTF","timeseries","grossProfitQ","2026-06-30","0","0","MISSING"
"TSHTF","timeseries","grossProfitQ","2026-03-31","1","0","MISSING"
"TSHTF","timeseries","grossProfitQ","2025-12-31","2","0","MISSING"
"TSHTF","timeseries","grossProfitQ","2025-09-30","3","0","MISSING"
"TSKMF","timeseries","grossProfitQ","2026-06-30","0","0","MISSING"
"TSKMF","timeseries","grossProfitQ","2025-12-31","1","0","MISSING"
"TSKMF","timeseries","grossProfitQ","2025-06-30","2","0","MISSING"
"TSKMF","timeseries","grossProfitQ","2025-03-31","3","0","MISSING"
"TSMRF","timeseries","grossProfitQ","2026-06-30","0","0","MISSING"
"TSMRF","timeseries","grossProfitQ","2025-12-31","1","0","MISSING"
"TSMRF","timeseries","grossProfitQ","2025-09-30","2","0","MISSING"
"TSMRF","timeseries","grossProfitQ","2025-06-30","3","0","MISSING"
"TSUKF","timeseries","grossProfitQ","2026-06-30","0","0","MISSING"
"TSUKF","timeseries","grossProfitQ","2026-03-31","1","0","MISSING"
"TSUKF","timeseries","grossProfitQ","2025-12-31","2","0","MISSING"
"TSUKF","timeseries","grossProfitQ","2025-09-30","3","0","MISSING"
"TTCIF","timeseries","grossProfitQ","2026-06-30","0","0","MISSING"
"TTCIF","timeseries","grossProfitQ","2026-03-31","1","0","MISSING"
"TTCIF","timeseries","grossProfitQ","2025-12-31","2","0","MISSING"
"TTCIF","timeseries","grossProfitQ","2025-09-30","3","0","MISSING"
"TTUUF","timeseries","grossProfitQ","2026-06-30","0","0","MISSING"
"TTUUF","timeseries","grossProfitQ","2026-03-31","1","0","MISSING"
"TTUUF","timeseries","grossProfitQ","2025-12-31","2","0","MISSING"
"TTUUF","timeseries","grossProfitQ","2025-09-30","3","0","MISSING"
"TUB.BR","annual","annualRev","2002-12-31","2","0","MISSING"
"TUBI.VI","annual","annualRev","2002-12-31","2","0","MISSING"
"TWEKA.AS","timeseries","grossProfitQ","2025-12-31","0","0","MISSING"
"TWEKA.AS","timeseries","grossProfitQ","2025-09-30","1","0","MISSING"
"TWEKA.AS","timeseries","grossProfitQ","2024-12-31","2","0","MISSING"
"TWEKA.AS","timeseries","grossProfitQ","2024-06-30","3","0","MISSING"
"TYG","timeseries","grossProfitQ","2017-08-31","0","0","MISSING"
"TYG","timeseries","grossProfitQ","2017-05-31","1","0","MISSING"
"TYG","timeseries","grossProfitQ","2017-02-28","2","0","MISSING"
"TYG","timeseries","grossProfitQ","2016-11-30","3","0","MISSING"
"TYHOY","timeseries","revenueQ","2026-03-31","1","0","MISSING"
"TYHOY","timeseries","revenueQ","2025-09-30","3","0","MISSING"
"TYHOY","timeseries","grossProfitQ","2026-06-30","0","0","MISSING"
"TYHOY","timeseries","grossProfitQ","2025-12-31","2","0","MISSING"
"TYOYF","timeseries","grossProfitQ","2026-06-30","0","0","MISSING"
"TYOYF","timeseries","grossProfitQ","2026-03-31","1","0","MISSING"
"TYOYF","timeseries","grossProfitQ","2025-12-31","2","0","MISSING"
"TYOYF","timeseries","grossProfitQ","2025-09-30","3","0","MISSING"
"U11.SI","timeseries","grossProfitQ","2026-06-30","0","0","MISSING"
"U11.SI","timeseries","grossProfitQ","2026-03-31","1","0","MISSING"
"U11.SI","timeseries","grossProfitQ","2025-12-31","2","0","MISSING"
"U11.SI","timeseries","grossProfitQ","2025-09-30","3","0","MISSING"
"U96.SI","timeseries","grossProfitQ","2021-06-30","0","0","MISSING"
"U96.SI","timeseries","grossProfitQ","2021-03-31","1","0","MISSING"
"U96.SI","timeseries","grossProfitQ","2020-12-31","2","0","MISSING"
"U96.SI","timeseries","grossProfitQ","2020-09-30","3","0","MISSING"
"UBI.PA","timeseries","grossProfitQ","2026-06-30","0","0","MISSING"
"UBI.PA","timeseries","grossProfitQ","2026-03-31","1","0","MISSING"
"UBI.PA","timeseries","grossProfitQ","2025-12-31","2","0","MISSING"
"UBI.PA","timeseries","grossProfitQ","2025-09-30","3","0","MISSING"
"UBIS.VI","timeseries","grossProfitQ","2026-06-30","0","0","MISSING"
"UBIS.VI","timeseries","grossProfitQ","2026-03-31","1","0","MISSING"
"UBIS.VI","timeseries","grossProfitQ","2025-12-31","2","0","MISSING"
"UBIS.VI","timeseries","grossProfitQ","2025-09-30","3","0","MISSING"
"UCB.BR","timeseries","grossProfitQ","2020-12-31","0","0","MISSING"
"UCB.BR","timeseries","grossProfitQ","2020-09-30","1","0","MISSING"
"UCB.BR","timeseries","grossProfitQ","2020-03-31","2","0","MISSING"
"UCB.BR","timeseries","grossProfitQ","2019-06-30","3","0","MISSING"
"UCB.VI","timeseries","grossProfitQ","2020-12-31","0","0","MISSING"
"UCB.VI","timeseries","grossProfitQ","2020-09-30","1","0","MISSING"
"UCB.VI","timeseries","grossProfitQ","2020-03-31","2","0","MISSING"
"UCB.VI","timeseries","grossProfitQ","2019-06-30","3","0","MISSING"
"UCBJF","timeseries","grossProfitQ","2020-12-31","0","0","MISSING"
"UCBJF","timeseries","grossProfitQ","2020-09-30","1","0","MISSING"
"UCBJF","timeseries","grossProfitQ","2020-03-31","2","0","MISSING"
"UCBJF","timeseries","grossProfitQ","2019-06-30","3","0","MISSING"
"UEN.DE","timeseries","grossProfitQ","2026-06-30","0","0","MISSING"
"UEN.DE","timeseries","grossProfitQ","2026-03-31","1","0","MISSING"
"UEN.DE","timeseries","grossProfitQ","2025-12-31","2","0","MISSING"
"UEN.DE","timeseries","grossProfitQ","2025-09-30","3","0","MISSING"
"UHOIF","timeseries","grossProfitQ","2026-06-30","0","0","MISSING"
"UHOIF","timeseries","grossProfitQ","2026-03-31","1","0","MISSING"
"UHOIF","timeseries","grossProfitQ","2025-12-31","2","0","MISSING"
"UHOIF","timeseries","grossProfitQ","2025-09-30","3","0","MISSING"
"ULVR.L","timeseries","grossProfitQ","2026-06-30","0","0","MISSING"
"ULVR.L","timeseries","grossProfitQ","2026-03-31","1","0","MISSING"
"ULVR.L","timeseries","grossProfitQ","2025-12-31","2","0","MISSING"
"ULVR.L","timeseries","grossProfitQ","2025-09-30","3","0","MISSING"
"UMAC","annual","annualRev","2023-12-31","2","0","MISSING"
"UMG.AS","timeseries","grossProfitQ","2026-06-30","0","0","MISSING"
"UMG.AS","timeseries","grossProfitQ","2026-03-31","1","0","MISSING"
"UMG.AS","timeseries","grossProfitQ","2025-12-31","2","0","MISSING"
"UMG.AS","timeseries","grossProfitQ","2025-09-30","3","0","MISSING"
"UMG.VI","timeseries","grossProfitQ","2026-06-30","0","0","MISSING"
"UMG.VI","timeseries","grossProfitQ","2026-03-31","1","0","MISSING"
"UMG.VI","timeseries","grossProfitQ","2025-12-31","2","0","MISSING"
"UMG.VI","timeseries","grossProfitQ","2025-09-30","3","0","MISSING"
"UMGNF","timeseries","grossProfitQ","2026-06-30","0","0","MISSING"
"UMGNF","timeseries","grossProfitQ","2026-03-31","1","0","MISSING"
"UMGNF","timeseries","grossProfitQ","2025-12-31","2","0","MISSING"
"UMGNF","timeseries","grossProfitQ","2025-09-30","3","0","MISSING"
"UN9.DE","timeseries","revenueQ","2025-09-30","3","0","MISSING"
"UN9.DE","timeseries","grossProfitQ","2026-06-30","0","0","MISSING"
"UN9.DE","timeseries","grossProfitQ","2026-03-31","1","0","MISSING"
"UN9.DE","timeseries","grossProfitQ","2025-12-31","2","0","MISSING"
"UN9.DE","annual","annualRev","2024-12-31","1","0","MISSING"
"UN9.DE","annual","annualRev","2023-12-31","2","0","MISSING"
"UNA.AS","timeseries","grossProfitQ","2026-06-30","0","0","MISSING"
"UNA.AS","timeseries","grossProfitQ","2026-03-31","1","0","MISSING"
"UNA.AS","timeseries","grossProfitQ","2025-12-31","2","0","MISSING"
"UNA.AS","timeseries","grossProfitQ","2025-09-30","3","0","MISSING"
"UNBLF","timeseries","grossProfitQ","2012-03-31","0","0","MISSING"
"UNLYF","timeseries","grossProfitQ","2026-06-30","0","0","MISSING"
"UNLYF","timeseries","grossProfitQ","2026-03-31","1","0","MISSING"
"UNLYF","timeseries","grossProfitQ","2025-12-31","2","0","MISSING"
"UNLYF","timeseries","grossProfitQ","2025-09-30","3","0","MISSING"
"UNV0.DE","timeseries","grossProfitQ","2026-06-30","0","0","MISSING"
"UNV0.DE","timeseries","grossProfitQ","2026-03-31","1","0","MISSING"
"UNV0.DE","timeseries","grossProfitQ","2025-12-31","2","0","MISSING"
"UNV0.DE","timeseries","grossProfitQ","2025-09-30","3","0","MISSING"
"UQA.VI","timeseries","revenueQ","2025-09-30","3","0","MISSING"
"UQA.VI","timeseries","grossProfitQ","2026-06-30","0","0","MISSING"
"UQA.VI","timeseries","grossProfitQ","2026-03-31","1","0","MISSING"
"UQA.VI","timeseries","grossProfitQ","2025-12-31","2","0","MISSING"
"UQA.VI","annual","annualRev","2024-12-31","1","0","MISSING"
"UQA.VI","annual","annualRev","2023-12-31","2","0","MISSING"
"URW.PA","timeseries","grossProfitQ","2012-03-31","0","0","MISSING"
"USAR","annual","annualRev","2024-12-31","1","0","MISSING"
"USNNF","timeseries","grossProfitQ","2026-05-31","0","0","MISSING"
"USNNF","timeseries","grossProfitQ","2026-02-28","1","0","MISSING"
"USNNF","timeseries","grossProfitQ","2025-11-30","2","0","MISSING"
"USNNF","timeseries","grossProfitQ","2025-08-31","3","0","MISSING"
"V03.SI","timeseries","revenueQ","2024-06-30","0","0","MISSING"
"V03.SI","timeseries","revenueQ","2023-09-30","2","0","MISSING"
"V03.SI","timeseries","grossProfitQ","2024-03-31","1","0","MISSING"
"V03.SI","timeseries","grossProfitQ","2023-06-30","3","0","MISSING"
"VAC.PA","timeseries","grossProfitQ","2026-03-31","0","0","MISSING"
"VAC.PA","timeseries","grossProfitQ","2025-12-31","1","0","MISSING"
"VAC.PA","timeseries","grossProfitQ","2025-09-30","2","0","MISSING"
"VAC.PA","timeseries","grossProfitQ","2025-06-30","3","0","MISSING"
"VACN.SW","timeseries","grossProfitQ","2026-06-30","0","0","MISSING"
"VACN.SW","timeseries","grossProfitQ","2026-03-31","1","0","MISSING"
"VACN.SW","timeseries","grossProfitQ","2025-12-31","2","0","MISSING"
"VACN.SW","timeseries","grossProfitQ","2025-09-30","3","0","MISSING"
"VACN.VI","timeseries","grossProfitQ","2026-06-30","0","0","MISSING"
"VACN.VI","timeseries","grossProfitQ","2026-03-31","1","0","MISSING"
"VACN.VI","timeseries","grossProfitQ","2025-12-31","2","0","MISSING"
"VACN.VI","timeseries","grossProfitQ","2025-09-30","3","0","MISSING"
"VAHN.SW","annual","annualRev","2018-12-31","0","0","MISSING"
"VC2.SI","timeseries","grossProfitQ","2014-12-31","0","0","MISSING"
"VC2.SI","timeseries","grossProfitQ","2014-09-30","1","0","MISSING"
"VC2.SI","timeseries","grossProfitQ","2014-06-30","2","0","MISSING"
"VC2.SI","timeseries","grossProfitQ","2014-03-31","3","0","MISSING"
"VCISF","timeseries","grossProfitQ","2026-06-30","0","0","MISSING"
"VCISF","timeseries","grossProfitQ","2026-03-31","1","0","MISSING"
"VCISF","timeseries","grossProfitQ","2025-12-31","2","0","MISSING"
"VCISF","timeseries","grossProfitQ","2025-09-30","3","0","MISSING"
"VCT.NZ","timeseries","revenueQ","2006-03-31","1","0","MISSING"
"VCT.NZ","timeseries","grossProfitQ","2006-06-30","0","0","MISSING"
"VCT.PA","timeseries","grossProfitQ","2026-06-30","0","0","MISSING"
"VCT.PA","timeseries","grossProfitQ","2026-03-31","1","0","MISSING"
"VCT.PA","timeseries","grossProfitQ","2025-09-30","2","0","MISSING"
"VCT.PA","timeseries","grossProfitQ","2025-06-30","3","0","MISSING"
"VEA.AX","timeseries","grossProfitQ","2021-06-30","0","0","MISSING"
"VEA.AX","timeseries","grossProfitQ","2021-03-31","1","0","MISSING"
"VEA.AX","timeseries","grossProfitQ","2020-12-31","2","0","MISSING"
"VEA.AX","timeseries","grossProfitQ","2020-09-30","3","0","MISSING"
"VEMLF","timeseries","revenueQ","2024-06-30","0","0","MISSING"
"VEMLF","timeseries","revenueQ","2023-09-30","2","0","MISSING"
"VEMLF","timeseries","grossProfitQ","2024-03-31","1","0","MISSING"
"VEMLF","timeseries","grossProfitQ","2023-06-30","3","0","MISSING"
"VEOEF","timeseries","grossProfitQ","2026-06-30","0","0","MISSING"
"VEOEF","timeseries","grossProfitQ","2026-03-31","1","0","MISSING"
"VEOEF","timeseries","grossProfitQ","2025-12-31","2","0","MISSING"
"VEOEF","timeseries","grossProfitQ","2025-09-30","3","0","MISSING"
"VETO.PA","timeseries","grossProfitQ","2026-06-30","0","0","MISSING"
"VETO.PA","timeseries","grossProfitQ","2026-03-31","1","0","MISSING"
"VETO.PA","timeseries","grossProfitQ","2025-12-31","2","0","MISSING"
"VETO.PA","timeseries","grossProfitQ","2025-09-30","3","0","MISSING"
"VID.MC","timeseries","grossProfitQ","2026-06-30","0","0","MISSING"
"VID.MC","timeseries","grossProfitQ","2026-03-31","1","0","MISSING"
"VID.MC","timeseries","grossProfitQ","2025-12-31","2","0","MISSING"
"VID.MC","timeseries","grossProfitQ","2025-09-30","3","0","MISSING"
"VID.VI","timeseries","grossProfitQ","2026-06-30","0","0","MISSING"
"VID.VI","timeseries","grossProfitQ","2026-03-31","1","0","MISSING"
"VID.VI","timeseries","grossProfitQ","2025-12-31","2","0","MISSING"
"VID.VI","timeseries","grossProfitQ","2025-09-30","3","0","MISSING"
"VIE.PA","timeseries","grossProfitQ","2026-06-30","0","0","MISSING"
"VIE.PA","timeseries","grossProfitQ","2026-03-31","1","0","MISSING"
"VIE.PA","timeseries","grossProfitQ","2025-12-31","2","0","MISSING"
"VIE.PA","timeseries","grossProfitQ","2025-09-30","3","0","MISSING"
"VIE.VI","timeseries","grossProfitQ","2026-06-30","0","0","MISSING"
"VIE.VI","timeseries","grossProfitQ","2026-03-31","1","0","MISSING"
"VIE.VI","timeseries","grossProfitQ","2025-12-31","2","0","MISSING"
"VIE.VI","timeseries","grossProfitQ","2025-09-30","3","0","MISSING"
"VIRP.PA","timeseries","grossProfitQ","2026-03-31","0","0","MISSING"
"VIRP.PA","timeseries","grossProfitQ","2025-12-31","1","0","MISSING"
"VIRP.PA","timeseries","grossProfitQ","2025-09-30","2","0","MISSING"
"VIRP.PA","timeseries","grossProfitQ","2025-06-30","3","0","MISSING"
"VISIF","timeseries","grossProfitQ","2026-07-31","0","0","MISSING"
"VISIF","timeseries","grossProfitQ","2026-04-30","1","0","MISSING"
"VISIF","timeseries","grossProfitQ","2026-01-31","2","0","MISSING"
"VISIF","timeseries","grossProfitQ","2025-10-31","3","0","MISSING"
"VIV.PA","timeseries","grossProfitQ","2023-09-30","0","0","MISSING"
"VIV.PA","timeseries","grossProfitQ","2023-06-30","1","0","MISSING"
"VIV.PA","timeseries","grossProfitQ","2022-09-30","2","0","MISSING"
"VIV.PA","timeseries","grossProfitQ","2022-06-30","3","0","MISSING"
"VIV.VI","timeseries","grossProfitQ","2023-09-30","0","0","MISSING"
"VIV.VI","timeseries","grossProfitQ","2023-06-30","1","0","MISSING"
"VIV.VI","timeseries","grossProfitQ","2022-09-30","2","0","MISSING"
"VIV.VI","timeseries","grossProfitQ","2022-06-30","3","0","MISSING"
"VLXGF","timeseries","grossProfitQ","2012-03-31","0","0","MISSING"
"VOD.L","timeseries","grossProfitQ","2025-12-31","0","0","MISSING"
"VOD.L","timeseries","grossProfitQ","2025-09-30","1","0","MISSING"
"VOD.L","timeseries","grossProfitQ","2025-06-30","2","0","MISSING"
"VOD.L","timeseries","grossProfitQ","2025-03-31","3","0","MISSING"
"VOD","timeseries","grossProfitQ","2025-12-31","0","0","MISSING"
"VOD","timeseries","grossProfitQ","2025-09-30","1","0","MISSING"
"VOD","timeseries","grossProfitQ","2025-06-30","2","0","MISSING"
"VOD","timeseries","grossProfitQ","2025-03-31","3","0","MISSING"
"VODI.DE","timeseries","grossProfitQ","2025-12-31","0","0","MISSING"
"VODI.DE","timeseries","grossProfitQ","2025-09-30","1","0","MISSING"
"VODI.DE","timeseries","grossProfitQ","2025-06-30","2","0","MISSING"
"VODI.DE","timeseries","grossProfitQ","2025-03-31","3","0","MISSING"
"VODPF","timeseries","grossProfitQ","2025-12-31","0","0","MISSING"
"VODPF","timeseries","grossProfitQ","2025-09-30","1","0","MISSING"
"VODPF","timeseries","grossProfitQ","2025-06-30","2","0","MISSING"
"VODPF","timeseries","grossProfitQ","2025-03-31","3","0","MISSING"
"VOPKF","timeseries","revenueQ","2025-12-31","1","0","MISSING"
"VOPKF","timeseries","revenueQ","2025-09-30","2","0","MISSING"
"VOPKF","timeseries","grossProfitQ","2026-06-30","0","0","MISSING"
"VOPKF","timeseries","grossProfitQ","2025-06-30","3","0","MISSING"
"VPK.AS","timeseries","revenueQ","2025-12-31","1","0","MISSING"
"VPK.AS","timeseries","revenueQ","2025-09-30","2","0","MISSING"
"VPK.AS","timeseries","grossProfitQ","2026-06-30","0","0","MISSING"
"VPK.AS","timeseries","grossProfitQ","2025-06-30","3","0","MISSING"
"VPK.VI","timeseries","revenueQ","2025-12-31","1","0","MISSING"
"VPK.VI","timeseries","revenueQ","2025-09-30","2","0","MISSING"
"VPK.VI","timeseries","grossProfitQ","2026-06-30","0","0","MISSING"
"VPK.VI","timeseries","grossProfitQ","2025-06-30","3","0","MISSING"
"VRBCF","timeseries","grossProfitQ","2026-03-31","0","0","MISSING"
"VRBCF","timeseries","grossProfitQ","2025-12-31","1","0","MISSING"
"VRBCF","timeseries","grossProfitQ","2025-09-30","2","0","MISSING"
"VRBCF","timeseries","grossProfitQ","2025-06-30","3","0","MISSING"
"VRLA.PA","timeseries","grossProfitQ","2026-06-30","0","0","MISSING"
"VRLA.PA","timeseries","grossProfitQ","2026-03-31","1","0","MISSING"
"VRLA.PA","timeseries","grossProfitQ","2025-12-31","2","0","MISSING"
"VRLA.PA","timeseries","grossProfitQ","2025-09-30","3","0","MISSING"
"VRLA.VI","timeseries","grossProfitQ","2026-06-30","0","0","MISSING"
"VRLA.VI","timeseries","grossProfitQ","2026-03-31","1","0","MISSING"
"VRLA.VI","timeseries","grossProfitQ","2025-12-31","2","0","MISSING"
"VRLA.VI","timeseries","grossProfitQ","2025-09-30","3","0","MISSING"
"VRLAF","timeseries","grossProfitQ","2026-06-30","0","0","MISSING"
"VRLAF","timeseries","grossProfitQ","2026-03-31","1","0","MISSING"
"VRLAF","timeseries","grossProfitQ","2025-12-31","2","0","MISSING"
"VRLAF","timeseries","grossProfitQ","2025-09-30","3","0","MISSING"
"VTTGF","timeseries","grossProfitQ","2026-06-30","0","0","MISSING"
"VTTGF","timeseries","grossProfitQ","2026-03-31","1","0","MISSING"
"VTTGF","timeseries","grossProfitQ","2025-12-31","2","0","MISSING"
"VTTGF","timeseries","grossProfitQ","2025-09-30","3","0","MISSING"
"VU.PA","timeseries","grossProfitQ","2026-06-30","0","0","MISSING"
"VU.PA","timeseries","grossProfitQ","2025-12-31","1","0","MISSING"
"VU.PA","timeseries","grossProfitQ","2025-09-30","2","0","MISSING"
"VU.PA","timeseries","grossProfitQ","2025-06-30","3","0","MISSING"
"VVD.DE","timeseries","grossProfitQ","2026-06-30","0","0","MISSING"
"VVD.DE","timeseries","grossProfitQ","2026-03-31","1","0","MISSING"
"VVD.DE","timeseries","grossProfitQ","2025-12-31","2","0","MISSING"
"VVD.DE","timeseries","grossProfitQ","2025-09-30","3","0","MISSING"
"VVU.DE","timeseries","grossProfitQ","2023-09-30","0","0","MISSING"
"VVU.DE","timeseries","grossProfitQ","2023-06-30","1","0","MISSING"
"VVU.DE","timeseries","grossProfitQ","2022-09-30","2","0","MISSING"
"VVU.DE","timeseries","grossProfitQ","2022-06-30","3","0","MISSING"
"W05.SI","timeseries","grossProfitQ","2019-03-31","0","0","MISSING"
"W05.SI","timeseries","grossProfitQ","2018-12-31","1","0","MISSING"
"W05.SI","timeseries","grossProfitQ","2018-09-30","2","0","MISSING"
"W05.SI","timeseries","grossProfitQ","2018-06-30","3","0","MISSING"
"WAF.AX","timeseries","revenueQ","2017-06-30","3","0","MISSING"
"WAF.AX","timeseries","grossProfitQ","2025-03-31","0","0","MISSING"
"WAF.AX","timeseries","grossProfitQ","2018-06-30","1","0","MISSING"
"WAF.AX","timeseries","grossProfitQ","2018-03-31","2","0","MISSING"
"WAVE.PA","timeseries","grossProfitQ","2025-09-30","0","0","MISSING"
"WAVE.PA","timeseries","grossProfitQ","2025-06-30","1","0","MISSING"
"WAVE.PA","timeseries","grossProfitQ","2025-03-31","2","0","MISSING"
"WAVE.PA","timeseries","grossProfitQ","2024-12-31","3","0","MISSING"
"WBC.AX","timeseries","revenueQ","2024-12-31","2","0","MISSING"
"WBC.AX","timeseries","grossProfitQ","2026-06-30","0","0","MISSING"
"WBC.AX","timeseries","grossProfitQ","2025-12-31","1","0","MISSING"
"WBC.NZ","timeseries","revenueQ","2024-12-31","2","0","MISSING"
"WBC.NZ","timeseries","grossProfitQ","2026-06-30","0","0","MISSING"
"WBC.NZ","timeseries","grossProfitQ","2025-12-31","1","0","MISSING"
"WBD.MI","timeseries","grossProfitQ","2015-12-31","0","0","MISSING"
"WBD.MI","timeseries","grossProfitQ","2015-09-30","1","0","MISSING"
"WBD.MI","timeseries","grossProfitQ","2015-06-30","2","0","MISSING"
"WBD.MI","timeseries","grossProfitQ","2015-03-31","3","0","MISSING"
"WBKCY","timeseries","revenueQ","2024-12-31","2","0","MISSING"
"WBKCY","timeseries","grossProfitQ","2026-06-30","0","0","MISSING"
"WBKCY","timeseries","grossProfitQ","2025-12-31","1","0","MISSING"
"WDH1.DE","timeseries","grossProfitQ","2026-06-30","0","0","MISSING"
"WDH1.DE","timeseries","grossProfitQ","2026-03-31","1","0","MISSING"
"WDH1.DE","timeseries","grossProfitQ","2025-12-31","2","0","MISSING"
"WDH1.DE","timeseries","grossProfitQ","2025-09-30","3","0","MISSING"
"WDS.AX","timeseries","grossProfitQ","2026-06-30","0","0","MISSING"
"WDS.AX","timeseries","grossProfitQ","2026-03-31","1","0","MISSING"
"WDS.AX","timeseries","grossProfitQ","2025-12-31","2","0","MISSING"
"WDS.AX","timeseries","grossProfitQ","2025-09-30","3","0","MISSING"
"WEIGF","timeseries","grossProfitQ","2020-12-31","0","0","MISSING"
"WEIR.L","timeseries","grossProfitQ","2020-12-31","0","0","MISSING"
"WES.AX","timeseries","grossProfitQ","2022-06-30","0","0","MISSING"
"WES.AX","timeseries","grossProfitQ","2022-03-31","1","0","MISSING"
"WES.AX","timeseries","grossProfitQ","2021-06-30","2","0","MISSING"
"WES.AX","timeseries","grossProfitQ","2021-03-31","3","0","MISSING"
"WEWORK.BO","annual","annualRev","2025-03-31","1","0","MISSING"
"WEWORK.NS","annual","annualRev","2025-03-31","1","0","MISSING"
"WGX.AX","timeseries","grossProfitQ","2024-06-30","0","0","MISSING"
"WGX.TO","timeseries","grossProfitQ","2024-06-30","0","0","MISSING"
"WGXRF","timeseries","grossProfitQ","2024-06-30","0","0","MISSING"
"WHA.AS","timeseries","grossProfitQ","2020-03-31","0","0","MISSING"
"WHA.AS","timeseries","grossProfitQ","2015-03-31","1","0","MISSING"
"WHA.AS","timeseries","grossProfitQ","2013-12-31","2","0","MISSING"
"WHA.AS","timeseries","grossProfitQ","2013-06-30","3","0","MISSING"
"WISE.L","timeseries","grossProfitQ","2026-06-30","0","0","MISSING"
"WISE.L","timeseries","grossProfitQ","2023-09-30","1","0","MISSING"
"WISE.L","timeseries","grossProfitQ","2023-06-30","2","0","MISSING"
"WISE.L","timeseries","grossProfitQ","2023-03-31","3","0","MISSING"
"WIZZ.L","timeseries","grossProfitQ","2026-06-30","0","0","MISSING"
"WIZZ.L","timeseries","grossProfitQ","2026-03-31","1","0","MISSING"
"WIZZ.L","timeseries","grossProfitQ","2025-12-31","2","0","MISSING"
"WIZZ.L","timeseries","grossProfitQ","2025-09-30","3","0","MISSING"
"WJRYF","timeseries","grossProfitQ","2026-06-30","0","0","MISSING"
"WJRYF","timeseries","grossProfitQ","2026-03-31","1","0","MISSING"
"WJRYF","timeseries","grossProfitQ","2025-12-31","2","0","MISSING"
"WJRYF","timeseries","grossProfitQ","2025-09-30","3","0","MISSING"
"WKISF","timeseries","grossProfitQ","2026-06-30","0","0","MISSING"
"WKISF","timeseries","grossProfitQ","2026-03-31","1","0","MISSING"
"WKISF","timeseries","grossProfitQ","2025-12-31","2","0","MISSING"
"WKISF","timeseries","grossProfitQ","2025-09-30","3","0","MISSING"
"WKL.AS","timeseries","grossProfitQ","2007-12-31","0","0","MISSING"
"WKL.AS","timeseries","grossProfitQ","2007-09-30","1","0","MISSING"
"WKL.AS","timeseries","grossProfitQ","2007-06-30","2","0","MISSING"
"WKL.AS","timeseries","grossProfitQ","2007-03-31","3","0","MISSING"
"WKL.SW","timeseries","grossProfitQ","2007-12-31","0","0","MISSING"
"WKL.SW","timeseries","grossProfitQ","2007-09-30","1","0","MISSING"
"WKL.SW","timeseries","grossProfitQ","2007-06-30","2","0","MISSING"
"WKL.SW","timeseries","grossProfitQ","2007-03-31","3","0","MISSING"
"WKL.VI","timeseries","grossProfitQ","2007-12-31","0","0","MISSING"
"WKL.VI","timeseries","grossProfitQ","2007-09-30","1","0","MISSING"
"WKL.VI","timeseries","grossProfitQ","2007-06-30","2","0","MISSING"
"WKL.VI","timeseries","grossProfitQ","2007-03-31","3","0","MISSING"
"WOLTF","timeseries","grossProfitQ","2007-12-31","0","0","MISSING"
"WOLTF","timeseries","grossProfitQ","2007-09-30","1","0","MISSING"
"WOLTF","timeseries","grossProfitQ","2007-06-30","2","0","MISSING"
"WOLTF","timeseries","grossProfitQ","2007-03-31","3","0","MISSING"
"WOR.AX","timeseries","grossProfitQ","2022-06-30","0","0","MISSING"
"WOR.AX","timeseries","grossProfitQ","2022-03-31","1","0","MISSING"
"WOR.AX","timeseries","grossProfitQ","2021-12-31","2","0","MISSING"
"WOR.AX","timeseries","grossProfitQ","2021-09-30","3","0","MISSING"
"WOSB.DE","timeseries","grossProfitQ","2007-12-31","0","0","MISSING"
"WOSB.DE","timeseries","grossProfitQ","2007-09-30","1","0","MISSING"
"WOSB.DE","timeseries","grossProfitQ","2007-06-30","2","0","MISSING"
"WOSB.DE","timeseries","grossProfitQ","2007-03-31","3","0","MISSING"
"WOSGF","timeseries","grossProfitQ","2022-10-31","0","0","MISSING"
"WOSGF","timeseries","grossProfitQ","2022-07-31","1","0","MISSING"
"WOSGF","timeseries","grossProfitQ","2022-04-30","2","0","MISSING"
"WOW.AX","timeseries","grossProfitQ","2026-03-31","0","0","MISSING"
"WOW.AX","timeseries","grossProfitQ","2025-03-31","1","0","MISSING"
"WOW.AX","timeseries","grossProfitQ","2023-06-30","2","0","MISSING"
"WOW.AX","timeseries","grossProfitQ","2023-03-31","3","0","MISSING"
"WPP.L","timeseries","grossProfitQ","2026-06-30","0","0","MISSING"
"WPP.L","timeseries","grossProfitQ","2026-03-31","1","0","MISSING"
"WPP.L","timeseries","grossProfitQ","2025-12-31","2","0","MISSING"
"WPP.L","timeseries","grossProfitQ","2025-09-30","3","0","MISSING"
"WPP","timeseries","grossProfitQ","2026-06-30","0","0","MISSING"
"WPP","timeseries","grossProfitQ","2026-03-31","1","0","MISSING"
"WPP","timeseries","grossProfitQ","2025-12-31","2","0","MISSING"
"WPP","timeseries","grossProfitQ","2025-09-30","3","0","MISSING"
"WSE","timeseries","grossProfitQ","2026-06-30","0","0","MISSING"
"WSE","timeseries","grossProfitQ","2023-09-30","1","0","MISSING"
"WSE","timeseries","grossProfitQ","2023-06-30","2","0","MISSING"
"WSE","timeseries","grossProfitQ","2023-03-31","3","0","MISSING"
"WT","annual","annualGP","2025-12-31","0","0","MISSING"
"WT","annual","annualGP","2024-12-31","1","0","MISSING"
"WT","annual","annualGP","2023-12-31","2","0","MISSING"
"WT","annual","annualGP","2022-12-31","3","0","MISSING"
"WTB.L","timeseries","grossProfitQ","2018-08-31","0","0","MISSING"
"WTKWY","timeseries","grossProfitQ","2007-12-31","0","0","MISSING"
"WTKWY","timeseries","grossProfitQ","2007-09-30","1","0","MISSING"
"WTKWY","timeseries","grossProfitQ","2007-06-30","2","0","MISSING"
"WTKWY","timeseries","grossProfitQ","2007-03-31","3","0","MISSING"
"WTM","annual","annualRev","2017-12-31","1","0","MISSING"
"WTW","annual","annualGP","2025-12-31","0","0","MISSING"
"WTW","annual","annualGP","2024-12-31","1","0","MISSING"
"WTW","annual","annualGP","2023-12-31","2","0","MISSING"
"WTW","annual","annualGP","2022-12-31","3","0","MISSING"
"WYGPF","timeseries","grossProfitQ","2022-06-30","0","0","MISSING"
"WYGPF","timeseries","grossProfitQ","2022-03-31","1","0","MISSING"
"WYGPF","timeseries","grossProfitQ","2021-12-31","2","0","MISSING"
"WYGPF","timeseries","grossProfitQ","2021-09-30","3","0","MISSING"
"WYNMF","timeseries","grossProfitQ","2026-06-30","0","0","MISSING"
"WYNMF","timeseries","grossProfitQ","2026-03-31","1","0","MISSING"
"WYNMF","timeseries","grossProfitQ","2025-09-30","2","0","MISSING"
"WYNMF","timeseries","grossProfitQ","2025-06-30","3","0","MISSING"
"XD4.DE","timeseries","revenueQ","2018-03-31","1","0","MISSING"
"XD4.DE","timeseries","revenueQ","2017-06-30","3","0","MISSING"
"XD4.DE","timeseries","grossProfitQ","2018-06-30","0","0","MISSING"
"XD4.DE","timeseries","grossProfitQ","2017-09-30","2","0","MISSING"
"XENE","annual","annualRev","2024-12-31","1","0","MISSING"
"XENE","annual","annualRev","2023-12-31","2","0","MISSING"
"XGR2.DE","timeseries","grossProfitQ","2021-03-31","0","0","MISSING"
"XGR2.DE","timeseries","grossProfitQ","2020-12-31","1","0","MISSING"
"XGR2.DE","timeseries","grossProfitQ","2020-09-30","2","0","MISSING"
"XGR2.DE","timeseries","grossProfitQ","2020-06-30","3","0","MISSING"
"XIOR.BR","timeseries","grossProfitQ","2023-09-30","0","0","MISSING"
"XIOR.BR","timeseries","grossProfitQ","2023-03-31","1","0","MISSING"
"XZO","annual","annualRev","2024-12-31","1","0","MISSING"
"YACHT.MI","timeseries","grossProfitQ","2026-06-30","0","0","MISSING"
"YACHT.MI","timeseries","grossProfitQ","2026-03-31","1","0","MISSING"
"YACHT.MI","timeseries","grossProfitQ","2025-12-31","2","0","MISSING"
"YACHT.MI","timeseries","grossProfitQ","2025-09-30","3","0","MISSING"
"YAMCF","timeseries","grossProfitQ","2026-06-30","0","0","MISSING"
"YAMCF","timeseries","grossProfitQ","2026-03-31","1","0","MISSING"
"YAMCF","timeseries","grossProfitQ","2025-12-31","2","0","MISSING"
"YAMCF","timeseries","grossProfitQ","2025-09-30","3","0","MISSING"
"YAMHF","timeseries","grossProfitQ","2026-06-30","0","0","MISSING"
"YAMHF","timeseries","grossProfitQ","2026-03-31","1","0","MISSING"
"YAMHF","timeseries","grossProfitQ","2025-12-31","2","0","MISSING"
"YAMHF","timeseries","grossProfitQ","2025-09-30","3","0","MISSING"
"YKCLY","timeseries","grossProfitQ","2026-06-30","0","0","MISSING"
"YKCLY","timeseries","grossProfitQ","2026-03-31","1","0","MISSING"
"YKCLY","timeseries","grossProfitQ","2025-12-31","2","0","MISSING"
"YKCLY","timeseries","grossProfitQ","2025-09-30","3","0","MISSING"
"YLDGF","timeseries","grossProfitQ","2020-06-30","0","0","MISSING"
"YLDGF","timeseries","grossProfitQ","2020-03-31","1","0","MISSING"
"YLDGF","timeseries","grossProfitQ","2019-12-31","2","0","MISSING"
"YLDGF","timeseries","grossProfitQ","2019-09-30","3","0","MISSING"
"YMHAY","timeseries","grossProfitQ","2026-06-30","0","0","MISSING"
"YMHAY","timeseries","grossProfitQ","2026-03-31","1","0","MISSING"
"YMHAY","timeseries","grossProfitQ","2025-12-31","2","0","MISSING"
"YMHAY","timeseries","grossProfitQ","2025-09-30","3","0","MISSING"
"YNOYF","timeseries","grossProfitQ","2026-05-31","0","0","MISSING"
"YNOYF","timeseries","grossProfitQ","2026-02-28","1","0","MISSING"
"YNOYF","timeseries","grossProfitQ","2025-11-30","2","0","MISSING"
"YNOYF","timeseries","grossProfitQ","2025-08-31","3","0","MISSING"
"YOKEF","timeseries","grossProfitQ","2026-06-30","0","0","MISSING"
"YOKEF","timeseries","grossProfitQ","2026-03-31","1","0","MISSING"
"YOKEF","timeseries","grossProfitQ","2025-12-31","2","0","MISSING"
"YOKEF","timeseries","grossProfitQ","2025-09-30","3","0","MISSING"
"YRCCF","timeseries","grossProfitQ","2026-06-30","0","0","MISSING"
"YRCCF","timeseries","grossProfitQ","2025-12-31","1","0","MISSING"
"YRCCF","timeseries","grossProfitQ","2025-09-30","2","0","MISSING"
"YRCCF","timeseries","grossProfitQ","2025-06-30","3","0","MISSING"
"YSHLF","timeseries","grossProfitQ","2021-06-30","0","0","MISSING"
"YSHLF","timeseries","grossProfitQ","2021-03-31","1","0","MISSING"
"YSHLF","timeseries","grossProfitQ","2020-12-31","2","0","MISSING"
"YSHLF","timeseries","grossProfitQ","2020-09-30","3","0","MISSING"
"YSNG.VI","timeseries","grossProfitQ","2026-06-30","0","0","MISSING"
"YSNG.VI","timeseries","grossProfitQ","2025-09-30","1","0","MISSING"
"YSNG.VI","timeseries","grossProfitQ","2025-06-30","2","0","MISSING"
"YSNG.VI","timeseries","grossProfitQ","2025-03-31","3","0","MISSING"
"Z25.SI","timeseries","grossProfitQ","2020-06-30","0","0","MISSING"
"Z25.SI","timeseries","grossProfitQ","2020-03-31","1","0","MISSING"
"Z25.SI","timeseries","grossProfitQ","2019-12-31","2","0","MISSING"
"Z25.SI","timeseries","grossProfitQ","2019-09-30","3","0","MISSING"
"Z74.SI","timeseries","revenueQ","2026-03-31","1","0","MISSING"
"Z74.SI","timeseries","grossProfitQ","2025-12-31","2","0","MISSING"
"Z74.SI","timeseries","grossProfitQ","2025-09-30","3","0","MISSING"
"Z77.SI","timeseries","revenueQ","2026-03-31","1","0","MISSING"
"Z77.SI","timeseries","grossProfitQ","2025-12-31","2","0","MISSING"
"Z77.SI","timeseries","grossProfitQ","2025-09-30","3","0","MISSING"
"ZEGLF","timeseries","grossProfitQ","2025-09-30","0","0","MISSING"
"ZEGLF","timeseries","grossProfitQ","2016-12-31","1","0","MISSING"
"ZEGLF","timeseries","grossProfitQ","2016-09-30","2","0","MISSING"
"ZEGLF","annual","annualRev","2022-12-31","2","0","MISSING"
"ZEOOF","timeseries","grossProfitQ","2026-06-30","0","0","MISSING"
"ZEOOF","timeseries","grossProfitQ","2025-12-31","1","0","MISSING"
"ZEOOF","timeseries","grossProfitQ","2025-09-30","2","0","MISSING"
"ZEOOF","timeseries","grossProfitQ","2025-06-30","3","0","MISSING"
"ZGN","timeseries","grossProfitQ","2026-03-31","0","0","MISSING"
"ZGN","timeseries","grossProfitQ","2025-12-31","1","0","MISSING"
"ZGN","timeseries","grossProfitQ","2025-09-30","2","0","MISSING"
"ZGN","timeseries","grossProfitQ","2023-12-31","3","0","MISSING"
"ZIP.AX","timeseries","grossProfitQ","2024-09-30","0","0","MISSING"
"ZSHOF","timeseries","grossProfitQ","2026-06-30","0","0","MISSING"
"ZSHOF","timeseries","grossProfitQ","2026-03-31","1","0","MISSING"
"ZSHOF","timeseries","grossProfitQ","2025-12-31","2","0","MISSING"
"ZSHOF","timeseries","grossProfitQ","2025-09-30","3","0","MISSING"
"ZX6.DE","timeseries","grossProfitQ","2026-06-30","0","0","MISSING"
"ZX6.DE","timeseries","grossProfitQ","2026-03-31","1","0","MISSING"
"ZX6.DE","timeseries","grossProfitQ","2025-12-31","2","0","MISSING"
"ZX6.DE","timeseries","grossProfitQ","2025-09-30","3","0","MISSING"
