"art","ticker","name","klasse","listendatei","liste","track","rang_vorher","rang_nachher"
"betroffen","SBR","Sabine Royalty Trust","nichtOperativRoyaltyTrust","findash-export/v1/energy.json","profitable","profitable","80","null"
"betroffen","NXP","Nuveen Select Tax-Free Income Portfolio","nichtOperativGeschlossenerFonds","findash-export/v1/financials.json","profitable","profitable","null","null"
"betroffen","PEUG.PA","Peugeot Invest Société anonyme","nichtOperativHolding","findash-export/v1/financials.json","profitable","profitable","null","null"
"betroffen","CORD.L","Cordiant Digital Infrastructure Limited","nichtOperativGeschlossenerFonds","findash-export/v1/financials.json","profitable","profitable","null","null"
"betroffen","KYN","Kayne Anderson Energy Infrastructure Fund, Inc.","nichtOperativGeschlossenerFonds","findash-export/v1/financials.json","profitable","profitable","null","null"
"betroffen","AUI.AX","Australian United Investment Company Limited","nichtOperativHolding","findash-export/v1/financials.json","profitable","profitable","null","null"
"betroffen","KBCA.BR","KBC Ancora SA","nichtOperativHolding","findash-export/v1/financials.json","profitable","profitable","null","null"
"betroffen","LSF.AX","L1 Long Short Fund Limited","nichtOperativGeschlossenerFonds","findash-export/v1/financials.json","profitable","profitable","null","null"
"betroffen","PGF.AX","PM Capital Global Opportunities Fund Limited","nichtOperativGeschlossenerFonds","findash-export/v1/financials.json","profitable","profitable","null","null"
"betroffen","BURE.ST","Bure Equity AB (publ)","nichtOperativHolding","findash-export/v1/financials.json","unprofitable","unprofitable","1","null"
"betroffen","SBET","Sharplink, Inc.","nichtOperativKryptoTreasury","findash-export/v1/financials.json","unprofitable","unprofitable","2","null"
"betroffen","BHMG.L","BH Macro Limited","nichtOperativGeschlossenerFonds","findash-export/v1/financials.json","unprofitable","unprofitable","null","null"
"betroffen","FMONC.PA","Financière Moncey Société anonyme","nichtOperativHolding","findash-export/v1/financials.json","unprofitable","unprofitable","17","null"
"betroffen","TIP.MI","Tamburi Investment Partners S.p.A.","nichtOperativHolding","findash-export/v1/financials.json","unprofitable","unprofitable","null","null"
"betroffen","3350.T","Metaplanet Inc.","nichtOperativKryptoTreasury","findash-export/v1/full/consumer-discretionary.json","profitable","profitable","382","null"
"betroffen","SBR","Sabine Royalty Trust","nichtOperativRoyaltyTrust","findash-export/v1/full/energy.json","profitable","profitable","80","null"
"betroffen","PBT","Permian Basin Royalty Trust","nichtOperativRoyaltyTrust","findash-export/v1/full/energy.json","profitable","profitable","140","null"
"betroffen","NXP","Nuveen Select Tax-Free Income Portfolio","nichtOperativGeschlossenerFonds","findash-export/v1/full/financials.json","profitable","profitable","null","null"
"betroffen","PEUG.PA","Peugeot Invest Société anonyme","nichtOperativHolding","findash-export/v1/full/financials.json","profitable","profitable","null","null"
"betroffen","CORD.L","Cordiant Digital Infrastructure Limited","nichtOperativGeschlossenerFonds","findash-export/v1/full/financials.json","profitable","profitable","null","null"
"betroffen","KYN","Kayne Anderson Energy Infrastructure Fund, Inc.","nichtOperativGeschlossenerFonds","findash-export/v1/full/financials.json","profitable","profitable","null","null"
"betroffen","AUI.AX","Australian United Investment Company Limited","nichtOperativHolding","findash-export/v1/full/financials.json","profitable","profitable","null","null"
"betroffen","KBCA.BR","KBC Ancora SA","nichtOperativHolding","findash-export/v1/full/financials.json","profitable","profitable","null","null"
"betroffen","LSF.AX","L1 Long Short Fund Limited","nichtOperativGeschlossenerFonds","findash-export/v1/full/financials.json","profitable","profitable","null","null"
"betroffen","PGF.AX","PM Capital Global Opportunities Fund Limited","nichtOperativGeschlossenerFonds","findash-export/v1/full/financials.json","profitable","profitable","null","null"
"betroffen","AD.TO","Alaris Equity Partners Income Trust","nichtOperativHolding","findash-export/v1/full/financials.json","profitable","profitable","83","null"
"betroffen","BAJAJHLDNG.NS","Bajaj Holdings & Investment Limited","nichtOperativHolding","findash-export/v1/full/financials.json","profitable","profitable","null","null"
"betroffen","GCP.L","GCP Infrastructure Investments Limited","nichtOperativGeschlossenerFonds","findash-export/v1/full/financials.json","profitable","profitable","null","null"
"betroffen","WLE.AX","WAM Leaders Limited","nichtOperativHolding","findash-export/v1/full/financials.json","profitable","profitable","null","null"
"betroffen","BKI.AX","BKI Investment Company Limited","nichtOperativHolding","findash-export/v1/full/financials.json","profitable","profitable","null","null"
"betroffen","REINA.AS","Reinet Investments S.C.A.","nichtOperativHolding","findash-export/v1/full/financials.json","profitable","profitable","null","null"
"betroffen","AFI.AX","Australian Foundation Investment Company Limited","nichtOperativHolding","findash-export/v1/full/financials.json","profitable","profitable","null","null"
"betroffen","TFG.L","Tetragon Financial Group Limited","nichtOperativGeschlossenerFonds","findash-export/v1/full/financials.json","profitable","profitable","null","null"
"betroffen","OBDC","Blue Owl Capital Corporation","nichtOperativBdc","findash-export/v1/full/financials.json","profitable","profitable","null","null"
"betroffen","3IN.L","3i Infrastructure plc","nichtOperativGeschlossenerFonds","findash-export/v1/full/financials.json","profitable","profitable","null","null"
"betroffen","PSEC","Prospect Capital Corporation","nichtOperativBdc","findash-export/v1/full/financials.json","profitable","profitable","null","null"
"betroffen","GBLB.VI","Groupe Bruxelles Lambert SA","nichtOperativHolding","findash-export/v1/full/financials.json","profitable","profitable","161","null"
"betroffen","TRIN","Trinity Capital Inc.","nichtOperativBdc","findash-export/v1/full/financials.json","profitable","profitable","null","null"
"betroffen","GCI.AX","Gryphon Capital Income Trust","nichtOperativGeschlossenerFonds","findash-export/v1/full/financials.json","profitable","profitable","null","null"
"betroffen","HTGC","Hercules Capital, Inc.","nichtOperativBdc","findash-export/v1/full/financials.json","profitable","profitable","null","null"
"betroffen","CSWC","Capital Southwest Corporation","nichtOperativBdc","findash-export/v1/full/financials.json","profitable","profitable","null","null"
"betroffen","ARG.AX","Argo Investments Limited","nichtOperativHolding","findash-export/v1/full/financials.json","profitable","profitable","null","null"
"betroffen","BBDC","Barings BDC, Inc.","nichtOperativBdc","findash-export/v1/full/financials.json","profitable","profitable","null","null"
"betroffen","GBDC","Golub Capital BDC, Inc.","nichtOperativBdc","findash-export/v1/full/financials.json","profitable","profitable","null","null"
"betroffen","MAIN","Main Street Capital Corporation","nichtOperativBdc","findash-export/v1/full/financials.json","profitable","profitable","null","null"
"betroffen","FSK","FS KKR Capital Corp.","nichtOperativBdc","findash-export/v1/full/financials.json","profitable","profitable","null","null"
"betroffen","ARCC","Ares Capital Corporation","nichtOperativBdc","findash-export/v1/full/financials.json","profitable","profitable","null","null"
"betroffen","BXSL","Blackstone Secured Lending Fund","nichtOperativBdc","findash-export/v1/full/financials.json","profitable","profitable","null","null"
"betroffen","TATAINVEST.NS","Tata Investment Corporation Limited","nichtOperativHolding","findash-export/v1/full/financials.json","profitable","profitable","null","null"
"betroffen","TSLX","Sixth Street Specialty Lending, Inc.","nichtOperativBdc","findash-export/v1/full/financials.json","profitable","profitable","null","null"
"betroffen","MSDL","Morgan Stanley Direct Lending Fund","nichtOperativBdc","findash-export/v1/full/financials.json","profitable","profitable","null","null"
"betroffen","OTF","Blue Owl Technology Finance Corp.","nichtOperativBdc","findash-export/v1/full/financials.json","profitable","profitable","null","null"
"betroffen","PDX","PIMCO Dynamic Income Strategy Fund","nichtOperativGeschlossenerFonds","findash-export/v1/full/financials.json","profitable","profitable","null","null"
"betroffen","MXT.AX","Metrics Master Income Trust","nichtOperativGeschlossenerFonds","findash-export/v1/full/financials.json","profitable","profitable","null","null"
"betroffen","OXLC","Oxford Lane Capital Corp.","nichtOperativGeschlossenerFonds","findash-export/v1/full/financials.json","profitable","profitable","null","null"
"betroffen","PTY","PIMCO Corporate & Income Opportunity Fund","nichtOperativGeschlossenerFonds","findash-export/v1/full/financials.json","profitable","profitable","null","null"
"betroffen","MFF.AX","MFF Capital Investments Limited","nichtOperativHolding","findash-export/v1/full/financials.json","profitable","profitable","null","null"
"betroffen","PCN","PIMCO Corporate & Income Strategy Fund","nichtOperativGeschlossenerFonds","findash-export/v1/full/financials.json","profitable","profitable","null","null"
"betroffen","PDI","PIMCO Dynamic Income Fund","nichtOperativGeschlossenerFonds","findash-export/v1/full/financials.json","profitable","profitable","null","null"
"betroffen","ASGI","Abrdn Global Infrastructure Income Fund","nichtOperativGeschlossenerFonds","findash-export/v1/full/financials.json","profitable","profitable","null","null"
"betroffen","JSWHL.BO","JSW Holdings Limited","nichtOperativHolding","findash-export/v1/full/financials.json","profitable","profitable","268","null"
"betroffen","STEW","SRH Total Return Fund, Inc.","nichtOperativGeschlossenerFonds","findash-export/v1/full/financials.json","profitable","profitable","null","null"
"betroffen","BURE.ST","Bure Equity AB (publ)","nichtOperativHolding","findash-export/v1/full/financials.json","unprofitable","unprofitable","1","null"
"betroffen","SBET","Sharplink, Inc.","nichtOperativKryptoTreasury","findash-export/v1/full/financials.json","unprofitable","unprofitable","2","null"
"betroffen","BHMG.L","BH Macro Limited","nichtOperativGeschlossenerFonds","findash-export/v1/full/financials.json","unprofitable","unprofitable","null","null"
"betroffen","FMONC.PA","Financière Moncey Société anonyme","nichtOperativHolding","findash-export/v1/full/financials.json","unprofitable","unprofitable","17","null"
"betroffen","TIP.MI","Tamburi Investment Partners S.p.A.","nichtOperativHolding","findash-export/v1/full/financials.json","unprofitable","unprofitable","null","null"
"betroffen","PBT","Permian Basin Royalty Trust","nichtOperativRoyaltyTrust","findash-export/v1/quality/energy.json","profitable","profitable","25","null"
"betroffen","SBR","Sabine Royalty Trust","nichtOperativRoyaltyTrust","findash-export/v1/quality/energy.json","profitable","profitable","39","null"
"betroffen","3350.T","Metaplanet Inc.","nichtOperativKryptoTreasury","findash-export/v1/rule40/overview.json","rows","profitable","219","null"
"nachrueckend","SHELL.AS","Shell plc","","findash-export/v1/energy.json","profitable","profitable","81","80"
"nachrueckend","018670.KS","SK Gas Co., Ltd.","","findash-export/v1/energy.json","profitable","profitable","82","81"
"nachrueckend","RELIANCE.BO","Reliance Industries Limited","","findash-export/v1/energy.json","profitable","profitable","83","82"
"nachrueckend","GTT.PA","Gaztransport & Technigaz SA","","findash-export/v1/energy.json","profitable","profitable","84","83"
"nachrueckend","MPC","Marathon Petroleum Corporation","","findash-export/v1/energy.json","profitable","profitable","85","84"
"nachrueckend","TEN","Tsakos Energy Navigation Limited","","findash-export/v1/energy.json","profitable","profitable","86","85"
"nachrueckend","FRU.TO","Freehold Royalties Ltd.","","findash-export/v1/energy.json","profitable","profitable","87","86"
"nachrueckend","FANG","Diamondback Energy, Inc.","","findash-export/v1/energy.json","profitable","profitable","88","87"
"nachrueckend","PXT.TO","Parex Resources Inc.","","findash-export/v1/energy.json","profitable","profitable","89","88"
"nachrueckend","FRO","Frontline plc","","findash-export/v1/energy.json","profitable","profitable","90","89"
"nachrueckend","OVV","Ovintiv Inc.","","findash-export/v1/energy.json","profitable","profitable","91","90"
"nachrueckend","CEU.TO","CES Energy Solutions Corp.","","findash-export/v1/energy.json","profitable","profitable","92","91"
"nachrueckend","SPRC.BK","Star Petroleum Refining Public Company Limited","","findash-export/v1/energy.json","profitable","profitable","93","92"
"nachrueckend","DTM","DT Midstream, Inc.","","findash-export/v1/energy.json","profitable","profitable","94","93"
"nachrueckend","GEL","Genesis Energy, L.P.","","findash-export/v1/energy.json","profitable","profitable","95","94"
"nachrueckend","AROC","Archrock, Inc.","","findash-export/v1/energy.json","profitable","profitable","96","95"
"nachrueckend","PTBA.JK","PT Bukit Asam (Persero) Tbk","","findash-export/v1/energy.json","profitable","profitable","97","96"
"nachrueckend","267250.KS","HD Hyundai Co., Ltd.","","findash-export/v1/energy.json","profitable","profitable","98","97"
"nachrueckend","OIL.NS","Oil India Limited","","findash-export/v1/energy.json","profitable","profitable","99","98"
"nachrueckend","BSM","Black Stone Minerals, L.P.","","findash-export/v1/energy.json","profitable","profitable","100","99"
"nachrueckend","CBDG.PA","Compagnie du Cambodge","","findash-export/v1/financials.json","unprofitable","unprofitable","3","1"
"nachrueckend","HIVE","HIVE Digital Technologies Ltd.","","findash-export/v1/financials.json","unprofitable","unprofitable","4","2"
"nachrueckend","CRCL","Circle Internet Group, Inc.","","findash-export/v1/financials.json","unprofitable","unprofitable","5","3"
"nachrueckend","LU","Lufax Holding Ltd","","findash-export/v1/financials.json","unprofitable","unprofitable","6","4"
"nachrueckend","RF.VI","Eurazeo SE","","findash-export/v1/financials.json","unprofitable","unprofitable","7","5"
"nachrueckend","TOP","TOP Financial Group Limited","","findash-export/v1/financials.json","unprofitable","unprofitable","8","6"
"nachrueckend","2672.HK","Baige Online Digital Technology Co., Ltd.","","findash-export/v1/financials.json","unprofitable","unprofitable","9","7"
"nachrueckend","XP","XP Inc.","","findash-export/v1/financials.json","unprofitable","unprofitable","10","8"
"nachrueckend","IOND","Ionic Digital Inc.","","findash-export/v1/financials.json","unprofitable","unprofitable","11","9"
"nachrueckend","6023.TWO","Yuanta Futures Co., Ltd.","","findash-export/v1/financials.json","unprofitable","unprofitable","12","10"
"nachrueckend","601519.SS","Shanghai DZH Limited","","findash-export/v1/financials.json","unprofitable","unprofitable","13","11"
"nachrueckend","5871.TW","Chailease Holding Company Limited","","findash-export/v1/financials.json","unprofitable","unprofitable","14","12"
"nachrueckend","9941.TW","Taiwan Acceptance Corporation","","findash-export/v1/financials.json","unprofitable","unprofitable","15","13"
"nachrueckend","HASI","HA Sustainable Infrastructure Capital, Inc.","","findash-export/v1/financials.json","unprofitable","unprofitable","16","14"
"nachrueckend","603123.SS","Beijing Cuiwei Tower Co., Ltd.","","findash-export/v1/financials.json","unprofitable","unprofitable","18","15"
"nachrueckend","600643.SS","Shanghai Aj Group Co.,Ltd","","findash-export/v1/financials.json","unprofitable","unprofitable","19","16"
"nachrueckend","KLAR","Klarna Group plc","","findash-export/v1/financials.json","unprofitable","unprofitable","20","17"
"nachrueckend","RIOT","Riot Platforms, Inc.","","findash-export/v1/financials.json","unprofitable","unprofitable","21","18"
"nachrueckend","ASST","Strive, Inc.","","findash-export/v1/financials.json","unprofitable","unprofitable","22","19"
"nachrueckend","SOL.AX","Washington H. Soul Pattinson and Company Limited","","findash-export/v1/financials.json","unprofitable","unprofitable","23","20"
"nachrueckend","EQH","Equitable Holdings, Inc.","","findash-export/v1/financials.json","unprofitable","unprofitable","24","21"
"nachrueckend","UWMC","UWM Holdings Corporation","","findash-export/v1/financials.json","unprofitable","unprofitable","25","22"
"nachrueckend","SAMMAANCAP.NS","Sammaan Capital Limited","","findash-export/v1/financials.json","unprofitable","unprofitable","26","23"
"nachrueckend","IVZ","Invesco Ltd.","","findash-export/v1/financials.json","unprofitable","unprofitable","27","24"
"nachrueckend","HUT","Hut 8 Corp.","","findash-export/v1/financials.json","unprofitable","unprofitable","28","25"
"nachrueckend","MARA","MARA Holdings, Inc.","","findash-export/v1/financials.json","unprofitable","unprofitable","29","26"
"nachrueckend","AMP.AX","AMP Limited","","findash-export/v1/financials.json","unprofitable","unprofitable","30","27"
"nachrueckend","IREN","IREN Limited","","findash-export/v1/financials.json","unprofitable","unprofitable","31","28"
"nachrueckend","NUVAMA.BO","Nuvama Wealth Management Limited","","findash-export/v1/financials.json","unprofitable","unprofitable","32","29"
"nachrueckend","PS","Pershing Square Inc.","","findash-export/v1/financials.json","unprofitable","unprofitable","33","30"
"nachrueckend","0863.HK","OSL Group Limited","","findash-export/v1/financials.json","unprofitable","unprofitable","34","31"
"nachrueckend","WULF","TeraWulf Inc.","","findash-export/v1/financials.json","unprofitable","unprofitable","35","32"
"nachrueckend","P15.SI","Pacific Century Regional Developments Limited","","findash-export/v1/financials.json","unprofitable","unprofitable","36","33"
"nachrueckend","003033.SZ","Qingdao CHOHO Industrial Co.,Ltd.","","findash-export/v1/full/consumer-discretionary.json","profitable","profitable","383","382"
"nachrueckend","TILE","Interface, Inc.","","findash-export/v1/full/consumer-discretionary.json","profitable","profitable","384","383"
"nachrueckend","DORM","Dorman Products, Inc.","","findash-export/v1/full/consumer-discretionary.json","profitable","profitable","385","384"
"nachrueckend","603486.SS","Ecovacs Robotics Co., Ltd.","","findash-export/v1/full/consumer-discretionary.json","profitable","profitable","386","385"
"nachrueckend","603319.SS","Hunan Meihu Intelligent Manufacturing Co., Ltd.","","findash-export/v1/full/consumer-discretionary.json","profitable","profitable","387","386"
"nachrueckend","LCII","LCI Industries","","findash-export/v1/full/consumer-discretionary.json","profitable","profitable","388","387"
"nachrueckend","METROBRAND.NS","Metro Brands Limited","","findash-export/v1/full/consumer-discretionary.json","profitable","profitable","389","388"
"nachrueckend","DECK","Deckers Outdoor Corporation","","findash-export/v1/full/consumer-discretionary.json","profitable","profitable","390","389"
"nachrueckend","5334.T","Niterra Co., Ltd.","","findash-export/v1/full/consumer-discretionary.json","profitable","profitable","391","390"
"nachrueckend","TRENT.NS","Trent Limited","","findash-export/v1/full/consumer-discretionary.json","profitable","profitable","392","391"
"nachrueckend","SVV","Savers Value Village, Inc.","","findash-export/v1/full/consumer-discretionary.json","profitable","profitable","393","392"
"nachrueckend","TIMETECHNO.NS","Time Technoplast Limited","","findash-export/v1/full/consumer-discretionary.json","profitable","profitable","394","393"
"nachrueckend","688819.SS","Tianneng Battery Group Co., Ltd.","","findash-export/v1/full/consumer-discretionary.json","profitable","profitable","395","394"
"nachrueckend","0425.HK","Minth Group Limited","","findash-export/v1/full/consumer-discretionary.json","profitable","profitable","396","395"
"nachrueckend","600398.SS","Hla Group Corp., Ltd.","","findash-export/v1/full/consumer-discretionary.json","profitable","profitable","397","396"
"nachrueckend","VTL.NS","Vardhman Textiles Limited","","findash-export/v1/full/consumer-discretionary.json","profitable","profitable","398","397"
"nachrueckend","002713.SZ","Dong Yi Ri Sheng Home Decoration Group Co.,Ltd.","","findash-export/v1/full/consumer-discretionary.json","profitable","profitable","399","398"
"nachrueckend","HD","The Home Depot, Inc.","","findash-export/v1/full/consumer-discretionary.json","profitable","profitable","400","399"
"nachrueckend","CARTRADE.NS","CarTrade Tech Limited","","findash-export/v1/full/consumer-discretionary.json","profitable","profitable","401","400"
"nachrueckend","CRI","Carter's, Inc.","","findash-export/v1/full/consumer-discretionary.json","profitable","profitable","402","401"
"nachrueckend","3301.KL","Hong Leong Industries Berhad","","findash-export/v1/full/consumer-discretionary.json","profitable","profitable","403","402"
"nachrueckend","WESTLIFE.BO","Westlife Foodworld Limited","","findash-export/v1/full/consumer-discretionary.json","profitable","profitable","404","403"
"nachrueckend","GPC","Genuine Parts Company","","findash-export/v1/full/consumer-discretionary.json","profitable","profitable","405","404"
"nachrueckend","600166.SS","Beiqi Foton Motor Co.,Ltd.","","findash-export/v1/full/consumer-discretionary.json","profitable","profitable","406","405"
"nachrueckend","RVLV","Revolve Group, Inc.","","findash-export/v1/full/consumer-discretionary.json","profitable","profitable","407","406"
"nachrueckend","603049.SS","Zhongce Rubber Group Co., Ltd.","","findash-export/v1/full/consumer-discretionary.json","profitable","profitable","408","407"
"nachrueckend","BOOZT.ST","Boozt AB (publ)","","findash-export/v1/full/consumer-discretionary.json","profitable","profitable","409","408"
"nachrueckend","CCL.TO","CCL Industries Inc.","","findash-export/v1/full/consumer-discretionary.json","profitable","profitable","410","409"
"nachrueckend","CIE.VI","CIE Automotive, S.A.","","findash-export/v1/full/consumer-discretionary.json","profitable","profitable","411","410"
"nachrueckend","DLG.MI","De'Longhi S.p.A.","","findash-export/v1/full/consumer-discretionary.json","profitable","profitable","412","411"
"nachrueckend","COLM","Columbia Sportswear Company","","findash-export/v1/full/consumer-discretionary.json","profitable","profitable","413","412"
"nachrueckend","MAPI.JK","PT. Mitra Adiperkasa Tbk","","findash-export/v1/full/consumer-discretionary.json","profitable","profitable","414","413"
"nachrueckend","AMBER.NS","Amber Enterprises India Limited","","findash-export/v1/full/consumer-discretionary.json","profitable","profitable","415","414"
"nachrueckend","CIEINDIA.BO","CIE Automotive India Limited","","findash-export/v1/full/consumer-discretionary.json","profitable","profitable","416","415"
"nachrueckend","AVY","Avery Dennison Corporation","","findash-export/v1/full/consumer-discretionary.json","profitable","profitable","417","416"
"nachrueckend","1316.HK","Nexteer Automotive Group Limited","","findash-export/v1/full/consumer-discretionary.json","profitable","profitable","418","417"
"nachrueckend","SCGP.BK","SCG Packaging Public Company Limited","","findash-export/v1/full/consumer-discretionary.json","profitable","profitable","419","418"
"nachrueckend","NKE","NIKE, Inc.","","findash-export/v1/full/consumer-discretionary.json","profitable","profitable","420","419"
"nachrueckend","SAGA.L","Saga plc","","findash-export/v1/full/consumer-discretionary.json","profitable","profitable","421","420"
"nachrueckend","ALPA3.SA","Alpargatas S.A.","","findash-export/v1/full/consumer-discretionary.json","profitable","profitable","422","421"
"nachrueckend","EIHOTEL.NS","EIH Limited","","findash-export/v1/full/consumer-discretionary.json","profitable","profitable","423","422"
"nachrueckend","VSXY","Victorias Secret & Co.","","findash-export/v1/full/consumer-discretionary.json","profitable","profitable","424","423"
"nachrueckend","000700.SZ","Jiangnan Mould & Plastic Technology Co., Ltd.","","findash-export/v1/full/consumer-discretionary.json","profitable","profitable","425","424"
"nachrueckend","ORA.AX","Orora Limited","","findash-export/v1/full/consumer-discretionary.json","profitable","profitable","426","425"
"nachrueckend","603055.SS","Zhejiang Taihua New Material Group Co., Ltd.","","findash-export/v1/full/consumer-discretionary.json","profitable","profitable","427","426"
"nachrueckend","MANYAVAR.NS","Vedant Fashions Limited","","findash-export/v1/full/consumer-discretionary.json","profitable","profitable","428","427"
"nachrueckend","1476.TW","Eclat Textile Co., Ltd.","","findash-export/v1/full/consumer-discretionary.json","profitable","profitable","429","428"
"nachrueckend","2730.T","EDION Corporation","","findash-export/v1/full/consumer-discretionary.json","profitable","profitable","430","429"
"nachrueckend","CDI.VI","Christian Dior SE","","findash-export/v1/full/consumer-discretionary.json","profitable","profitable","431","430"
"nachrueckend","GAW.L","Games Workshop Group PLC","","findash-export/v1/full/consumer-discretionary.json","profitable","profitable","432","431"
"nachrueckend","OVS.MI","OVS S.p.A.","","findash-export/v1/full/consumer-discretionary.json","profitable","profitable","433","432"
"nachrueckend","LREN3.SA","Lojas Renner S.A.","","findash-export/v1/full/consumer-discretionary.json","profitable","profitable","434","433"
"nachrueckend","301535.SZ","Zhejiang Huayuan Auto Technology Co., Ltd.","","findash-export/v1/full/consumer-discretionary.json","profitable","profitable","435","434"
"nachrueckend","603009.SS","Shanghai Beite Technology group Co., Ltd.","","findash-export/v1/full/consumer-discretionary.json","profitable","profitable","436","435"
"nachrueckend","012330.KS","Hyundai Mobis Co.,Ltd","","findash-export/v1/full/consumer-discretionary.json","profitable","profitable","437","436"
"nachrueckend","000981.SZ","Sensteed Hi-Tech Group","","findash-export/v1/full/consumer-discretionary.json","profitable","profitable","438","437"
"nachrueckend","002984.SZ","Qingdao Sentury Tire Co., Ltd.","","findash-export/v1/full/consumer-discretionary.json","profitable","profitable","439","438"
"nachrueckend","TIMA.VI","ZEAL Network SE","","findash-export/v1/full/consumer-discretionary.json","profitable","profitable","440","439"
"nachrueckend","000559.SZ","Wanxiang Qianchao Co.,Ltd.","","findash-export/v1/full/consumer-discretionary.json","profitable","profitable","441","440"
"nachrueckend","MYE","Myers Industries, Inc.","","findash-export/v1/full/consumer-discretionary.json","profitable","profitable","442","441"
"nachrueckend","BIRK","Birkenstock Holding plc","","findash-export/v1/full/consumer-discretionary.json","profitable","profitable","443","442"
"nachrueckend","605319.SS","Wuxi Zhenhua Auto Parts Co.,Ltd.","","findash-export/v1/full/consumer-discretionary.json","profitable","profitable","444","443"
"nachrueckend","GPI","Group 1 Automotive, Inc.","","findash-export/v1/full/consumer-discretionary.json","profitable","profitable","445","444"
"nachrueckend","9690.HK","TUHU Car Inc.","","findash-export/v1/full/consumer-discretionary.json","profitable","profitable","446","445"
"nachrueckend","9618.HK","JD.com, Inc.","","findash-export/v1/full/consumer-discretionary.json","profitable","profitable","447","446"
"nachrueckend","APTV","Aptiv PLC","","findash-export/v1/full/consumer-discretionary.json","profitable","profitable","448","447"
"nachrueckend","EVO.ST","Evolution AB (publ)","","findash-export/v1/full/consumer-discretionary.json","profitable","profitable","449","448"
"nachrueckend","601799.SS","Changzhou Xingyu Automotive Lighting Systems Co., Ltd.","","findash-export/v1/full/consumer-discretionary.json","profitable","profitable","450","449"
"nachrueckend","TSCO","Tractor Supply Company","","findash-export/v1/full/consumer-discretionary.json","profitable","profitable","451","450"
"nachrueckend","7458.T","Daiichikosho Co., Ltd.","","findash-export/v1/full/consumer-discretionary.json","profitable","profitable","452","451"
"nachrueckend","AZO","AutoZone, Inc.","","findash-export/v1/full/consumer-discretionary.json","profitable","profitable","453","452"
"nachrueckend","1361.HK","361 Degrees International Limited","","findash-export/v1/full/consumer-discretionary.json","profitable","profitable","454","453"
"nachrueckend","WPK.TO","Winpak Ltd.","","findash-export/v1/full/consumer-discretionary.json","profitable","profitable","455","454"
"nachrueckend","BBWI","Bath & Body Works, Inc.","","findash-export/v1/full/consumer-discretionary.json","profitable","profitable","456","455"
"nachrueckend","6584.TWO","Nan Juen International Co., Ltd.","","findash-export/v1/full/consumer-discretionary.json","profitable","profitable","457","456"
"nachrueckend","MAR","Marriott International, Inc.","","findash-export/v1/full/consumer-discretionary.json","profitable","profitable","458","457"
"nachrueckend","002263.SZ","Zhejiang Great Southeast Corp.Ltd","","findash-export/v1/full/consumer-discretionary.json","profitable","profitable","459","458"
"nachrueckend","AEO","American Eagle Outfitters, Inc.","","findash-export/v1/full/consumer-discretionary.json","profitable","profitable","460","459"
"nachrueckend","000270.KS","Kia Corporation","","findash-export/v1/full/consumer-discretionary.json","profitable","profitable","461","460"
"nachrueckend","YETI","YETI Holdings, Inc.","","findash-export/v1/full/consumer-discretionary.json","profitable","profitable","462","461"
"nachrueckend","PHIN","PHINIA Inc.","","findash-export/v1/full/consumer-discretionary.json","profitable","profitable","463","462"
"nachrueckend","6674.T","GS Yuasa Corporation","","findash-export/v1/full/consumer-discretionary.json","profitable","profitable","464","463"
"nachrueckend","4250.SR","Jabal Omar Development Company","","findash-export/v1/full/consumer-discretionary.json","profitable","profitable","465","464"
"nachrueckend","6670.TW","FuSheng Precision Co., Ltd.","","findash-export/v1/full/consumer-discretionary.json","profitable","profitable","466","465"
"nachrueckend","NEWA-B.ST","New Wave Group AB (publ)","","findash-export/v1/full/consumer-discretionary.json","profitable","profitable","467","466"
"nachrueckend","GYG.AX","Guzman y Gomez Limited","","findash-export/v1/full/consumer-discretionary.json","profitable","profitable","468","467"
"nachrueckend","SHM.VI","Shimano Inc.","","findash-export/v1/full/consumer-discretionary.json","profitable","profitable","469","468"
"nachrueckend","SIG","Signet Jewelers Limited","","findash-export/v1/full/consumer-discretionary.json","profitable","profitable","470","469"
"nachrueckend","000589.SZ","Guizhou Tyre Co.,Ltd.","","findash-export/v1/full/consumer-discretionary.json","profitable","profitable","471","470"
"nachrueckend","9956.T","Valor Holdings Co., Ltd.","","findash-export/v1/full/consumer-discretionary.json","profitable","profitable","472","471"
"nachrueckend","7552.T","Happinet Corporation","","findash-export/v1/full/consumer-discretionary.json","profitable","profitable","473","472"
"nachrueckend","603130.SS","Zhejiang Yunzhongma Co.,Ltd.","","findash-export/v1/full/consumer-discretionary.json","profitable","profitable","474","473"
"nachrueckend","SHAK","Shake Shack Inc.","","findash-export/v1/full/consumer-discretionary.json","profitable","profitable","475","474"
"nachrueckend","CFR.SW","Compagnie Financière Richemont SA","","findash-export/v1/full/consumer-discretionary.json","profitable","profitable","476","475"
"nachrueckend","AN","AutoNation, Inc.","","findash-export/v1/full/consumer-discretionary.json","profitable","profitable","477","476"
"nachrueckend","601965.SS","China Automotive Engineering Research Institute Co., Ltd.","","findash-export/v1/full/consumer-discretionary.json","profitable","profitable","478","477"
"nachrueckend","8227.T","SHIMAMURA Co., Ltd.","","findash-export/v1/full/consumer-discretionary.json","profitable","profitable","479","478"
"nachrueckend","GRG.L","Greggs plc","","findash-export/v1/full/consumer-discretionary.json","profitable","profitable","480","479"
"nachrueckend","LEVI","Levi Strauss & Co.","","findash-export/v1/full/consumer-discretionary.json","profitable","profitable","481","480"
"nachrueckend","ICIL.BO","Indo Count Industries Limited","","findash-export/v1/full/consumer-discretionary.json","profitable","profitable","482","481"
"nachrueckend","600576.SS","Zhejiang Sunriver Culture Tourism Co.,Ltd.","","findash-export/v1/full/consumer-discretionary.json","profitable","profitable","483","482"
"nachrueckend","CURY.L","Currys plc","","findash-export/v1/full/consumer-discretionary.json","profitable","profitable","484","483"
"nachrueckend","9861.T","Yoshinoya Holdings Co., Ltd.","","findash-export/v1/full/consumer-discretionary.json","profitable","profitable","485","484"
"nachrueckend","DOCS.L","Dr. Martens plc","","findash-export/v1/full/consumer-discretionary.json","profitable","profitable","486","485"
"nachrueckend","300979.SZ","Huali Industrial Group Company Limited","","findash-export/v1/full/consumer-discretionary.json","profitable","profitable","487","486"
"nachrueckend","0999.HK","Xiaocaiyuan International Holding Ltd.","","findash-export/v1/full/consumer-discretionary.json","profitable","profitable","488","487"
"nachrueckend","300681.SZ","Zhuhai Enpower Electric Co.,Ltd.","","findash-export/v1/full/consumer-discretionary.json","profitable","profitable","489","488"
"nachrueckend","002705.SZ","Guangdong Xinbao Electrical Appliances Holdings Co., Ltd","","findash-export/v1/full/consumer-discretionary.json","profitable","profitable","490","489"
"nachrueckend","605098.SS","Shanghai Action Education Technology CO.,LTD.","","findash-export/v1/full/consumer-discretionary.json","profitable","profitable","491","490"
"nachrueckend","002612.SZ","Lancy Co., Ltd.","","findash-export/v1/full/consumer-discretionary.json","profitable","profitable","492","491"
"nachrueckend","9973.HK","Chery Automobile Co., Ltd.","","findash-export/v1/full/consumer-discretionary.json","profitable","profitable","493","492"
"nachrueckend","HMI.DE","Hermès International Société en commandite par actions","","findash-export/v1/full/consumer-discretionary.json","profitable","profitable","494","493"
"nachrueckend","3197.T","Skylark Holdings Co., Ltd.","","findash-export/v1/full/consumer-discretionary.json","profitable","profitable","495","494"
"nachrueckend","1368.HK","Xtep International Holdings Limited","","findash-export/v1/full/consumer-discretionary.json","profitable","profitable","496","495"
"nachrueckend","7211.T","Mitsubishi Motors Corporation","","findash-export/v1/full/consumer-discretionary.json","profitable","profitable","497","496"
"nachrueckend","GPH/1.MX","Grupo Palacio de Hierro, S.A.B. de C.V.","","findash-export/v1/full/consumer-discretionary.json","profitable","profitable","498","497"
"nachrueckend","FALABELLA.SN","Falabella S.A.","","findash-export/v1/full/consumer-discretionary.json","profitable","profitable","499","498"
"nachrueckend","7630.T","Ichibanya Co., Ltd.","","findash-export/v1/full/consumer-discretionary.json","profitable","profitable","500","499"
"nachrueckend","002472.SZ","Zhejiang Shuanghuan Driveline Co.,Ltd.","","findash-export/v1/full/consumer-discretionary.json","profitable","profitable","501","500"
"nachrueckend","3191.T","Joyful Honda Co.,Ltd.","","findash-export/v1/full/consumer-discretionary.json","profitable","profitable","502","501"
"nachrueckend","3998.HK","Bosideng International Holdings Limited","","findash-export/v1/full/consumer-discretionary.json","profitable","profitable","503","502"
"nachrueckend","BATAINDIA.BO","Bata India Limited","","findash-export/v1/full/consumer-discretionary.json","profitable","profitable","504","503"
"nachrueckend","AMZN","Amazon.com, Inc.","","findash-export/v1/full/consumer-discretionary.json","profitable","profitable","505","504"
"nachrueckend","VVV","Valvoline Inc.","","findash-export/v1/full/consumer-discretionary.json","profitable","profitable","506","505"
"nachrueckend","VRLA.VI","Verallia Société Anonyme","","findash-export/v1/full/consumer-discretionary.json","profitable","profitable","507","506"
"nachrueckend","8022.T","Mizuno Corporation","","findash-export/v1/full/consumer-discretionary.json","profitable","profitable","508","507"
"nachrueckend","1CEC.MI","Ceconomy AG","","findash-export/v1/full/consumer-discretionary.json","profitable","profitable","509","508"
"nachrueckend","CVSA","Covista Inc.","","findash-export/v1/full/consumer-discretionary.json","profitable","profitable","510","509"
"nachrueckend","0175.HK","Geely Automobile Holdings Limited","","findash-export/v1/full/consumer-discretionary.json","profitable","profitable","511","510"
"nachrueckend","VAC.PA","Pierre et Vacances SA","","findash-export/v1/full/consumer-discretionary.json","profitable","profitable","512","511"
"nachrueckend","018880.KS","Hanon Systems","","findash-export/v1/full/consumer-discretionary.json","profitable","profitable","513","512"
"nachrueckend","HAS","Hasbro, Inc.","","findash-export/v1/full/consumer-discretionary.json","profitable","profitable","514","513"
"nachrueckend","7832.T","BANDAI NAMCO Holdings Inc.","","findash-export/v1/full/consumer-discretionary.json","profitable","profitable","515","514"
"nachrueckend","002284.SZ","Zhejiang Asia-Pacific Mechanical & Electronic Co.,Ltd","","findash-export/v1/full/consumer-discretionary.json","profitable","profitable","516","515"
"nachrueckend","ADNT","Adient plc","","findash-export/v1/full/consumer-discretionary.json","profitable","profitable","517","516"
"nachrueckend","300483.SZ","Sino Prima Gas Technology Co., Ltd.","","findash-export/v1/full/consumer-discretionary.json","profitable","profitable","518","517"
"nachrueckend","APR.WA","Auto Partner SA","","findash-export/v1/full/consumer-discretionary.json","profitable","profitable","519","518"
"nachrueckend","6902.T","DENSO Corporation","","findash-export/v1/full/consumer-discretionary.json","profitable","profitable","520","519"
"nachrueckend","7419.T","Nojima Corporation","","findash-export/v1/full/consumer-discretionary.json","profitable","profitable","521","520"
"nachrueckend","HBH.VI","HORNBACH Holding AG & Co. KGaA","","findash-export/v1/full/consumer-discretionary.json","profitable","profitable","522","521"
"nachrueckend","600295.SS","Inner Mongolia ERDOS Resources Co.,Ltd.","","findash-export/v1/full/consumer-discretionary.json","profitable","profitable","523","522"
"nachrueckend","LTMC.MI","Lottomatica Group S.p.A.","","findash-export/v1/full/consumer-discretionary.json","profitable","profitable","524","523"
"nachrueckend","000338.SZ","Weichai Power Co., Ltd.","","findash-export/v1/full/consumer-discretionary.json","profitable","profitable","525","524"
"nachrueckend","PRSU","Pursuit Attractions and Hospitality, Inc.","","findash-export/v1/full/consumer-discretionary.json","profitable","profitable","526","525"
"nachrueckend","APEI","American Public Education, Inc.","","findash-export/v1/full/consumer-discretionary.json","profitable","profitable","527","526"
"nachrueckend","BH-A","Biglari Holdings Inc.","","findash-export/v1/full/consumer-discretionary.json","profitable","profitable","528","527"
"nachrueckend","GEF","Greif, Inc.","","findash-export/v1/full/consumer-discretionary.json","profitable","profitable","529","528"
"nachrueckend","FND","Floor & Decor Holdings, Inc.","","findash-export/v1/full/consumer-discretionary.json","profitable","profitable","530","529"
"nachrueckend","BURL","Burlington Stores, Inc.","","findash-export/v1/full/consumer-discretionary.json","profitable","profitable","531","530"
"nachrueckend","QSP.TO","Restaurant Brands International Limited Partnership","","findash-export/v1/full/consumer-discretionary.json","profitable","profitable","532","531"
"nachrueckend","GMAT3.SA","Grupo Mateus S.A.","","findash-export/v1/full/consumer-discretionary.json","profitable","profitable","533","532"
"nachrueckend","002536.SZ","Feilong Auto Components Co., Ltd.","","findash-export/v1/full/consumer-discretionary.json","profitable","profitable","534","533"
"nachrueckend","CCL","Carnival Corporation Ltd.","","findash-export/v1/full/consumer-discretionary.json","profitable","profitable","535","534"
"nachrueckend","JBH.AX","JB Hi-Fi Limited","","findash-export/v1/full/consumer-discretionary.json","profitable","profitable","536","535"
"nachrueckend","7988.T","Nifco Inc.","","findash-export/v1/full/consumer-discretionary.json","profitable","profitable","537","536"
"nachrueckend","LEMONTREE.BO","Lemon Tree Hotels Limited","","findash-export/v1/full/consumer-discretionary.json","profitable","profitable","538","537"
"nachrueckend","2685.T","and ST HD Co.,Ltd.","","findash-export/v1/full/consumer-discretionary.json","profitable","profitable","539","538"
"nachrueckend","002488.SZ","Zhejiang Jingu Company Limited","","findash-export/v1/full/consumer-discretionary.json","profitable","profitable","540","539"
"nachrueckend","002251.SZ","Better Life Commercial Chain Share Co.,Ltd","","findash-export/v1/full/consumer-discretionary.json","profitable","profitable","541","540"
"nachrueckend","300863.SZ","Ningbo KBE Electrical Technology Co.,Ltd.","","findash-export/v1/full/consumer-discretionary.json","profitable","profitable","542","541"
"nachrueckend","WING","Wingstop Inc.","","findash-export/v1/full/consumer-discretionary.json","profitable","profitable","543","542"
"nachrueckend","7259.T","Aisin Corporation","","findash-export/v1/full/consumer-discretionary.json","profitable","profitable","544","543"
"nachrueckend","603043.SS","Guangzhou Restaurant Group Company Limited","","findash-export/v1/full/consumer-discretionary.json","profitable","profitable","545","544"
"nachrueckend","FSKRS.HE","Fiskars Oyj Abp","","findash-export/v1/full/consumer-discretionary.json","profitable","profitable","546","545"
"nachrueckend","LIVEPOL/1.MX","El Puerto de Liverpool, S.A.B. de C.V.","","findash-export/v1/full/consumer-discretionary.json","profitable","profitable","547","546"
"nachrueckend","1FRVIA.MI","Forvia SE","","findash-export/v1/full/consumer-discretionary.json","profitable","profitable","548","547"
"nachrueckend","SBUX","Starbucks Corporation","","findash-export/v1/full/consumer-discretionary.json","profitable","profitable","549","548"
"nachrueckend","7269.T","Suzuki Motor Corporation","","findash-export/v1/full/consumer-discretionary.json","profitable","profitable","550","549"
"nachrueckend","W","Wayfair Inc.","","findash-export/v1/full/consumer-discretionary.json","profitable","profitable","551","550"
"nachrueckend","7867.T","TOMY Company, Ltd.","","findash-export/v1/full/consumer-discretionary.json","profitable","profitable","552","551"
"nachrueckend","001216.SZ","Hunan Hualian China Industry Co., Ltd.","","findash-export/v1/full/consumer-discretionary.json","profitable","profitable","553","552"
"nachrueckend","2232.HK","Crystal International Group Limited","","findash-export/v1/full/consumer-discretionary.json","profitable","profitable","554","553"
"nachrueckend","JUBLFOOD.BO","Jubilant FoodWorks Limited","","findash-export/v1/full/consumer-discretionary.json","profitable","profitable","555","554"
"nachrueckend","DRVN","Driven Brands Holdings Inc.","","findash-export/v1/full/consumer-discretionary.json","profitable","profitable","556","555"
"nachrueckend","BRG.AX","Breville Group Limited","","findash-export/v1/full/consumer-discretionary.json","profitable","profitable","557","556"
"nachrueckend","PATK","Patrick Industries, Inc.","","findash-export/v1/full/consumer-discretionary.json","profitable","profitable","558","557"
"nachrueckend","WH","Wyndham Hotels & Resorts, Inc.","","findash-export/v1/full/consumer-discretionary.json","profitable","profitable","559","558"
"nachrueckend","RH","RH","","findash-export/v1/full/consumer-discretionary.json","profitable","profitable","560","559"
"nachrueckend","002516.SZ","Kuangda Technology Group Co., Ltd.","","findash-export/v1/full/consumer-discretionary.json","profitable","profitable","561","560"
"nachrueckend","603816.SS","Jason Furniture (Hangzhou) Co.,Ltd.","","findash-export/v1/full/consumer-discretionary.json","profitable","profitable","562","561"
"nachrueckend","073240.KS","Kumho Tire Co., Inc.","","findash-export/v1/full/consumer-discretionary.json","profitable","profitable","563","562"
"nachrueckend","LTH","Life Time Group Holdings, Inc.","","findash-export/v1/full/consumer-discretionary.json","profitable","profitable","564","563"
"nachrueckend","MOTHERSON.BO","Samvardhana Motherson International Limited","","findash-export/v1/full/consumer-discretionary.json","profitable","profitable","565","564"
"nachrueckend","ADS.SW","adidas AG","","findash-export/v1/full/consumer-discretionary.json","profitable","profitable","566","565"
"nachrueckend","8111.T","Goldwin Inc.","","findash-export/v1/full/consumer-discretionary.json","profitable","profitable","567","566"
"nachrueckend","CROX","Crocs, Inc.","","findash-export/v1/full/consumer-discretionary.json","profitable","profitable","568","567"
"nachrueckend","8273.T","Izumi Co., Ltd.","","findash-export/v1/full/consumer-discretionary.json","profitable","profitable","569","568"
"nachrueckend","5105.T","Toyo Tire Corporation","","findash-export/v1/full/consumer-discretionary.json","profitable","profitable","570","569"
"nachrueckend","2313.HK","Shenzhou International Group Holdings Limited","","findash-export/v1/full/consumer-discretionary.json","profitable","profitable","571","570"
"nachrueckend","002265.SZ","Jianshe Industry Group (Yunnan) Co., Ltd.","","findash-export/v1/full/consumer-discretionary.json","profitable","profitable","572","571"
"nachrueckend","LNF.TO","Leon's Furniture Limited","","findash-export/v1/full/consumer-discretionary.json","profitable","profitable","573","572"
"nachrueckend","PXED","Phoenix Education Partners, Inc.","","findash-export/v1/full/consumer-discretionary.json","profitable","profitable","574","573"
"nachrueckend","MEL.MC","Meliá Hotels International, S.A.","","findash-export/v1/full/consumer-discretionary.json","profitable","profitable","575","574"
"nachrueckend","600741.SS","HUAYU Automotive Systems Company Limited","","findash-export/v1/full/consumer-discretionary.json","profitable","profitable","576","575"
"nachrueckend","6862.HK","Haidilao International Holding Ltd.","","findash-export/v1/full/consumer-discretionary.json","profitable","profitable","577","576"
"nachrueckend","300005.SZ","Toread Holdings Group Co., Ltd.","","findash-export/v1/full/consumer-discretionary.json","profitable","profitable","578","577"
"nachrueckend","CAVA","CAVA Group, Inc.","","findash-export/v1/full/consumer-discretionary.json","profitable","profitable","579","578"
"nachrueckend","CLAS-B.ST","Clas Ohlson AB (publ)","","findash-export/v1/full/consumer-discretionary.json","profitable","profitable","580","579"
"nachrueckend","TXRH","Texas Roadhouse, Inc.","","findash-export/v1/full/consumer-discretionary.json","profitable","profitable","581","580"
"nachrueckend","VKTR.JK","PT VKTR Teknologi Mobilitas Tbk","","findash-export/v1/full/consumer-discretionary.json","profitable","profitable","582","581"
"nachrueckend","MAT","Mattel, Inc.","","findash-export/v1/full/consumer-discretionary.json","profitable","profitable","583","582"
"nachrueckend","8130.T","Sangetsu Corporation","","findash-export/v1/full/consumer-discretionary.json","profitable","profitable","584","583"
"nachrueckend","JKTYRE.BO","JK Tyre & Industries Limited","","findash-export/v1/full/consumer-discretionary.json","profitable","profitable","585","584"
"nachrueckend","002701.SZ","ORG Technology Co., Ltd.","","findash-export/v1/full/consumer-discretionary.json","profitable","profitable","586","585"
"nachrueckend","3591.T","Wacoal Holdings Corp.","","findash-export/v1/full/consumer-discretionary.json","profitable","profitable","587","586"
"nachrueckend","HBX.MC","HBX Group International plc","","findash-export/v1/full/consumer-discretionary.json","profitable","profitable","588","587"
"nachrueckend","603305.SS","Ningbo Xusheng Group Co., Ltd.","","findash-export/v1/full/consumer-discretionary.json","profitable","profitable","589","588"
"nachrueckend","603515.SS","Opple Lighting Co.,LTD","","findash-export/v1/full/consumer-discretionary.json","profitable","profitable","590","589"
"nachrueckend","3087.T","DOUTOR NICHIRES Holdings Co., Ltd.","","findash-export/v1/full/consumer-discretionary.json","profitable","profitable","591","590"
"nachrueckend","SHA1.VI","Schaeffler AG","","findash-export/v1/full/consumer-discretionary.json","profitable","profitable","592","591"
"nachrueckend","THO","THOR Industries, Inc.","","findash-export/v1/full/consumer-discretionary.json","profitable","profitable","593","592"
"nachrueckend","ALSEA.MX","Alsea, S.A.B. de C.V.","","findash-export/v1/full/consumer-discretionary.json","profitable","profitable","594","593"
"nachrueckend","BFAM","Bright Horizons Family Solutions Inc.","","findash-export/v1/full/consumer-discretionary.json","profitable","profitable","595","594"
"nachrueckend","301061.SZ","MotoMotion China Corporation","","findash-export/v1/full/consumer-discretionary.json","profitable","profitable","596","595"
"nachrueckend","300918.SZ","Shandong Nanshan Fashion Sci-Tech Co., Ltd.","","findash-export/v1/full/consumer-discretionary.json","profitable","profitable","597","596"
"nachrueckend","8179.T","ROYAL HOLDINGS Co., Ltd.","","findash-export/v1/full/consumer-discretionary.json","profitable","profitable","598","597"
"nachrueckend","BJRI","BJ's Restaurants, Inc.","","findash-export/v1/full/consumer-discretionary.json","profitable","profitable","599","598"
"nachrueckend","CMG","Chipotle Mexican Grill, Inc.","","findash-export/v1/full/consumer-discretionary.json","profitable","profitable","600","599"
"nachrueckend","301078.SZ","Kidswant Digital Technology Co., Ltd.","","findash-export/v1/full/consumer-discretionary.json","profitable","profitable","601","600"
"nachrueckend","CTC.TO","Canadian Tire Corporation, Limited","","findash-export/v1/full/consumer-discretionary.json","profitable","profitable","602","601"
"nachrueckend","2331.HK","Li Ning Company Limited","","findash-export/v1/full/consumer-discretionary.json","profitable","profitable","603","602"
"nachrueckend","300969.SZ","NINGBO HENGSHUAI Co., LTD.","","findash-export/v1/full/consumer-discretionary.json","profitable","profitable","604","603"
"nachrueckend","6110.HK","Topsports International Holdings Limited","","findash-export/v1/full/consumer-discretionary.json","profitable","profitable","605","604"
"nachrueckend","8464.TW","Nien Made Enterprise Co., LTD.","","findash-export/v1/full/consumer-discretionary.json","profitable","profitable","606","605"
"nachrueckend","TNL","Travel + Leisure Co.","","findash-export/v1/full/consumer-discretionary.json","profitable","profitable","607","606"
"nachrueckend","CRC.BK","Central Retail Corporation Public Company Limited","","findash-export/v1/full/consumer-discretionary.json","profitable","profitable","608","607"
"nachrueckend","002032.SZ","Zhejiang Supor Co., Ltd.","","findash-export/v1/full/consumer-discretionary.json","profitable","profitable","609","608"
"nachrueckend","PVH","PVH Corp.","","findash-export/v1/full/consumer-discretionary.json","profitable","profitable","610","609"
"nachrueckend","0780.HK","Tongcheng Travel Holdings Limited","","findash-export/v1/full/consumer-discretionary.json","profitable","profitable","611","610"
"nachrueckend","MLKN","MillerKnoll, Inc.","","findash-export/v1/full/consumer-discretionary.json","profitable","profitable","612","611"
"nachrueckend","ANF","Abercrombie & Fitch Co.","","findash-export/v1/full/consumer-discretionary.json","profitable","profitable","613","612"
"nachrueckend","IBP","Installed Building Products, Inc.","","findash-export/v1/full/consumer-discretionary.json","profitable","profitable","614","613"
"nachrueckend","WHIRLPOOL.BO","Whirlpool of India Limited","","findash-export/v1/full/consumer-discretionary.json","profitable","profitable","615","614"
"nachrueckend","9936.T","Ohsho Food Service Corp.","","findash-export/v1/full/consumer-discretionary.json","profitable","profitable","616","615"
"nachrueckend","CYRE3.SA","Cyrela Brazil Realty S.A. Empreendimentos e Participações","","findash-export/v1/full/consumer-discretionary.json","profitable","profitable","617","616"
"nachrueckend","011210.KS","Hyundai Wia Corporation","","findash-export/v1/full/consumer-discretionary.json","profitable","profitable","618","617"
"nachrueckend","9882.T","Yellow Hat Ltd.","","findash-export/v1/full/consumer-discretionary.json","profitable","profitable","619","618"
"nachrueckend","KFI1.DE","Kingfisher plc","","findash-export/v1/full/consumer-discretionary.json","profitable","profitable","620","619"
"nachrueckend","6995.T","Tokai Rika Co., Ltd.","","findash-export/v1/full/consumer-discretionary.json","profitable","profitable","621","620"
"nachrueckend","OSW","OneSpaWorld Holdings Limited","","findash-export/v1/full/consumer-discretionary.json","profitable","profitable","622","621"
"nachrueckend","601966.SS","Shandong Linglong Tyre Co.,Ltd.","","findash-export/v1/full/consumer-discretionary.json","profitable","profitable","623","622"
"nachrueckend","H","Hyatt Hotels Corporation","","findash-export/v1/full/consumer-discretionary.json","profitable","profitable","624","623"
"nachrueckend","ACAD.ST","AcadeMedia AB (publ)","","findash-export/v1/full/consumer-discretionary.json","profitable","profitable","625","624"
"nachrueckend","004170.KS","SHINSEGAE Inc.","","findash-export/v1/full/consumer-discretionary.json","profitable","profitable","626","625"
"nachrueckend","GEST.MC","Gestamp Automoción, S.A.","","findash-export/v1/full/consumer-discretionary.json","profitable","profitable","627","626"
"nachrueckend","7278.T","EXEDY Corporation","","findash-export/v1/full/consumer-discretionary.json","profitable","profitable","628","627"
"nachrueckend","002239.SZ","Aotecar New Energy Technology Co., Ltd.","","findash-export/v1/full/consumer-discretionary.json","profitable","profitable","629","628"
"nachrueckend","EAT","Brinker International, Inc.","","findash-export/v1/full/consumer-discretionary.json","profitable","profitable","630","629"
"nachrueckend","REYN","Reynolds Consumer Products Inc.","","findash-export/v1/full/consumer-discretionary.json","profitable","profitable","631","630"
"nachrueckend","2702.T","McDonald's Holdings Company (Japan), Ltd.","","findash-export/v1/full/consumer-discretionary.json","profitable","profitable","632","631"
"nachrueckend","601233.SS","Tongkun Group Co., Ltd.","","findash-export/v1/full/consumer-discretionary.json","profitable","profitable","633","632"
"nachrueckend","CZR","Caesars Entertainment, Inc.","","findash-export/v1/full/consumer-discretionary.json","profitable","profitable","634","633"
"nachrueckend","CON.DE","Continental Aktiengesellschaft","","findash-export/v1/full/consumer-discretionary.json","profitable","profitable","635","634"
"nachrueckend","EYE","National Vision Holdings, Inc.","","findash-export/v1/full/consumer-discretionary.json","profitable","profitable","636","635"
"nachrueckend","7734.TWO","AblePrint Technology Co., Ltd.","","findash-export/v1/full/consumer-discretionary.json","profitable","profitable","637","636"
"nachrueckend","1128.HK","Wynn Macau, Limited","","findash-export/v1/full/consumer-discretionary.json","profitable","profitable","638","637"
"nachrueckend","601633.SS","Great Wall Motor Company Limited","","findash-export/v1/full/consumer-discretionary.json","profitable","profitable","639","638"
"nachrueckend","603608.SS","Topscore Fashion Co., Ltd.","","findash-export/v1/full/consumer-discretionary.json","profitable","profitable","640","639"
"nachrueckend","DEVYANI.BO","Devyani International Limited","","findash-export/v1/full/consumer-discretionary.json","profitable","profitable","641","640"
"nachrueckend","605099.SS","CoCreation Grass Co., Ltd","","findash-export/v1/full/consumer-discretionary.json","profitable","profitable","642","641"
"nachrueckend","1736.TW","Johnson Health Tech .Co., Ltd.","","findash-export/v1/full/consumer-discretionary.json","profitable","profitable","643","642"
"nachrueckend","1HUH.MI","Huhtamäki Oyj","","findash-export/v1/full/consumer-discretionary.json","profitable","profitable","644","643"
"nachrueckend","SFQ.DE","SAF-Holland SE","","findash-export/v1/full/consumer-discretionary.json","profitable","profitable","645","644"
"nachrueckend","SATS.OL","Sats ASA","","findash-export/v1/full/consumer-discretionary.json","profitable","profitable","646","645"
"nachrueckend","CHDN","Churchill Downs Incorporated","","findash-export/v1/full/consumer-discretionary.json","profitable","profitable","647","646"
"nachrueckend","3387.T","create restaurants holdings inc.","","findash-export/v1/full/consumer-discretionary.json","profitable","profitable","648","647"
"nachrueckend","1910.HK","Samsonite Group S.A.","","findash-export/v1/full/consumer-discretionary.json","profitable","profitable","649","648"
"nachrueckend","601311.SS","Camel Group Co., Ltd.","","findash-export/v1/full/consumer-discretionary.json","profitable","profitable","650","649"
"nachrueckend","BWA","BorgWarner Inc.","","findash-export/v1/full/consumer-discretionary.json","profitable","profitable","651","650"
"nachrueckend","SBH","Sally Beauty Holdings, Inc.","","findash-export/v1/full/consumer-discretionary.json","profitable","profitable","652","651"
"nachrueckend","300819.SZ","Jiangsu Jujie Microfiber Technology Group Co., Ltd.","","findash-export/v1/full/consumer-discretionary.json","profitable","profitable","653","652"
"nachrueckend","SHOT.ST","Scandic Hotels Group AB (publ)","","findash-export/v1/full/consumer-discretionary.json","profitable","profitable","654","653"
"nachrueckend","3291.T","Iida Group Holdings Co., Ltd.","","findash-export/v1/full/consumer-discretionary.json","profitable","profitable","655","654"
"nachrueckend","HYUNDAI.BO","Hyundai Motor India Limited","","findash-export/v1/full/consumer-discretionary.json","profitable","profitable","656","655"
"nachrueckend","603293.SS","Wuhu Atech Automotive Co., Ltd.","","findash-export/v1/full/consumer-discretionary.json","profitable","profitable","657","656"
"nachrueckend","1836.HK","Stella International Holdings Limited","","findash-export/v1/full/consumer-discretionary.json","profitable","profitable","658","657"
"nachrueckend","BGSI","Boyd Group Services Inc.","","findash-export/v1/full/consumer-discretionary.json","profitable","profitable","659","658"
"nachrueckend","8282.T","K's Holdings Corporation","","findash-export/v1/full/consumer-discretionary.json","profitable","profitable","660","659"
"nachrueckend","002563.SZ","Zhejiang Semir Garment Co., Ltd.","","findash-export/v1/full/consumer-discretionary.json","profitable","profitable","661","660"
"nachrueckend","M","Macy's, Inc.","","findash-export/v1/full/consumer-discretionary.json","profitable","profitable","662","661"
"nachrueckend","002303.SZ","MYS Group Co., Ltd.","","findash-export/v1/full/consumer-discretionary.json","profitable","profitable","663","662"
"nachrueckend","605599.SS","Beijing Caishikou Department Store Co.,Ltd.","","findash-export/v1/full/consumer-discretionary.json","profitable","profitable","664","663"
"nachrueckend","DAO","Youdao, Inc.","","findash-export/v1/full/consumer-discretionary.json","profitable","profitable","665","664"
"nachrueckend","7220.T","Musashi Seimitsu Industry Co., Ltd.","","findash-export/v1/full/consumer-discretionary.json","profitable","profitable","666","665"
"nachrueckend","601968.SS","Shanghai Baosteel Packaging Co., Ltd.","","findash-export/v1/full/consumer-discretionary.json","profitable","profitable","667","666"
"nachrueckend","PAG","Penske Automotive Group, Inc.","","findash-export/v1/full/consumer-discretionary.json","profitable","profitable","668","667"
"nachrueckend","002664.SZ","Xinzhi Group Co., Ltd.","","findash-export/v1/full/consumer-discretionary.json","profitable","profitable","669","668"
"nachrueckend","603489.SS","Bafang Electric (Suzhou) Co.,Ltd.","","findash-export/v1/full/consumer-discretionary.json","profitable","profitable","670","669"
"nachrueckend","7981.T","Takara Standard Co.,Ltd.","","findash-export/v1/full/consumer-discretionary.json","profitable","profitable","671","670"
"nachrueckend","MBC","MasterBrand, Inc.","","findash-export/v1/full/consumer-discretionary.json","profitable","profitable","672","671"
"nachrueckend","SHOO","Steven Madden, Ltd.","","findash-export/v1/full/consumer-discretionary.json","profitable","profitable","673","672"
"nachrueckend","JDW.L","J D Wetherspoon plc","","findash-export/v1/full/consumer-discretionary.json","profitable","profitable","674","673"
"nachrueckend","WHRL3.SA","Whirlpool S.A.","","findash-export/v1/full/consumer-discretionary.json","profitable","profitable","675","674"
"nachrueckend","OU8.SI","Centurion Corporation Limited","","findash-export/v1/full/consumer-discretionary.json","profitable","profitable","676","675"
"nachrueckend","9722.T","Fujita Kanko Inc.","","findash-export/v1/full/consumer-discretionary.json","profitable","profitable","677","676"
"nachrueckend","002249.SZ","Zhongshan Broad-Ocean Motor Co., Ltd.","","findash-export/v1/full/consumer-discretionary.json","profitable","profitable","678","677"
"nachrueckend","603950.SS","Xiangyang Changyuandonggu Industry Co., Ltd.","","findash-export/v1/full/consumer-discretionary.json","profitable","profitable","679","678"
"nachrueckend","3116.T","Toyota Boshoku Corporation","","findash-export/v1/full/consumer-discretionary.json","profitable","profitable","680","679"
"nachrueckend","ZFCVINDIA.BO","ZF Commercial Vehicle Control Systems India Limited","","findash-export/v1/full/consumer-discretionary.json","profitable","profitable","681","680"
"nachrueckend","300432.SZ","Fulin Precision Co., Ltd.","","findash-export/v1/full/consumer-discretionary.json","profitable","profitable","682","681"
"nachrueckend","600699.SS","Ningbo Joyson Electronic Corp.","","findash-export/v1/full/consumer-discretionary.json","profitable","profitable","683","682"
"nachrueckend","002674.SZ","Xingye Leather Technology Co., Ltd.","","findash-export/v1/full/consumer-discretionary.json","profitable","profitable","684","683"
"nachrueckend","688612.SS","Shenzhen VMAX New Energy Co., Ltd.","","findash-export/v1/full/consumer-discretionary.json","profitable","profitable","685","684"
"nachrueckend","LULU","lululemon athletica inc.","","findash-export/v1/full/consumer-discretionary.json","profitable","profitable","686","685"
"nachrueckend","1911.T","Sumitomo Forestry Co., Ltd.","","findash-export/v1/full/consumer-discretionary.json","profitable","profitable","687","686"
"nachrueckend","000913.SZ","Zhejiang Qianjiang Motorcycle Co., Ltd.","","findash-export/v1/full/consumer-discretionary.json","profitable","profitable","688","687"
"nachrueckend","MMB.PA","Lagardere SA","","findash-export/v1/full/consumer-discretionary.json","profitable","profitable","689","688"
"nachrueckend","RSI","Rush Street Interactive, Inc.","","findash-export/v1/full/consumer-discretionary.json","profitable","profitable","690","689"
"nachrueckend","0308.HK","China Travel International Investment Hong Kong Limited","","findash-export/v1/full/consumer-discretionary.json","profitable","profitable","691","690"
"nachrueckend","RLH/A.MX","RLH Properties, S.A.B. de C.V.","","findash-export/v1/full/consumer-discretionary.json","profitable","profitable","692","691"
"nachrueckend","FORCEMOT.BO","Force Motors Limited","","findash-export/v1/full/consumer-discretionary.json","profitable","profitable","693","692"
"nachrueckend","6473.T","JTEKT Corporation","","findash-export/v1/full/consumer-discretionary.json","profitable","profitable","694","693"
"nachrueckend","CART","Maplebear Inc.","","findash-export/v1/full/consumer-discretionary.json","profitable","profitable","695","694"
"nachrueckend","3045.TW","Taiwan Mobile Co., Ltd.","","findash-export/v1/full/consumer-discretionary.json","profitable","profitable","696","695"
"nachrueckend","600104.SS","SAIC Motor Corporation Limited","","findash-export/v1/full/consumer-discretionary.json","profitable","profitable","697","696"
"nachrueckend","CAKE","The Cheesecake Factory Incorporated","","findash-export/v1/full/consumer-discretionary.json","profitable","profitable","698","697"
"nachrueckend","0179.HK","Johnson Electric Holdings Limited","","findash-export/v1/full/consumer-discretionary.json","profitable","profitable","699","698"
"nachrueckend","WTB.L","Whitbread plc","","findash-export/v1/full/consumer-discretionary.json","profitable","profitable","700","699"
"nachrueckend","301177.SZ","DR Corporation Limited","","findash-export/v1/full/consumer-discretionary.json","profitable","profitable","701","700"
"nachrueckend","THRM","Gentherm Incorporated","","findash-export/v1/full/consumer-discretionary.json","profitable","profitable","702","701"
"nachrueckend","007070.KS","GS Retail Co., Ltd.","","findash-export/v1/full/consumer-discretionary.json","profitable","profitable","703","702"
"nachrueckend","UTI","Universal Technical Institute, Inc.","","findash-export/v1/full/consumer-discretionary.json","profitable","profitable","704","703"
"nachrueckend","9988.HK","Alibaba Group Holding Limited","","findash-export/v1/full/consumer-discretionary.json","profitable","profitable","705","704"
"nachrueckend","4755.T","Rakuten Group, Inc.","","findash-export/v1/full/consumer-discretionary.json","profitable","profitable","706","705"
"nachrueckend","BYD","Boyd Gaming Corporation","","findash-export/v1/full/consumer-discretionary.json","profitable","profitable","707","706"
"nachrueckend","8276.T","Heiwado Co.,Ltd.","","findash-export/v1/full/consumer-discretionary.json","profitable","profitable","708","707"
"nachrueckend","3182.KL","Genting Berhad","","findash-export/v1/full/consumer-discretionary.json","profitable","profitable","709","708"
"nachrueckend","HGV","Hilton Grand Vacations Inc.","","findash-export/v1/full/consumer-discretionary.json","profitable","profitable","710","709"
"nachrueckend","0027.HK","Galaxy Entertainment Group Limited","","findash-export/v1/full/consumer-discretionary.json","profitable","profitable","711","710"
"nachrueckend","ARCO","Arcos Dorados Holdings Inc.","","findash-export/v1/full/consumer-discretionary.json","profitable","profitable","712","711"
"nachrueckend","7581.T","Saizeriya Co.,Ltd.","","findash-export/v1/full/consumer-discretionary.json","profitable","profitable","713","712"
"nachrueckend","HVN.AX","Harvey Norman Holdings Limited","","findash-export/v1/full/consumer-discretionary.json","profitable","profitable","714","713"
"nachrueckend","7287.T","Nippon Seiki Co., Ltd.","","findash-export/v1/full/consumer-discretionary.json","profitable","profitable","715","714"
"nachrueckend","CHA","Chagee Holdings Limited","","findash-export/v1/full/consumer-discretionary.json","profitable","profitable","716","715"
"nachrueckend","TRN.L","Trainline plc","","findash-export/v1/full/consumer-discretionary.json","profitable","profitable","717","716"
"nachrueckend","002572.SZ","Suofeiya Home Collection Co., Ltd.","","findash-export/v1/full/consumer-discretionary.json","profitable","profitable","718","717"
"nachrueckend","MGA","Magna International Inc.","","findash-export/v1/full/consumer-discretionary.json","profitable","profitable","719","718"
"nachrueckend","PKG","Packaging Corporation of America","","findash-export/v1/full/consumer-discretionary.json","profitable","profitable","720","719"
"nachrueckend","RIPLEY.SN","Ripley Corp S.A.","","findash-export/v1/full/consumer-discretionary.json","profitable","profitable","721","720"
"nachrueckend","BRSL","Brightstar Lottery PLC","","findash-export/v1/full/consumer-discretionary.json","profitable","profitable","722","721"
"nachrueckend","MTN","Vail Resorts, Inc.","","findash-export/v1/full/consumer-discretionary.json","profitable","profitable","723","722"
"nachrueckend","CHWY","Chewy, Inc.","","findash-export/v1/full/consumer-discretionary.json","profitable","profitable","724","723"
"nachrueckend","9961.HK","Trip.com Group Limited","","findash-export/v1/full/consumer-discretionary.json","profitable","profitable","725","724"
"nachrueckend","1999.HK","Man Wah Holdings Limited","","findash-export/v1/full/consumer-discretionary.json","profitable","profitable","726","725"
"nachrueckend","FR.VI","Valeo SE","","findash-export/v1/full/consumer-discretionary.json","profitable","profitable","727","726"
"nachrueckend","023530.KS","Lotte Shopping Co., Ltd.","","findash-export/v1/full/consumer-discretionary.json","profitable","profitable","728","727"
"nachrueckend","STRA","Strategic Education, Inc.","","findash-export/v1/full/consumer-discretionary.json","profitable","profitable","729","728"
"nachrueckend","298020.KS","Hyosung TNC Corporation","","findash-export/v1/full/consumer-discretionary.json","profitable","profitable","730","729"
"nachrueckend","8218.T","Komeri Co.,Ltd.","","findash-export/v1/full/consumer-discretionary.json","profitable","profitable","731","730"
"nachrueckend","TRS","TriMas Corporation","","findash-export/v1/full/consumer-discretionary.json","profitable","profitable","732","731"
"nachrueckend","688326.SS","Beijing Jingwei Hirain Technologies Co., Inc.","","findash-export/v1/full/consumer-discretionary.json","profitable","profitable","733","732"
"nachrueckend","002085.SZ","Zhejiang Wanfeng Auto Wheel Co., Ltd.","","findash-export/v1/full/consumer-discretionary.json","profitable","profitable","734","733"
"nachrueckend","4689.T","LY Corporation","","findash-export/v1/full/consumer-discretionary.json","profitable","profitable","735","734"
"nachrueckend","605006.SS","Shandong Fiberglass Group Co., Ltd","","findash-export/v1/full/consumer-discretionary.json","profitable","profitable","736","735"
"nachrueckend","2207.TW","Hotai Motor Co.,Ltd.","","findash-export/v1/full/consumer-discretionary.json","profitable","profitable","737","736"
"nachrueckend","301667.SZ","RNBC New Energy Co., Ltd.","","findash-export/v1/full/consumer-discretionary.json","profitable","profitable","738","737"
"nachrueckend","603997.SS","Ningbo Jifeng Auto Parts Co., Ltd.","","findash-export/v1/full/consumer-discretionary.json","profitable","profitable","739","738"
"nachrueckend","H15.SI","Hotel Properties Limited","","findash-export/v1/full/consumer-discretionary.json","profitable","profitable","740","739"
"nachrueckend","603730.SS","Shanghai Daimay Automotive Interior Co., Ltd","","findash-export/v1/full/consumer-discretionary.json","profitable","profitable","741","740"
"nachrueckend","9939.TW","Taiwan Hon Chuan Enterprise Co., Ltd.","","findash-export/v1/full/consumer-discretionary.json","profitable","profitable","742","741"
"nachrueckend","2903.TW","Far Eastern Department Stores, Ltd.","","findash-export/v1/full/consumer-discretionary.json","profitable","profitable","743","742"
"nachrueckend","MC.SW","LVMH Moët Hennessy - Louis Vuitton, Société Européenne","","findash-export/v1/full/consumer-discretionary.json","profitable","profitable","744","743"
"nachrueckend","5903.TWO","Taiwan FamilyMart Co., Ltd.","","findash-export/v1/full/consumer-discretionary.json","profitable","profitable","745","744"
"nachrueckend","002594.SZ","BYD Company Limited","","findash-export/v1/full/consumer-discretionary.json","profitable","profitable","746","745"
"nachrueckend","GLOBAL.BK","Siam Global House Public Company Limited","","findash-export/v1/full/consumer-discretionary.json","profitable","profitable","747","746"
"nachrueckend","RUSHB","Rush Enterprises, Inc.","","findash-export/v1/full/consumer-discretionary.json","profitable","profitable","748","747"
"nachrueckend","BRE2.VI","Brembo N.V.","","findash-export/v1/full/consumer-discretionary.json","profitable","profitable","749","748"
"nachrueckend","SANOMA.HE","Sanoma Oyj","","findash-export/v1/full/consumer-discretionary.json","profitable","profitable","750","749"
"nachrueckend","MMYT","MakeMyTrip Limited","","findash-export/v1/full/consumer-discretionary.json","profitable","profitable","751","750"
"nachrueckend","MONC.VI","Moncler S.p.A.","","findash-export/v1/full/consumer-discretionary.json","profitable","profitable","752","751"
"nachrueckend","3569.T","Seiren Co.,Ltd.","","findash-export/v1/full/consumer-discretionary.json","profitable","profitable","753","752"
"nachrueckend","DAN","Dana Incorporated","","findash-export/v1/full/consumer-discretionary.json","profitable","profitable","754","753"
"nachrueckend","OI","O-I Glass, Inc.","","findash-export/v1/full/consumer-discretionary.json","profitable","profitable","755","754"
"nachrueckend","9948.T","ARCS Company Limited","","findash-export/v1/full/consumer-discretionary.json","profitable","profitable","756","755"
"nachrueckend","VIPS","Vipshop Holdings Limited","","findash-export/v1/full/consumer-discretionary.json","profitable","profitable","757","756"
"nachrueckend","ETSY","Etsy, Inc.","","findash-export/v1/full/consumer-discretionary.json","profitable","profitable","758","757"
"nachrueckend","CHH","Choice Hotels International, Inc.","","findash-export/v1/full/consumer-discretionary.json","profitable","profitable","759","758"
"nachrueckend","AWC.BK","Asset World Corp Public Company Limited","","findash-export/v1/full/consumer-discretionary.json","profitable","profitable","760","759"
"nachrueckend","PDD","PDD Holdings Inc.","","findash-export/v1/full/consumer-discretionary.json","profitable","profitable","761","760"
"nachrueckend","TRAVELFOOD.NS","Travel Food Services Limited","","findash-export/v1/full/consumer-discretionary.json","profitable","profitable","762","761"
"nachrueckend","603877.SS","Ningbo Peacebird Fashion Co.,Ltd.","","findash-export/v1/full/consumer-discretionary.json","profitable","profitable","763","762"
"nachrueckend","600081.SS","Dong Feng Electronic Technology Co.,Ltd.","","findash-export/v1/full/consumer-discretionary.json","profitable","profitable","764","763"
"nachrueckend","7947.T","FP Corporation","","findash-export/v1/full/consumer-discretionary.json","profitable","profitable","765","764"
"nachrueckend","QSR","Restaurant Brands International Inc.","","findash-export/v1/full/consumer-discretionary.json","profitable","profitable","766","765"
"nachrueckend","CHALET.BO","Chalet Hotels Limited","","findash-export/v1/full/consumer-discretionary.json","profitable","profitable","767","766"
"nachrueckend","7550.T","Zensho Holdings Co., Ltd.","","findash-export/v1/full/consumer-discretionary.json","profitable","profitable","768","767"
"nachrueckend","6417.T","Sankyo Co., Ltd.","","findash-export/v1/full/consumer-discretionary.json","profitable","profitable","769","768"
"nachrueckend","VENTIVE.BO","Ventive Hospitality Limited","","findash-export/v1/full/consumer-discretionary.json","profitable","profitable","770","769"
"nachrueckend","NCLH","Norwegian Cruise Line Holdings Ltd.","","findash-export/v1/full/consumer-discretionary.json","profitable","profitable","771","770"
"nachrueckend","600480.SS","Ling Yun Industrial Corporation Limited","","findash-export/v1/full/consumer-discretionary.json","profitable","profitable","772","771"
"nachrueckend","PC.VI","Pirelli & C. S.p.A.","","findash-export/v1/full/consumer-discretionary.json","profitable","profitable","773","772"
"nachrueckend","3048.T","Bic Camera Inc.","","findash-export/v1/full/consumer-discretionary.json","profitable","profitable","774","773"
"nachrueckend","1AVOL.MI","Avolta AG","","findash-export/v1/full/consumer-discretionary.json","profitable","profitable","775","774"
"nachrueckend","0069.HK","Shangri-La Asia Limited","","findash-export/v1/full/consumer-discretionary.json","profitable","profitable","776","775"
"nachrueckend","LNR.TO","Linamar Corporation","","findash-export/v1/full/consumer-discretionary.json","profitable","profitable","777","776"
"nachrueckend","MHK","Mohawk Industries, Inc.","","findash-export/v1/full/consumer-discretionary.json","profitable","profitable","778","777"
"nachrueckend","9831.T","Yamada Holdings Co., Ltd.","","findash-export/v1/full/consumer-discretionary.json","profitable","profitable","779","778"
"nachrueckend","DIET.VI","D'Ieteren Group SA","","findash-export/v1/full/consumer-discretionary.json","profitable","profitable","780","779"
"nachrueckend","001237.SZ","Ningbo Hicon Industry Technology Co., Ltd.","","findash-export/v1/full/consumer-discretionary.json","profitable","profitable","781","780"
"nachrueckend","BRBY.L","Burberry Group plc","","findash-export/v1/full/consumer-discretionary.json","profitable","profitable","782","781"
"nachrueckend","600916.SS","China National Gold Group Gold Jewellery Co.,Ltd.","","findash-export/v1/full/consumer-discretionary.json","profitable","profitable","783","782"
"nachrueckend","002867.SZ","Chow Tai Seng Jewellery Co., Ltd.","","findash-export/v1/full/consumer-discretionary.json","profitable","profitable","784","783"
"nachrueckend","1UHR.MI","The Swatch Group AG","","findash-export/v1/full/consumer-discretionary.json","profitable","profitable","785","784"
"nachrueckend","RCL","Royal Caribbean Cruises Ltd.","","findash-export/v1/full/consumer-discretionary.json","profitable","profitable","786","785"
"nachrueckend","DCH","Dauch Corporation","","findash-export/v1/full/consumer-discretionary.json","profitable","profitable","787","786"
"nachrueckend","4006.KL","Oriental Holdings Berhad","","findash-export/v1/full/consumer-discretionary.json","profitable","profitable","788","787"
"nachrueckend","PETS.L","Pets at Home Group Plc","","findash-export/v1/full/consumer-discretionary.json","profitable","profitable","789","788"
"nachrueckend","5108.T","Bridgestone Corporation","","findash-export/v1/full/consumer-discretionary.json","profitable","profitable","790","789"
"nachrueckend","SW","Smurfit Westrock Plc","","findash-export/v1/full/consumer-discretionary.json","profitable","profitable","791","790"
"nachrueckend","2025.HK","Ruifeng Power Group Company Limited","","findash-export/v1/full/consumer-discretionary.json","profitable","profitable","792","791"
"nachrueckend","BOSS.VI","Hugo Boss AG","","findash-export/v1/full/consumer-discretionary.json","profitable","profitable","793","792"
"nachrueckend","PRKS","United Parks & Resorts Inc.","","findash-export/v1/full/consumer-discretionary.json","profitable","profitable","794","793"
"nachrueckend","002607.SZ","Offcn Education Technology Co., Ltd.","","findash-export/v1/full/consumer-discretionary.json","profitable","profitable","795","794"
"nachrueckend","VAC","Marriott Vacations Worldwide Corporation","","findash-export/v1/full/consumer-discretionary.json","profitable","profitable","796","795"
"nachrueckend","600258.SS","BTG Hotels (Group) Co., Ltd.","","findash-export/v1/full/consumer-discretionary.json","profitable","profitable","797","796"
"nachrueckend","GVR.IR","Glenveagh Properties PLC","","findash-export/v1/full/consumer-discretionary.json","profitable","profitable","798","797"
"nachrueckend","002154.SZ","Bxn Holding Co., Ltd.","","findash-export/v1/full/consumer-discretionary.json","profitable","profitable","799","798"
"nachrueckend","600593.SS","Dalian Sunasia Tourism Holding CO.,LTD","","findash-export/v1/full/consumer-discretionary.json","profitable","profitable","800","799"
"nachrueckend","603219.SS","Ningbo Fujia Industrial Co., Ltd.","","findash-export/v1/full/consumer-discretionary.json","profitable","profitable","801","800"
"nachrueckend","SCI","Service Corporation International","","findash-export/v1/full/consumer-discretionary.json","profitable","profitable","802","801"
"nachrueckend","002752.SZ","Sunrise Group Company Limited","","findash-export/v1/full/consumer-discretionary.json","profitable","profitable","803","802"
"nachrueckend","0325.HK","Bloks Group Limited","","findash-export/v1/full/consumer-discretionary.json","profitable","profitable","804","803"
"nachrueckend","GPK","Graphic Packaging Holding Company","","findash-export/v1/full/consumer-discretionary.json","profitable","profitable","805","804"
"nachrueckend","HANM.WA","H & M Hennes & Mauritz AB (publ)","","findash-export/v1/full/consumer-discretionary.json","profitable","profitable","806","805"
"nachrueckend","GIGANTE.MX","Grupo Gigante, S. A. B. de C. V.","","findash-export/v1/full/consumer-discretionary.json","profitable","profitable","807","806"
"nachrueckend","9910.TW","Feng Tay Enterprises Co., Ltd.","","findash-export/v1/full/consumer-discretionary.json","profitable","profitable","808","807"
"nachrueckend","FRAS.L","Frasers Group Plc","","findash-export/v1/full/consumer-discretionary.json","profitable","profitable","809","808"
"nachrueckend","ZGN","Ermenegildo Zegna N.V.","","findash-export/v1/full/consumer-discretionary.json","profitable","profitable","810","809"
"nachrueckend","9005.T","Tokyu Corporation","","findash-export/v1/full/consumer-discretionary.json","profitable","profitable","811","810"
"nachrueckend","002190.SZ","Sichuan Chengfei Integration Technology Corp.Ltd","","findash-export/v1/full/consumer-discretionary.json","profitable","profitable","812","811"
"nachrueckend","600839.SS","Sichuan Changhong Electric Co.,Ltd.","","findash-export/v1/full/consumer-discretionary.json","profitable","profitable","813","812"
"nachrueckend","1434.TW","Formosa Taffeta Co., Ltd.","","findash-export/v1/full/consumer-discretionary.json","profitable","profitable","814","813"
"nachrueckend","CENTEL.BK","Central Plaza Hotel Public Company Limited","","findash-export/v1/full/consumer-discretionary.json","profitable","profitable","815","814"
"nachrueckend","COA.L","Coats Group plc","","findash-export/v1/full/consumer-discretionary.json","profitable","profitable","816","815"
"nachrueckend","ARB.AX","ARB Corporation Limited","","findash-export/v1/full/consumer-discretionary.json","profitable","profitable","817","816"
"nachrueckend","003041.SZ","Zhejiang Truelove Vogue Co., Ltd.","","findash-export/v1/full/consumer-discretionary.json","profitable","profitable","818","817"
"nachrueckend","8267.T","Aeon Co., Ltd.","","findash-export/v1/full/consumer-discretionary.json","profitable","profitable","819","818"
"nachrueckend","KSS","Kohl's Corporation","","findash-export/v1/full/consumer-discretionary.json","profitable","profitable","820","819"
"nachrueckend","603013.SS","YAPP Automotive Systems Co., Ltd.","","findash-export/v1/full/consumer-discretionary.json","profitable","profitable","821","820"
"nachrueckend","1HLE.MI","HELLA GmbH & Co. KGaA","","findash-export/v1/full/consumer-discretionary.json","profitable","profitable","822","821"
"nachrueckend","8214.T","AOKI Holdings Inc.","","findash-export/v1/full/consumer-discretionary.json","profitable","profitable","823","822"
"nachrueckend","OPM.PA","OPmobility SE","","findash-export/v1/full/consumer-discretionary.json","profitable","profitable","824","823"
"nachrueckend","3690.HK","Meituan","","findash-export/v1/full/consumer-discretionary.json","profitable","profitable","825","824"
"nachrueckend","300180.SZ","Huafon Microfibre (Shanghai) Co., Ltd.","","findash-export/v1/full/consumer-discretionary.json","profitable","profitable","826","825"
"nachrueckend","MLCO","Melco Resorts & Entertainment Limited","","findash-export/v1/full/consumer-discretionary.json","profitable","profitable","827","826"
"nachrueckend","601086.SS","Gansu Guofang Industry & Trade (Group) Co., Ltd.","","findash-export/v1/full/consumer-discretionary.json","profitable","profitable","828","827"
"nachrueckend","3110.T","Nitto Boseki Co., Ltd.","","findash-export/v1/full/consumer-discretionary.json","profitable","profitable","829","828"
"nachrueckend","OPLN","OPENLANE, Inc.","","findash-export/v1/full/consumer-discretionary.json","profitable","profitable","830","829"
"nachrueckend","603587.SS","Dazzle Fashion Co., Ltd","","findash-export/v1/full/consumer-discretionary.json","profitable","profitable","831","830"
"nachrueckend","SKY","Champion Homes, Inc.","","findash-export/v1/full/consumer-discretionary.json","profitable","profitable","832","831"
"nachrueckend","601163.SS","Triangle Tyre Co.,Ltd","","findash-export/v1/full/consumer-discretionary.json","profitable","profitable","833","832"
"nachrueckend","301188.SZ","Shandong Linuo Pharmaceutical Packaging Co., Ltd.","","findash-export/v1/full/consumer-discretionary.json","profitable","profitable","834","833"
"nachrueckend","000045.SZ","Shenzhen Textile (Holdings) Co., Ltd.","","findash-export/v1/full/consumer-discretionary.json","profitable","profitable","835","834"
"nachrueckend","002787.SZ","Suzhou Hycan Holdings Co., Ltd.","","findash-export/v1/full/consumer-discretionary.json","profitable","profitable","836","835"
"nachrueckend","MGLU3.SA","Magazine Luiza S.A.","","findash-export/v1/full/consumer-discretionary.json","profitable","profitable","837","836"
"nachrueckend","GT","The Goodyear Tire & Rubber Company","","findash-export/v1/full/consumer-discretionary.json","profitable","profitable","838","837"
"nachrueckend","1928.HK","Sands China Ltd.","","findash-export/v1/full/consumer-discretionary.json","profitable","profitable","839","838"
"nachrueckend","CBRL","Cracker Barrel Old Country Store, Inc.","","findash-export/v1/full/consumer-discretionary.json","profitable","profitable","840","839"
"nachrueckend","069960.KS","Hyundai Department Store Co. Ltd.","","findash-export/v1/full/consumer-discretionary.json","profitable","profitable","841","840"
"nachrueckend","301550.SZ","Zhejiang Sling Automobile Bearing Co., Ltd.","","findash-export/v1/full/consumer-discretionary.json","profitable","profitable","842","841"
"nachrueckend","LEA","Lear Corporation","","findash-export/v1/full/consumer-discretionary.json","profitable","profitable","843","842"
"nachrueckend","MNSO","MINISO Group Holding Limited","","findash-export/v1/full/consumer-discretionary.json","profitable","profitable","844","843"
"nachrueckend","002537.SZ","HyUnion Holding Co.,Ltd","","findash-export/v1/full/consumer-discretionary.json","profitable","profitable","845","844"
"nachrueckend","CRN.L","Cairn Homes plc","","findash-export/v1/full/consumer-discretionary.json","profitable","profitable","846","845"
"nachrueckend","LAMPS.AT","Lampsa Hellenic Hotels S.A.","","findash-export/v1/full/consumer-discretionary.json","profitable","profitable","847","846"
"nachrueckend","600693.SS","Fujian Dongbai (Group) Co.,Ltd.","","findash-export/v1/full/consumer-discretionary.json","profitable","profitable","848","847"
"nachrueckend","7864.T","Fuji Seal International, Inc.","","findash-export/v1/full/consumer-discretionary.json","profitable","profitable","849","848"
"nachrueckend","000581.SZ","Weifu High-Technology Group Co., Ltd.","","findash-export/v1/full/consumer-discretionary.json","profitable","profitable","850","849"
"nachrueckend","VOWI.VI","Volkswagen AG","","findash-export/v1/full/consumer-discretionary.json","profitable","profitable","851","850"
"nachrueckend","4197.KL","Sime Darby Berhad","","findash-export/v1/full/consumer-discretionary.json","profitable","profitable","852","851"
"nachrueckend","6592.T","Mabuchi Motor Co., Ltd.","","findash-export/v1/full/consumer-discretionary.json","profitable","profitable","853","852"
"nachrueckend","2659.T","SAN-A CO.,LTD.","","findash-export/v1/full/consumer-discretionary.json","profitable","profitable","854","853"
"nachrueckend","2105.TW","Cheng Shin Rubber Ind. Co., Ltd.","","findash-export/v1/full/consumer-discretionary.json","profitable","profitable","855","854"
"nachrueckend","7951.T","Yamaha Corporation","","findash-export/v1/full/consumer-discretionary.json","profitable","profitable","856","855"
"nachrueckend","002029.SZ","Fujian Septwolves Industry Co., Ltd.","","findash-export/v1/full/consumer-discretionary.json","profitable","profitable","857","856"
"nachrueckend","2670.T","ABC-Mart,Inc.","","findash-export/v1/full/consumer-discretionary.json","profitable","profitable","858","857"
"nachrueckend","RRR","Red Rock Resorts, Inc.","","findash-export/v1/full/consumer-discretionary.json","profitable","profitable","859","858"
"nachrueckend","300740.SZ","SYoung Group Co., Ltd.","","findash-export/v1/full/consumer-discretionary.json","profitable","profitable","860","859"
"nachrueckend","CALY","Callaway Golf Company","","findash-export/v1/full/consumer-discretionary.json","profitable","profitable","861","860"
"nachrueckend","000524.SZ","Guangzhou Lingnan Group Holdings Company Limited","","findash-export/v1/full/consumer-discretionary.json","profitable","profitable","862","861"
"nachrueckend","TOM.VI","Toyota Motor Corporation","","findash-export/v1/full/consumer-discretionary.json","profitable","profitable","863","862"
"nachrueckend","LEG","Leggett & Platt Inc","","findash-export/v1/full/consumer-discretionary.json","profitable","profitable","864","863"
"nachrueckend","7270.T","Subaru Corporation","","findash-export/v1/full/consumer-discretionary.json","profitable","profitable","865","864"
"nachrueckend","001356.SZ","Fuling Technology Co., LTD","","findash-export/v1/full/consumer-discretionary.json","profitable","profitable","866","865"
"nachrueckend","5947.T","Rinnai Corporation","","findash-export/v1/full/consumer-discretionary.json","profitable","profitable","867","866"
"nachrueckend","ELUX-A.ST","AB Electrolux (publ)","","findash-export/v1/full/consumer-discretionary.json","profitable","profitable","868","867"
"nachrueckend","035250.KS","Kangwon Land, Inc.","","findash-export/v1/full/consumer-discretionary.json","profitable","profitable","869","868"
"nachrueckend","9638.HK","Ferretti S.p.A.","","findash-export/v1/full/consumer-discretionary.json","profitable","profitable","870","869"
"nachrueckend","GAP","The Gap, Inc.","","findash-export/v1/full/consumer-discretionary.json","profitable","profitable","871","870"
"nachrueckend","600335.SS","Sinomach Automobile Co.,Ltd.","","findash-export/v1/full/consumer-discretionary.json","profitable","profitable","872","871"
"nachrueckend","VFC","V.F. Corporation","","findash-export/v1/full/consumer-discretionary.json","profitable","profitable","873","872"
"nachrueckend","SEBS.VI","SEB SA","","findash-export/v1/full/consumer-discretionary.json","profitable","profitable","874","873"
"nachrueckend","601689.SS","Ningbo Tuopu Group Co.,Ltd.","","findash-export/v1/full/consumer-discretionary.json","profitable","profitable","875","874"
"nachrueckend","605255.SS","Ningbo TIP Rubber Technology Co.,Ltd","","findash-export/v1/full/consumer-discretionary.json","profitable","profitable","876","875"
"nachrueckend","PCJEWELLER.NS","PC Jeweller Limited","","findash-export/v1/full/consumer-discretionary.json","profitable","profitable","877","876"
"nachrueckend","LRN","Stride, Inc.","","findash-export/v1/full/consumer-discretionary.json","profitable","profitable","878","877"
"nachrueckend","301559.SZ","CIMC Safeway Technologies Co., Ltd.","","findash-export/v1/full/consumer-discretionary.json","profitable","profitable","879","878"
"nachrueckend","BKG.L","The Berkeley Group Holdings plc","","findash-export/v1/full/consumer-discretionary.json","profitable","profitable","880","879"
"nachrueckend","9843.T","Nitori Holdings Co., Ltd.","","findash-export/v1/full/consumer-discretionary.json","profitable","profitable","881","880"
"nachrueckend","5991.T","NHK Spring Co., Ltd.","","findash-export/v1/full/consumer-discretionary.json","profitable","profitable","882","881"
"nachrueckend","600686.SS","Xiamen King Long Motor Group Co., Ltd.","","findash-export/v1/full/consumer-discretionary.json","profitable","profitable","883","882"
"nachrueckend","ALSN","Allison Transmission Holdings, Inc.","","findash-export/v1/full/consumer-discretionary.json","profitable","profitable","884","883"
"nachrueckend","603202.SS","Heilongjiang Tianyouwei Electronics Co., Ltd.","","findash-export/v1/full/consumer-discretionary.json","profitable","profitable","885","884"
"nachrueckend","DHI","D.R. Horton, Inc.","","findash-export/v1/full/consumer-discretionary.json","profitable","profitable","886","885"
"nachrueckend","605188.SS","Jiangxi Guoguang Commercial Chains Co., Ltd.","","findash-export/v1/full/consumer-discretionary.json","profitable","profitable","887","886"
"nachrueckend","000240.KS","Hankook & Company Co., Ltd.","","findash-export/v1/full/consumer-discretionary.json","profitable","profitable","888","887"
"nachrueckend","ALL.AX","Aristocrat Leisure Limited","","findash-export/v1/full/consumer-discretionary.json","profitable","profitable","889","888"
"nachrueckend","NVR","NVR, Inc.","","findash-export/v1/full/consumer-discretionary.json","profitable","profitable","890","889"
"nachrueckend","TSLA","Tesla, Inc.","","findash-export/v1/full/consumer-discretionary.json","profitable","profitable","891","890"
"nachrueckend","MMK.VI","Mayr-Melnhof Karton AG","","findash-export/v1/full/consumer-discretionary.json","profitable","profitable","892","891"
"nachrueckend","1319.TW","Tong Yang Industry Co., Ltd.","","findash-export/v1/full/consumer-discretionary.json","profitable","profitable","893","892"
"nachrueckend","WELSPUNLIV.NS","Welspun Living Limited","","findash-export/v1/full/consumer-discretionary.json","profitable","profitable","894","893"
"nachrueckend","600651.SS","Shanghai Feilo Acoustics Co.,Ltd","","findash-export/v1/full/consumer-discretionary.json","profitable","profitable","895","894"
"nachrueckend","FLT.AX","Flight Centre Travel Group Limited","","findash-export/v1/full/consumer-discretionary.json","profitable","profitable","896","895"
"nachrueckend","9921.TW","Giant Manufacturing Co., Ltd.","","findash-export/v1/full/consumer-discretionary.json","profitable","profitable","897","896"
"nachrueckend","WYNN","Wynn Resorts, Limited","","findash-export/v1/full/consumer-discretionary.json","profitable","profitable","898","897"
"nachrueckend","1402.TW","Far Eastern New Century Corporation","","findash-export/v1/full/consumer-discretionary.json","profitable","profitable","899","898"
"nachrueckend","002434.SZ","Zhejiang Wanliyang Co., Ltd.","","findash-export/v1/full/consumer-discretionary.json","profitable","profitable","900","899"
"nachrueckend","LKQ","LKQ Corporation","","findash-export/v1/full/consumer-discretionary.json","profitable","profitable","901","900"
"nachrueckend","CPNG","Coupang, Inc.","","findash-export/v1/full/consumer-discretionary.json","profitable","profitable","902","901"
"nachrueckend","8278.T","Fuji Co., Ltd.","","findash-export/v1/full/consumer-discretionary.json","profitable","profitable","903","902"
"nachrueckend","HZO","MarineMax, Inc.","","findash-export/v1/full/consumer-discretionary.json","profitable","profitable","904","903"
"nachrueckend","5975.T","Topre Corporation","","findash-export/v1/full/consumer-discretionary.json","profitable","profitable","905","904"
"nachrueckend","DOU2.VI","Douglas AG","","findash-export/v1/full/consumer-discretionary.json","profitable","profitable","906","905"
"nachrueckend","LZB","La-Z-Boy Incorporated","","findash-export/v1/full/consumer-discretionary.json","profitable","profitable","907","906"
"nachrueckend","1928.T","Sekisui House, Ltd.","","findash-export/v1/full/consumer-discretionary.json","profitable","profitable","908","907"
"nachrueckend","MDV.WA","Modivo S.A.","","findash-export/v1/full/consumer-discretionary.json","profitable","profitable","909","908"
"nachrueckend","P911.DE","Dr. Ing. h.c. F. Porsche AG","","findash-export/v1/full/consumer-discretionary.json","profitable","profitable","910","909"
"nachrueckend","600612.SS","Lao Feng Xiang Co., Ltd.","","findash-export/v1/full/consumer-discretionary.json","profitable","profitable","911","910"
"nachrueckend","002697.SZ","Chengdu Hongqi Chain Co.,Ltd.","","findash-export/v1/full/consumer-discretionary.json","profitable","profitable","912","911"
"nachrueckend","300100.SZ","Shuanglin Co., Ltd.","","findash-export/v1/full/consumer-discretionary.json","profitable","profitable","913","912"
"nachrueckend","000420.SZ","Jilin Chemical Fibre Stock Co.,Ltd","","findash-export/v1/full/consumer-discretionary.json","profitable","profitable","914","913"
"nachrueckend","002048.SZ","Ningbo Huaxiang Electronic Co., Ltd.","","findash-export/v1/full/consumer-discretionary.json","profitable","profitable","915","914"
"nachrueckend","3397.T","TORIDOLL Holdings Corporation","","findash-export/v1/full/consumer-discretionary.json","profitable","profitable","916","915"
"nachrueckend","LEN","Lennar Corporation","","findash-export/v1/full/consumer-discretionary.json","profitable","profitable","917","916"
"nachrueckend","TLC.AX","The Lottery Corporation Limited","","findash-export/v1/full/consumer-discretionary.json","profitable","profitable","918","917"
"nachrueckend","005380.KS","Hyundai Motor Company","","findash-export/v1/full/consumer-discretionary.json","profitable","profitable","919","918"
"nachrueckend","DMP.AX","Domino's Pizza Enterprises Limited","","findash-export/v1/full/consumer-discretionary.json","profitable","profitable","920","919"
"nachrueckend","3402.T","Toray Industries, Inc.","","findash-export/v1/full/consumer-discretionary.json","profitable","profitable","921","920"
"nachrueckend","001323.SZ","De Rucci Healthy Sleep Co., Ltd.","","findash-export/v1/full/consumer-discretionary.json","profitable","profitable","922","921"
"nachrueckend","MH","McGraw Hill, Inc.","","findash-export/v1/full/consumer-discretionary.json","profitable","profitable","923","922"
"nachrueckend","LAD","Lithia Motors, Inc.","","findash-export/v1/full/consumer-discretionary.json","profitable","profitable","924","923"
"nachrueckend","603786.SS","KEBODA TECHNOLOGY Co., Ltd.","","findash-export/v1/full/consumer-discretionary.json","profitable","profitable","925","924"
"nachrueckend","603221.SS","Elegant Home-Tech Co., Ltd.","","findash-export/v1/full/consumer-discretionary.json","profitable","profitable","926","925"
"nachrueckend","605005.SS","CWB Automotive Electronics Co., Ltd.","","findash-export/v1/full/consumer-discretionary.json","profitable","profitable","927","926"
"nachrueckend","605228.SS","Shentong Technology Group Co., Ltd","","findash-export/v1/full/consumer-discretionary.json","profitable","profitable","928","927"
"nachrueckend","FLUT","Flutter Entertainment plc","","findash-export/v1/full/consumer-discretionary.json","profitable","profitable","929","928"
"nachrueckend","TUI1.DE","TUI AG","","findash-export/v1/full/consumer-discretionary.json","profitable","profitable","930","929"
"nachrueckend","TRIP","Tripadvisor, Inc.","","findash-export/v1/full/consumer-discretionary.json","profitable","profitable","931","930"
"nachrueckend","3086.T","J. Front Retailing Co., Ltd.","","findash-export/v1/full/consumer-discretionary.json","profitable","profitable","932","931"
"nachrueckend","688306.SS","Ningbo PIA Automation Holding Corp.","","findash-export/v1/full/consumer-discretionary.json","profitable","profitable","933","932"
"nachrueckend","4661.T","Oriental Land Co., Ltd.","","findash-export/v1/full/consumer-discretionary.json","profitable","profitable","934","933"
"nachrueckend","JMKE","Jersey Mike's Subs Inc.","","findash-export/v1/full/consumer-discretionary.json","profitable","profitable","935","934"
"nachrueckend","HOG","Harley-Davidson, Inc.","","findash-export/v1/full/consumer-discretionary.json","profitable","profitable","936","935"
"nachrueckend","TRIDENT.NS","Trident Limited","","findash-export/v1/full/consumer-discretionary.json","profitable","profitable","937","936"
"nachrueckend","2695.T","Kura Sushi, Inc.","","findash-export/v1/full/consumer-discretionary.json","profitable","profitable","938","937"
"nachrueckend","WEN","The Wendy's Company","","findash-export/v1/full/consumer-discretionary.json","profitable","profitable","939","938"
"nachrueckend","002543.SZ","Guangdong Vanward New Electric Co., Ltd.","","findash-export/v1/full/consumer-discretionary.json","profitable","profitable","940","939"
"nachrueckend","1913.HK","Prada S.p.A.","","findash-export/v1/full/consumer-discretionary.json","profitable","profitable","941","940"
"nachrueckend","ACR.DE","Accor SA","","findash-export/v1/full/consumer-discretionary.json","profitable","profitable","942","941"
"nachrueckend","600754.SS","Shanghai Jin Jiang International Hotels Co., Ltd.","","findash-export/v1/full/consumer-discretionary.json","profitable","profitable","943","942"
"nachrueckend","LNWO","Light & Wonder, Inc.","","findash-export/v1/full/consumer-discretionary.json","profitable","profitable","944","943"
"nachrueckend","VTY.L","Vistry Group PLC","","findash-export/v1/full/consumer-discretionary.json","profitable","profitable","945","944"
"nachrueckend","CENCOSUD.SN","Cencosud S.A.","","findash-export/v1/full/consumer-discretionary.json","profitable","profitable","946","945"
"nachrueckend","601888.SS","China Tourism Group Duty Free Corporation Limited","","findash-export/v1/full/consumer-discretionary.json","profitable","profitable","947","946"
"nachrueckend","SIGN.VI","SIG Group AG","","findash-export/v1/full/consumer-discretionary.json","profitable","profitable","948","947"
"nachrueckend","1810.SR","Seera Holding Group","","findash-export/v1/full/consumer-discretionary.json","profitable","profitable","949","948"
"nachrueckend","002970.SZ","Streamax Technology Co., Ltd.","","findash-export/v1/full/consumer-discretionary.json","profitable","profitable","950","949"
"nachrueckend","MGM","MGM Resorts International","","findash-export/v1/full/consumer-discretionary.json","profitable","profitable","951","950"
"nachrueckend","PHM","PulteGroup, Inc.","","findash-export/v1/full/consumer-discretionary.json","profitable","profitable","952","951"
"nachrueckend","VC","Visteon Corporation","","findash-export/v1/full/consumer-discretionary.json","profitable","profitable","953","952"
"nachrueckend","MBG.SW","Mercedes-Benz Group AG","","findash-export/v1/full/consumer-discretionary.json","profitable","profitable","954","953"
"nachrueckend","BZH","Beazer Homes USA, Inc.","","findash-export/v1/full/consumer-discretionary.json","profitable","profitable","955","954"
"nachrueckend","603355.SS","Kingclean Electric Co.,Ltd","","findash-export/v1/full/consumer-discretionary.json","profitable","profitable","956","955"
"nachrueckend","KER.VI","Kering SA","","findash-export/v1/full/consumer-discretionary.json","profitable","profitable","957","956"
"nachrueckend","002818.SZ","Chengdu Fusen Noble-House Industrial Co.,Ltd.","","findash-export/v1/full/consumer-discretionary.json","profitable","profitable","958","957"
"nachrueckend","7740.T","Tamron Co.,Ltd.","","findash-export/v1/full/consumer-discretionary.json","profitable","profitable","959","958"
"nachrueckend","0551.HK","Yue Yuen Industrial (Holdings) Limited","","findash-export/v1/full/consumer-discretionary.json","profitable","profitable","960","959"
"nachrueckend","6890.TW","Lai Yih Footwear Co., Ltd.","","findash-export/v1/full/consumer-discretionary.json","profitable","profitable","961","960"
"nachrueckend","4681.T","Resorttrust, Inc.","","findash-export/v1/full/consumer-discretionary.json","profitable","profitable","962","961"
"nachrueckend","7296.T","F.C.C. Co., Ltd.","","findash-export/v1/full/consumer-discretionary.json","profitable","profitable","963","962"
"nachrueckend","600742.SS","Changchun FAWAY Group Automobile Components Co., Ltd.","","findash-export/v1/full/consumer-discretionary.json","profitable","profitable","964","963"
"nachrueckend","000158.SZ","Shijiazhuang ChangShan BeiMing Technology Co.,Ltd","","findash-export/v1/full/consumer-discretionary.json","profitable","profitable","965","964"
"nachrueckend","7272.T","Yamaha Motor Co., Ltd.","","findash-export/v1/full/consumer-discretionary.json","profitable","profitable","966","965"
"nachrueckend","6923.T","Stanley Electric Co., Ltd.","","findash-export/v1/full/consumer-discretionary.json","profitable","profitable","967","966"
"nachrueckend","ABG","Asbury Automotive Group, Inc.","","findash-export/v1/full/consumer-discretionary.json","profitable","profitable","968","967"
"nachrueckend","TOL","Toll Brothers, Inc.","","findash-export/v1/full/consumer-discretionary.json","profitable","profitable","969","968"
"nachrueckend","603418.SS","Shanghai Unison Aluminium Products Co., Ltd.","","findash-export/v1/full/consumer-discretionary.json","profitable","profitable","970","969"
"nachrueckend","603196.SS","Shanghai Porigine Chemical Material Group Co. Ltd.","","findash-export/v1/full/consumer-discretionary.json","profitable","profitable","971","970"
"nachrueckend","CAS.TO","Cascades Inc.","","findash-export/v1/full/consumer-discretionary.json","profitable","profitable","972","971"
"nachrueckend","3099.T","Isetan Mitsukoshi Holdings Ltd.","","findash-export/v1/full/consumer-discretionary.json","profitable","profitable","973","972"
"nachrueckend","BMW.SW","Bayerische Motoren Werke Aktiengesellschaft","","findash-export/v1/full/consumer-discretionary.json","profitable","profitable","974","973"
"nachrueckend","000625.SZ","Chongqing Changan Automobile Company Limited","","findash-export/v1/full/consumer-discretionary.json","profitable","profitable","975","974"
"nachrueckend","VOLTAS.BO","Voltas Limited","","findash-export/v1/full/consumer-discretionary.json","profitable","profitable","976","975"
"nachrueckend","VID.VI","Vidrala, S.A.","","findash-export/v1/full/consumer-discretionary.json","profitable","profitable","977","976"
"nachrueckend","3941.T","Rengo Co., Ltd.","","findash-export/v1/full/consumer-discretionary.json","profitable","profitable","978","977"
"nachrueckend","603708.SS","Jiajiayue Group Co., Ltd.","","findash-export/v1/full/consumer-discretionary.json","profitable","profitable","979","978"
"nachrueckend","300756.SZ","Guangdong Jinma Entertainment Corporation Limited","","findash-export/v1/full/consumer-discretionary.json","profitable","profitable","980","979"
"nachrueckend","301656.SZ","Suzhou Inovance Automotive Co., Ltd.","","findash-export/v1/full/consumer-discretionary.json","profitable","profitable","981","980"
"nachrueckend","000901.SZ","Aerospace Hi-Tech Holding Group Co., Ltd.","","findash-export/v1/full/consumer-discretionary.json","profitable","profitable","982","981"
"nachrueckend","MINT.BK","Minor International Public Company Limited","","findash-export/v1/full/consumer-discretionary.json","profitable","profitable","983","982"
"nachrueckend","000026.SZ","FIYTA Precision Technology Co., Ltd.","","findash-export/v1/full/consumer-discretionary.json","profitable","profitable","984","983"
"nachrueckend","300413.SZ","Mango Excellent Media Co., Ltd.","","findash-export/v1/full/consumer-discretionary.json","profitable","profitable","985","984"
"nachrueckend","000501.SZ","Wushang Group Co., Ltd.","","findash-export/v1/full/consumer-discretionary.json","profitable","profitable","986","985"
"nachrueckend","AUTN.SW","Autoneum Holding AG","","findash-export/v1/full/consumer-discretionary.json","profitable","profitable","987","986"
"nachrueckend","G13.SI","Genting Singapore Limited","","findash-export/v1/full/consumer-discretionary.json","profitable","profitable","988","987"
"nachrueckend","002419.SZ","Rainbow Digital Commercial Co., Ltd.","","findash-export/v1/full/consumer-discretionary.json","profitable","profitable","989","988"
"nachrueckend","600529.SS","Shandong Pharmaceutical Glass Co.Ltd","","findash-export/v1/full/consumer-discretionary.json","profitable","profitable","990","989"
"nachrueckend","002553.SZ","Jiangsu NanFang Precision Co.,Ltd.","","findash-export/v1/full/consumer-discretionary.json","profitable","profitable","991","990"
"nachrueckend","WHR","Whirlpool Corporation","","findash-export/v1/full/consumer-discretionary.json","profitable","profitable","992","991"
"nachrueckend","600120.SS","Zhejiang Orient Holdings Group Co., Ltd.","","findash-export/v1/full/consumer-discretionary.json","profitable","profitable","993","992"
"nachrueckend","8233.T","Takashimaya Company, Limited","","findash-export/v1/full/consumer-discretionary.json","profitable","profitable","994","993"
"nachrueckend","3050.T","DCM Holdings Co., Ltd.","","findash-export/v1/full/consumer-discretionary.json","profitable","profitable","995","994"
"nachrueckend","1626.HK","Jia Yao Holdings Limited","","findash-export/v1/full/consumer-discretionary.json","profitable","profitable","996","995"
"nachrueckend","MHO","M/I Homes, Inc.","","findash-export/v1/full/consumer-discretionary.json","profitable","profitable","997","996"
"nachrueckend","TAH.AX","Tabcorp Holdings Limited","","findash-export/v1/full/consumer-discretionary.json","profitable","profitable","998","997"
"nachrueckend","603833.SS","Oppein Home Group Inc.","","findash-export/v1/full/consumer-discretionary.json","profitable","profitable","999","998"
"nachrueckend","000550.SZ","Jiangling Motors Corporation, Ltd.","","findash-export/v1/full/consumer-discretionary.json","profitable","profitable","1000","999"
"nachrueckend","4090.SR","Taiba Investment Company","","findash-export/v1/full/consumer-discretionary.json","profitable","profitable","1001","1000"
"nachrueckend","001233.SZ","Haian Rubber Group Co., Ltd.","","findash-export/v1/full/consumer-discretionary.json","profitable","profitable","1002","1001"
"nachrueckend","GM","General Motors Company","","findash-export/v1/full/consumer-discretionary.json","profitable","profitable","1003","1002"
"nachrueckend","000030.SZ","FAWER Automotive Parts Limited Company","","findash-export/v1/full/consumer-discretionary.json","profitable","profitable","1004","1003"
"nachrueckend","603099.SS","Changbai Mountain Tourism Co., Ltd.","","findash-export/v1/full/consumer-discretionary.json","profitable","profitable","1005","1004"
"nachrueckend","600694.SS","Dashang Co., Ltd.","","findash-export/v1/full/consumer-discretionary.json","profitable","profitable","1006","1005"
"nachrueckend","600827.SS","Shanghai Bailian (Group) Co., Ltd.","","findash-export/v1/full/consumer-discretionary.json","profitable","profitable","1007","1006"
"nachrueckend","002243.SZ","Shenzhen Leaguer Co., Ltd.","","findash-export/v1/full/consumer-discretionary.json","profitable","profitable","1008","1007"
"nachrueckend","TRI.PA","Trigano S.A.","","findash-export/v1/full/consumer-discretionary.json","profitable","profitable","1009","1008"
"nachrueckend","600177.SS","Youngor Fashion Co., Ltd.","","findash-export/v1/full/consumer-discretionary.json","profitable","profitable","1010","1009"
"nachrueckend","600859.SS","Wangfujing Group Co., Ltd.","","findash-export/v1/full/consumer-discretionary.json","profitable","profitable","1011","1010"
"nachrueckend","DFH","Dream Finders Homes, Inc.","","findash-export/v1/full/consumer-discretionary.json","profitable","profitable","1012","1011"
"nachrueckend","STE-R.ST","Stora Enso Oyj","","findash-export/v1/full/consumer-discretionary.json","profitable","profitable","1013","1012"
"nachrueckend","7240.T","NOK Corporation","","findash-export/v1/full/consumer-discretionary.json","profitable","profitable","1014","1013"
"nachrueckend","GRBK","Green Brick Partners, Inc.","","findash-export/v1/full/consumer-discretionary.json","profitable","profitable","1015","1014"
"nachrueckend","CPRI","Capri Holdings Limited","","findash-export/v1/full/consumer-discretionary.json","profitable","profitable","1016","1015"
"nachrueckend","600729.SS","Chongqing Chongbai Technology Group Co., Ltd.","","findash-export/v1/full/consumer-discretionary.json","profitable","profitable","1017","1016"
"nachrueckend","LNZ.VI","Lenzing Aktiengesellschaft","","findash-export/v1/full/consumer-discretionary.json","profitable","profitable","1018","1017"
"nachrueckend","605333.SS","Kunshan Huguang Auto Harness Co.,Ltd.","","findash-export/v1/full/consumer-discretionary.json","profitable","profitable","1019","1018"
"nachrueckend","601127.SS","Seres Group Co.,Ltd","","findash-export/v1/full/consumer-discretionary.json","profitable","profitable","1020","1019"
"nachrueckend","7313.T","TS TECH Co., Ltd.","","findash-export/v1/full/consumer-discretionary.json","profitable","profitable","1021","1020"
"nachrueckend","6632.T","JVCKENWOOD Corporation","","findash-export/v1/full/consumer-discretionary.json","profitable","profitable","1022","1021"
"nachrueckend","NISA.VI","Nissan Motor Co., Ltd.","","findash-export/v1/full/consumer-discretionary.json","profitable","profitable","1023","1022"
"nachrueckend","9904.TW","Pou Chen Corporation","","findash-export/v1/full/consumer-discretionary.json","profitable","profitable","1024","1023"
"nachrueckend","002508.SZ","Hangzhou Robam Appliances Co., Ltd.","","findash-export/v1/full/consumer-discretionary.json","profitable","profitable","1025","1024"
"nachrueckend","300144.SZ","Songcheng Performance Development Co.,Ltd","","findash-export/v1/full/consumer-discretionary.json","profitable","profitable","1026","1025"
"nachrueckend","7261.T","Mazda Motor Corporation","","findash-export/v1/full/consumer-discretionary.json","profitable","profitable","1027","1026"
"nachrueckend","1VOLC.MI","Volvo Car AB (publ.)","","findash-export/v1/full/consumer-discretionary.json","profitable","profitable","1028","1027"
"nachrueckend","000753.SZ","Fujian Zhangzhou Development Co.,LTD.","","findash-export/v1/full/consumer-discretionary.json","profitable","profitable","1029","1028"
"nachrueckend","GME","GameStop Corp.","","findash-export/v1/full/consumer-discretionary.json","profitable","profitable","1030","1029"
"nachrueckend","600987.SS","Zhejiang Hangmin Co.,Ltd","","findash-export/v1/full/consumer-discretionary.json","profitable","profitable","1031","1030"
"nachrueckend","600210.SS","Shanghai Zijiang Enterprise Group Co., Ltd.","","findash-export/v1/full/consumer-discretionary.json","profitable","profitable","1032","1031"
"nachrueckend","002242.SZ","Joyoung Co.,Ltd","","findash-export/v1/full/consumer-discretionary.json","profitable","profitable","1033","1032"
"nachrueckend","LGIH","LGI Homes, Inc.","","findash-export/v1/full/consumer-discretionary.json","profitable","profitable","1034","1033"
"nachrueckend","0805.HK","New Gonow Recreational Vehicles Inc.","","findash-export/v1/full/consumer-discretionary.json","profitable","profitable","1035","1034"
"nachrueckend","002510.SZ","Tianjin Motor Dies Co.,Ltd.","","findash-export/v1/full/consumer-discretionary.json","profitable","profitable","1036","1035"
"nachrueckend","0045.HK","The Hongkong and Shanghai Hotels, Limited","","findash-export/v1/full/consumer-discretionary.json","profitable","profitable","1037","1036"
"nachrueckend","000025.SZ","Shenzhen Tellus Holding Co., Ltd.","","findash-export/v1/full/consumer-discretionary.json","profitable","profitable","1038","1037"
"nachrueckend","KBH","KB Home","","findash-export/v1/full/consumer-discretionary.json","profitable","profitable","1039","1038"
"nachrueckend","0880.HK","SJM Holdings Limited","","findash-export/v1/full/consumer-discretionary.json","profitable","profitable","1040","1039"
"nachrueckend","300792.SZ","Hangzhou Onechance Tech Crop.","","findash-export/v1/full/consumer-discretionary.json","profitable","profitable","1041","1040"
"nachrueckend","2299.HK","Billion Industrial Holdings Limited","","findash-export/v1/full/consumer-discretionary.json","profitable","profitable","1042","1041"
"nachrueckend","002042.SZ","Huafu Fashion Co., Ltd.","","findash-export/v1/full/consumer-discretionary.json","profitable","profitable","1043","1042"
"nachrueckend","2206.TW","Sanyang Motor Co., Ltd.","","findash-export/v1/full/consumer-discretionary.json","profitable","profitable","1044","1043"
"nachrueckend","GIII","G-III Apparel Group, Ltd.","","findash-export/v1/full/consumer-discretionary.json","profitable","profitable","1045","1044"
"nachrueckend","000651.SZ","Gree Electric Appliances, Inc. of Zhuhai","","findash-export/v1/full/consumer-discretionary.json","profitable","profitable","1046","1045"
"nachrueckend","603057.SS","Shanghai Ziyan Foods Co., Ltd.","","findash-export/v1/full/consumer-discretionary.json","profitable","profitable","1047","1046"
"nachrueckend","2204.TW","China Motor Corporation","","findash-export/v1/full/consumer-discretionary.json","profitable","profitable","1048","1047"
"nachrueckend","6808.HK","Sun Art Retail Group Limited","","findash-export/v1/full/consumer-discretionary.json","profitable","profitable","1049","1048"
"nachrueckend","2201.TW","Yulon Motor Company Ltd.","","findash-export/v1/full/consumer-discretionary.json","profitable","profitable","1050","1049"
"nachrueckend","2915.TW","Ruentex Industries Ltd.","","findash-export/v1/full/consumer-discretionary.json","profitable","profitable","1051","1050"
"nachrueckend","1409.TW","Shinkong Synthetic Fibers Corporation","","findash-export/v1/full/consumer-discretionary.json","profitable","profitable","1052","1051"
"nachrueckend","300151.SZ","Shenzhen Changhong Technology Co., Ltd.","","findash-export/v1/full/consumer-discretionary.json","profitable","profitable","1053","1052"
"nachrueckend","MTH","Meritage Homes Corporation","","findash-export/v1/full/consumer-discretionary.json","profitable","profitable","1054","1053"
"nachrueckend","002565.SZ","Shanghai Shunho New Materials Technology Co.,Ltd.","","findash-export/v1/full/consumer-discretionary.json","profitable","profitable","1055","1054"
"nachrueckend","605018.SS","Changhua Holding Group Co., Ltd.","","findash-export/v1/full/consumer-discretionary.json","profitable","profitable","1056","1055"
"nachrueckend","0071.HK","Miramar Hotel and Investment Company, Limited","","findash-export/v1/full/consumer-discretionary.json","profitable","profitable","1057","1056"
"nachrueckend","603358.SS","Huada Automotive Technology Corp.,Ltd","","findash-export/v1/full/consumer-discretionary.json","profitable","profitable","1058","1057"
"nachrueckend","008770.KS","Hotel Shilla Co.,Ltd","","findash-export/v1/full/consumer-discretionary.json","profitable","profitable","1059","1058"
"nachrueckend","002605.SZ","Shanghai Yaoji Technology Co., Ltd.","","findash-export/v1/full/consumer-discretionary.json","profitable","profitable","1060","1059"
"nachrueckend","601801.SS","Anhui Xinhua Media Co., Ltd.","","findash-export/v1/full/consumer-discretionary.json","profitable","profitable","1061","1060"
"nachrueckend","002969.SZ","Jiamei Food Packaging (Chuzhou) Co.,Ltd","","findash-export/v1/full/consumer-discretionary.json","profitable","profitable","1062","1061"
"nachrueckend","603402.SS","Shaanxi Tourism Culture Industry Holding Co.,Ltd","","findash-export/v1/full/consumer-discretionary.json","profitable","profitable","1063","1062"
"nachrueckend","SHELL.AS","Shell plc","","findash-export/v1/full/energy.json","profitable","profitable","81","80"
"nachrueckend","018670.KS","SK Gas Co., Ltd.","","findash-export/v1/full/energy.json","profitable","profitable","82","81"
"nachrueckend","RELIANCE.BO","Reliance Industries Limited","","findash-export/v1/full/energy.json","profitable","profitable","83","82"
"nachrueckend","GTT.PA","Gaztransport & Technigaz SA","","findash-export/v1/full/energy.json","profitable","profitable","84","83"
"nachrueckend","MPC","Marathon Petroleum Corporation","","findash-export/v1/full/energy.json","profitable","profitable","85","84"
"nachrueckend","TEN","Tsakos Energy Navigation Limited","","findash-export/v1/full/energy.json","profitable","profitable","86","85"
"nachrueckend","FRU.TO","Freehold Royalties Ltd.","","findash-export/v1/full/energy.json","profitable","profitable","87","86"
"nachrueckend","FANG","Diamondback Energy, Inc.","","findash-export/v1/full/energy.json","profitable","profitable","88","87"
"nachrueckend","PXT.TO","Parex Resources Inc.","","findash-export/v1/full/energy.json","profitable","profitable","89","88"
"nachrueckend","FRO","Frontline plc","","findash-export/v1/full/energy.json","profitable","profitable","90","89"
"nachrueckend","OVV","Ovintiv Inc.","","findash-export/v1/full/energy.json","profitable","profitable","91","90"
"nachrueckend","CEU.TO","CES Energy Solutions Corp.","","findash-export/v1/full/energy.json","profitable","profitable","92","91"
"nachrueckend","SPRC.BK","Star Petroleum Refining Public Company Limited","","findash-export/v1/full/energy.json","profitable","profitable","93","92"
"nachrueckend","DTM","DT Midstream, Inc.","","findash-export/v1/full/energy.json","profitable","profitable","94","93"
"nachrueckend","GEL","Genesis Energy, L.P.","","findash-export/v1/full/energy.json","profitable","profitable","95","94"
"nachrueckend","AROC","Archrock, Inc.","","findash-export/v1/full/energy.json","profitable","profitable","96","95"
"nachrueckend","PTBA.JK","PT Bukit Asam (Persero) Tbk","","findash-export/v1/full/energy.json","profitable","profitable","97","96"
"nachrueckend","267250.KS","HD Hyundai Co., Ltd.","","findash-export/v1/full/energy.json","profitable","profitable","98","97"
"nachrueckend","OIL.NS","Oil India Limited","","findash-export/v1/full/energy.json","profitable","profitable","99","98"
"nachrueckend","BSM","Black Stone Minerals, L.P.","","findash-export/v1/full/energy.json","profitable","profitable","100","99"
"nachrueckend","RES","RPC, Inc.","","findash-export/v1/full/energy.json","profitable","profitable","101","100"
"nachrueckend","ESENTIA/II.MX","Esentia Energy Development, S. de R. L. de C. V.","","findash-export/v1/full/energy.json","profitable","profitable","102","101"
"nachrueckend","KMI","Kinder Morgan, Inc.","","findash-export/v1/full/energy.json","profitable","profitable","103","102"
"nachrueckend","006120.KS","SK Discovery Co., Ltd.","","findash-export/v1/full/energy.json","profitable","profitable","104","103"
"nachrueckend","INSW","International Seaways, Inc.","","findash-export/v1/full/energy.json","profitable","profitable","105","104"
"nachrueckend","FLUX.BR","Fluxys Belgium SA","","findash-export/v1/full/energy.json","profitable","profitable","106","105"
"nachrueckend","USAC","USA Compression Partners, LP","","findash-export/v1/full/energy.json","profitable","profitable","107","106"
"nachrueckend","BWE.OL","BW Energy Limited","","findash-export/v1/full/energy.json","profitable","profitable","108","107"
"nachrueckend","AKRBP.OL","Aker BP ASA","","findash-export/v1/full/energy.json","profitable","profitable","109","108"
"nachrueckend","SU","Suncor Energy Inc.","","findash-export/v1/full/energy.json","profitable","profitable","110","109"
"nachrueckend","HP","Helmerich & Payne, Inc.","","findash-export/v1/full/energy.json","profitable","profitable","111","110"
"nachrueckend","NHC.AX","New Hope Corporation Limited","","findash-export/v1/full/energy.json","profitable","profitable","112","111"
"nachrueckend","HESM","Hess Midstream LP","","findash-export/v1/full/energy.json","profitable","profitable","113","112"
"nachrueckend","DCC.L","DCC Energy plc","","findash-export/v1/full/energy.json","profitable","profitable","114","113"
"nachrueckend","MGY","Magnolia Oil & Gas Corporation","","findash-export/v1/full/energy.json","profitable","profitable","115","114"
"nachrueckend","AADI.JK","PT Adaro Andalan Indonesia Tbk","","findash-export/v1/full/energy.json","profitable","profitable","116","115"
"nachrueckend","NVGS","Navigator Holdings Ltd.","","findash-export/v1/full/energy.json","profitable","profitable","117","116"
"nachrueckend","5E2.SI","Seatrium Limited","","findash-export/v1/full/energy.json","profitable","profitable","118","117"
"nachrueckend","POU.TO","Paramount Resources Ltd.","","findash-export/v1/full/energy.json","profitable","profitable","119","118"
"nachrueckend","600188.SS","Yankuang Energy Group Company Limited","","findash-export/v1/full/energy.json","profitable","profitable","120","119"
"nachrueckend","ET","Energy Transfer LP","","findash-export/v1/full/energy.json","profitable","profitable","121","120"
"nachrueckend","MEDC.JK","PT Medco Energi Internasional Tbk","","findash-export/v1/full/energy.json","profitable","profitable","122","121"
"nachrueckend","NRP","Natural Resource Partners L.P.","","findash-export/v1/full/energy.json","profitable","profitable","123","122"
"nachrueckend","ONGC.BO","Oil and Natural Gas Corporation Limited","","findash-export/v1/full/energy.json","profitable","profitable","124","123"
"nachrueckend","MOH.AT","Motor Oil (Hellas) Corinth Refineries S.A.","","findash-export/v1/full/energy.json","profitable","profitable","125","124"
"nachrueckend","601857.SS","PetroChina Company Limited","","findash-export/v1/full/energy.json","profitable","profitable","126","125"
"nachrueckend","601088.SS","China Shenhua Energy Company Limited","","findash-export/v1/full/energy.json","profitable","profitable","127","126"
"nachrueckend","6269.T","MODEC, Inc.","","findash-export/v1/full/energy.json","profitable","profitable","128","127"
"nachrueckend","PKN.WA","Orlen S.A.","","findash-export/v1/full/energy.json","profitable","profitable","129","128"
"nachrueckend","TTE","TotalEnergies SE","","findash-export/v1/full/energy.json","profitable","profitable","130","129"
"nachrueckend","FLNG","FLEX LNG Ltd.","","findash-export/v1/full/energy.json","profitable","profitable","131","130"
"nachrueckend","AM","Antero Midstream Corporation","","findash-export/v1/full/energy.json","profitable","profitable","132","131"
"nachrueckend","TVK.TO","TerraVest Industries Inc.","","findash-export/v1/full/energy.json","profitable","profitable","133","132"
"nachrueckend","XOM","ExxonMobil Holdings Corporation","","findash-export/v1/full/energy.json","profitable","profitable","134","133"
"nachrueckend","ENRG.JK","PT Energi Mega Persada Tbk","","findash-export/v1/full/energy.json","profitable","profitable","135","134"
"nachrueckend","TS","Tenaris S.A.","","findash-export/v1/full/energy.json","profitable","profitable","136","135"
"nachrueckend","EOG","EOG Resources, Inc.","","findash-export/v1/full/energy.json","profitable","profitable","137","136"
"nachrueckend","SOIL.TO","Saturn Oil & Gas Inc.","","findash-export/v1/full/energy.json","profitable","profitable","138","137"
"nachrueckend","IMO.TO","Imperial Oil Limited","","findash-export/v1/full/energy.json","profitable","profitable","139","138"
"nachrueckend","1NESTE.MI","Neste Oyj","","findash-export/v1/full/energy.json","profitable","profitable","141","139"
"nachrueckend","600339.SS","China Petroleum Engineering Corporation","","findash-export/v1/full/energy.json","profitable","profitable","142","140"
"nachrueckend","600256.SS","Guanghui Energy Co., Ltd.","","findash-export/v1/full/energy.json","profitable","profitable","143","141"
"nachrueckend","PSX","Phillips 66","","findash-export/v1/full/energy.json","profitable","profitable","144","142"
"nachrueckend","GLNG","Golar LNG Limited","","findash-export/v1/full/energy.json","profitable","profitable","145","143"
"nachrueckend","TRP","TC Energy Corporation","","findash-export/v1/full/energy.json","profitable","profitable","146","144"
"nachrueckend","VLE.TO","Valeura Energy Inc.","","findash-export/v1/full/energy.json","profitable","profitable","147","145"
"nachrueckend","CAPL","CrossAmerica Partners LP","","findash-export/v1/full/energy.json","profitable","profitable","148","146"
"nachrueckend","EC","Ecopetrol S.A.","","findash-export/v1/full/energy.json","profitable","profitable","149","147"
"nachrueckend","COALINDIA.BO","Coal India Limited","","findash-export/v1/full/energy.json","profitable","profitable","150","148"
"nachrueckend","2080.SR","National Gas and Industrialization Company","","findash-export/v1/full/energy.json","profitable","profitable","151","149"
"nachrueckend","TEEN.VI","Technip Energies N.V.","","findash-export/v1/full/energy.json","profitable","profitable","152","150"
"nachrueckend","KNTK","Kinetik Holdings Inc.","","findash-export/v1/full/energy.json","profitable","profitable","153","151"
"nachrueckend","8037.T","Kamei Corporation","","findash-export/v1/full/energy.json","profitable","profitable","154","152"
"nachrueckend","CRGY","Crescent Energy Company","","findash-export/v1/full/energy.json","profitable","profitable","155","153"
"nachrueckend","603800.SS","Jiangsu Hongtian Technology Co.,Ltd.","","findash-export/v1/full/energy.json","profitable","profitable","156","154"
"nachrueckend","PDN.AX","Paladin Energy Ltd","","findash-export/v1/full/energy.json","profitable","profitable","157","155"
"nachrueckend","600871.SS","Sinopec Oilfield Service Corporation","","findash-export/v1/full/energy.json","profitable","profitable","158","156"
"nachrueckend","DKL","Delek Logistics Partners, LP","","findash-export/v1/full/energy.json","profitable","profitable","159","157"
"nachrueckend","601872.SS","China Merchants Energy Shipping Co., Ltd.","","findash-export/v1/full/energy.json","profitable","profitable","160","158"
"nachrueckend","MOL.WA","MOL Magyar Olaj- és Gázipari Nyilvánosan Muködo Részvénytársaság","","findash-export/v1/full/energy.json","profitable","profitable","161","159"
"nachrueckend","TRGP","Targa Resources Corp.","","findash-export/v1/full/energy.json","profitable","profitable","162","160"
"nachrueckend","DHT","DHT Holdings, Inc.","","findash-export/v1/full/energy.json","profitable","profitable","163","161"
"nachrueckend","ENB","Enbridge Inc.","","findash-export/v1/full/energy.json","profitable","profitable","164","162"
"nachrueckend","BKV","BKV Corporation","","findash-export/v1/full/energy.json","profitable","profitable","165","163"
"nachrueckend","WES","Western Midstream Partners, LP","","findash-export/v1/full/energy.json","profitable","profitable","166","164"
"nachrueckend","3899.HK","CIMC Enric Holdings Limited","","findash-export/v1/full/energy.json","profitable","profitable","167","165"
"nachrueckend","002353.SZ","Yantai Jereh Oilfield Services Group Co., Ltd.","","findash-export/v1/full/energy.json","profitable","profitable","168","166"
"nachrueckend","NBR","Nabors Industries Ltd.","","findash-export/v1/full/energy.json","profitable","profitable","169","167"
"nachrueckend","WHD","Cactus, Inc.","","findash-export/v1/full/energy.json","profitable","profitable","170","168"
"nachrueckend","PBA","Pembina Pipeline Corporation","","findash-export/v1/full/energy.json","profitable","profitable","171","169"
"nachrueckend","CUAN.JK","PT Petrindo Jaya Kreasi Tbk","","findash-export/v1/full/energy.json","profitable","profitable","172","170"
"nachrueckend","SDRL","Seadrill Limited","","findash-export/v1/full/energy.json","profitable","profitable","173","171"
"nachrueckend","PRIO3.SA","Prio S.A.","","findash-export/v1/full/energy.json","profitable","profitable","174","172"
"nachrueckend","ELPE.AT","HELLENiQ ENERGY Holdings S.A.","","findash-export/v1/full/energy.json","profitable","profitable","175","173"
"nachrueckend","WCP.TO","Whitecap Resources Inc.","","findash-export/v1/full/energy.json","profitable","profitable","176","174"
"nachrueckend","ENI.SW","Eni S.p.A.","","findash-export/v1/full/energy.json","profitable","profitable","177","175"
"nachrueckend","RUI.VI","Rubis","","findash-export/v1/full/energy.json","profitable","profitable","178","176"
"nachrueckend","600968.SS","CNOOC Energy Technology & Services Limited","","findash-export/v1/full/energy.json","profitable","profitable","179","177"
"nachrueckend","SUBC.OL","Subsea 7 S.A.","","findash-export/v1/full/energy.json","profitable","profitable","180","178"
"nachrueckend","FTI","TechnipFMC plc","","findash-export/v1/full/energy.json","profitable","profitable","181","179"
"nachrueckend","TTI","TETRA Technologies, Inc.","","findash-export/v1/full/energy.json","profitable","profitable","182","180"
"nachrueckend","PDS","Precision Drilling Corporation","","findash-export/v1/full/energy.json","profitable","profitable","183","181"
"nachrueckend","MPLX","MPLX LP","","findash-export/v1/full/energy.json","profitable","profitable","184","182"
"nachrueckend","0135.HK","Kunlun Energy Company Limited","","findash-export/v1/full/energy.json","profitable","profitable","185","183"
"nachrueckend","SUNC","SunocoCorp LLC","","findash-export/v1/full/energy.json","profitable","profitable","186","184"
"nachrueckend","NESR","National Energy Services Reunited Corp.","","findash-export/v1/full/energy.json","profitable","profitable","187","185"
"nachrueckend","LIPIGAS.SN","Empresas Lipigas S.A.","","findash-export/v1/full/energy.json","profitable","profitable","188","186"
"nachrueckend","FLOC","Flowco Holdings Inc.","","findash-export/v1/full/energy.json","profitable","profitable","189","187"
"nachrueckend","600508.SS","Shanghai Datun Energy Resources Co., Ltd.","","findash-export/v1/full/energy.json","profitable","profitable","190","188"
"nachrueckend","PAA","Plains All American Pipeline, L.P.","","findash-export/v1/full/energy.json","profitable","profitable","191","189"
"nachrueckend","HAL","Halliburton Company","","findash-export/v1/full/energy.json","profitable","profitable","192","190"
"nachrueckend","MTDR","Matador Resources Company","","findash-export/v1/full/energy.json","profitable","profitable","193","191"
"nachrueckend","TOU.TO","Tourmaline Oil Corp.","","findash-export/v1/full/energy.json","profitable","profitable","194","192"
"nachrueckend","VPK.AS","Koninklijke Vopak N.V.","","findash-export/v1/full/energy.json","profitable","profitable","195","193"
"nachrueckend","EFXT","Enerflex Ltd.","","findash-export/v1/full/energy.json","profitable","profitable","196","194"
"nachrueckend","BNOR.OL","BlueNord ASA","","findash-export/v1/full/energy.json","profitable","profitable","197","195"
"nachrueckend","BCP.BK","Bangchak Corporation Public Company Limited","","findash-export/v1/full/energy.json","profitable","profitable","198","196"
"nachrueckend","EPD","Enterprise Products Partners L.P.","","findash-export/v1/full/energy.json","profitable","profitable","199","197"
"nachrueckend","QUINENCO.SN","Quiñenco SA","","findash-export/v1/full/energy.json","profitable","profitable","200","198"
"nachrueckend","601808.SS","China Oilfield Services Limited","","findash-export/v1/full/energy.json","profitable","profitable","201","199"
"nachrueckend","OR.BK","PTT Oil and Retail Business Public Company Limited","","findash-export/v1/full/energy.json","profitable","profitable","202","200"
"nachrueckend","605090.SS","Jiangxi Jovo Energy Co., Ltd","","findash-export/v1/full/energy.json","profitable","profitable","203","201"
"nachrueckend","8131.T","Mitsuuroko Group Holdings Co.,Ltd.","","findash-export/v1/full/energy.json","profitable","profitable","204","202"
"nachrueckend","CVX","Chevron Corporation","","findash-export/v1/full/energy.json","profitable","profitable","205","203"
"nachrueckend","001331.SZ","Senton Energy Co.,Ltd.","","findash-export/v1/full/energy.json","profitable","profitable","206","204"
"nachrueckend","KGS","Kodiak Gas Services, Inc.","","findash-export/v1/full/energy.json","profitable","profitable","207","205"
"nachrueckend","600938.SS","CNOOC Limited","","findash-export/v1/full/energy.json","profitable","profitable","208","206"
"nachrueckend","2382.SR","ADES Holding Company","","findash-export/v1/full/energy.json","profitable","profitable","209","207"
"nachrueckend","ARLP","Alliance Resource Partners, L.P.","","findash-export/v1/full/energy.json","profitable","profitable","210","208"
"nachrueckend","G92.SI","China Aviation Oil (Singapore) Corporation Ltd","","findash-export/v1/full/energy.json","profitable","profitable","211","209"
"nachrueckend","APA","APA Corporation","","findash-export/v1/full/energy.json","profitable","profitable","212","210"
"nachrueckend","TOP.BK","Thai Oil Public Company Limited","","findash-export/v1/full/energy.json","profitable","profitable","213","211"
"nachrueckend","CHRD","Chord Energy Corporation","","findash-export/v1/full/energy.json","profitable","profitable","214","212"
"nachrueckend","DEC","Diversified Energy Company","","findash-export/v1/full/energy.json","profitable","profitable","215","213"
"nachrueckend","KRP","Kimbell Royalty Partners, LP","","findash-export/v1/full/energy.json","profitable","profitable","216","214"
"nachrueckend","002128.SZ","Inner Mongolia Dian Tou Energy Corporation Limited","","findash-export/v1/full/energy.json","profitable","profitable","217","215"
"nachrueckend","601225.SS","Shaanxi Coal Industry Company Limited","","findash-export/v1/full/energy.json","profitable","profitable","218","216"
"nachrueckend","002267.SZ","Shaanxi Provincial Natural Gas Co.,Ltd","","findash-export/v1/full/energy.json","profitable","profitable","219","217"
"nachrueckend","UGP","Ultrapar Participações S.A.","","findash-export/v1/full/energy.json","profitable","profitable","220","218"
"nachrueckend","600583.SS","Offshore Oil Engineering Co.,Ltd","","findash-export/v1/full/energy.json","profitable","profitable","221","219"
"nachrueckend","OII","Oceaneering International, Inc.","","findash-export/v1/full/energy.json","profitable","profitable","222","220"
"nachrueckend","VTOL","Bristow Group Inc.","","findash-export/v1/full/energy.json","profitable","profitable","223","221"
"nachrueckend","NOG","Northern Oil and Gas, Inc.","","findash-export/v1/full/energy.json","profitable","profitable","224","222"
"nachrueckend","PR","Permian Resources Corporation","","findash-export/v1/full/energy.json","profitable","profitable","225","223"
"nachrueckend","600759.SS","Geo-Jade Petroleum Corporation","","findash-export/v1/full/energy.json","profitable","profitable","226","224"
"nachrueckend","CVE","Cenovus Energy Inc.","","findash-export/v1/full/energy.json","profitable","profitable","227","225"
"nachrueckend","DSSA.JK","PT Dian Swastatika Sentosa Tbk","","findash-export/v1/full/energy.json","profitable","profitable","228","226"
"nachrueckend","EROK","EagleRock Land LLC","","findash-export/v1/full/energy.json","profitable","profitable","229","227"
"nachrueckend","PAGP","Plains GP Holdings, L.P.","","findash-export/v1/full/energy.json","profitable","profitable","230","228"
"nachrueckend","MUR","Murphy Oil Corporation","","findash-export/v1/full/energy.json","profitable","profitable","231","229"
"nachrueckend","YPF","YPF Sociedad Anónima","","findash-export/v1/full/energy.json","profitable","profitable","232","230"
"nachrueckend","ITMG.JK","PT Indo Tambangraya Megah Tbk","","findash-export/v1/full/energy.json","profitable","profitable","233","231"
"nachrueckend","603071.SS","ZJMI Environmental Energy Co., Ltd.","","findash-export/v1/full/energy.json","profitable","profitable","234","232"
"nachrueckend","CJ.TO","Cardinal Energy Ltd.","","findash-export/v1/full/energy.json","profitable","profitable","235","233"
"nachrueckend","GEMS.JK","PT Golden Energy Mines Tbk","","findash-export/v1/full/energy.json","profitable","profitable","236","234"
"nachrueckend","NAT","Nordic American Tankers Limited","","findash-export/v1/full/energy.json","profitable","profitable","237","235"
"nachrueckend","001280.SZ","China National Uranium Co., Ltd.","","findash-export/v1/full/energy.json","profitable","profitable","238","236"
"nachrueckend","2223.SR","Saudi Aramco Base Oil Company - Luberef","","findash-export/v1/full/energy.json","profitable","profitable","239","237"
"nachrueckend","603619.SS","Zhongman Petroleum and Natural Gas Group Corp.,Ltd.","","findash-export/v1/full/energy.json","profitable","profitable","240","238"
"nachrueckend","6505.TW","Formosa Petrochemical Corporation","","findash-export/v1/full/energy.json","profitable","profitable","241","239"
"nachrueckend","AKSO.OL","Aker Solutions ASA","","findash-export/v1/full/energy.json","profitable","profitable","242","240"
"nachrueckend","ADANIENT.BO","Adani Enterprises Limited","","findash-export/v1/full/energy.json","profitable","profitable","243","241"
"nachrueckend","5021.T","Cosmo Energy Holdings Co., Ltd.","","findash-export/v1/full/energy.json","profitable","profitable","244","242"
"nachrueckend","TNK","Teekay Tankers Ltd.","","findash-export/v1/full/energy.json","profitable","profitable","245","243"
"nachrueckend","TGS","Transportadora de Gas del Sur S.A.","","findash-export/v1/full/energy.json","profitable","profitable","246","244"
"nachrueckend","7293.KL","Yinson Holdings Berhad","","findash-export/v1/full/energy.json","profitable","profitable","247","245"
"nachrueckend","ALD.AX","Ampol Limited","","findash-export/v1/full/energy.json","profitable","profitable","248","246"
"nachrueckend","601975.SS","Nanjing Tanker Corporation","","findash-export/v1/full/energy.json","profitable","profitable","249","247"
"nachrueckend","600098.SS","Guangzhou Development Group Incorporated","","findash-export/v1/full/energy.json","profitable","profitable","250","248"
"nachrueckend","SPM3.VI","Saipem SpA","","findash-export/v1/full/energy.json","profitable","profitable","251","249"
"nachrueckend","ADRO.JK","PT Alamtri Resources Indonesia Tbk","","findash-export/v1/full/energy.json","profitable","profitable","252","250"
"nachrueckend","BWLP","BW LPG Limited","","findash-export/v1/full/energy.json","profitable","profitable","253","251"
"nachrueckend","8097.T","San-Ai Obbli Co., Ltd.","","findash-export/v1/full/energy.json","profitable","profitable","254","252"
"nachrueckend","ODL.OL","Odfjell Drilling Ltd.","","findash-export/v1/full/energy.json","profitable","profitable","255","253"
"nachrueckend","3668.HK","Yancoal Australia Ltd","","findash-export/v1/full/energy.json","profitable","profitable","256","254"
"nachrueckend","APC","ARKO Petroleum Corp.","","findash-export/v1/full/energy.json","profitable","profitable","257","255"
"nachrueckend","010950.KS","S-Oil Corporation","","findash-export/v1/full/energy.json","profitable","profitable","258","256"
"nachrueckend","600026.SS","COSCO SHIPPING Energy Transportation Co., Ltd.","","findash-export/v1/full/energy.json","profitable","profitable","259","257"
"nachrueckend","601918.SS","China Coal Xinji Energy Co.,Ltd","","findash-export/v1/full/energy.json","profitable","profitable","260","258"
"nachrueckend","TRMD","TORM plc","","findash-export/v1/full/energy.json","profitable","profitable","261","259"
"nachrueckend","NOV","NOV Inc.","","findash-export/v1/full/energy.json","profitable","profitable","262","260"
"nachrueckend","GMRP&UI.BO","GMR Power And Urban Infra Limited","","findash-export/v1/full/energy.json","profitable","profitable","263","261"
"nachrueckend","WTTR","Select Water Solutions, Inc.","","findash-export/v1/full/energy.json","profitable","profitable","264","262"
"nachrueckend","600925.SS","Jiangsu Xukuang Energy Co., Ltd.","","findash-export/v1/full/energy.json","profitable","profitable","265","263"
"nachrueckend","MNR","Mach Natural Resources LP","","findash-export/v1/full/energy.json","profitable","profitable","266","264"
"nachrueckend","600617.SS","Shanxi Guoxin Energy Corporation Limited","","findash-export/v1/full/energy.json","profitable","profitable","267","265"
"nachrueckend","CCJ","Cameco Corporation","","findash-export/v1/full/energy.json","profitable","profitable","268","266"
"nachrueckend","QFLS.QA","Qatar Fuel Company Q.P.S.C. (""WOQOD"")","","findash-export/v1/full/energy.json","profitable","profitable","269","267"
"nachrueckend","6033.KL","PETRONAS Gas Berhad","","findash-export/v1/full/energy.json","profitable","profitable","270","268"
"nachrueckend","000968.SZ","Shanxi Blue Flame Holding Company Limited","","findash-export/v1/full/energy.json","profitable","profitable","271","269"
"nachrueckend","600395.SS","Guizhou Panjiang Refined Coal Co.,Ltd.","","findash-export/v1/full/energy.json","profitable","profitable","272","270"
"nachrueckend","WOR.AX","Worley Limited","","findash-export/v1/full/energy.json","profitable","profitable","273","271"
"nachrueckend","LBRT","Liberty Energy Inc.","","findash-export/v1/full/energy.json","profitable","profitable","274","272"
"nachrueckend","600546.SS","Shanxi Coal International Energy Group Co.,Ltd","","findash-export/v1/full/energy.json","profitable","profitable","275","273"
"nachrueckend","5020.T","ENEOS Holdings, Inc.","","findash-export/v1/full/energy.json","profitable","profitable","276","274"
"nachrueckend","SOBO","South Bow Corporation","","findash-export/v1/full/energy.json","profitable","profitable","277","275"
"nachrueckend","601101.SS","Beijing Haohua Energy Resource Co., Ltd.","","findash-export/v1/full/energy.json","profitable","profitable","278","276"
"nachrueckend","WDS.AX","Woodside Energy Group Ltd","","findash-export/v1/full/energy.json","profitable","profitable","279","277"
"nachrueckend","ATH.TO","Athabasca Oil Corporation","","findash-export/v1/full/energy.json","profitable","profitable","280","278"
"nachrueckend","STNG","Scorpio Tankers Inc.","","findash-export/v1/full/energy.json","profitable","profitable","281","279"
"nachrueckend","BKR","Baker Hughes Company","","findash-export/v1/full/energy.json","profitable","profitable","282","280"
"nachrueckend","PTT.BK","PTT Public Company Limited","","findash-export/v1/full/energy.json","profitable","profitable","283","281"
"nachrueckend","000937.SZ","Jizhong Energy Resources Co., Ltd.","","findash-export/v1/full/energy.json","profitable","profitable","284","282"
"nachrueckend","600777.SS","Shandong Xinchao Energy Corporation Limited","","findash-export/v1/full/energy.json","profitable","profitable","285","283"
"nachrueckend","AEGISVOPAK.NS","Aegis Vopak Terminals Limited","","findash-export/v1/full/energy.json","profitable","profitable","286","284"
"nachrueckend","NE","Noble Corporation plc","","findash-export/v1/full/energy.json","profitable","profitable","287","285"
"nachrueckend","000983.SZ","Shanxi Coking Coal Energy Group Co., Ltd.","","findash-export/v1/full/energy.json","profitable","profitable","288","286"
"nachrueckend","600348.SS","Shan Xi Hua Yang Group New Energy Co.,Ltd.","","findash-export/v1/full/energy.json","profitable","profitable","289","287"
"nachrueckend","CSAN","Cosan S.A.","","findash-export/v1/full/energy.json","profitable","profitable","290","288"
"nachrueckend","WHC.AX","Whitehaven Coal Limited","","findash-export/v1/full/energy.json","profitable","profitable","291","289"
"nachrueckend","IPCO.TO","International Petroleum Corporation","","findash-export/v1/full/energy.json","profitable","profitable","292","290"
"nachrueckend","1277.HK","Kinetic Development Group Limited","","findash-export/v1/full/energy.json","profitable","profitable","293","291"
"nachrueckend","WFRD","Weatherford International plc","","findash-export/v1/full/energy.json","profitable","profitable","294","292"
"nachrueckend","SLB","SLB N.V.","","findash-export/v1/full/energy.json","profitable","profitable","295","293"
"nachrueckend","600157.SS","Wintime Energy Group Co.,Ltd.","","findash-export/v1/full/energy.json","profitable","profitable","296","294"
"nachrueckend","PETRONET.BO","Petronet LNG Limited","","findash-export/v1/full/energy.json","profitable","profitable","297","295"
"nachrueckend","0934.HK","Sinopec Kantons Holdings Limited","","findash-export/v1/full/energy.json","profitable","profitable","298","296"
"nachrueckend","CHI.NZ","Channel Infrastructure NZ Limited","","findash-export/v1/full/energy.json","profitable","profitable","299","297"
"nachrueckend","2381.SR","Arabian Drilling Company","","findash-export/v1/full/energy.json","profitable","profitable","300","298"
"nachrueckend","0467.HK","United Energy Group Limited","","findash-export/v1/full/energy.json","profitable","profitable","301","299"
"nachrueckend","QGTS.QA","Qatar Gas Transport Company Limited (Nakilat) (QPSC)","","findash-export/v1/full/energy.json","profitable","profitable","302","300"
"nachrueckend","CRK","Comstock Resources, Inc.","","findash-export/v1/full/energy.json","profitable","profitable","303","301"
"nachrueckend","VEA.AX","Viva Energy Group Limited","","findash-export/v1/full/energy.json","profitable","profitable","304","302"
"nachrueckend","601699.SS","Shanxi Lu'an Environmental Energy Development Co., Ltd.","","findash-export/v1/full/energy.json","profitable","profitable","305","303"
"nachrueckend","600028.SS","China Petroleum & Chemical Corporation","","findash-export/v1/full/energy.json","profitable","profitable","306","304"
"nachrueckend","TDW","Tidewater Inc.","","findash-export/v1/full/energy.json","profitable","profitable","307","305"
"nachrueckend","HPK","HighPeak Energy, Inc.","","findash-export/v1/full/energy.json","profitable","profitable","308","306"
"nachrueckend","601001.SS","Jinneng Holding Shanxi Coal Industry Co.,ltd.","","findash-export/v1/full/energy.json","profitable","profitable","309","307"
"nachrueckend","TCW.TO","Trican Well Service Ltd.","","findash-export/v1/full/energy.json","profitable","profitable","310","308"
"nachrueckend","GMDCLTD.NS","Gujarat Mineral Development Corporation Limited","","findash-export/v1/full/energy.json","profitable","profitable","311","309"
"nachrueckend","1605.T","Inpex Corporation","","findash-export/v1/full/energy.json","profitable","profitable","312","310"
"nachrueckend","601666.SS","Pingdingshan Tianan Coal. Mining Co., Ltd.","","findash-export/v1/full/energy.json","profitable","profitable","313","311"
"nachrueckend","5019.T","Idemitsu Kosan Co.,Ltd.","","findash-export/v1/full/energy.json","profitable","profitable","314","312"
"nachrueckend","XPRO","Expro Ltd","","findash-export/v1/full/energy.json","profitable","profitable","315","313"
"nachrueckend","BORR","Borr Drilling Limited","","findash-export/v1/full/energy.json","profitable","profitable","316","314"
"nachrueckend","VAL","Valaris Limited","","findash-export/v1/full/energy.json","profitable","profitable","317","315"
"nachrueckend","EC.PA","TotalEnergies EP Gabon Société Anonyme","","findash-export/v1/full/energy.json","profitable","profitable","318","316"
"nachrueckend","DK","Delek US Holdings, Inc.","","findash-export/v1/full/energy.json","profitable","profitable","319","317"
"nachrueckend","NXT.MI","Next Geosolutions Europe SpA","","findash-export/v1/full/energy.json","profitable","profitable","320","318"
"nachrueckend","TK","Teekay Corporation Ltd.","","findash-export/v1/full/energy.json","profitable","profitable","321","319"
"nachrueckend","ODET.PA","Compagnie de l'Odet","","findash-export/v1/full/energy.json","profitable","profitable","322","320"
"nachrueckend","LEU","Centrus Energy Corp.","","findash-export/v1/full/energy.json","profitable","profitable","323","321"
"nachrueckend","REPX","Riley Exploration Permian, Inc.","","findash-export/v1/full/energy.json","profitable","profitable","324","322"
"nachrueckend","GFR","Greenfire Resources Ltd.","","findash-export/v1/full/energy.json","profitable","profitable","325","323"
"nachrueckend","601898.SS","China Coal Energy Company Limited","","findash-export/v1/full/energy.json","profitable","profitable","326","324"
"nachrueckend","GPOR","Gulfport Energy Corporation","","findash-export/v1/full/energy.json","profitable","profitable","327","325"
"nachrueckend","1662.T","Japan Petroleum Exploration Co., Ltd.","","findash-export/v1/full/energy.json","profitable","profitable","328","326"
"nachrueckend","EXE","Expand Energy Corporation","","findash-export/v1/full/energy.json","profitable","profitable","329","327"
"nachrueckend","FET","Forum Energy Technologies, Inc.","","findash-export/v1/full/energy.json","profitable","profitable","330","328"
"nachrueckend","1164.HK","CGN Mining Company Limited","","findash-export/v1/full/energy.json","profitable","profitable","331","329"
"nachrueckend","PUMP","ProPetro Holding Corp.","","findash-export/v1/full/energy.json","profitable","profitable","332","330"
"nachrueckend","MAU.PA","Etablissements Maurel & Prom S.A.","","findash-export/v1/full/energy.json","profitable","profitable","333","331"
"nachrueckend","OPY","Oppenheimer Holdings Inc.","","findash-export/v1/full/financials.json","profitable","profitable","84","83"
"nachrueckend","ENX.VI","Euronext N.V.","","findash-export/v1/full/financials.json","profitable","profitable","85","84"
"nachrueckend","CREDITACC.NS","CreditAccess Grameen Limited","","findash-export/v1/full/financials.json","profitable","profitable","86","85"
"nachrueckend","BRO","Brown & Brown, Inc.","","findash-export/v1/full/financials.json","profitable","profitable","87","86"
"nachrueckend","IREDA.NS","Indian Renewable Energy Development Agency Limited","","findash-export/v1/full/financials.json","profitable","profitable","88","87"
"nachrueckend","KRU.WA","KRUK Spólka Akcyjna","","findash-export/v1/full/financials.json","profitable","profitable","89","88"
"nachrueckend","HDBFS.NS","HDB Financial Services Limited","","findash-export/v1/full/financials.json","profitable","profitable","90","89"
"nachrueckend","V","Visa Inc.","","findash-export/v1/full/financials.json","profitable","profitable","91","90"
"nachrueckend","002670.SZ","Guosheng Securities Inc","","findash-export/v1/full/financials.json","profitable","profitable","92","91"
"nachrueckend","BAM","Brookfield Asset Management Ltd.","","findash-export/v1/full/financials.json","profitable","profitable","93","92"
"nachrueckend","BAJFINANCE.NS","Bajaj Finance Limited","","findash-export/v1/full/financials.json","profitable","profitable","94","93"
"nachrueckend","MIAX","Miami International Holdings, Inc.","","findash-export/v1/full/financials.json","profitable","profitable","95","94"
"nachrueckend","0290.HK","GoFintech Quantum Innovation Limited","","findash-export/v1/full/financials.json","profitable","profitable","96","95"
"nachrueckend","ASX.AX","ASX Limited","","findash-export/v1/full/financials.json","profitable","profitable","97","96"
"nachrueckend","CHOLAFIN.BO","Cholamandalam Investment and Finance Company Limited","","findash-export/v1/full/financials.json","profitable","profitable","98","97"
"nachrueckend","AGM","Federal Agricultural Mortgage Corporation","","findash-export/v1/full/financials.json","profitable","profitable","99","98"
"nachrueckend","SUNDARMFIN.NS","Sundaram Finance Limited","","findash-export/v1/full/financials.json","profitable","profitable","100","99"
"nachrueckend","GROWW.NS","Billionbrains Garage Ventures Limited","","findash-export/v1/full/financials.json","profitable","profitable","101","100"
"nachrueckend","LTF.BO","L&T Finance Limited","","findash-export/v1/full/financials.json","profitable","profitable","102","101"
"nachrueckend","IRFC.NS","Indian Railway Finance Corporation Limited","","findash-export/v1/full/financials.json","profitable","profitable","103","102"
"nachrueckend","1818.KL","Bursa Malaysia Berhad","","findash-export/v1/full/financials.json","profitable","profitable","104","103"
"nachrueckend","PIPR","Piper Sandler Companies","","findash-export/v1/full/financials.json","profitable","profitable","105","104"
"nachrueckend","HDFCAMC.BO","HDFC Asset Management Company Limited","","findash-export/v1/full/financials.json","profitable","profitable","106","105"
"nachrueckend","HOMEFIRST.BO","Home First Finance Company India Limited","","findash-export/v1/full/financials.json","profitable","profitable","107","106"
"nachrueckend","8698.T","Monex Group, Inc.","","findash-export/v1/full/financials.json","profitable","profitable","108","107"
"nachrueckend","CMCX.L","CMC Markets Plc","","findash-export/v1/full/financials.json","profitable","profitable","109","108"
"nachrueckend","AADHARHFC.NS","Aadhar Housing Finance Limited","","findash-export/v1/full/financials.json","profitable","profitable","110","109"
"nachrueckend","7177.T","GMO Financial Holdings, Inc.","","findash-export/v1/full/financials.json","profitable","profitable","111","110"
"nachrueckend","PIRAMALFIN.NS","Piramal Finance Limited","","findash-export/v1/full/financials.json","profitable","profitable","112","111"
"nachrueckend","PRUDENT.BO","Prudent Corporate Advisory Services Limited","","findash-export/v1/full/financials.json","profitable","profitable","113","112"
"nachrueckend","BAJAJHFL.NS","Bajaj Housing Finance Limited","","findash-export/v1/full/financials.json","profitable","profitable","114","113"
"nachrueckend","MAHSCOOTER.NS","Maharashtra Scooters Ltd.","","findash-export/v1/full/financials.json","profitable","profitable","115","114"
"nachrueckend","ICICIAMC.BO","ICICI Prudential Asset Management Company Limited","","findash-export/v1/full/financials.json","profitable","profitable","116","115"
"nachrueckend","VIRT","Virtu Financial, Inc.","","findash-export/v1/full/financials.json","profitable","profitable","117","116"
"nachrueckend","MS","Morgan Stanley","","findash-export/v1/full/financials.json","profitable","profitable","118","117"
"nachrueckend","LCLN","Lincoln International, Inc.","","findash-export/v1/full/financials.json","profitable","profitable","119","118"
"nachrueckend","CFTE.SW","Compagnie Financière Tradition SA","","findash-export/v1/full/financials.json","profitable","profitable","120","119"
"nachrueckend","BOLSA/A.MX","Bolsa Mexicana de Valores, S.A.B. de C.V.","","findash-export/v1/full/financials.json","profitable","profitable","121","120"
"nachrueckend","NP","Neptune Insurance Holdings Inc.","","findash-export/v1/full/financials.json","profitable","profitable","122","121"
"nachrueckend","360ONE.BO","360 One Wam Limited","","findash-export/v1/full/financials.json","profitable","profitable","123","122"
"nachrueckend","X.TO","TMX Group Limited","","findash-export/v1/full/financials.json","profitable","profitable","124","123"
"nachrueckend","FCFS","FirstCash Holdings, Inc.","","findash-export/v1/full/financials.json","profitable","profitable","125","124"
"nachrueckend","BLK","BlackRock, Inc.","","findash-export/v1/full/financials.json","profitable","profitable","126","125"
"nachrueckend","EVR","Evercore Inc.","","findash-export/v1/full/financials.json","profitable","profitable","127","126"
"nachrueckend","547A.T","Muninova Holdings Inc.","","findash-export/v1/full/financials.json","profitable","profitable","128","127"
"nachrueckend","TATACAP.BO","Tata Capital Limited","","findash-export/v1/full/financials.json","profitable","profitable","129","128"
"nachrueckend","CRVL","CorVel Corporation","","findash-export/v1/full/financials.json","profitable","profitable","130","129"
"nachrueckend","MSCI","MSCI Inc.","","findash-export/v1/full/financials.json","profitable","profitable","131","130"
"nachrueckend","MRSH","Marsh & McLennan Companies, Inc.","","findash-export/v1/full/financials.json","profitable","profitable","132","131"
"nachrueckend","AAMI","Acadian Asset Management Inc.","","findash-export/v1/full/financials.json","profitable","profitable","133","132"
"nachrueckend","M&MFIN.BO","Mahindra & Mahindra Financial Services Limited","","findash-export/v1/full/financials.json","profitable","profitable","134","133"
"nachrueckend","HAL.AS","HAL Trust","","findash-export/v1/full/financials.json","profitable","profitable","135","134"
"nachrueckend","CVCCF","CVC Capital Partners plc","","findash-export/v1/full/financials.json","profitable","profitable","136","135"
"nachrueckend","RYAN","Ryan Specialty Holdings, Inc.","","findash-export/v1/full/financials.json","profitable","profitable","137","136"
"nachrueckend","OMF","OneMain Holdings, Inc.","","findash-export/v1/full/financials.json","profitable","profitable","138","137"
"nachrueckend","000935.SZ","Sichuan Hexie Shuangma Co., Ltd.","","findash-export/v1/full/financials.json","profitable","profitable","139","138"
"nachrueckend","VIL.PA","VIEL & Cie, société anonyme","","findash-export/v1/full/financials.json","profitable","profitable","140","139"
"nachrueckend","AJB.L","AJ Bell plc","","findash-export/v1/full/financials.json","profitable","profitable","141","140"
"nachrueckend","MORN","Morningstar, Inc.","","findash-export/v1/full/financials.json","profitable","profitable","142","141"
"nachrueckend","NAVI","Navient Corporation","","findash-export/v1/full/financials.json","profitable","profitable","143","142"
"nachrueckend","NDAQ","Nasdaq, Inc.","","findash-export/v1/full/financials.json","profitable","profitable","144","143"
"nachrueckend","2666.HK","Genertec Universal Medical Group Company Limited","","findash-export/v1/full/financials.json","profitable","profitable","145","144"
"nachrueckend","WT","WisdomTree, Inc.","","findash-export/v1/full/financials.json","profitable","profitable","146","145"
"nachrueckend","6005.TW","Capital Securities Corporation","","findash-export/v1/full/financials.json","profitable","profitable","147","146"
"nachrueckend","PNBHOUSING.NS","PNB Housing Finance Limited","","findash-export/v1/full/financials.json","profitable","profitable","148","147"
"nachrueckend","IEX.BO","Indian Energy Exchange Limited","","findash-export/v1/full/financials.json","profitable","profitable","149","148"
"nachrueckend","ANANDRATHI.NS","Anand Rathi Wealth Limited","","findash-export/v1/full/financials.json","profitable","profitable","150","149"
"nachrueckend","MCO","Moody's Corporation","","findash-export/v1/full/financials.json","profitable","profitable","151","150"
"nachrueckend","6069.HK","SY Holdings Group Limited","","findash-export/v1/full/financials.json","profitable","profitable","152","151"
"nachrueckend","BGC","BGC Group, Inc.","","findash-export/v1/full/financials.json","profitable","profitable","153","152"
"nachrueckend","INTRUM.ST","Intrum AB (publ)","","findash-export/v1/full/financials.json","profitable","profitable","154","153"
"nachrueckend","GS","The Goldman Sachs Group, Inc.","","findash-export/v1/full/financials.json","profitable","profitable","155","154"
"nachrueckend","SPGI","S&P Global Inc.","","findash-export/v1/full/financials.json","profitable","profitable","156","155"
"nachrueckend","AXP","American Express Company","","findash-export/v1/full/financials.json","profitable","profitable","157","156"
"nachrueckend","B3SA3.SA","B3 S.A. - Brasil, Bolsa, Balcão","","findash-export/v1/full/financials.json","profitable","profitable","158","157"
"nachrueckend","ABSLAMC.BO","Aditya Birla Sun Life AMC Limited","","findash-export/v1/full/financials.json","profitable","profitable","159","158"
"nachrueckend","APTUS.BO","Aptus Value Housing Finance India Limited","","findash-export/v1/full/financials.json","profitable","profitable","160","159"
"nachrueckend","IGM.TO","IGM Financial Inc.","","findash-export/v1/full/financials.json","profitable","profitable","162","160"
"nachrueckend","RJF","Raymond James Financial, Inc.","","findash-export/v1/full/financials.json","profitable","profitable","163","161"
"nachrueckend","AMG","Affiliated Managers Group, Inc.","","findash-export/v1/full/financials.json","profitable","profitable","164","162"
"nachrueckend","SEIC","SEI Investments Company","","findash-export/v1/full/financials.json","profitable","profitable","165","163"
"nachrueckend","CNS","Cohen & Steers, Inc.","","findash-export/v1/full/financials.json","profitable","profitable","166","164"
"nachrueckend","ENVA","Enova International, Inc.","","findash-export/v1/full/financials.json","profitable","profitable","167","165"
"nachrueckend","BAJAJFINSV.NS","Bajaj Finserv Ltd.","","findash-export/v1/full/financials.json","profitable","profitable","168","166"
"nachrueckend","MF.PA","Wendel","","findash-export/v1/full/financials.json","profitable","profitable","169","167"
"nachrueckend","APAM","Artisan Partners Asset Management Inc.","","findash-export/v1/full/financials.json","profitable","profitable","170","168"
"nachrueckend","AMP","Ameriprise Financial, Inc.","","findash-export/v1/full/financials.json","profitable","profitable","171","169"
"nachrueckend","IIFL.BO","IIFL Finance Limited","","findash-export/v1/full/financials.json","profitable","profitable","172","170"
"nachrueckend","PJT","PJT Partners Inc.","","findash-export/v1/full/financials.json","profitable","profitable","173","171"
"nachrueckend","WRLD","World Acceptance Corporation","","findash-export/v1/full/financials.json","profitable","profitable","174","172"
"nachrueckend","2858.HK","Yixin Group Limited","","findash-export/v1/full/financials.json","profitable","profitable","175","173"
"nachrueckend","BWIN","The Baldwin Insurance Group, Inc.","","findash-export/v1/full/financials.json","profitable","profitable","176","174"
"nachrueckend","GSHD","Goosehead Insurance, Inc.","","findash-export/v1/full/financials.json","profitable","profitable","177","175"
"nachrueckend","MC","Moelis & Company","","findash-export/v1/full/financials.json","profitable","profitable","178","176"
"nachrueckend","OWL","Blue Owl Capital Inc.","","findash-export/v1/full/financials.json","profitable","profitable","179","177"
"nachrueckend","EZPW","EZCORP, Inc.","","findash-export/v1/full/financials.json","profitable","profitable","180","178"
"nachrueckend","SLM","SLM Corporation","","findash-export/v1/full/financials.json","profitable","profitable","181","179"
"nachrueckend","8252.T","Marui Group Co., Ltd.","","findash-export/v1/full/financials.json","profitable","profitable","182","180"
"nachrueckend","FTK.DE","flatexDEGIRO SE","","findash-export/v1/full/financials.json","profitable","profitable","183","181"
"nachrueckend","DWS.DE","DWS Group GmbH & Co. KGaA","","findash-export/v1/full/financials.json","profitable","profitable","184","182"
"nachrueckend","CLSK","CleanSpark, Inc.","","findash-export/v1/full/financials.json","profitable","profitable","185","183"
"nachrueckend","AZM.VI","Azimut Holding S.p.A.","","findash-export/v1/full/financials.json","profitable","profitable","186","184"
"nachrueckend","SDR.L","Schroders plc","","findash-export/v1/full/financials.json","profitable","profitable","187","185"
"nachrueckend","AAVAS.NS","Aavas Financiers Limited","","findash-export/v1/full/financials.json","profitable","profitable","188","186"
"nachrueckend","TW","Tradeweb Markets Inc.","","findash-export/v1/full/financials.json","profitable","profitable","189","187"
"nachrueckend","TRU","TransUnion","","findash-export/v1/full/financials.json","profitable","profitable","190","188"
"nachrueckend","1428.HK","Bright Smart Securities & Commodities Group Limited","","findash-export/v1/full/financials.json","profitable","profitable","191","189"
"nachrueckend","FIVESTAR.BO","Five-Star Business Finance Limited","","findash-export/v1/full/financials.json","profitable","profitable","192","190"
"nachrueckend","600390.SS","Minmetals Capital Company Limited","","findash-export/v1/full/financials.json","profitable","profitable","193","191"
"nachrueckend","PFG","Principal Financial Group, Inc.","","findash-export/v1/full/financials.json","profitable","profitable","194","192"
"nachrueckend","VZN.SW","VZ Holding AG","","findash-export/v1/full/financials.json","profitable","profitable","195","193"
"nachrueckend","UTIAMC.BO","UTI Asset Management Company Limited","","findash-export/v1/full/financials.json","profitable","profitable","196","194"
"nachrueckend","IBKR","Interactive Brokers Group, Inc.","","findash-export/v1/full/financials.json","profitable","profitable","197","195"
"nachrueckend","CHOLAHLDNG.NS","Cholamandalam Financial Holdings Limited","","findash-export/v1/full/financials.json","profitable","profitable","198","196"
"nachrueckend","SF","Stifel Financial Corp.","","findash-export/v1/full/financials.json","profitable","profitable","199","197"
"nachrueckend","EDEN.VI","Edenred SE","","findash-export/v1/full/financials.json","profitable","profitable","200","198"
"nachrueckend","MOTILALOFS.NS","Motilal Oswal Financial Services Limited","","findash-export/v1/full/financials.json","profitable","profitable","201","199"
"nachrueckend","PAG.L","Paragon Banking Group PLC","","findash-export/v1/full/financials.json","profitable","profitable","202","200"
"nachrueckend","ARX","Accelerant Holdings","","findash-export/v1/full/financials.json","profitable","profitable","203","201"
"nachrueckend","JTC.L","JTC PLC","","findash-export/v1/full/financials.json","profitable","profitable","204","202"
"nachrueckend","FDS","FactSet Research Systems Inc.","","findash-export/v1/full/financials.json","profitable","profitable","205","203"
"nachrueckend","SBICARD.BO","SBI Cards and Payment Services Limited","","findash-export/v1/full/financials.json","profitable","profitable","206","204"
"nachrueckend","DBO.VI","Deutsche Börse AG","","findash-export/v1/full/financials.json","profitable","profitable","207","205"
"nachrueckend","AON","Aon plc","","findash-export/v1/full/financials.json","profitable","profitable","208","206"
"nachrueckend","CDSL.NS","Central Depository Services (India) Limited","","findash-export/v1/full/financials.json","profitable","profitable","209","207"
"nachrueckend","TROW","T. Rowe Price Group, Inc.","","findash-export/v1/full/financials.json","profitable","profitable","210","208"
"nachrueckend","PYPL","PayPal Holdings, Inc.","","findash-export/v1/full/financials.json","profitable","profitable","211","209"
"nachrueckend","U10.SI","UOB-Kay Hian Holdings Limited","","findash-export/v1/full/financials.json","profitable","profitable","212","210"
"nachrueckend","8253.T","Credit Saison Co., Ltd.","","findash-export/v1/full/financials.json","profitable","profitable","213","211"
"nachrueckend","STJ.L","St. James's Place plc","","findash-export/v1/full/financials.json","profitable","profitable","214","212"
"nachrueckend","8572.T","Acom Co., Ltd.","","findash-export/v1/full/financials.json","profitable","profitable","215","213"
"nachrueckend","NSDL.BO","National Securities Depository Limited","","findash-export/v1/full/financials.json","profitable","profitable","216","214"
"nachrueckend","LS4C.DE","London Stock Exchange Group plc","","findash-export/v1/full/financials.json","profitable","profitable","217","215"
"nachrueckend","000987.SZ","Guangzhou Yuexiu Capital Holdings Group Co., Ltd.","","findash-export/v1/full/financials.json","profitable","profitable","218","216"
"nachrueckend","ICE","Intercontinental Exchange, Inc.","","findash-export/v1/full/financials.json","profitable","profitable","219","217"
"nachrueckend","MLP.VI","MLP SE","","findash-export/v1/full/financials.json","profitable","profitable","220","218"
"nachrueckend","PLUS.L","Plus500 Ltd.","","findash-export/v1/full/financials.json","profitable","profitable","221","219"
"nachrueckend","NAVIGO-PREF.ST","Navigo Invest AB (publ)","","findash-export/v1/full/financials.json","profitable","profitable","222","220"
"nachrueckend","4084.SR","Derayah Financial Company","","findash-export/v1/full/financials.json","profitable","profitable","223","221"
"nachrueckend","TIDLOR.BK","Tidlor Holdings Public Company Limited","","findash-export/v1/full/financials.json","profitable","profitable","224","222"
"nachrueckend","600061.SS","SDIC Capital Co.,Ltd","","findash-export/v1/full/financials.json","profitable","profitable","225","223"
"nachrueckend","AUB.AX","AUB Group Limited","","findash-export/v1/full/financials.json","profitable","profitable","226","224"
"nachrueckend","319400.KQ","HYUNDAI MOVEX Co., Ltd.","","findash-export/v1/full/financials.json","profitable","profitable","227","225"
"nachrueckend","SNEX","StoneX Group Inc.","","findash-export/v1/full/financials.json","profitable","profitable","228","226"
"nachrueckend","BEN","Franklin Templeton Inc.","","findash-export/v1/full/financials.json","profitable","profitable","229","227"
"nachrueckend","8593.T","Mitsubishi HC Capital Inc.","","findash-export/v1/full/financials.json","profitable","profitable","230","228"
"nachrueckend","2855.TW","President Securities Corporation","","findash-export/v1/full/financials.json","profitable","profitable","231","229"
"nachrueckend","VOYA","Voya Financial, Inc.","","findash-export/v1/full/financials.json","profitable","profitable","232","230"
"nachrueckend","8566.T","Ricoh Leasing Company, Ltd.","","findash-export/v1/full/financials.json","profitable","profitable","233","231"
"nachrueckend","1111.SR","Saudi Tadawul Group Holding Company","","findash-export/v1/full/financials.json","profitable","profitable","234","232"
"nachrueckend","ASHM.L","Ashmore Group Plc","","findash-export/v1/full/financials.json","profitable","profitable","235","233"
"nachrueckend","BPT.L","Bridgepoint Group plc","","findash-export/v1/full/financials.json","profitable","profitable","236","234"
"nachrueckend","BN","Brookfield Corporation","","findash-export/v1/full/financials.json","profitable","profitable","237","235"
"nachrueckend","WU","The Western Union Company","","findash-export/v1/full/financials.json","profitable","profitable","238","236"
"nachrueckend","NSE.BO","National Stock Exchange of Ind","","findash-export/v1/full/financials.json","profitable","profitable","239","237"
"nachrueckend","001236.SZ","Soho Holly Futures Co., Ltd.","","findash-export/v1/full/financials.json","profitable","profitable","240","238"
"nachrueckend","MKTX","MarketAxess Holdings Inc.","","findash-export/v1/full/financials.json","profitable","profitable","241","239"
"nachrueckend","NGI.AX","Navigator Global Investments Limited","","findash-export/v1/full/financials.json","profitable","profitable","242","240"
"nachrueckend","GPROFUT.MX","Grupo Profuturo, S.A.B. de C.V.","","findash-export/v1/full/financials.json","profitable","profitable","243","241"
"nachrueckend","ALLFG.AS","Allfunds Group plc","","findash-export/v1/full/financials.json","profitable","profitable","244","242"
"nachrueckend","TCAP.L","TP ICAP Group PLC","","findash-export/v1/full/financials.json","profitable","profitable","245","243"
"nachrueckend","RAT.L","Rathbones Group Plc","","findash-export/v1/full/financials.json","profitable","profitable","246","244"
"nachrueckend","AMUN.PA","Amundi S.A.","","findash-export/v1/full/financials.json","profitable","profitable","247","245"
"nachrueckend","CACC","Credit Acceptance Corporation","","findash-export/v1/full/financials.json","profitable","profitable","248","246"
"nachrueckend","FRHC","Freedom Holdings Corp.","","findash-export/v1/full/financials.json","profitable","profitable","249","247"
"nachrueckend","002647.SZ","Rendong Holdings Co., Ltd.","","findash-export/v1/full/financials.json","profitable","profitable","250","248"
"nachrueckend","000617.SZ","CNPC Capital Company Limited","","findash-export/v1/full/financials.json","profitable","profitable","251","249"
"nachrueckend","ANTIN.PA","Antin Infrastructure Partners S.A.","","findash-export/v1/full/financials.json","profitable","profitable","252","250"
"nachrueckend","HLNE","Hamilton Lane Incorporated","","findash-export/v1/full/financials.json","profitable","profitable","253","251"
"nachrueckend","CME","CME Group Inc.","","findash-export/v1/full/financials.json","profitable","profitable","254","252"
"nachrueckend","BMNR","Bitmine Immersion Technologies, Inc.","","findash-export/v1/full/financials.json","profitable","profitable","255","253"
"nachrueckend","8584.T","JACCS Co., Ltd.","","findash-export/v1/full/financials.json","profitable","profitable","256","254"
"nachrueckend","2885.TW","Yuanta Financial Holding Co., Ltd.","","findash-export/v1/full/financials.json","profitable","profitable","257","255"
"nachrueckend","TKO.PA","Tikehau Capital","","findash-export/v1/full/financials.json","profitable","profitable","258","256"
"nachrueckend","HLI","Houlihan Lokey, Inc.","","findash-export/v1/full/financials.json","profitable","profitable","259","257"
"nachrueckend","ANIM.MI","Anima Holding SpA","","findash-export/v1/full/financials.json","profitable","profitable","260","258"
"nachrueckend","EQT.ST","EQT AB (publ)","","findash-export/v1/full/financials.json","profitable","profitable","261","259"
"nachrueckend","JEF","Jefferies Financial Group Inc.","","findash-export/v1/full/financials.json","profitable","profitable","262","260"
"nachrueckend","6592.TW","Hotai Finance Co., Ltd.","","findash-export/v1/full/financials.json","profitable","profitable","263","261"
"nachrueckend","WD","Walker & Dunlop, Inc.","","findash-export/v1/full/financials.json","profitable","profitable","264","262"
"nachrueckend","PPT.AX","Perpetual Limited","","findash-export/v1/full/financials.json","profitable","profitable","265","263"
"nachrueckend","WTW","Willis Towers Watson Public Limited Company","","findash-export/v1/full/financials.json","profitable","profitable","266","264"
"nachrueckend","8697.T","Japan Exchange Group, Inc.","","findash-export/v1/full/financials.json","profitable","profitable","267","265"
"nachrueckend","RPC","Ridgepost Capital, Inc","","findash-export/v1/full/financials.json","profitable","profitable","269","266"
"nachrueckend","PAX","Patria Investments Limited","","findash-export/v1/full/financials.json","profitable","profitable","270","267"
"nachrueckend","8585.T","Orient Corporation","","findash-export/v1/full/financials.json","profitable","profitable","271","268"
"nachrueckend","ETOR","eToro Group Ltd.","","findash-export/v1/full/financials.json","profitable","profitable","272","269"
"nachrueckend","8425.T","Mizuho Leasing Company, Limited","","findash-export/v1/full/financials.json","profitable","profitable","273","270"
"nachrueckend","KKR","KKR & Co. Inc.","","findash-export/v1/full/financials.json","profitable","profitable","274","271"
"nachrueckend","ANGELONE.NS","Angel One Limited","","findash-export/v1/full/financials.json","profitable","profitable","275","272"
"nachrueckend","VRTS","Virtus Investment Partners, Inc.","","findash-export/v1/full/financials.json","profitable","profitable","276","273"
"nachrueckend","EMG.L","Man Group Plc","","findash-export/v1/full/financials.json","profitable","profitable","277","274"
"nachrueckend","COIN","Coinbase Global, Inc.","","findash-export/v1/full/financials.json","profitable","profitable","278","275"
"nachrueckend","AIIL.BO","Authum Investment & Infrastructure Limited","","findash-export/v1/full/financials.json","profitable","profitable","279","276"
"nachrueckend","IIFLCAPS.BO","IIFL Capital Services Limited","","findash-export/v1/full/financials.json","profitable","profitable","280","277"
"nachrueckend","PWP","Perella Weinberg Partners","","findash-export/v1/full/financials.json","profitable","profitable","281","278"
"nachrueckend","LAZ","Lazard, Inc.","","findash-export/v1/full/financials.json","profitable","profitable","282","279"
"nachrueckend","CBDG.PA","Compagnie du Cambodge","","findash-export/v1/full/financials.json","unprofitable","unprofitable","3","1"
"nachrueckend","HIVE","HIVE Digital Technologies Ltd.","","findash-export/v1/full/financials.json","unprofitable","unprofitable","4","2"
"nachrueckend","CRCL","Circle Internet Group, Inc.","","findash-export/v1/full/financials.json","unprofitable","unprofitable","5","3"
"nachrueckend","LU","Lufax Holding Ltd","","findash-export/v1/full/financials.json","unprofitable","unprofitable","6","4"
"nachrueckend","RF.VI","Eurazeo SE","","findash-export/v1/full/financials.json","unprofitable","unprofitable","7","5"
"nachrueckend","TOP","TOP Financial Group Limited","","findash-export/v1/full/financials.json","unprofitable","unprofitable","8","6"
"nachrueckend","2672.HK","Baige Online Digital Technology Co., Ltd.","","findash-export/v1/full/financials.json","unprofitable","unprofitable","9","7"
"nachrueckend","XP","XP Inc.","","findash-export/v1/full/financials.json","unprofitable","unprofitable","10","8"
"nachrueckend","IOND","Ionic Digital Inc.","","findash-export/v1/full/financials.json","unprofitable","unprofitable","11","9"
"nachrueckend","6023.TWO","Yuanta Futures Co., Ltd.","","findash-export/v1/full/financials.json","unprofitable","unprofitable","12","10"
"nachrueckend","601519.SS","Shanghai DZH Limited","","findash-export/v1/full/financials.json","unprofitable","unprofitable","13","11"
"nachrueckend","5871.TW","Chailease Holding Company Limited","","findash-export/v1/full/financials.json","unprofitable","unprofitable","14","12"
"nachrueckend","9941.TW","Taiwan Acceptance Corporation","","findash-export/v1/full/financials.json","unprofitable","unprofitable","15","13"
"nachrueckend","HASI","HA Sustainable Infrastructure Capital, Inc.","","findash-export/v1/full/financials.json","unprofitable","unprofitable","16","14"
"nachrueckend","603123.SS","Beijing Cuiwei Tower Co., Ltd.","","findash-export/v1/full/financials.json","unprofitable","unprofitable","18","15"
"nachrueckend","600643.SS","Shanghai Aj Group Co.,Ltd","","findash-export/v1/full/financials.json","unprofitable","unprofitable","19","16"
"nachrueckend","KLAR","Klarna Group plc","","findash-export/v1/full/financials.json","unprofitable","unprofitable","20","17"
"nachrueckend","RIOT","Riot Platforms, Inc.","","findash-export/v1/full/financials.json","unprofitable","unprofitable","21","18"
"nachrueckend","ASST","Strive, Inc.","","findash-export/v1/full/financials.json","unprofitable","unprofitable","22","19"
"nachrueckend","SOL.AX","Washington H. Soul Pattinson and Company Limited","","findash-export/v1/full/financials.json","unprofitable","unprofitable","23","20"
"nachrueckend","EQH","Equitable Holdings, Inc.","","findash-export/v1/full/financials.json","unprofitable","unprofitable","24","21"
"nachrueckend","UWMC","UWM Holdings Corporation","","findash-export/v1/full/financials.json","unprofitable","unprofitable","25","22"
"nachrueckend","SAMMAANCAP.NS","Sammaan Capital Limited","","findash-export/v1/full/financials.json","unprofitable","unprofitable","26","23"
"nachrueckend","IVZ","Invesco Ltd.","","findash-export/v1/full/financials.json","unprofitable","unprofitable","27","24"
"nachrueckend","HUT","Hut 8 Corp.","","findash-export/v1/full/financials.json","unprofitable","unprofitable","28","25"
"nachrueckend","MARA","MARA Holdings, Inc.","","findash-export/v1/full/financials.json","unprofitable","unprofitable","29","26"
"nachrueckend","AMP.AX","AMP Limited","","findash-export/v1/full/financials.json","unprofitable","unprofitable","30","27"
"nachrueckend","IREN","IREN Limited","","findash-export/v1/full/financials.json","unprofitable","unprofitable","31","28"
"nachrueckend","NUVAMA.BO","Nuvama Wealth Management Limited","","findash-export/v1/full/financials.json","unprofitable","unprofitable","32","29"
"nachrueckend","PS","Pershing Square Inc.","","findash-export/v1/full/financials.json","unprofitable","unprofitable","33","30"
"nachrueckend","0863.HK","OSL Group Limited","","findash-export/v1/full/financials.json","unprofitable","unprofitable","34","31"
"nachrueckend","WULF","TeraWulf Inc.","","findash-export/v1/full/financials.json","unprofitable","unprofitable","35","32"
"nachrueckend","P15.SI","Pacific Century Regional Developments Limited","","findash-export/v1/full/financials.json","unprofitable","unprofitable","36","33"
"nachrueckend","SU","Suncor Energy Inc.","","findash-export/v1/quality/energy.json","profitable","profitable","26","25"
"nachrueckend","NRP","Natural Resource Partners L.P.","","findash-export/v1/quality/energy.json","profitable","profitable","27","26"
"nachrueckend","CNX","CNX Resources Corporation","","findash-export/v1/quality/energy.json","profitable","profitable","28","27"
"nachrueckend","BSM","Black Stone Minerals, L.P.","","findash-export/v1/quality/energy.json","profitable","profitable","29","28"
"nachrueckend","CHENNPETRO.NS","Chennai Petroleum Corporation Limited","","findash-export/v1/quality/energy.json","profitable","profitable","30","29"
"nachrueckend","DMLP","Dorchester Minerals, L.P.","","findash-export/v1/quality/energy.json","profitable","profitable","31","30"
"nachrueckend","SDE.TO","Spartan Delta Corp.","","findash-export/v1/quality/energy.json","profitable","profitable","32","31"
"nachrueckend","SOIL.TO","Saturn Oil & Gas Inc.","","findash-export/v1/quality/energy.json","profitable","profitable","33","32"
"nachrueckend","AAV.TO","Advantage Energy Ltd.","","findash-export/v1/quality/energy.json","profitable","profitable","34","33"
"nachrueckend","GLNG","Golar LNG Limited","","findash-export/v1/quality/energy.json","profitable","profitable","35","34"
"nachrueckend","FRO","Frontline plc","","findash-export/v1/quality/energy.json","profitable","profitable","36","35"
"nachrueckend","VET","Vermilion Energy Inc.","","findash-export/v1/quality/energy.json","profitable","profitable","37","36"
"nachrueckend","NFG","National Fuel Gas Company","","findash-export/v1/quality/energy.json","profitable","profitable","38","37"
"nachrueckend","CRC","California Resources Corporation","","findash-export/v1/quality/energy.json","profitable","profitable","40","38"
"nachrueckend","ENOG.L","Energean plc","","findash-export/v1/quality/energy.json","profitable","profitable","41","39"
"nachrueckend","AROC","Archrock, Inc.","","findash-export/v1/quality/energy.json","profitable","profitable","42","40"
"nachrueckend","PARR","Par Pacific Holdings, Inc.","","findash-export/v1/quality/energy.json","profitable","profitable","43","41"
"nachrueckend","PTTEP.BK","PTT Exploration and Production Public Company Limited","","findash-export/v1/quality/energy.json","profitable","profitable","44","42"
"nachrueckend","FRU.TO","Freehold Royalties Ltd.","","findash-export/v1/quality/energy.json","profitable","profitable","45","43"
"nachrueckend","EQT","EQT Corporation","","findash-export/v1/quality/energy.json","profitable","profitable","46","44"
"nachrueckend","600938.SS","CNOOC Limited","","findash-export/v1/quality/energy.json","profitable","profitable","47","45"
"nachrueckend","LIPIGAS.SN","Empresas Lipigas S.A.","","findash-export/v1/quality/energy.json","profitable","profitable","48","46"
"nachrueckend","EQNR.OL","Equinor ASA","","findash-export/v1/quality/energy.json","profitable","profitable","49","47"
"nachrueckend","002353.SZ","Yantai Jereh Oilfield Services Group Co., Ltd.","","findash-export/v1/quality/energy.json","profitable","profitable","50","48"
"nachrueckend","MTDR","Matador Resources Company","","findash-export/v1/quality/energy.json","profitable","profitable","51","49"
"nachrueckend","AM","Antero Midstream Corporation","","findash-export/v1/quality/energy.json","profitable","profitable","52","50"
"nachrueckend","WES","Western Midstream Partners, LP","","findash-export/v1/quality/energy.json","profitable","profitable","53","51"
"nachrueckend","FLNG","FLEX LNG Ltd.","","findash-export/v1/quality/energy.json","profitable","profitable","54","52"
"nachrueckend","TNZ.TO","Tenaz Energy Corp.","","findash-export/v1/quality/energy.json","profitable","profitable","55","53"
"nachrueckend","BIR.TO","Birchcliff Energy Ltd.","","findash-export/v1/quality/energy.json","profitable","profitable","56","54"
"nachrueckend","OKE","ONEOK, Inc.","","findash-export/v1/quality/energy.json","profitable","profitable","57","55"
"nachrueckend","KMI","Kinder Morgan, Inc.","","findash-export/v1/quality/energy.json","profitable","profitable","58","56"
"nachrueckend","3668.HK","Yancoal Australia Ltd","","findash-export/v1/quality/energy.json","profitable","profitable","59","57"
"nachrueckend","IOC.BO","Indian Oil Corporation Limited","","findash-export/v1/quality/energy.json","profitable","profitable","60","58"
"nachrueckend","APA","APA Corporation","","findash-export/v1/quality/energy.json","profitable","profitable","61","59"
"nachrueckend","CEU.TO","CES Energy Solutions Corp.","","findash-export/v1/quality/energy.json","profitable","profitable","62","60"
"nachrueckend","EE","Excelerate Energy, Inc.","","findash-export/v1/quality/energy.json","profitable","profitable","63","61"
"nachrueckend","FLOC","Flowco Holdings Inc.","","findash-export/v1/quality/energy.json","profitable","profitable","64","62"
"nachrueckend","ESENTIA/II.MX","Esentia Energy Development, S. de R. L. de C. V.","","findash-export/v1/quality/energy.json","profitable","profitable","65","63"
"nachrueckend","MGY","Magnolia Oil & Gas Corporation","","findash-export/v1/quality/energy.json","profitable","profitable","66","64"
"nachrueckend","CVI","CVR Energy, Inc.","","findash-export/v1/quality/energy.json","profitable","profitable","67","65"
"nachrueckend","VLE.TO","Valeura Energy Inc.","","findash-export/v1/quality/energy.json","profitable","profitable","68","66"
"nachrueckend","VIST","Vista Energy, S.A.B. de C.V.","","findash-export/v1/quality/energy.json","profitable","profitable","69","67"
"nachrueckend","CNQ","Canadian Natural Resources Limited","","findash-export/v1/quality/energy.json","profitable","profitable","70","68"
"nachrueckend","TVE.TO","Tamarack Valley Energy Ltd.","","findash-export/v1/quality/energy.json","profitable","profitable","71","69"
"nachrueckend","PBA","Pembina Pipeline Corporation","","findash-export/v1/quality/energy.json","profitable","profitable","72","70"
"nachrueckend","DTM","DT Midstream, Inc.","","findash-export/v1/quality/energy.json","profitable","profitable","73","71"
"nachrueckend","DVN","Devon Energy Corporation","","findash-export/v1/quality/energy.json","profitable","profitable","74","72"
"nachrueckend","VAR.OL","Vår Energi ASA","","findash-export/v1/quality/energy.json","profitable","profitable","75","73"
"nachrueckend","BNOR.OL","BlueNord ASA","","findash-export/v1/quality/energy.json","profitable","profitable","76","74"
"nachrueckend","MATR.TO","Mattr Corp.","","findash-export/v1/quality/energy.json","profitable","profitable","77","75"
"nachrueckend","EOG","EOG Resources, Inc.","","findash-export/v1/quality/energy.json","profitable","profitable","78","76"
"nachrueckend","TRP","TC Energy Corporation","","findash-export/v1/quality/energy.json","profitable","profitable","79","77"
"nachrueckend","BYAN.JK","PT Bayan Resources Tbk.","","findash-export/v1/quality/energy.json","profitable","profitable","80","78"
"nachrueckend","OIL.NS","Oil India Limited","","findash-export/v1/quality/energy.json","profitable","profitable","81","79"
"nachrueckend","2382.SR","ADES Holding Company","","findash-export/v1/quality/energy.json","profitable","profitable","82","80"
"nachrueckend","SM","SM Energy Company","","findash-export/v1/quality/energy.json","profitable","profitable","83","81"
"nachrueckend","TPZ.TO","Topaz Energy Corp.","","findash-export/v1/quality/energy.json","profitable","profitable","84","82"
"nachrueckend","KGS","Kodiak Gas Services, Inc.","","findash-export/v1/quality/energy.json","profitable","profitable","85","83"
"nachrueckend","TS","Tenaris S.A.","","findash-export/v1/quality/energy.json","profitable","profitable","86","84"
"nachrueckend","BRAV3.SA","Brava Energia S.A.","","findash-export/v1/quality/energy.json","profitable","profitable","87","85"
"nachrueckend","INVX","Innovex International, Inc.","","findash-export/v1/quality/energy.json","profitable","profitable","88","86"
"nachrueckend","1OMV.MI","OMV Aktiengesellschaft","","findash-export/v1/quality/energy.json","profitable","profitable","89","87"
"nachrueckend","SEI","Solaris Energy Infrastructure, Inc.","","findash-export/v1/quality/energy.json","profitable","profitable","90","88"
"nachrueckend","PDN.AX","Paladin Energy Ltd","","findash-export/v1/quality/energy.json","profitable","profitable","91","89"
"nachrueckend","AKRA.JK","PT AKR Corporindo Tbk","","findash-export/v1/quality/energy.json","profitable","profitable","92","90"
"nachrueckend","5681.KL","PETRONAS Dagangan Berhad","","findash-export/v1/quality/energy.json","profitable","profitable","93","91"
"nachrueckend","BP","BP p.l.c.","","findash-export/v1/quality/energy.json","profitable","profitable","94","92"
"nachrueckend","PR","Permian Resources Corporation","","findash-export/v1/quality/energy.json","profitable","profitable","95","93"
"nachrueckend","FANG","Diamondback Energy, Inc.","","findash-export/v1/quality/energy.json","profitable","profitable","96","94"
"nachrueckend","COP","ConocoPhillips","","findash-export/v1/quality/energy.json","profitable","profitable","97","95"
"nachrueckend","GMRP&UI.BO","GMR Power And Urban Infra Limited","","findash-export/v1/quality/energy.json","profitable","profitable","98","96"
"nachrueckend","VTOL","Bristow Group Inc.","","findash-export/v1/quality/energy.json","profitable","profitable","99","97"
"nachrueckend","ONGC.BO","Oil and Natural Gas Corporation Limited","","findash-export/v1/quality/energy.json","profitable","profitable","100","98"
"nachrueckend","GNP.AX","GenusPlus Group Ltd","","findash-export/v1/rule40/overview.json","rows","profitable","220","219"
"nachrueckend","IAG","IAMGOLD Corporation","","findash-export/v1/rule40/overview.json","rows","profitable","221","220"
"nachrueckend","ELPE.AT","HELLENiQ ENERGY Holdings S.A.","","findash-export/v1/rule40/overview.json","rows","profitable","222","221"
"nachrueckend","688127.SS","Zhejiang Lante Optics Co., Ltd.","","findash-export/v1/rule40/overview.json","rows","profitable","223","222"
"nachrueckend","KEL.TO","Kelt Exploration Ltd.","","findash-export/v1/rule40/overview.json","rows","profitable","224","223"
"nachrueckend","002602.SZ","Zhejiang Century Huatong Group Co.,Ltd","","findash-export/v1/rule40/overview.json","rows","profitable","225","224"
"nachrueckend","5211.KL","Sunway Berhad","","findash-export/v1/rule40/overview.json","rows","profitable","226","225"
"nachrueckend","SNPS","Synopsys, Inc.","","findash-export/v1/rule40/overview.json","rows","profitable","227","226"
"nachrueckend","ORVR3.SA","Orizon Valorização de Resíduos S.A.","","findash-export/v1/rule40/overview.json","rows","profitable","228","227"
"nachrueckend","IDIA.SW","Idorsia Ltd","","findash-export/v1/rule40/overview.json","rows","unprofitable","229","228"
"nachrueckend","688313.SS","Henan Shijia Photons Technology Co., Ltd.","","findash-export/v1/rule40/overview.json","rows","profitable","230","229"
"nachrueckend","ERO","Ero Copper Corp.","","findash-export/v1/rule40/overview.json","rows","profitable","231","230"
"nachrueckend","300042.SZ","Netac Technology Co., Ltd.","","findash-export/v1/rule40/overview.json","rows","profitable","232","231"
"nachrueckend","HACK.ST","Hacksaw AB (publ)","","findash-export/v1/rule40/overview.json","rows","profitable","233","232"
"nachrueckend","002039.SZ","GuiZhou QianYuan Power Co., Ltd.","","findash-export/v1/rule40/overview.json","rows","profitable","234","233"
"nachrueckend","FRU.TO","Freehold Royalties Ltd.","","findash-export/v1/rule40/overview.json","rows","profitable","235","234"
"nachrueckend","7685.T","BuySell Technologies Co.,Ltd.","","findash-export/v1/rule40/overview.json","rows","profitable","236","235"
"nachrueckend","688072.SS","Piotech Inc.","","findash-export/v1/rule40/overview.json","rows","profitable","237","236"
"nachrueckend","DVN","Devon Energy Corporation","","findash-export/v1/rule40/overview.json","rows","profitable","238","237"
"nachrueckend","SVM","Silvercorp Metals Inc.","","findash-export/v1/rule40/overview.json","rows","profitable","239","238"
"nachrueckend","PRIO3.SA","Prio S.A.","","findash-export/v1/rule40/overview.json","rows","profitable","240","239"
"nachrueckend","PBR-A","Petróleo Brasileiro S.A. - Petrobras","","findash-export/v1/rule40/overview.json","rows","profitable","241","240"
"nachrueckend","GEI.TO","Gibson Energy Inc.","","findash-export/v1/rule40/overview.json","rows","profitable","242","241"
"nachrueckend","252990.KQ","SEMCNS Co., Ltd.","","findash-export/v1/rule40/overview.json","rows","profitable","243","242"
"nachrueckend","CDNA","CareDx, Inc.","","findash-export/v1/rule40/overview.json","rows","profitable","244","243"
"nachrueckend","002645.SZ","Jiangsu Huahong Technology Co., Ltd.","","findash-export/v1/rule40/overview.json","rows","profitable","245","244"
"nachrueckend","000426.SZ","Inner Mongolia Xingye Silver & Tin Mining Co., Ltd","","findash-export/v1/rule40/overview.json","rows","profitable","246","245"
"nachrueckend","003010.SZ","Guangzhou Ruoyuchen Technology Co.,Ltd.","","findash-export/v1/rule40/overview.json","rows","profitable","247","246"
"nachrueckend","4991.TWO","GCS Holdings, Inc.","","findash-export/v1/rule40/overview.json","rows","profitable","248","247"
"nachrueckend","NXST","Nexstar Media Group, Inc.","","findash-export/v1/rule40/overview.json","rows","profitable","249","248"
"nachrueckend","1735.HK","Central New Energy Holding Group Limited","","findash-export/v1/rule40/overview.json","rows","profitable","250","249"
"nachrueckend","300408.SZ","Chaozhou Three-Circle (Group) Co.,Ltd.","","findash-export/v1/rule40/overview.json","rows","profitable","251","250"
"nachrueckend","BBIO","BridgeBio Pharma, Inc.","","findash-export/v1/rule40/overview.json","rows","unprofitable","252","251"
"nachrueckend","6880.HK","Momenta Global Limited","","findash-export/v1/rule40/overview.json","rows","unprofitable","253","252"
"nachrueckend","EOG","EOG Resources, Inc.","","findash-export/v1/rule40/overview.json","rows","profitable","254","253"
"nachrueckend","603399.SS","Jinzhou Yongshan Lithium Co., Ltd","","findash-export/v1/rule40/overview.json","rows","profitable","255","254"
"nachrueckend","TVE.TO","Tamarack Valley Energy Ltd.","","findash-export/v1/rule40/overview.json","rows","profitable","256","255"
"nachrueckend","HWX.TO","Headwater Exploration Inc.","","findash-export/v1/rule40/overview.json","rows","profitable","257","256"
"nachrueckend","OSCR","Oscar Health, Inc.","","findash-export/v1/rule40/overview.json","rows","profitable","258","257"
"nachrueckend","TPZ.TO","Topaz Energy Corp.","","findash-export/v1/rule40/overview.json","rows","profitable","259","258"
"nachrueckend","AEBI","Aebi Schmidt Holding AG","","findash-export/v1/rule40/overview.json","rows","profitable","260","259"
"nachrueckend","688062.SS","Mabwell (Shanghai) Bioscience Co., Ltd.","","findash-export/v1/rule40/overview.json","rows","unprofitable","261","260"
"nachrueckend","OGC","OceanaGold Corporation","","findash-export/v1/rule40/overview.json","rows","profitable","262","261"
"nachrueckend","ANET","Arista Networks, Inc.","","findash-export/v1/rule40/overview.json","rows","profitable","263","262"
"nachrueckend","RHM.WA","Rheinmetall AG","","findash-export/v1/rule40/overview.json","rows","profitable","264","263"
"nachrueckend","688433.SS","Farsoon Technologies Co., Ltd.","","findash-export/v1/rule40/overview.json","rows","profitable","265","264"
"nachrueckend","002170.SZ","Shenzhen Batian Ecotypic Engineering Co., Ltd.","","findash-export/v1/rule40/overview.json","rows","profitable","266","265"
"nachrueckend","098460.KQ","Koh Young Technology Inc.","","findash-export/v1/rule40/overview.json","rows","profitable","267","266"
"nachrueckend","ARGX","argenx SE","","findash-export/v1/rule40/overview.json","rows","profitable","268","267"
"nachrueckend","AKRA.JK","PT AKR Corporindo Tbk","","findash-export/v1/rule40/overview.json","rows","profitable","269","268"
"nachrueckend","603119.SS","Zhejiang Rongtai Electric Material Co.,Ltd.","","findash-export/v1/rule40/overview.json","rows","profitable","270","269"
"nachrueckend","WHD","Cactus, Inc.","","findash-export/v1/rule40/overview.json","rows","profitable","271","270"
"nachrueckend","6446.TW","PharmaEssentia Corporation","","findash-export/v1/rule40/overview.json","rows","profitable","272","271"
"nachrueckend","ENRGY.BR","EnergyVision NV","","findash-export/v1/rule40/overview.json","rows","profitable","273","272"
"nachrueckend","GUNKUL.BK","Gunkul Engineering Public Company Limited","","findash-export/v1/rule40/overview.json","rows","profitable","274","273"
"nachrueckend","6857.T","Advantest Corporation","","findash-export/v1/rule40/overview.json","rows","profitable","275","274"
"nachrueckend","301511.SZ","Jiujiang Defu Technology Co., Limited","","findash-export/v1/rule40/overview.json","rows","profitable","276","275"
"nachrueckend","1548.HK","Genscript Biotech Corporation","","findash-export/v1/rule40/overview.json","rows","profitable","277","276"
"nachrueckend","MGY","Magnolia Oil & Gas Corporation","","findash-export/v1/rule40/overview.json","rows","profitable","278","277"
"nachrueckend","ALNY","Alnylam Pharmaceuticals, Inc.","","findash-export/v1/rule40/overview.json","rows","profitable","279","278"
"nachrueckend","688700.SS","Kunshan Dongwei Technology Co., Ltd.","","findash-export/v1/rule40/overview.json","rows","profitable","280","279"
"nachrueckend","6809.HK","Montage Technology Co., Ltd.","","findash-export/v1/rule40/overview.json","rows","profitable","281","280"
"nachrueckend","SCCO","Southern Copper Corporation","","findash-export/v1/rule40/overview.json","rows","profitable","282","281"
"nachrueckend","NRP","Natural Resource Partners L.P.","","findash-export/v1/rule40/overview.json","rows","profitable","283","282"
"nachrueckend","ATT.ST","Attendo AB (publ)","","findash-export/v1/rule40/overview.json","rows","profitable","284","283"
"nachrueckend","MLX.AX","Metals X Limited","","findash-export/v1/rule40/overview.json","rows","profitable","285","284"
"nachrueckend","HL","Hecla Mining Company","","findash-export/v1/rule40/overview.json","rows","profitable","286","285"
"nachrueckend","SMCI","Super Micro Computer, Inc.","","findash-export/v1/rule40/overview.json","rows","profitable","287","286"
"nachrueckend","ARIS","Aris Mining Corporation","","findash-export/v1/rule40/overview.json","rows","profitable","288","287"
"nachrueckend","PL","Planet Labs PBC","","findash-export/v1/rule40/overview.json","rows","unprofitable","289","288"
"nachrueckend","APH","Amphenol Corporation","","findash-export/v1/rule40/overview.json","rows","profitable","290","289"
"nachrueckend","3939.HK","Wanguo Gold Group Limited","","findash-export/v1/rule40/overview.json","rows","profitable","291","290"
"nachrueckend","688530.SS","Omat Advanced Materials (Guangdong) Co.,Ltd.","","findash-export/v1/rule40/overview.json","rows","unprofitable","292","291"
"nachrueckend","ARX.TO","ARC Resources Ltd.","","findash-export/v1/rule40/overview.json","rows","profitable","293","292"
"nachrueckend","AMD","Advanced Micro Devices, Inc.","","findash-export/v1/rule40/overview.json","rows","profitable","294","293"
"nachrueckend","PANW","Palo Alto Networks, Inc.","","findash-export/v1/rule40/overview.json","rows","profitable","295","294"
"nachrueckend","HIMS","Hims & Hers Health, Inc.","","findash-export/v1/rule40/overview.json","rows","profitable","296","295"
"nachrueckend","CATL.VI","Contemporary Amperex Technology Co., Limited","","findash-export/v1/rule40/overview.json","rows","profitable","297","296"
"nachrueckend","SOIL.TO","Saturn Oil & Gas Inc.","","findash-export/v1/rule40/overview.json","rows","profitable","298","297"
"nachrueckend","7751.TWO","Horng Terng Automation Co., Ltd.","","findash-export/v1/rule40/overview.json","rows","profitable","299","298"
"nachrueckend","NEO.TO","Neo Performance Materials Inc.","","findash-export/v1/rule40/overview.json","rows","profitable","300","299"
"nachrueckend","KNSA","Kiniksa Pharmaceuticals International, plc","","findash-export/v1/rule40/overview.json","rows","profitable","301","300"
"nachrueckend","MLBI.JK","PT Multi Bintang Indonesia Tbk","","findash-export/v1/rule40/overview.json","rows","profitable","302","301"
"nachrueckend","688712.SS","Insight Lifetech Co., Ltd.","","findash-export/v1/rule40/overview.json","rows","profitable","303","302"
"nachrueckend","301367.SZ","BMC Medical Co., Ltd.","","findash-export/v1/rule40/overview.json","rows","profitable","304","303"
"nachrueckend","1801.HK","Innovent Biologics, Inc.","","findash-export/v1/rule40/overview.json","rows","profitable","305","304"
"nachrueckend","603906.SS","Jiangsu Lopal Tech. Group Co., Ltd.","","findash-export/v1/rule40/overview.json","rows","profitable","306","305"
"nachrueckend","7734.TWO","AblePrint Technology Co., Ltd.","","findash-export/v1/rule40/overview.json","rows","profitable","307","306"
"nachrueckend","HLIT","Harmonic Inc.","","findash-export/v1/rule40/overview.json","rows","profitable","308","307"
"nachrueckend","ADI","Analog Devices, Inc.","","findash-export/v1/rule40/overview.json","rows","profitable","309","308"
"nachrueckend","INDIAMART.BO","IndiaMART InterMESH Limited","","findash-export/v1/rule40/overview.json","rows","profitable","310","309"
"nachrueckend","PAGP","Plains GP Holdings, L.P.","","findash-export/v1/rule40/overview.json","rows","profitable","311","310"
"nachrueckend","RBRK","Rubrik, Inc.","","findash-export/v1/rule40/overview.json","rows","profitable","312","311"
"nachrueckend","FSM","Fortuna Mining Corp.","","findash-export/v1/rule40/overview.json","rows","profitable","313","312"
"nachrueckend","PAAS","Pan American Silver Corp.","","findash-export/v1/rule40/overview.json","rows","profitable","314","313"
"nachrueckend","003043.SZ","Suzhou Huaya Intelligence Technology Co., Ltd.","","findash-export/v1/rule40/overview.json","rows","profitable","315","314"
"nachrueckend","PAA","Plains All American Pipeline, L.P.","","findash-export/v1/rule40/overview.json","rows","profitable","316","315"
"nachrueckend","300084.SZ","Haimo Technologies Group Corp.","","findash-export/v1/rule40/overview.json","rows","unprofitable","317","316"
"nachrueckend","BWE.OL","BW Energy Limited","","findash-export/v1/rule40/overview.json","rows","profitable","318","317"
"nachrueckend","B","Barrick Mining Corporation","","findash-export/v1/rule40/overview.json","rows","profitable","319","318"
"nachrueckend","YOU","Clear Secure, Inc.","","findash-export/v1/rule40/overview.json","rows","profitable","320","319"
"nachrueckend","1OMV.MI","OMV Aktiengesellschaft","","findash-export/v1/rule40/overview.json","rows","profitable","321","320"
"nachrueckend","600897.SS","Xiamen International Airport Co.,Ltd","","findash-export/v1/rule40/overview.json","rows","profitable","322","321"
"nachrueckend","002545.SZ","Qingdao East Steel Tower Stock Co.Ltd","","findash-export/v1/rule40/overview.json","rows","profitable","323","322"
"nachrueckend","PINFRA.MX","Promotora y Operadora de Infraestructura, S. A. B. de C. V.","","findash-export/v1/rule40/overview.json","rows","profitable","324","323"
"nachrueckend","HCC","Warrior Met Coal, Inc.","","findash-export/v1/rule40/overview.json","rows","profitable","325","324"
"nachrueckend","DASH","DoorDash, Inc.","","findash-export/v1/rule40/overview.json","rows","profitable","326","325"
"nachrueckend","BCRX","BioCryst Pharmaceuticals, Inc.","","findash-export/v1/rule40/overview.json","rows","profitable","327","326"
"nachrueckend","300702.SZ","Zhejiang Tianyu Pharmaceutical Co., Ltd.","","findash-export/v1/rule40/overview.json","rows","profitable","328","327"
"nachrueckend","HALO","Halozyme Therapeutics, Inc.","","findash-export/v1/rule40/overview.json","rows","profitable","329","328"
"nachrueckend","000525.SZ","Nanjing Red Sun Co.,Ltd.","","findash-export/v1/rule40/overview.json","rows","profitable","330","329"
"nachrueckend","NESR","National Energy Services Reunited Corp.","","findash-export/v1/rule40/overview.json","rows","profitable","331","330"
"nachrueckend","BLLN","BillionToOne, Inc.","","findash-export/v1/rule40/overview.json","rows","profitable","332","331"
"nachrueckend","301099.SZ","Shanghai Yct Electronics Group Co.,Ltd","","findash-export/v1/rule40/overview.json","rows","profitable","333","332"
"nachrueckend","EXE.TO","Extendicare Inc.","","findash-export/v1/rule40/overview.json","rows","profitable","334","333"
"nachrueckend","PST.MI","Poste Italiane S.p.A.","","findash-export/v1/rule40/overview.json","rows","profitable","335","334"
"nachrueckend","688002.SS","Raytron Technology Co.,Ltd.","","findash-export/v1/rule40/overview.json","rows","profitable","336","335"
"nachrueckend","SNOW","Snowflake Inc.","","findash-export/v1/rule40/overview.json","rows","profitable","337","336"
"nachrueckend","CLS","Celestica Inc.","","findash-export/v1/rule40/overview.json","rows","profitable","338","337"
"nachrueckend","ELF","e.l.f. Beauty, Inc.","","findash-export/v1/rule40/overview.json","rows","profitable","339","338"
"nachrueckend","603156.SS","Hebei Yangyuan ZhiHui Beverage Co., Ltd.","","findash-export/v1/rule40/overview.json","rows","profitable","340","339"
"nachrueckend","688488.SS","Jiangsu Aidea Pharmaceutical Group Co., Ltd.","","findash-export/v1/rule40/overview.json","rows","unprofitable","341","340"
"nachrueckend","FIX","Comfort Systems USA, Inc.","","findash-export/v1/rule40/overview.json","rows","profitable","342","341"
"nachrueckend","1208.HK","MMG Limited","","findash-export/v1/rule40/overview.json","rows","profitable","343","342"
"nachrueckend","VET","Vermilion Energy Inc.","","findash-export/v1/rule40/overview.json","rows","profitable","344","343"
"nachrueckend","GTT.PA","Gaztransport & Technigaz SA","","findash-export/v1/rule40/overview.json","rows","profitable","345","344"
"nachrueckend","6227.T","AIMECHATEC, Ltd.","","findash-export/v1/rule40/overview.json","rows","profitable","346","345"
"nachrueckend","301613.SZ","Alnera Aluminium Co., Ltd.","","findash-export/v1/rule40/overview.json","rows","profitable","347","346"
"nachrueckend","BCG.L","Baltic Classifieds Group PLC","","findash-export/v1/rule40/overview.json","rows","profitable","348","347"
"nachrueckend","NTSK","Netskope, Inc.","","findash-export/v1/rule40/overview.json","rows","profitable","349","348"
"nachrueckend","PGINVIT.BO","Powergrid Infrastructure Investment Trust","","findash-export/v1/rule40/overview.json","rows","profitable","350","349"
"nachrueckend","NET","Cloudflare, Inc.","","findash-export/v1/rule40/overview.json","rows","profitable","351","350"
"nachrueckend","CRWD","CrowdStrike Holdings, Inc.","","findash-export/v1/rule40/overview.json","rows","profitable","352","351"
"nachrueckend","IDCC","InterDigital, Inc.","","findash-export/v1/rule40/overview.json","rows","profitable","353","352"
"nachrueckend","FROG","JFrog Ltd.","","findash-export/v1/rule40/overview.json","rows","profitable","354","353"
"nachrueckend","SCZM","Santacruz Silver Mining Ltd.","","findash-export/v1/rule40/overview.json","rows","profitable","355","354"
"nachrueckend","DDOG","Datadog, Inc.","","findash-export/v1/rule40/overview.json","rows","profitable","356","355"
"nachrueckend","WEX","WEX Inc.","","findash-export/v1/rule40/overview.json","rows","profitable","357","356"
"nachrueckend","TIMA.VI","ZEAL Network SE","","findash-export/v1/rule40/overview.json","rows","profitable","358","357"
"nachrueckend","BZ","Kanzhun Limited","","findash-export/v1/rule40/overview.json","rows","profitable","359","358"
"nachrueckend","166090.KQ","Hana Materials Inc.","","findash-export/v1/rule40/overview.json","rows","profitable","360","359"
"nachrueckend","CPAY","Corpay, Inc.","","findash-export/v1/rule40/overview.json","rows","profitable","361","360"
"nachrueckend","ZETA","Zeta Global Holdings Corp.","","findash-export/v1/rule40/overview.json","rows","profitable","362","361"
"nachrueckend","NOW","ServiceNow, Inc.","","findash-export/v1/rule40/overview.json","rows","profitable","363","362"
"nachrueckend","FICO","Fair Isaac Corporation","","findash-export/v1/rule40/overview.json","rows","profitable","364","363"
"nachrueckend","688419.SS","Nextool Technology Co., Ltd.","","findash-export/v1/rule40/overview.json","rows","profitable","365","364"
"nachrueckend","3769.T","GMO Payment Gateway, Inc.","","findash-export/v1/rule40/overview.json","rows","profitable","366","365"
"nachrueckend","GRND","Grindr Inc.","","findash-export/v1/rule40/overview.json","rows","profitable","367","366"
"nachrueckend","600375.SS","Hanma Technology Group Co.,Ltd.","","findash-export/v1/rule40/overview.json","rows","profitable","368","367"
"nachrueckend","G24.VI","Scout24 SE","","findash-export/v1/rule40/overview.json","rows","profitable","369","368"
"nachrueckend","ZS","Zscaler, Inc.","","findash-export/v1/rule40/overview.json","rows","profitable","370","369"
"nachrueckend","74SW.PA","74Software","","findash-export/v1/rule40/overview.json","rows","profitable","371","370"
"nachrueckend","4576.TW","Hiwin Mikrosystem Corporation","","findash-export/v1/rule40/overview.json","rows","profitable","372","371"
"nachrueckend","ADSK","Autodesk, Inc.","","findash-export/v1/rule40/overview.json","rows","profitable","373","372"
"nachrueckend","603336.SS","Great-Sun Foods Co., Ltd.","","findash-export/v1/rule40/overview.json","rows","profitable","374","373"
"nachrueckend","6166.TW","Adlink Technology Inc.","","findash-export/v1/rule40/overview.json","rows","profitable","375","374"
"nachrueckend","1357.HK","Meitu, Inc.","","findash-export/v1/rule40/overview.json","rows","profitable","376","375"
"nachrueckend","605098.SS","Shanghai Action Education Technology CO.,LTD.","","findash-export/v1/rule40/overview.json","rows","profitable","377","376"
"nachrueckend","FTNT","Fortinet, Inc.","","findash-export/v1/rule40/overview.json","rows","profitable","378","377"
"nachrueckend","DAVE","Dave Inc.","","findash-export/v1/rule40/overview.json","rows","profitable","379","378"
"nachrueckend","BSL.VI","Basler Aktiengesellschaft","","findash-export/v1/rule40/overview.json","rows","profitable","380","379"
"nachrueckend","VRSN","VeriSign, Inc.","","findash-export/v1/rule40/overview.json","rows","profitable","381","380"
"nachrueckend","4684.T","OBIC Co.,Ltd.","","findash-export/v1/rule40/overview.json","rows","profitable","382","381"
"nachrueckend","ADEA","Adeia Inc.","","findash-export/v1/rule40/overview.json","rows","profitable","383","382"
"nachrueckend","U","Unity Software Inc.","","findash-export/v1/rule40/overview.json","rows","profitable","384","383"
"nachrueckend","581A.T","GO Inc.","","findash-export/v1/rule40/overview.json","rows","profitable","385","384"
"nachrueckend","RMV.L","Rightmove plc","","findash-export/v1/rule40/overview.json","rows","profitable","386","385"
"nachrueckend","TEAM","Atlassian Corporation","","findash-export/v1/rule40/overview.json","rows","profitable","387","386"
"nachrueckend","002029.SZ","Fujian Septwolves Industry Co., Ltd.","","findash-export/v1/rule40/overview.json","rows","profitable","388","387"
"nachrueckend","QNST","QuinStreet, Inc.","","findash-export/v1/rule40/overview.json","rows","profitable","389","388"
"nachrueckend","300057.SZ","Shantou Wanshun New Material Group Co., Ltd.","","findash-export/v1/rule40/overview.json","rows","unprofitable","390","389"
"nachrueckend","CDNS","Cadence Design Systems, Inc.","","findash-export/v1/rule40/overview.json","rows","profitable","391","390"
"nachrueckend","NETC.CO","Netcompany Group A/S","","findash-export/v1/rule40/overview.json","rows","profitable","392","391"
"nachrueckend","YMM","Full Truck Alliance Co. Ltd.","","findash-export/v1/rule40/overview.json","rows","profitable","393","392"
"nachrueckend","002038.SZ","Beijing SL Pharmaceutical Co., Ltd.","","findash-export/v1/rule40/overview.json","rows","profitable","394","393"
"nachrueckend","SWON.OL","SoftwareOne Holding AG","","findash-export/v1/rule40/overview.json","rows","profitable","395","394"
"nachrueckend","CRM","Salesforce, Inc.","","findash-export/v1/rule40/overview.json","rows","profitable","396","395"
"nachrueckend","6214.TW","Systex Corporation","","findash-export/v1/rule40/overview.json","rows","profitable","397","396"
"nachrueckend","FIS","Fidelity National Information Services, Inc.","","findash-export/v1/rule40/overview.json","rows","profitable","398","397"
"nachrueckend","LIF","Life360, Inc.","","findash-export/v1/rule40/overview.json","rows","profitable","399","398"
"nachrueckend","DSGX","The Descartes Systems Group Inc.","","findash-export/v1/rule40/overview.json","rows","profitable","400","399"
"nachrueckend","FLYW","Flywire Corporation","","findash-export/v1/rule40/overview.json","rows","profitable","401","400"
"nachrueckend","301003.SZ","Jiangsu Boiln Plastics Co., Ltd.","","findash-export/v1/rule40/overview.json","rows","profitable","402","401"
"nachrueckend","MDB","MongoDB, Inc.","","findash-export/v1/rule40/overview.json","rows","profitable","403","402"
"nachrueckend","WLTH","Wealthfront Corporation","","findash-export/v1/rule40/overview.json","rows","profitable","404","403"
"nachrueckend","300700.SZ","Changsha DIALINE New Material Sci.&Tech. Co., Ltd.","","findash-export/v1/rule40/overview.json","rows","unprofitable","405","404"
"nachrueckend","035720.KS","Kakao Corp.","","findash-export/v1/rule40/overview.json","rows","profitable","406","405"
"nachrueckend","BRZE","Braze, Inc.","","findash-export/v1/rule40/overview.json","rows","profitable","407","406"
"nachrueckend","AIY.SI","iFAST Corporation Ltd.","","findash-export/v1/rule40/overview.json","rows","profitable","408","407"
"nachrueckend","LMN.V","Lumine Group Inc.","","findash-export/v1/rule40/overview.json","rows","profitable","409","408"
"nachrueckend","8131.TW","Formosa Advanced Technologies Co., Ltd.","","findash-export/v1/rule40/overview.json","rows","profitable","410","409"
"nachrueckend","ADBE","Adobe Inc.","","findash-export/v1/rule40/overview.json","rows","profitable","411","410"
"nachrueckend","NAVN","Navan, Inc.","","findash-export/v1/rule40/overview.json","rows","profitable","412","411"
"nachrueckend","DOCU","DocuSign, Inc.","","findash-export/v1/rule40/overview.json","rows","profitable","413","412"
"nachrueckend","GTLB","GitLab Inc.","","findash-export/v1/rule40/overview.json","rows","profitable","414","413"
"nachrueckend","BB","BlackBerry Limited","","findash-export/v1/rule40/overview.json","rows","profitable","415","414"
"nachrueckend","SANOFICONR.NS","Sanofi Consumer Healthcare India Limited","","findash-export/v1/rule40/overview.json","rows","profitable","416","415"
"nachrueckend","S","SentinelOne, Inc.","","findash-export/v1/rule40/overview.json","rows","profitable","417","416"
"nachrueckend","2371.T","Kakaku.com, Inc.","","findash-export/v1/rule40/overview.json","rows","profitable","418","417"
"nachrueckend","1IDR.MI","Indra Sistemas, S.A.","","findash-export/v1/rule40/overview.json","rows","profitable","419","418"
"nachrueckend","688334.SS","Xi'an High Voltage Apparatus Research Institute Co., Ltd.","","findash-export/v1/rule40/overview.json","rows","profitable","420","419"
"nachrueckend","KVYO","Klaviyo, Inc.","","findash-export/v1/rule40/overview.json","rows","profitable","421","420"
"nachrueckend","301479.SZ","Guangdong Hongjing Optoelectronic Technology Inc.","","findash-export/v1/rule40/overview.json","rows","profitable","422","421"
"nachrueckend","688236.SS","Beijing Chunlizhengda Medical Instruments Co., Ltd.","","findash-export/v1/rule40/overview.json","rows","profitable","423","422"
"nachrueckend","688623.SS","Zhejiang Shuangyuan Technology Co., Ltd.","","findash-export/v1/rule40/overview.json","rows","profitable","424","423"
"nachrueckend","DSP","Viant Technology Inc.","","findash-export/v1/rule40/overview.json","rows","profitable","425","424"
"nachrueckend","TOI.V","Topicus.com Inc.","","findash-export/v1/rule40/overview.json","rows","profitable","426","425"
"nachrueckend","SAIL","SailPoint, Inc.","","findash-export/v1/rule40/overview.json","rows","profitable","427","426"
"nachrueckend","600769.SS","Wuhan Xianglong Power Industry Co.Ltd","","findash-export/v1/rule40/overview.json","rows","profitable","428","427"
"nachrueckend","QLYS","Qualys, Inc.","","findash-export/v1/rule40/overview.json","rows","profitable","429","428"
"nachrueckend","300678.SZ","Chengdu Information Technology of Chinese Academy of Sciences Co.,Ltd","","findash-export/v1/rule40/overview.json","rows","profitable","430","429"
"nachrueckend","NTAP","NetApp, Inc.","","findash-export/v1/rule40/overview.json","rows","profitable","431","430"
"nachrueckend","002315.SZ","Focus Technology Co., Ltd.","","findash-export/v1/rule40/overview.json","rows","profitable","432","431"
"nachrueckend","AI3A.DE","Amadeus IT Group, S.A.","","findash-export/v1/rule40/overview.json","rows","profitable","433","432"
"nachrueckend","SHOP","Shopify Inc.","","findash-export/v1/rule40/overview.json","rows","profitable","434","433"
"nachrueckend","192080.KS","DoubleUGames Co., Ltd.","","findash-export/v1/rule40/overview.json","rows","profitable","435","434"
"nachrueckend","AOFG.VI","ATOSS Software SE","","findash-export/v1/rule40/overview.json","rows","profitable","436","435"
"nachrueckend","NWL.AX","Netwealth Group Limited","","findash-export/v1/rule40/overview.json","rows","profitable","437","436"
"nachrueckend","FRSH","Freshworks Inc.","","findash-export/v1/rule40/overview.json","rows","profitable","438","437"
"nachrueckend","CHYM","Chime Financial, Inc.","","findash-export/v1/rule40/overview.json","rows","profitable","439","438"
"nachrueckend","DUOL","Duolingo, Inc.","","findash-export/v1/rule40/overview.json","rows","profitable","440","439"
"nachrueckend","ZM","Zoom Communications, Inc.","","findash-export/v1/rule40/overview.json","rows","profitable","441","440"
"nachrueckend","PINS","Pinterest, Inc.","","findash-export/v1/rule40/overview.json","rows","profitable","442","441"
"nachrueckend","OKTA","Okta, Inc.","","findash-export/v1/rule40/overview.json","rows","profitable","443","442"
"nachrueckend","IOT","Samsara Inc.","","findash-export/v1/rule40/overview.json","rows","profitable","444","443"
"nachrueckend","SRAD","Sportradar Group AG","","findash-export/v1/rule40/overview.json","rows","profitable","445","444"
"nachrueckend","MITK","Mitek Systems, Inc.","","findash-export/v1/rule40/overview.json","rows","profitable","446","445"
"nachrueckend","002997.SZ","Rayhoo Motor Dies Co.,Ltd.","","findash-export/v1/rule40/overview.json","rows","profitable","447","446"
"nachrueckend","688356.SS","Jenkem Technology Co., Ltd.","","findash-export/v1/rule40/overview.json","rows","profitable","448","447"
"nachrueckend","INTU","Intuit Inc.","","findash-export/v1/rule40/overview.json","rows","profitable","449","448"
"nachrueckend","GPP.WA","Grupa Pracuj S.A.","","findash-export/v1/rule40/overview.json","rows","profitable","450","449"
"nachrueckend","ESTC","Elastic N.V.","","findash-export/v1/rule40/overview.json","rows","profitable","451","450"
"nachrueckend","AUTO.L","Autotrader Group plc","","findash-export/v1/rule40/overview.json","rows","profitable","452","451"
"nachrueckend","WDAY","Workday, Inc.","","findash-export/v1/rule40/overview.json","rows","profitable","453","452"
"nachrueckend","MNDY","monday.com Ltd.","","findash-export/v1/rule40/overview.json","rows","profitable","454","453"
"nachrueckend","601218.SS","Jiangsu JIXIN Wind Energy Technology Co., Ltd.","","findash-export/v1/rule40/overview.json","rows","profitable","455","454"
"nachrueckend","688615.SS","Intsig Information Co., Ltd.","","findash-export/v1/rule40/overview.json","rows","profitable","456","455"
"nachrueckend","DT","Dynatrace, Inc.","","findash-export/v1/rule40/overview.json","rows","profitable","457","456"
"nachrueckend","TNE.AX","Technology One Limited","","findash-export/v1/rule40/overview.json","rows","profitable","458","457"
"nachrueckend","REG.AX","Regis Healthcare Limited","","findash-export/v1/rule40/overview.json","rows","profitable","459","458"
"nachrueckend","2476.TW","G-SHANK Enterprise Co., Ltd.","","findash-export/v1/rule40/overview.json","rows","profitable","460","459"
"nachrueckend","003160.KS","D.I Corporation","","findash-export/v1/rule40/overview.json","rows","profitable","461","460"
"nachrueckend","FOUR","Shift4 Payments, Inc.","","findash-export/v1/rule40/overview.json","rows","profitable","462","461"
"nachrueckend","002490.SZ","Shandong Molong Petroleum Machinery Company Limited","","findash-export/v1/rule40/overview.json","rows","unprofitable","463","462"
"nachrueckend","NTNX","Nutanix, Inc.","","findash-export/v1/rule40/overview.json","rows","profitable","464","463"
"nachrueckend","PAYX","Paychex, Inc.","","findash-export/v1/rule40/overview.json","rows","profitable","465","464"
"nachrueckend","TOT.TO","Total Energy Services Inc.","","findash-export/v1/rule40/overview.json","rows","profitable","466","465"
"nachrueckend","PATH","UiPath, Inc.","","findash-export/v1/rule40/overview.json","rows","profitable","467","466"
"nachrueckend","4776.T","Cybozu, Inc.","","findash-export/v1/rule40/overview.json","rows","profitable","468","467"
"nachrueckend","OPRA","Opera Limited","","findash-export/v1/rule40/overview.json","rows","profitable","469","468"
"nachrueckend","INTA","Intapp, Inc.","","findash-export/v1/rule40/overview.json","rows","profitable","470","469"
"nachrueckend","ASM","Avino Silver & Gold Mines Ltd.","","findash-export/v1/rule40/overview.json","rows","profitable","471","470"
"nachrueckend","003026.SZ","Zhejiang MTCN Technology Co.,Ltd.","","findash-export/v1/rule40/overview.json","rows","profitable","472","471"
"nachrueckend","600845.SS","Shanghai Baosight Software Co.,Ltd.","","findash-export/v1/rule40/overview.json","rows","profitable","473","472"
"nachrueckend","002201.SZ","Jiangsu Jiuding New Material Co., Ltd.","","findash-export/v1/rule40/overview.json","rows","profitable","474","473"
"nachrueckend","AMPL","Amplitude, Inc.","","findash-export/v1/rule40/overview.json","rows","profitable","475","474"
"nachrueckend","CLBT","Cellebrite DI Ltd.","","findash-export/v1/rule40/overview.json","rows","profitable","476","475"
